Rank,Rank Δ,Player,Code,C Rating,C Rating Δ,Rating,Rating Δ,RD,RD Δ,Opps,Opps Δ,Ws,Ws Δ,Ls,Ls Δ,Ds,Ds Δ,W%,W% Δ,Last Played,Title,Title Count,Leaderboard Rank
1,0,a440,CA,1962.94,36.75,2089.17,31.09,42.08,-1.89,165,12.0,137,10.0,27,1.0,1,1.0,83.03,0.02,2026-08-22,-,0,26.0
2,2,Grozz,RU,1922.14,29.21,2008.41,25.57,28.76,-1.21,240,30.0,166,24.0,73,6.0,1,0.0,69.17,1.55,2026-08-19,M,1,6.0
3,-1,Genghisip,UA,1907.02,-6.41,2006.78,-7.17,33.26,-0.25,300,12.0,200,6.0,100,6.0,0,0.0,66.67,-0.69,2026-07-30,GM,9,27.0
4,-1,Wawrzyniec,PL,1906.15,5.77,2004.61,6.0,32.82,0.08,300,12.0,209,7.0,90,5.0,1,0.0,69.67,-0.47,2026-08-22,GM,8,94.0
5,0,Martin_Pecheur,FR,1878.59,-7.01,1959.33,-8.54,26.91,-0.51,498,30.0,308,13.0,182,16.0,8,1.0,61.85,-1.18,2026-08-22,GM,15,1.0
6,2,Weidenbaum,DE,1875.65,17.47,1958.23,15.81,27.53,-0.55,480,30.0,302,21.0,177,9.0,1,0.0,62.92,0.48,2026-08-20,GM,27,10.0
7,-1,whsvin,HK,1873.63,-4.23,1994.01,0.0,40.12,1.41,210,0.0,156,0.0,54,0.0,0,0.0,74.29,0.0,2026-04-30,GM,6,64.0
8,5,funestus,NO,1869.9,23.88,1966.31,21.56,32.13,-0.77,237,18.0,159,14.0,78,4.0,0,0.0,67.09,0.88,2026-08-09,GM,2,11.0
9,1,Sylvain,FR,1859.14,5.59,1943.92,6.02,28.26,0.14,441,24.0,283,18.0,153,6.0,5,0.0,64.17,0.62,2026-08-17,M,2,38.0
-,-,Pascalotopia,CA,1857.51,-3.77,1990.51,0.0,44.33,1.26,189,0.0,131,0.0,57,0.0,1,0.0,69.31,0.0,2024-09-10,GM,5,-
10,-3,Dantes,US,1849.26,-19.15,1943.03,-26.73,31.26,-2.53,189,30.0,130,14.0,59,16.0,0,0.0,68.78,-4.18,2026-08-15,P,1,36.0
11,0,Eepogi,FI,1842.04,-9.93,1928.82,-7.69,28.93,0.75,444,12.0,265,4.0,176,8.0,3,0.0,59.68,-0.74,2026-07-30,GM,1,2.0
12,0,Arne,DE,1841.1,-9.77,1926.42,-11.63,28.44,-0.62,270,24.0,175,11.0,93,13.0,2,0.0,64.81,-1.86,2026-07-27,M,4,14.0
13,-4,Majondor,AU,1839.65,-18.22,1923.86,-21.43,28.07,-1.07,375,30.0,234,13.0,140,17.0,1,0.0,62.4,-1.66,2026-08-20,GM,5,8.0
14,0,Plunderteig,CN,1835.5,-2.21,2058.56,0.0,74.35,0.74,42,0.0,35,0.0,7,0.0,0,0.0,83.33,0.0,2025-09-19,-,0,102.0
-,-,Airren,US,1830.41,-3.19,1985.85,0.0,51.81,1.06,144,0.0,106,0.0,37,0.0,1,0.0,73.61,0.0,2025-02-17,GM,5,622.0
15,0,yaop,CN,1824.41,0.08,1915.74,-5.54,30.44,-1.87,207,30.0,146,17.0,60,13.0,1,0.0,70.53,-2.35,2026-07-28,G,1,28.0
16,15,Michiel,BE,1822.2,34.78,1987.05,10.15,54.95,-8.21,54,12.0,42,8.0,12,4.0,0,0.0,77.78,-3.17,2026-08-19,-,0,176.0
17,4,pv4,BE,1817.21,13.89,1907.17,15.67,29.99,0.59,393,12.0,228,10.0,162,2.0,3,0.0,58.02,0.8,2026-08-19,GM,14,3.0
18,1,mwi,PL,1817.18,10.97,1903.83,8.62,28.88,-0.78,243,24.0,151,16.0,91,8.0,1,0.0,62.14,0.5,2026-07-18,M,1,13.0
19,-3,Lambda,ES,1813.85,-4.87,1918.01,0.0,34.72,1.62,204,0.0,128,0.0,73,0.0,3,0.0,62.75,0.0,2026-04-26,GM,2,22.0
-,-,Sandwhale,US,1807.94,-3.94,1933.24,0.0,41.77,1.31,171,0.0,109,0.0,62,0.0,0,0.0,63.74,0.0,2025-08-19,GM,2,82.0
20,3,wolvs,UA,1807.25,4.2,1890.67,3.96,27.81,-0.08,426,24.0,275,14.0,148,10.0,3,0.0,64.55,-0.38,2026-08-06,GM,3,5.0
-,-,St4nkk,PL,1806.5,-3.62,1944.85,0.0,46.12,1.21,129,0.0,99,0.0,30,0.0,0,0.0,76.74,0.0,2025-08-02,M,1,265.0
-,-,Binki,RU,1805.58,-3.68,1942.93,0.0,45.78,1.23,186,0.0,129,0.0,55,0.0,2,0.0,69.35,0.0,2023-12-03,GM,3,-
21,1,Dots,DE,1803.76,0.47,1951.93,-4.16,49.39,-1.54,84,6.0,64,4.0,20,2.0,0,0.0,76.19,-0.73,2026-07-01,GM,2,123.0
-,-,jmamos,-,1803.44,-2.59,1994.19,0.0,63.58,0.86,78,0.0,72,0.0,6,0.0,0,0.0,92.31,0.0,2025-04-28,G,4,380.0
22,-2,moemoe,DE,1798.52,-6.14,1889.18,0.0,30.22,2.05,270,0.0,190,0.0,77,0.0,3,0.0,70.37,0.0,2026-04-30,-,0,65.0
23,9,Tamirys,US,1797.78,13.11,1888.57,14.44,30.26,0.44,408,12.0,237,8.0,169,4.0,2,0.0,58.09,0.26,2026-07-22,GM,9,69.0
24,5,Lander90,BE,1793.27,-1.5,1884.11,-9.79,30.28,-2.76,201,36.0,142,19.0,59,17.0,0,0.0,70.65,-3.9,2026-08-26,-,0,80.0
25,5,dannyboy14,US,1792.35,1.01,1879.91,-1.63,29.19,-0.88,294,24.0,185,14.0,108,10.0,1,0.0,62.93,-0.4,2026-08-26,GM,2,23.0
26,2,Lech,PL,1791.73,-4.69,1870.56,-5.63,26.28,-0.31,420,36.0,266,17.0,153,18.0,1,1.0,63.33,-1.51,2026-08-06,M,3,17.0
-,-,Dirkules,DE,1791.41,-3.85,1919.56,0.0,42.72,1.28,198,0.0,121,0.0,76,0.0,1,0.0,61.11,0.0,2024-07-15,GM,3,-
27,0,DANeo,DE,1789.96,-7.89,1880.9,-6.56,30.31,0.44,294,12.0,172,4.0,120,8.0,2,0.0,58.5,-1.07,2026-08-19,GM,3,7.0
28,-2,Angor,RU,1786.75,-12.86,1883.94,-15.91,32.4,-1.01,258,18.0,171,8.0,85,10.0,2,0.0,66.28,-1.64,2026-07-23,GM,1,104.0
29,unretired,pigfans,CN,1786.47,54.66,2023.37,36.68,78.96,-5.99,30,6.0,28,6.0,2,0.0,0,0.0,93.33,1.66,2026-08-02,-,0,1057.0
-,-,LeonC,TW,1785.81,-2.3,2001.47,0.0,71.88,0.77,90,0.0,72,0.0,16,0.0,2,0.0,80.0,0.0,2019-09-29,-,0,-
30,40,Pitor,NL,1785.7,54.62,1911.14,22.26,41.81,-10.79,87,30.0,71,20.0,15,10.0,1,0.0,81.61,-7.86,2026-08-06,-,0,-
31,-6,Fourierrr,BR,1784.16,-16.81,1875.7,-13.51,30.51,1.1,273,6.0,180,1.0,91,5.0,2,0.0,65.93,-1.11,2026-07-20,M,2,49.0
32,3,barboucha,FR,1780.16,4.61,1882.8,8.36,34.21,1.25,213,3.0,141,3.0,70,0.0,2,0.0,66.2,0.49,2026-07-20,GM,1,50.0
33,0,Allfather,US,1776.97,-6.57,1873.69,-6.55,32.24,0.01,192,12.0,122,6.0,67,6.0,3,0.0,63.54,-0.9,2026-07-11,-,0,30.0
34,0,yaba,PL,1776.93,-5.98,1868.48,0.0,30.51,1.99,360,0.0,218,0.0,139,0.0,3,0.0,60.56,0.0,2026-05-02,M,6,55.0
35,15,Lcfyx,FR,1771.94,19.01,1863.95,19.92,30.67,0.3,300,12.0,168,9.0,128,2.0,4,1.0,56.0,0.79,2026-07-21,M,5,16.0
36,-18,pajada,CZ,1771.28,-36.04,1856.05,-35.61,28.26,0.14,507,21.0,290,5.0,213,16.0,4,0.0,57.2,-1.44,2026-07-20,GM,11,12.0
37,-13,Vovka,UA,1770.59,-30.53,1868.53,-39.11,32.65,-2.86,162,30.0,104,10.0,57,20.0,1,0.0,64.2,-7.01,2026-08-19,-,0,43.0
38,0,Palino,SK,1767.84,-3.88,1895.61,0.0,42.59,1.29,210,0.0,131,0.0,79,0.0,0,0.0,62.38,0.0,2025-09-19,GM,5,77.0
39,1,Sektat,CH,1765.93,3.24,1849.84,2.48,27.97,-0.25,345,24.0,205,14.0,138,10.0,2,0.0,59.42,-0.08,2026-08-07,M,11,18.0
40,358,FrenkDeTank,NL,1764.84,245.89,1965.91,127.74,67.02,-39.38,36,24.0,35,23.0,1,1.0,0,0.0,97.22,-2.78,2026-08-06,-,0,-
41,3,Shagrat,CZ,1764.67,4.95,1846.38,4.93,27.24,-0.01,300,24.0,202,14.0,97,10.0,1,0.0,67.33,-0.79,2026-07-29,G,1,112.0
42,1,kyshantry,US,1763.37,2.31,1878.66,-2.61,38.43,-1.64,192,12.0,111,5.0,79,7.0,2,0.0,57.81,-1.08,2026-08-17,M,1,53.0
43,5,Cogito3,US,1760.49,5.93,1840.29,2.5,26.6,-1.14,267,36.0,173,22.0,93,14.0,1,0.0,64.79,-0.58,2026-08-10,G,1,34.0
-,-,Rabbles,AU,1759.88,-2.64,1946.45,0.0,62.19,0.88,96,0.0,79,0.0,17,0.0,0,0.0,82.29,0.0,2023-09-03,M,1,-
44,-7,saru,CN,1759.67,-13.59,1840.21,-14.2,26.85,-0.2,411,30.0,244,15.0,163,15.0,4,0.0,59.37,-0.73,2026-08-12,M,3,4.0
-,-,Lemmingsplayer,GB,1758.89,-3.04,1925.17,0.0,55.42,1.01,102,0.0,74,0.0,27,0.0,1,0.0,72.55,0.0,2025-07-11,GM,1,-
45,4,jantteri,-,1758.44,4.13,1841.84,2.25,27.8,-0.63,273,30.0,179,19.0,93,11.0,1,0.0,65.57,-0.27,2026-07-24,G,5,46.0
46,33,Kolo,IT,1757.53,36.91,1895.65,12.45,46.04,-8.15,90,18.0,60,11.0,30,7.0,0,0.0,66.67,-1.39,2026-07-28,M,2,607.0
47,41,FCKAFD,DE,1757.37,45.95,1900.07,31.34,47.57,-4.87,72,12.0,48,9.0,24,3.0,0,0.0,66.67,1.67,2026-08-17,-,0,100.0
48,8,Boromir7,PL,1756.98,11.46,1838.0,12.46,27.01,0.33,474,24.0,270,16.0,198,8.0,6,0.0,56.96,0.52,2026-07-31,M,8,31.0
49,25,FirstOfDao,CN,1753.34,24.14,1832.89,23.06,26.52,-0.36,369,30.0,236,23.0,132,7.0,1,0.0,63.96,1.13,2026-07-31,P,2,29.0
50,-5,Gilgamesh2,NL,1752.59,-4.3,1873.18,0.0,40.2,1.43,144,0.0,108,0.0,36,0.0,0,0.0,75.0,0.0,2026-03-09,G,2,32.0
51,-9,Gandin,CH,1752.3,-9.68,1844.27,-6.52,30.66,1.05,300,6.0,178,2.0,116,4.0,6,0.0,59.33,-0.53,2026-07-03,M,4,15.0
52,-6,Footloop,CA,1752.14,-3.82,1882.51,0.0,43.46,1.27,198,0.0,130,0.0,67,0.0,1,0.0,65.66,0.0,2026-04-22,GM,7,-
53,-14,Papaver,HR,1751.93,-16.45,1841.99,-18.07,30.02,-0.54,330,24.0,222,12.0,105,12.0,3,0.0,67.27,-1.36,2026-07-24,P,2,149.0
54,-7,ERock37,CA,1750.71,-4.19,1846.67,-7.67,31.99,-1.16,180,24.0,113,12.0,65,12.0,2,0.0,62.78,-1.96,2026-08-15,-,0,51.0
55,18,totsilence,DE,1747.75,18.53,1832.94,15.52,28.4,-1.01,399,30.0,226,20.0,169,10.0,4,0.0,56.64,0.81,2026-08-26,GM,2,9.0
56,30,SpartacusImperator,DK,1745.49,30.55,1840.64,29.68,31.72,-0.29,297,18.0,174,16.0,123,2.0,0,0.0,58.59,1.96,2026-07-27,P,6,133.0
57,18,BoatyMcBoatface,US,1745.13,16.7,1826.22,15.17,27.03,-0.51,366,30.0,224,21.0,138,9.0,4,0.0,61.2,0.78,2026-07-25,P,2,88.0
58,41,maximpodg,-,1745.04,42.43,1868.81,35.36,41.26,-2.36,168,12.0,101,8.0,67,4.0,0,0.0,60.12,0.5,2026-08-19,M,2,-
59,8,tianren4561367,-,1744.55,12.57,1885.75,-25.34,47.07,-12.63,72,24.0,55,12.0,17,12.0,0,0.0,76.39,-13.19,2026-08-19,-,0,-
60,-1,Raffaello,DE,1744.33,4.89,1827.87,3.38,27.84,-0.5,252,24.0,162,12.0,88,11.0,2,1.0,64.29,-1.5,2026-07-23,G,2,39.0
61,-8,darwinian,GB,1744.15,-6.14,1847.94,-4.32,34.6,0.61,201,6.0,141,3.0,59,3.0,1,0.0,70.15,-0.62,2026-06-23,P,2,91.0
-,-,RutgerHauer,SE,1743.29,-4.42,1857.8,0.0,38.17,1.47,210,0.0,146,0.0,62,0.0,2,0.0,69.52,0.0,2025-08-03,M,2,75.0
62,6,DrSniken,NO,1743.14,11.69,1880.5,7.76,45.79,-1.31,90,6.0,60,4.0,28,2.0,2,0.0,66.67,0.0,2026-07-04,-,0,72.0
63,-9,Brightfuture,RU,1742.94,-7.21,1822.18,-7.6,26.41,-0.13,411,30.0,259,17.0,152,13.0,0,0.0,63.02,-0.5,2026-07-31,P,7,48.0
64,7,Momomillion,DE,1741.81,11.06,1832.73,5.29,30.31,-1.92,207,30.0,128,17.0,75,12.0,4,1.0,61.84,-0.87,2026-08-09,-,0,83.0
65,-3,RestlessMe,US,1740.76,6.05,1821.86,7.07,27.03,0.34,459,24.0,264,16.0,194,8.0,1,0.0,57.52,0.51,2026-07-29,P,5,34.0
-,-,P373R,GB,1740.57,-2.32,1952.55,0.0,70.66,0.77,48,0.0,44,0.0,4,0.0,0,0.0,91.67,0.0,2022-09-04,G,2,-
-,-,e5582768,CN,1739.73,-2.8,1918.96,0.0,59.74,0.93,51,0.0,33,0.0,17,0.0,1,0.0,64.71,0.0,2025-08-07,-,0,238.0
-,-,Sugoi,CA,1739.66,-3.08,1902.46,0.0,54.27,1.03,96,0.0,72,0.0,23,0.0,1,0.0,75.0,0.0,2024-07-01,P,2,-
66,-2,Kay,HK,1739.34,4.92,1826.2,4.78,28.95,-0.05,243,18.0,149,12.0,92,6.0,2,0.0,61.32,0.43,2026-07-22,P,2,61.0
67,18,Nickeberg,-,1736.78,21.43,1864.85,19.21,42.69,-0.74,126,6.0,79,5.0,47,1.0,0,0.0,62.7,1.03,2026-07-03,P,2,216.0
68,21,Fjantarik,-,1736.01,26.17,1827.31,25.15,30.43,-0.34,240,18.0,147,15.0,93,3.0,0,0.0,61.25,1.79,2026-07-27,P,2,58.0
69,-8,Jaracz,PL,1735.8,-0.18,1848.92,-3.93,37.71,-1.25,177,12.0,126,7.0,49,5.0,2,0.0,71.19,-0.93,2026-08-11,P,6,258.0
70,-34,Vantablack,MO,1735.47,-38.38,1821.8,-38.66,28.78,-0.09,387,21.0,231,3.0,154,18.0,2,0.0,59.69,-2.61,2026-07-24,GM,1,84.0
71,-20,Doughnut,GB,1735.02,-16.41,1857.15,-23.71,40.71,-2.43,120,12.0,79,4.0,38,8.0,3,0.0,65.83,-3.61,2026-07-28,G,6,308.0
72,-14,Magnetiseur,DE,1735.0,-5.45,1827.42,0.0,30.81,1.82,366,0.0,221,0.0,141,0.0,4,0.0,60.38,0.0,2026-05-04,P,10,57.0
73,-13,delonecarter,GB,1734.63,-4.8,1842.22,0.0,35.86,1.6,282,0.0,199,0.0,82,0.0,1,0.0,70.57,0.0,2026-05-01,G,15,243.0
74,-9,Dazzy,CN,1733.35,-0.26,1833.74,1.31,33.47,0.52,198,12.0,118,8.0,80,4.0,0,0.0,59.6,0.46,2026-07-27,M,2,20.0
75,-34,CaesarSalah,US,1732.24,-29.77,1812.92,-29.19,26.89,0.2,501,24.0,294,6.0,205,18.0,2,0.0,58.68,-1.7,2026-08-01,P,15,21.0
76,5,Eske,DK,1731.47,14.26,1843.55,10.36,37.36,-1.3,195,12.0,122,7.0,72,5.0,1,0.0,62.56,-0.28,2026-08-20,GM,4,110.0
77,1,scipio238,GB,1731.24,5.24,1827.31,5.33,32.02,0.03,231,12.0,134,6.0,97,6.0,0,0.0,58.01,-0.44,2026-07-23,P,3,41.0
78,17,Goldfinger_,-,1730.43,25.21,1858.89,16.36,42.82,-2.95,93,12.0,67,9.0,26,3.0,0,0.0,72.04,0.44,2026-07-25,-,0,1287.0
-,-,mbbchess,US,1730.36,-3.45,1874.05,0.0,47.9,1.15,120,0.0,88,0.0,30,0.0,2,0.0,73.33,0.0,2025-06-28,P,2,398.0
79,-16,IdkIdcIdgaf,UA,1730.18,-4.44,1858.92,-13.74,42.91,-3.1,132,12.0,97,5.0,35,7.0,0,0.0,73.48,-3.19,2026-08-17,G,2,398.0
80,28,Spartan1337,NL,1727.96,31.43,1812.91,30.5,28.31,-0.31,375,24.0,209,16.0,165,8.0,1,0.0,55.73,0.74,2026-08-15,P,10,37.0
81,-24,takusto_II,JP,1727.93,-13.58,1813.33,-16.83,28.47,-1.09,489,30.0,266,12.0,219,18.0,4,0.0,54.4,-0.94,2026-08-10,M,3,59.0
82,-10,Boyo,TW,1725.17,-5.04,1825.91,0.0,33.58,1.68,231,0.0,150,0.0,75,0.0,6,0.0,64.94,0.0,2026-01-25,G,2,54.0
83,-28,zadokk,BE,1724.89,-23.96,1807.25,-25.76,27.45,-0.6,381,30.0,227,11.0,153,19.0,1,0.0,59.58,-1.96,2026-08-11,P,14,80.0
-,-,Cyphen,US,1724.11,-2.98,1887.95,0.0,54.61,0.99,120,0.0,74,0.0,46,0.0,0,0.0,61.67,0.0,2022-09-04,GM,3,-
-,-,Himmelstosh,RU,1723.9,-4.5,1856.5,0.0,44.2,1.5,270,0.0,154,0.0,113,0.0,3,0.0,57.04,0.0,2024-07-15,GM,1,-
84,-7,DrRerNate,DE,1721.96,-5.32,1822.88,-7.77,33.64,-0.81,312,18.0,195,10.0,116,8.0,1,0.0,62.5,-0.43,2026-08-05,GM,4,142.0
85,7,Bad_Horse,-,1718.63,12.15,1938.31,-23.25,73.23,-11.8,36,12.0,30,9.0,6,3.0,0,0.0,83.33,-4.17,2026-07-31,-,0,-
86,1,Huettengaudi,DE,1717.2,4.16,1793.97,5.61,25.59,0.48,462,24.0,272,14.0,186,9.0,4,1.0,58.87,-0.03,2026-07-31,P,6,71.0
87,19,bluecube,-,1717.07,18.5,1856.67,4.79,46.53,-4.57,72,12.0,55,6.0,17,6.0,0,0.0,76.39,-5.28,2026-08-19,-,0,1287.0
-,-,Veivi,FI,1715.78,-2.82,1894.28,0.0,59.5,0.94,96,0.0,64,0.0,32,0.0,0,0.0,66.67,0.0,2022-03-06,GM,4,-
88,23,Beebs,-,1714.78,19.83,1809.93,13.25,31.72,-2.19,159,30.0,108,21.0,50,9.0,1,0.0,67.92,0.48,2026-08-09,-,0,463.0
-,-,silent_x111,US,1714.5,-3.04,1878.67,0.0,54.72,1.01,144,0.0,82,0.0,62,0.0,0,0.0,56.94,0.0,2022-06-05,GM,14,-
-,-,Sjir,NL,1714.07,-4.27,1840.37,0.0,42.1,1.42,306,0.0,182,0.0,122,0.0,2,0.0,59.48,0.0,2024-07-15,M,5,-
-,-,frotes,US,1713.38,-3.12,1886.43,0.0,57.69,1.04,198,0.0,124,0.0,73,0.0,1,0.0,62.63,0.0,2021-12-05,GM,5,-
89,1,BlixLT,LT,1713.28,3.53,1790.81,5.14,25.84,0.54,672,24.0,362,15.0,303,9.0,7,0.0,53.87,0.32,2026-08-09,P,18,56.0
90,-14,Tordread,US,1712.85,-14.67,1796.1,-13.91,27.75,0.25,456,21.0,243,8.0,207,13.0,6,0.0,53.29,-0.73,2026-07-22,GM,3,44.0
-,-,MruczekW,PL,1712.51,-2.78,1889.55,0.0,59.01,0.93,72,0.0,61,0.0,11,0.0,0,0.0,84.72,0.0,2024-10-01,G,4,1245.0
91,-9,FreddyCrugerKiller,UA,1711.81,-4.99,1802.91,-3.52,30.37,0.49,405,12.0,221,5.0,182,6.0,2,1.0,54.57,-0.39,2026-07-14,M,6,164.0
92,-9,vaLfizzL,DE,1711.65,-5.09,1811.65,0.0,33.33,1.7,348,0.0,205,0.0,141,0.0,2,0.0,58.91,0.0,2025-10-17,M,4,109.0
93,1,weisswurst,NL,1711.22,5.05,1815.54,6.71,34.77,0.55,270,6.0,156,4.0,114,2.0,0,0.0,57.78,0.2,2026-07-06,M,4,120.0
-,-,KarlThomas,NO,1710.78,-4.07,1837.11,0.0,42.11,1.36,228,0.0,144,0.0,82,0.0,2,0.0,63.16,0.0,2024-09-04,M,4,-
94,-25,Raskonin,-,1710.22,-21.03,1870.52,-29.39,53.44,-2.79,54,6.0,34,2.0,19,4.0,1,0.0,62.96,-3.71,2026-06-20,-,0,214.0
-,-,mm34nn,CN,1710.08,-2.84,1883.94,0.0,57.95,0.95,117,0.0,78,0.0,38,0.0,1,0.0,66.67,0.0,2022-03-06,M,4,-
95,-2,jezza101,AU,1708.89,2.51,1789.84,0.85,26.98,-0.55,363,30.0,214,18.0,146,12.0,3,0.0,58.95,0.09,2026-08-02,G,4,40.0
96,9,Doobie,CN,1708.66,9.19,1785.87,7.71,25.74,-0.49,501,36.0,277,19.0,219,17.0,5,0.0,55.29,-0.19,2026-08-10,G,21,87.0
97,25,TorbenOfHerpes,DE,1708.34,24.79,1828.69,8.26,40.12,-5.51,114,24.0,81,16.0,33,8.0,0,0.0,71.05,-1.17,2026-07-22,-,0,622.0
98,-7,t0mk0t,-,1708.12,-1.24,1846.38,-1.38,46.08,-0.05,105,6.0,83,5.0,22,1.0,0,0.0,79.05,0.26,2026-08-09,-,0,690.0
99,98,zoldaria,US,1707.63,84.3,1815.32,69.5,35.9,-4.94,126,30.0,79,20.0,46,10.0,1,0.0,62.7,1.24,2026-08-11,-,0,288.0
100,1,Skaiwalker,CZ,1707.32,6.39,1800.44,8.44,31.04,0.68,381,12.0,226,10.0,154,2.0,1,0.0,59.32,0.78,2026-07-19,M,2,141.0
101,-35,WhateverParsley,-,1706.53,-25.49,1792.85,-27.07,28.77,-0.53,381,24.0,228,8.0,152,16.0,1,0.0,59.84,-1.78,2026-07-27,P,12,106.0
102,62,Barnes,-,1706.4,59.95,1830.93,41.7,41.51,-6.08,102,24.0,78,20.0,24,4.0,0,0.0,76.47,2.11,2026-07-30,-,0,1287.0
103,36,HCsquared,CA,1705.7,39.69,1802.51,36.75,32.27,-0.98,300,18.0,184,14.0,112,4.0,4,0.0,61.33,1.05,2026-07-16,P,6,66.0
104,0,PlanarFreak,US,1704.63,4.97,1788.11,4.31,27.83,-0.22,351,24.0,213,15.0,138,9.0,0,0.0,60.68,0.13,2026-08-01,G,12,151.0
105,4,Turdle,AT,1704.02,7.74,1782.92,4.99,26.3,-0.92,315,36.0,186,20.0,127,16.0,2,0.0,59.05,-0.45,2026-08-15,P,4,111.0
106,15,drodriguez,-,1703.94,20.38,1800.09,14.1,32.05,-2.09,171,24.0,107,14.0,63,10.0,1,0.0,62.57,-0.7,2026-08-04,-,0,126.0
107,0,Hisbossness,US,1702.77,5.75,1795.26,3.93,30.83,-0.61,204,18.0,130,10.0,74,8.0,0,0.0,63.73,-0.79,2026-07-15,-,0,135.0
-,-,Andrethegiant,NO,1701.49,-3.05,1862.42,0.0,53.64,1.02,108,0.0,74,0.0,34,0.0,0,0.0,68.52,0.0,2023-07-18,GM,1,-
108,-28,discodancer,-,1699.93,-18.91,1798.48,-17.57,32.85,0.45,273,9.0,174,2.0,96,7.0,3,0.0,63.74,-1.41,2026-07-01,P,4,130.0
109,182,Silvester,-,1699.43,126.5,1866.22,96.61,55.6,-9.96,54,12.0,43,11.0,11,1.0,0,0.0,79.63,3.44,2026-07-30,-,0,-
110,-10,WanderingWolf,AU,1699.2,-1.91,1790.47,-2.85,30.42,-0.31,366,18.0,220,10.0,146,8.0,0,0.0,60.11,-0.23,2026-08-04,M,1,115.0
111,17,AaronGreen,US,1698.37,21.3,1808.34,17.87,36.66,-1.14,294,12.0,165,8.0,128,4.0,1,0.0,56.12,0.45,2026-08-11,GM,7,729.0
112,-14,tupper,CA,1698.32,-5.51,1780.62,-7.72,27.44,-0.74,279,30.0,166,14.0,112,16.0,1,0.0,59.5,-1.54,2026-08-12,G,3,78.0
-,-,Sohoof,NL,1697.85,-3.61,1836.74,0.0,46.3,1.2,111,0.0,69,0.0,42,0.0,0,0.0,62.16,0.0,2025-08-06,-,0,218.0
113,-29,321letsjam,DE,1697.47,-18.44,1795.68,-16.01,32.74,0.81,228,6.0,143,0.0,85,6.0,0,0.0,62.72,-1.69,2026-07-02,G,5,67.0
-,-,Cleanbulk,NL,1697.06,-3.3,1853.89,0.0,52.28,1.1,126,0.0,84,0.0,41,0.0,1,0.0,66.67,0.0,2023-06-06,M,5,-
114,-1,jonswar,US,1696.32,3.63,1817.47,4.29,40.38,0.22,186,6.0,114,5.0,72,1.0,0,0.0,61.29,0.73,2026-08-08,M,1,514.0
115,8,daimx,-,1696.04,12.65,1777.87,13.09,27.28,0.15,423,24.0,236,15.0,186,9.0,1,0.0,55.79,0.4,2026-07-24,P,4,63.0
116,-2,borz.zrob,HU,1694.89,3.69,1785.39,4.86,30.17,0.39,354,12.0,205,7.0,146,5.0,3,0.0,57.91,0.02,2026-07-24,P,4,85.0
-,-,Chuckles_the_second,-,1693.43,-3.47,1840.51,0.0,49.03,1.16,138,0.0,92,0.0,44,0.0,2,0.0,66.67,0.0,2023-12-03,M,1,-
117,-2,Kimmo,FI,1692.64,1.74,1774.29,2.67,27.22,0.31,504,24.0,272,15.0,226,8.0,6,1.0,53.97,0.43,2026-07-27,GM,1,124.0
118,64,Malakesh,DE,1692.16,58.83,1815.93,39.52,41.26,-6.44,96,24.0,69,17.0,27,7.0,0,0.0,71.88,-0.34,2026-08-05,-,0,298.0
-,-,gothark,PL,1692.09,-3.59,1829.9,0.0,45.94,1.2,117,0.0,84,0.0,33,0.0,0,0.0,71.79,0.0,2025-05-18,G,2,74.0
119,-17,GerisNezus,LT,1691.79,-8.18,1775.0,-11.34,27.74,-1.05,330,36.0,190,16.0,136,20.0,4,0.0,57.58,-1.6,2026-08-20,P,3,45.0
-,-,Crey,-,1691.71,-3.14,1851.26,0.0,53.19,1.05,78,0.0,56,0.0,22,0.0,0,0.0,71.79,0.0,2025-08-11,G,2,299.0
-,-,Toper,US,1690.02,-1.55,2006.04,0.0,105.34,0.52,24,0.0,17,0.0,7,0.0,0,0.0,70.83,0.0,2018-10-07,-,0,-
120,-1,heisenberg_97,IT,1687.76,2.39,1785.16,2.21,32.47,-0.06,264,12.0,153,7.0,108,5.0,3,0.0,57.95,0.01,2026-07-26,P,4,118.0
121,-9,Oprah,DK,1687.37,-5.54,1786.82,0.0,33.15,1.85,381,0.0,231,0.0,148,0.0,2,0.0,60.63,0.0,2026-01-13,GM,2,60.0
122,-5,Xterm,NO,1687.3,-1.05,1778.68,-0.02,30.46,0.34,312,12.0,190,6.0,122,6.0,0,0.0,60.9,-0.43,2026-07-16,G,10,167.0
123,8,brunoerwin,-,1686.7,10.55,1769.09,10.7,27.46,0.05,405,24.0,246,17.0,155,7.0,4,0.0,60.74,0.64,2026-08-07,P,2,119.0
124,3,Rob_Stedman,AU,1686.41,8.18,1771.11,9.94,28.23,0.59,474,18.0,260,14.0,213,4.0,1,0.0,54.85,0.9,2026-07-31,M,1,122.0
125,-7,Romendil,IT,1685.77,0.23,1777.28,1.38,30.5,0.38,330,12.0,194,7.0,131,5.0,5,0.0,58.79,-0.02,2026-07-24,G,12,229.0
126,-30,mikechike,US,1684.3,-20.69,1844.16,-38.07,53.29,-5.79,60,12.0,42,6.0,17,6.0,1,0.0,70.0,-5.0,2026-07-25,-,0,480.0
-,-,Ronnan,-,1683.0,-1.93,1937.87,0.0,84.96,0.64,36,0.0,24,0.0,12,0.0,0,0.0,66.67,0.0,2023-04-16,P,2,-
127,7,jhutc,GB,1682.25,7.1,1768.4,2.81,28.72,-1.43,234,30.0,146,15.0,85,14.0,3,1.0,62.39,-1.83,2026-07-28,-,0,113.0
128,10,DiddleySquat,BE,1681.74,15.03,1773.05,15.98,30.44,0.31,330,12.0,196,9.0,132,3.0,2,0.0,59.39,0.58,2026-07-25,GM,1,98.0
129,-26,Dethar,PL,1680.44,-19.45,1810.04,-34.5,43.2,-5.02,84,18.0,56,8.0,27,9.0,1,1.0,66.67,-6.06,2026-08-01,-,0,302.0
-,-,DJParson,DE,1680.09,-4.3,1799.25,0.0,39.72,1.43,312,0.0,159,0.0,151,0.0,2,0.0,50.96,0.0,2025-06-15,GM,8,321.0
130,13,Drikhen,EE,1679.5,17.18,1791.77,13.79,37.42,-1.13,147,12.0,104,8.0,41,4.0,2,0.0,70.75,-0.36,2026-08-20,-,0,226.0
-,-,Royalhawk,-,1678.3,-2.17,1903.75,0.0,75.15,0.72,42,0.0,36,0.0,6,0.0,0,0.0,85.71,0.0,2025-03-08,-,0,872.0
131,-79,Icallhimtest,-,1676.83,-74.35,1879.84,-100.75,67.67,-8.8,36,12.0,27,6.0,9,6.0,0,0.0,75.0,-12.5,2026-07-22,-,0,-
132,-6,Wanderlust,CN,1676.78,-3.35,1826.26,0.0,49.83,1.12,72,0.0,41,0.0,31,0.0,0,0.0,56.94,0.0,2025-11-01,-,0,25.0
133,-9,funnytortoise,ID,1676.58,-5.83,1762.54,-3.54,28.65,0.76,435,12.0,251,5.0,181,7.0,3,0.0,57.7,-0.46,2026-07-24,G,9,70.0
-,-,TryAndStopUs,US,1676.36,-2.63,1868.32,0.0,63.99,0.88,108,0.0,71,0.0,36,0.0,1,0.0,65.74,0.0,2021-03-02,M,2,-
134,37,errliu,-,1676.35,31.97,1854.16,25.26,59.27,-2.24,48,6.0,41,6.0,7,0.0,0,0.0,85.42,2.09,2026-08-03,-,0,619.0
-,-,SnailZane,CN,1675.82,-4.4,1793.88,0.0,39.35,1.47,309,0.0,167,0.0,142,0.0,0,0.0,54.05,0.0,2025-03-03,M,6,757.0
135,-38,DyziK,PL,1675.44,-29.07,1798.2,-30.3,40.92,-0.41,102,6.0,70,0.0,31,6.0,1,0.0,68.63,-4.29,2026-07-03,-,0,319.0
136,16,Andiii,-,1674.55,20.78,1808.71,9.21,44.72,-3.86,84,12.0,56,6.0,28,6.0,0,0.0,66.67,-2.77,2026-08-06,-,0,662.0
-,-,FoLKeN91,FR,1673.77,-3.71,1808.63,0.0,44.95,1.24,144,0.0,93,0.0,50,0.0,1,0.0,64.58,0.0,2025-05-03,M,2,578.0
137,19,Mkucharz,CA,1673.0,21.78,1799.45,16.2,42.15,-1.86,99,12.0,66,10.0,32,2.0,1,0.0,66.67,2.3,2026-08-05,-,0,452.0
138,-22,Praetorianer,DE,1672.81,-16.14,1750.24,-14.19,25.81,0.65,579,24.0,298,10.0,276,14.0,5,0.0,51.47,-0.42,2026-08-03,GM,1,33.0
139,-9,iyakhoop,TH,1671.71,-4.67,1783.14,0.0,37.14,1.56,303,0.0,170,0.0,128,0.0,5,0.0,56.11,0.0,2025-11-30,GM,1,297.0
-,-,Olorin_,-,1671.42,-2.64,1857.69,0.0,62.09,0.88,72,0.0,49,0.0,23,0.0,0,0.0,68.06,0.0,2022-06-05,M,1,-
140,30,bobaboba,-,1669.06,24.35,1826.63,0.91,52.52,-7.81,60,12.0,39,7.0,21,5.0,0,0.0,65.0,-1.67,2026-07-24,-,0,-
141,14,MartinW,DE,1668.48,16.21,1752.75,15.31,28.09,-0.3,351,24.0,211,16.0,140,8.0,0,0.0,60.11,0.48,2026-07-31,G,4,132.0
142,12,Obinger_Alphons,AT,1668.39,15.82,1759.23,12.66,30.28,-1.05,207,24.0,128,16.0,77,8.0,2,0.0,61.84,0.64,2026-08-08,-,0,125.0
143,-18,LordPeter,-,1666.26,-15.05,1762.22,-15.17,31.99,-0.04,246,12.0,149,3.0,95,9.0,2,0.0,60.57,-1.82,2026-07-22,G,8,204.0
144,-12,wittr,GR,1665.89,-10.16,1748.23,-7.91,27.45,0.75,450,18.0,262,9.0,183,9.0,5,0.0,58.22,-0.34,2026-07-20,P,8,117.0
-,-,DireNTropy,US,1665.51,-2.15,1893.26,0.0,75.92,0.72,60,0.0,47,0.0,13,0.0,0,0.0,78.33,0.0,2020-12-06,GM,3,-
145,-10,jRune,-,1665.06,-4.04,1767.38,-7.34,34.11,-1.1,270,18.0,164,10.0,103,8.0,3,0.0,60.74,-0.37,2026-08-09,P,6,327.0
146,-26,Sellux,IT,1665.02,-19.79,1787.79,-24.11,40.92,-1.44,111,12.0,72,6.0,39,6.0,0,0.0,64.86,-1.81,2026-07-24,-,0,203.0
147,-18,Ristey,GB,1664.53,-12.38,1747.53,-9.3,27.67,1.03,432,12.0,235,3.0,191,7.0,6,2.0,54.4,-0.84,2026-07-14,P,3,52.0
148,147,DarKStyle,-,1663.95,92.1,1803.09,45.07,46.38,-15.68,72,30.0,51,21.0,20,9.0,1,0.0,70.83,-0.6,2026-08-12,-,0,-
149,173,lhrljr,SG,1662.54,106.67,1831.83,75.26,56.43,-10.47,48,12.0,36,10.0,12,2.0,0,0.0,75.0,2.78,2026-08-10,-,0,852.0
150,260,W1TCH0R,-,1661.8,147.83,1892.3,58.21,76.83,-29.88,24,12.0,22,10.0,2,2.0,0,0.0,91.67,-8.33,2026-08-08,-,0,-
151,-15,Straszyk,PL,1661.74,-7.36,1770.06,-6.31,36.11,0.35,195,6.0,113,2.0,81,4.0,1,0.0,57.95,-0.78,2026-06-26,G,4,179.0
152,-12,OlaWictorin,SE,1661.59,-4.33,1775.92,0.0,38.11,1.44,156,0.0,104,0.0,52,0.0,0,0.0,66.67,0.0,2026-05-06,G,3,150.0
-,-,Ktung,-,1661.43,-3.39,1813.43,0.0,50.67,1.13,156,0.0,91,0.0,65,0.0,0,0.0,58.33,0.0,2023-06-04,M,5,-
153,-20,Reenter73,-,1660.41,-15.22,1763.81,-16.7,34.47,-0.5,342,12.0,186,4.0,153,8.0,3,0.0,54.39,-0.76,2026-08-02,M,5,154.0
154,-13,gomensky,CZ,1659.97,-5.14,1764.1,0.0,34.71,1.71,192,0.0,121,0.0,71,0.0,0,0.0,63.02,0.0,2026-05-03,G,2,96.0
155,-6,Unterjochen,DE,1659.41,1.41,1750.33,1.41,30.31,0.0,225,18.0,133,12.0,91,6.0,1,0.0,59.11,0.66,2026-07-31,-,0,100.0
-,-,qyi,-,1659.32,-2.21,1881.39,0.0,74.02,0.74,48,0.0,38,0.0,10,0.0,0,0.0,79.17,0.0,2021-03-02,P,4,-
-,-,Veikka,FI,1659.1,-3.61,1801.68,0.0,47.53,1.2,192,0.0,116,0.0,76,0.0,0,0.0,60.42,0.0,2023-11-15,P,10,-
156,-12,Flackk,BG,1659.07,-2.85,1740.6,-1.37,27.17,0.5,378,18.0,211,10.0,165,8.0,2,0.0,55.82,-0.01,2026-07-23,P,5,47.0
157,142,kevinsbane,-,1659.06,89.91,1850.87,51.03,63.94,-12.96,36,12.0,26,9.0,10,3.0,0,0.0,72.22,1.39,2026-07-25,-,0,-
-,-,Bram,-,1658.93,-3.39,1811.65,0.0,50.91,1.13,162,0.0,88,0.0,73,0.0,1,0.0,54.32,0.0,2023-06-06,M,3,-
-,-,Fizi,GB,1657.48,-2.82,1834.41,0.0,58.97,0.94,96,0.0,51,0.0,42,0.0,3,0.0,53.12,0.0,2024-06-02,GM,3,-
158,-12,flaminghito,-,1656.62,-4.29,1775.0,0.0,39.46,1.43,216,0.0,121,0.0,95,0.0,0,0.0,56.02,0.0,2026-04-26,P,8,913.0
159,-12,St-Amadeus,CA,1656.44,-3.95,1735.75,-2.26,26.44,0.56,543,24.0,315,15.0,227,9.0,1,0.0,58.01,0.21,2026-08-04,P,4,199.0
-,-,edan92,-,1656.33,-2.96,1823.51,0.0,55.72,0.99,120,0.0,70,0.0,48,0.0,2,0.0,58.33,0.0,2022-09-04,M,4,-
160,-18,PhiTrigger,US,1656.14,-7.01,1739.45,-5.87,27.77,0.38,591,21.0,292,10.0,295,11.0,4,0.0,49.41,-0.06,2026-08-02,M,7,102.0
-,-,Foolio,-,1655.63,-3.02,1821.71,0.0,55.36,1.01,120,0.0,76,0.0,44,0.0,0,0.0,63.33,0.0,2022-09-04,M,2,-
-,-,Bool,-,1655.54,-2.11,1888.5,0.0,77.65,0.7,30,0.0,21,0.0,9,0.0,0,0.0,70.0,0.0,2023-07-18,-,0,-
-,-,Naval,-,1655.14,-1.9,1913.09,0.0,85.98,0.63,36,0.0,31,0.0,5,0.0,0,0.0,86.11,0.0,2025-03-07,-,0,805.0
-,-,slig123,US,1654.95,-2.44,1858.67,0.0,67.91,0.81,72,0.0,49,0.0,22,0.0,1,0.0,68.06,0.0,2020-12-06,GM,2,-
161,-13,Garlett,-,1654.16,-4.08,1779.41,0.0,41.75,1.36,162,0.0,102,0.0,60,0.0,0,0.0,62.96,0.0,2026-03-04,P,4,389.0
-,-,Raistlin3m,IT,1653.75,-3.88,1787.58,0.0,44.61,1.29,189,0.0,111,0.0,77,0.0,1,0.0,58.73,0.0,2024-10-01,M,2,-
162,-12,madrabbit,-,1653.24,-4.32,1771.38,0.0,39.38,1.44,216,0.0,124,0.0,92,0.0,0,0.0,57.41,0.0,2025-10-24,P,2,552.0
163,35,MindKillazz,CA,1651.49,28.65,1754.35,27.65,34.29,-0.33,168,12.0,101,11.0,67,1.0,0,0.0,60.12,2.43,2026-08-08,P,2,134.0
164,1,Gagic,CZ,1651.05,4.87,1734.38,7.21,27.78,0.78,363,15.0,201,9.0,162,6.0,0,0.0,55.37,0.2,2026-07-27,G,5,73.0
-,-,Bonnie,-,1650.96,-2.75,1831.16,0.0,60.07,0.92,72,0.0,53,0.0,17,0.0,2,0.0,73.61,0.0,2022-12-04,P,2,-
165,31,FenPlays,RU,1650.78,26.31,1742.18,23.32,30.47,-1.0,204,24.0,130,18.0,72,6.0,2,0.0,63.73,1.51,2026-08-13,-,0,221.0
166,-9,Kesterer,GB,1650.77,-0.1,1830.58,-13.04,59.94,-4.31,66,6.0,49,3.0,16,3.0,1,0.0,74.24,-2.43,2026-06-18,-,0,-
167,-16,Yookie,CN,1650.43,-4.94,1751.78,-11.51,33.78,-2.19,165,24.0,111,13.0,54,11.0,0,0.0,67.27,-2.23,2026-08-13,-,0,201.0
-,-,Swirek,-,1650.29,-2.77,1828.79,0.0,59.5,0.92,96,0.0,64,0.0,31,0.0,1,0.0,66.67,0.0,2022-06-05,P,2,-
168,-15,Phalanxx,US,1647.56,-5.15,1745.82,0.0,32.75,1.72,165,0.0,98,0.0,67,0.0,0,0.0,59.39,0.0,2026-05-12,-,0,95.0
-,-,Isaia,KR,1647.39,-3.75,1794.18,0.0,48.93,1.25,165,0.0,102,0.0,62,0.0,1,0.0,61.82,0.0,2024-02-23,M,3,-
169,32,richardhell,UA,1646.66,25.8,1759.55,20.4,37.63,-1.8,132,15.0,88,11.0,42,3.0,2,1.0,66.67,0.86,2026-07-19,-,0,214.0
170,19,JCleek,US,1645.57,18.06,1749.41,16.11,34.61,-0.65,378,12.0,198,8.0,179,4.0,1,0.0,52.38,0.47,2026-07-16,M,2,570.0
171,-12,gregt,-,1645.17,-4.81,1750.94,0.0,35.26,1.6,231,0.0,132,0.0,98,0.0,1,0.0,57.14,0.0,2026-05-13,P,4,321.0
172,-6,ed_vins,LV,1644.94,-0.69,1728.03,-1.06,27.7,-0.12,321,24.0,204,13.0,114,11.0,3,0.0,63.55,-0.76,2026-07-27,-,0,114.0
-,-,Shorty55,-,1644.9,-2.47,1848.11,0.0,67.74,0.82,72,0.0,50,0.0,21,0.0,1,0.0,69.44,0.0,2021-03-02,M,3,-
173,-13,Rhizom,-,1644.7,-4.97,1746.48,0.0,33.93,1.66,354,0.0,195,0.0,156,0.0,3,0.0,55.08,0.0,2025-11-30,P,2,144.0
174,35,Gutemetralla,FR,1644.57,27.77,1780.95,16.12,45.46,-3.88,90,12.0,56,6.0,34,6.0,0,0.0,62.22,-1.88,2026-08-26,-,0,24.0
175,-65,DayWalker1337,-,1644.54,-50.75,1808.3,-60.65,54.59,-3.3,60,6.0,42,0.0,18,6.0,0,0.0,70.0,-7.78,2026-07-01,-,0,757.0
-,-,tomaszchwiszczuk,-,1644.0,-2.76,1822.09,0.0,59.36,0.92,108,0.0,70,0.0,37,0.0,1,0.0,64.81,0.0,2022-03-06,P,4,-
-,-,C666,-,1643.84,-1.88,1904.97,0.0,87.04,0.63,36,0.0,30,0.0,6,0.0,0,0.0,83.33,0.0,2020-12-06,P,2,-
176,-39,zoiedberg,BE,1643.56,-23.5,1792.06,-30.13,49.5,-2.21,72,6.0,42,1.0,30,5.0,0,0.0,58.33,-3.79,2026-06-22,-,0,265.0
177,-16,maiquelPS,ES,1642.88,-5.69,1733.71,0.0,30.28,1.9,366,0.0,201,0.0,164,0.0,1,0.0,54.92,0.0,2026-04-29,P,15,76.0
178,44,Aruta,-,1642.81,33.42,1772.91,24.5,43.37,-2.97,90,12.0,64,10.0,26,2.0,0,0.0,71.11,1.88,2026-07-19,-,0,711.0
179,24,Gavatron,CA,1641.92,22.1,1734.01,20.89,30.7,-0.4,405,18.0,218,13.0,183,5.0,4,0.0,53.83,0.86,2026-07-20,P,3,155.0
-,-,Lothar,US,1641.47,-4.5,1761.07,0.0,39.87,1.5,282,0.0,175,0.0,106,0.0,1,0.0,62.06,0.0,2025-07-05,G,6,509.0
180,-13,GerionLannister,CZ,1641.04,-4.42,1757.97,0.0,38.98,1.47,120,0.0,78,0.0,42,0.0,0,0.0,65.0,0.0,2026-04-27,-,0,231.0
181,-36,MrBiz,US,1639.03,-22.53,1761.32,-23.43,40.76,-0.3,105,6.0,68,0.0,36,6.0,1,0.0,64.76,-3.93,2026-07-01,-,0,480.0
182,58,Gyphon,DE,1638.96,39.42,1734.5,34.12,31.85,-1.77,171,24.0,106,20.0,64,4.0,1,0.0,61.99,3.49,2026-07-30,-,0,104.0
183,-25,Jorrig,CH,1638.84,-11.32,1729.65,-9.22,30.27,0.7,420,12.0,227,5.0,192,7.0,1,0.0,54.05,-0.36,2026-07-16,M,1,79.0
-,-,Swampzombie,-,1638.74,-3.17,1797.93,0.0,53.06,1.06,144,0.0,81,0.0,60,0.0,3,0.0,56.25,0.0,2023-02-05,M,1,-
-,-,Raulone,ES,1638.4,-2.92,1807.11,0.0,56.24,0.97,54,0.0,33,0.0,21,0.0,0,0.0,61.11,0.0,2025-08-07,G,5,93.0
184,-11,ElChupacabra,MK,1637.46,-5.9,1726.67,0.0,29.74,1.97,309,0.0,165,0.0,141,0.0,3,0.0,53.4,0.0,2026-04-12,M,1,42.0
185,-5,Dvale112,US,1635.97,1.27,1718.75,3.09,27.59,0.61,426,18.0,245,12.0,175,6.0,6,0.0,57.51,0.4,2026-07-29,G,12,148.0
186,-24,Aranwar,IL,1635.68,-11.64,1728.85,-11.83,31.06,-0.06,378,15.0,222,6.0,154,9.0,2,0.0,58.73,-0.77,2026-08-04,P,12,252.0
187,-4,fathope,SK,1635.55,2.91,1717.6,4.61,27.35,0.56,444,18.0,248,13.0,193,5.0,3,0.0,55.86,0.7,2026-07-12,P,2,168.0
188,-19,CouchKing,PK,1634.55,-10.23,1715.32,-9.57,26.92,0.22,474,24.0,261,10.0,210,11.0,3,3.0,55.06,-0.72,2026-08-06,P,2,99.0
189,-11,Cmacu,-,1634.51,-3.31,1788.21,0.0,51.23,1.1,78,0.0,50,0.0,28,0.0,0,0.0,64.1,0.0,2026-04-25,-,0,321.0
190,1,maxolino,IT,1632.26,5.56,1715.58,6.6,27.77,0.35,378,18.0,214,11.0,162,7.0,2,0.0,56.61,0.22,2026-08-02,G,6,140.0
191,-3,Dragonite,US,1632.12,3.45,1710.19,4.74,26.03,0.43,465,24.0,266,15.0,197,9.0,2,0.0,57.2,0.28,2026-07-28,G,4,181.0
192,-16,roverandom,HR,1631.98,-8.77,1713.47,-7.78,27.16,0.33,480,24.0,254,13.0,224,10.0,2,1.0,52.92,0.07,2026-08-01,P,10,121.0
193,-19,LittleBob,TW,1631.71,-11.56,1719.03,-9.4,29.11,0.72,402,12.0,205,5.0,194,6.0,3,1.0,51.0,-0.28,2026-07-20,P,14,68.0
194,-22,FunkyLere,-,1631.1,-12.55,1741.47,-9.89,36.79,0.88,198,3.0,118,0.0,80,3.0,0,0.0,59.6,-0.91,2026-06-17,G,8,259.0
195,-14,Olesch,DE,1631.0,-2.43,1722.21,-1.08,30.4,0.45,372,12.0,216,6.0,152,6.0,4,0.0,58.06,-0.27,2026-08-08,P,2,207.0
196,-2,LJSHUEN,-,1629.97,4.37,1787.32,-15.61,52.45,-6.66,54,12.0,34,6.0,20,6.0,0,0.0,62.96,-3.71,2026-07-22,-,0,662.0
197,-34,Shincham,BR,1629.35,-17.34,1721.55,-17.9,30.74,-0.19,360,18.0,208,7.0,144,11.0,8,0.0,57.78,-0.99,2026-07-22,G,14,249.0
198,-30,invalidName,NO,1629.3,-15.71,1770.42,-18.03,47.04,-0.77,198,6.0,112,3.0,85,3.0,1,0.0,56.57,-0.2,2026-07-24,GM,2,-
199,-12,flutter,US,1629.16,-1.33,1722.13,-2.01,30.99,-0.22,243,18.0,137,11.0,102,7.0,4,0.0,56.38,0.38,2026-07-31,P,2,172.0
200,6,DB.Starman,-,1629.16,11.41,1710.6,11.41,27.15,-0.0,447,24.0,258,15.0,184,8.0,5,1.0,57.72,0.27,2026-08-02,P,2,183.0
201,-184,SandHippo,CN,1628.71,-188.52,1998.26,-336.55,123.18,-49.34,18,12.0,13,7.0,5,5.0,0,0.0,72.22,-27.78,2026-08-22,-,0,238.0
-,-,BeatrixAnd,PL,1628.55,-3.23,1781.4,0.0,50.95,1.08,84,0.0,62,0.0,20,0.0,2,0.0,73.81,0.0,2025-05-12,-,0,194.0
-,-,Dooglassa,-,1628.04,-2.03,1869.43,0.0,80.46,0.68,30,0.0,23,0.0,7,0.0,0,0.0,76.67,0.0,2024-07-15,-,0,-
202,-27,Jonny125,RU,1627.84,-13.77,1711.73,-11.7,27.96,0.69,492,18.0,272,9.0,216,9.0,4,0.0,55.28,-0.21,2026-07-23,P,2,173.0
203,-18,speedstone,PL,1625.83,-4.96,1758.89,-3.48,44.35,0.49,102,3.0,64,2.0,38,1.0,0,0.0,62.75,0.12,2026-06-27,-,0,108.0
204,4,ChampDeGlace,DE,1625.2,8.19,1717.17,7.58,30.66,-0.2,276,18.0,175,13.0,99,5.0,2,0.0,63.41,0.62,2026-07-31,G,1,188.0
205,-28,Budde,DE,1624.65,-15.46,1733.72,-27.33,36.36,-3.96,138,27.0,89,12.0,49,15.0,0,0.0,64.49,-4.88,2026-07-27,-,0,352.0
206,4,Nightvayne,CH,1624.65,8.1,1714.82,7.85,30.06,-0.09,303,18.0,171,11.0,131,7.0,1,0.0,56.44,0.3,2026-08-07,G,5,127.0
207,-5,SuperHans,-,1623.63,3.38,1747.77,-2.33,41.38,-1.9,105,12.0,65,7.0,40,5.0,0,0.0,61.9,-0.47,2026-08-06,-,0,589.0
208,95,GrandHedgehog,RU,1623.56,56.34,1755.25,30.11,43.9,-8.74,90,24.0,61,15.0,29,9.0,0,0.0,67.78,-1.92,2026-08-20,-,0,-
209,5,snakilan,-,1623.12,7.67,1820.14,-10.42,65.68,-6.03,48,12.0,39,10.0,9,2.0,0,0.0,81.25,0.69,2026-07-21,-,0,-
210,3,vitek,-,1622.99,7.51,1725.02,10.88,34.01,1.12,324,6.0,185,6.0,134,0.0,5,0.0,57.1,0.81,2026-07-25,G,18,246.0
211,-18,Masox,DE,1622.68,-3.57,1700.19,-3.57,25.84,-0.0,459,30.0,238,15.0,218,15.0,3,0.0,51.85,-0.13,2026-08-04,P,2,92.0
212,-33,occupied,-,1622.64,-14.03,1718.38,-13.72,31.92,0.1,318,12.0,166,5.0,151,7.0,1,0.0,52.2,-0.41,2026-07-20,M,2,161.0
-,-,Draculade,-,1622.29,-3.75,1755.13,0.0,44.28,1.25,180,0.0,108,0.0,71,0.0,1,0.0,60.0,0.0,2025-01-08,P,2,653.0
-,-,Musan,US,1622.16,-4.38,1740.76,0.0,39.53,1.46,237,0.0,154,0.0,81,0.0,2,0.0,64.98,0.0,2025-04-12,P,4,291.0
213,18,TrilceAC,ES,1621.42,16.59,1709.82,14.21,29.47,-0.79,384,24.0,218,17.0,164,7.0,2,0.0,56.77,0.94,2026-07-27,P,2,448.0
-,-,treitze,DE,1621.19,-4.19,1745.43,0.0,41.41,1.4,270,0.0,150,0.0,119,0.0,1,0.0,55.56,0.0,2024-09-04,P,4,-
214,4,RudyRunner666,IT,1621.04,8.21,1726.8,6.12,35.25,-0.7,186,12.0,116,6.0,70,6.0,0,0.0,62.37,-0.85,2026-08-05,G,4,220.0
-,-,eNroamer,LV,1620.91,-4.87,1729.72,0.0,36.27,1.62,438,0.0,260,0.0,177,0.0,1,0.0,59.36,0.0,2025-09-01,G,10,196.0
215,6,Sunmaster14_LV,LV,1620.25,9.27,1701.2,9.96,26.98,0.23,516,24.0,270,15.0,242,9.0,4,0.0,52.33,0.5,2026-08-07,P,6,137.0
-,-,VikingLeif,-,1620.2,-3.55,1762.4,0.0,47.4,1.18,168,0.0,97,0.0,71,0.0,0,0.0,57.74,0.0,2023-12-03,P,8,-
216,28,Zegs,-,1620.15,21.6,1729.0,14.71,36.28,-2.29,156,18.0,91,11.0,65,7.0,0,0.0,58.33,0.36,2026-07-22,P,4,441.0
217,22,jacksonray,-,1619.03,19.21,1717.24,16.55,32.74,-0.88,183,18.0,118,12.0,62,6.0,3,0.0,64.48,0.24,2026-08-07,-,0,491.0
218,-28,peposqui,ES,1618.99,-8.04,1716.45,-6.82,32.49,0.41,231,12.0,143,8.0,86,4.0,2,0.0,61.9,0.26,2026-07-27,G,4,208.0
-,-,Vorbrock,-,1618.53,-4.63,1735.51,0.0,38.99,1.54,264,0.0,133,0.0,129,0.0,2,0.0,50.38,0.0,2025-06-20,P,12,247.0
-,-,Hierostrafio,SE,1618.3,-2.79,1797.59,0.0,59.76,0.93,96,0.0,56,0.0,38,0.0,2,0.0,58.33,0.0,2022-03-06,GM,3,-
-,-,JeJenan,KR,1618.17,-3.13,1777.71,0.0,53.18,1.04,138,0.0,82,0.0,56,0.0,0,0.0,59.42,0.0,2023-06-06,G,12,-
219,-12,Magnotta85,IT,1617.82,0.15,1786.49,-11.45,56.22,-3.87,45,6.0,28,2.0,17,4.0,0,0.0,62.22,-4.45,2026-07-20,-,0,605.0
-,-,TBow,-,1617.07,-1.83,1885.01,0.0,89.31,0.61,24,0.0,20,0.0,4,0.0,0,0.0,83.33,0.0,2022-12-04,P,2,-
220,-36,Technicolourism,CA,1616.96,-15.14,1786.02,-26.22,56.35,-3.69,48,6.0,30,1.0,18,5.0,0,0.0,62.5,-6.55,2026-06-19,-,0,662.0
221,86,northlynx,DE,1616.55,51.32,1804.45,8.82,62.63,-14.17,36,12.0,28,8.0,8,4.0,0,0.0,77.78,-5.55,2026-07-12,-,0,-
222,-22,Adamez,PL,1615.97,-5.04,1730.97,-8.29,38.33,-1.08,147,12.0,89,6.0,56,6.0,2,0.0,60.54,-0.94,2026-08-09,-,0,192.0
-,-,shpand,-,1615.93,-2.17,1843.15,0.0,75.74,0.72,33,0.0,25,0.0,8,0.0,0,0.0,75.76,0.0,2024-10-13,-,0,-
-,-,AXL79,-,1615.82,-3.33,1767.09,0.0,50.42,1.11,120,0.0,80,0.0,39,0.0,1,0.0,66.67,0.0,2024-04-04,G,6,-
223,46,Composaurus,-,1615.54,30.61,1791.85,21.66,58.77,-2.98,48,6.0,32,5.0,16,1.0,0,0.0,66.67,2.38,2026-08-08,-,0,578.0
224,-38,Dread_84,DE,1615.53,-15.01,1722.83,-25.66,35.77,-3.55,123,24.0,73,8.0,50,16.0,0,0.0,59.35,-6.31,2026-08-10,-,0,384.0
225,-21,Snucka,US,1615.44,-3.36,1762.42,0.0,48.99,1.12,84,0.0,53,0.0,30,0.0,1,0.0,63.1,0.0,2025-10-15,-,0,128.0
-,-,sqwndw,CN,1614.99,-4.77,1737.77,0.0,40.93,1.59,324,0.0,173,0.0,147,0.0,4,0.0,53.4,0.0,2024-10-01,GM,2,-
-,-,Hsugneslie,-,1613.66,-3.6,1751.75,0.0,46.03,1.2,162,0.0,101,0.0,61,0.0,0,0.0,62.35,0.0,2024-07-30,G,8,-
226,29,LeonidasI,-,1613.53,22.0,1698.46,22.63,28.31,0.21,351,18.0,198,14.0,152,4.0,1,0.0,56.41,1.15,2026-07-27,-,0,107.0
227,-32,raist,SG,1613.5,-11.78,1695.57,-11.23,27.36,0.18,534,24.0,292,11.0,236,12.0,6,1.0,54.68,-0.42,2026-08-01,P,2,185.0
228,541,xYotsuba,-,1612.79,284.11,1821.69,144.77,69.63,-46.45,33,21.0,29,19.0,4,2.0,0,0.0,87.88,4.55,2026-08-10,-,0,-
229,-13,Firedart,GB,1612.41,-2.31,1695.43,-1.31,27.68,0.33,537,24.0,296,15.0,239,9.0,2,0.0,55.12,0.34,2026-08-04,P,6,86.0
230,-13,Darkriddler,-,1612.31,-1.97,1861.66,0.0,83.12,0.66,24,0.0,17,0.0,7,0.0,0,0.0,70.83,0.0,2026-04-27,-,0,-
-,-,SergioCamp,-,1612.23,-2.37,1819.73,0.0,69.16,0.79,48,0.0,36,0.0,11,0.0,1,0.0,75.0,0.0,2024-07-15,-,0,-
-,-,JoyBoy,TH,1612.11,-3.75,1742.97,0.0,43.62,1.25,168,0.0,113,0.0,55,0.0,0,0.0,67.26,0.0,2024-09-04,G,4,-
231,-19,Pule,-,1611.9,-3.89,1742.17,0.0,43.42,1.3,114,0.0,69,0.0,45,0.0,0,0.0,60.53,0.0,2025-11-30,-,0,282.0
-,-,WDD,CN,1611.85,-2.88,1783.15,0.0,57.1,0.96,57,0.0,34,0.0,22,0.0,1,0.0,59.65,0.0,2025-06-24,-,0,224.0
-,-,mushan,CN,1610.3,-3.29,1769.01,0.0,52.9,1.1,135,0.0,68,0.0,63,0.0,4,0.0,50.37,0.0,2025-03-03,GM,1,558.0
232,-33,ElKhan,CL,1608.86,-12.27,1688.21,-11.41,26.45,0.29,468,24.0,246,10.0,219,14.0,3,0.0,52.56,-0.59,2026-07-24,G,10,160.0
233,3,Sakic19,HU,1608.44,5.69,1700.61,3.91,30.72,-0.59,189,24.0,113,16.0,74,8.0,2,0.0,59.79,1.0,2026-08-05,-,0,285.0
-,-,Lloydinspace100,-,1608.39,-4.53,1722.47,0.0,38.03,1.51,327,0.0,184,0.0,141,0.0,2,0.0,56.27,0.0,2025-04-22,G,10,555.0
234,unretired,GZ95,CN,1608.22,25.37,1819.73,13.54,70.5,-3.94,39,3.0,23,2.0,16,1.0,0,0.0,58.97,0.64,2026-06-12,-,0,1106.0
235,-11,Padishar,-,1607.92,-0.2,1688.92,-0.05,27.0,0.05,456,24.0,244,13.0,208,11.0,4,0.0,53.51,0.04,2026-07-27,G,3,138.0
236,-16,Gelato,DE,1606.67,-5.42,1712.2,-3.86,35.18,0.52,150,6.0,91,2.0,56,2.0,3,2.0,60.67,-1.14,2026-07-22,-,0,153.0
237,0,Sonder.,-,1606.65,4.58,1776.52,-15.53,56.62,-6.7,48,12.0,37,7.0,11,5.0,0,0.0,77.08,-6.25,2026-08-02,-,0,-
238,4,maunzzz,SE,1606.62,7.57,1696.46,2.14,29.95,-1.81,207,30.0,117,17.0,89,13.0,1,0.0,56.52,0.02,2026-08-03,-,0,162.0
239,21,eggmancs,GB,1606.57,17.54,1707.95,15.45,33.8,-0.7,225,18.0,127,13.0,97,4.0,1,1.0,56.44,1.37,2026-07-29,-,0,191.0
240,-29,CrownKiller,KR,1605.88,-10.36,1709.19,-11.16,34.44,-0.26,189,12.0,119,6.0,70,6.0,0,0.0,62.96,-0.88,2026-07-31,G,2,213.0
241,24,Slender,-,1605.61,18.96,1736.88,8.53,43.76,-3.48,120,12.0,71,6.0,49,6.0,0,0.0,59.17,-1.02,2026-08-04,G,6,1054.0
242,-19,Beowls,-,1605.24,-2.99,1770.2,0.0,54.98,1.0,54,0.0,32,0.0,21,0.0,1,0.0,59.26,0.0,2026-05-01,-,0,321.0
243,-51,Boristina,US,1604.43,-21.89,1791.51,-30.69,62.36,-2.93,48,6.0,35,3.0,12,2.0,1,1.0,72.92,-3.27,2026-08-04,-,0,372.0
-,-,Covfefe,US,1604.3,-2.99,1773.89,0.0,56.53,1.0,108,0.0,61,0.0,47,0.0,0,0.0,56.48,0.0,2023-11-15,GM,2,-
-,-,kuchjir,CZ,1603.86,-2.47,1804.1,0.0,66.75,0.82,72,0.0,43,0.0,29,0.0,0,0.0,59.72,0.0,2020-12-06,GM,2,-
244,3,Garri,ES,1602.59,4.96,1690.24,5.06,29.22,0.03,402,18.0,219,11.0,180,7.0,3,0.0,54.48,0.31,2026-07-25,G,6,145.0
245,-20,MurphyAKL,US,1601.55,-5.5,1680.5,-4.38,26.31,0.37,513,24.0,301,14.0,209,10.0,3,0.0,58.67,-0.02,2026-07-27,G,2,205.0
246,20,NFGM,DE,1600.92,14.98,1698.69,9.86,32.59,-1.71,159,24.0,92,15.0,66,9.0,1,0.0,57.86,0.82,2026-07-29,-,0,306.0
247,-15,ciufile,-,1600.38,-4.01,1733.34,0.0,44.32,1.34,96,0.0,60,0.0,36,0.0,0,0.0,62.5,0.0,2026-05-06,-,0,163.0
-,-,Grogmir,PL,1599.91,-3.54,1738.18,0.0,46.09,1.18,231,0.0,141,0.0,88,0.0,2,0.0,61.04,0.0,2024-03-03,G,10,-
-,-,Cokey,AU,1599.61,-2.94,1772.72,0.0,57.7,0.98,96,0.0,60,0.0,33,0.0,3,0.0,62.5,0.0,2022-12-04,G,6,-
248,5,Watlersen,-,1597.72,3.7,1695.89,4.51,32.72,0.27,177,12.0,103,9.0,72,3.0,2,0.0,58.19,1.22,2026-07-17,-,0,195.0
249,-8,trzeciakson,PL,1597.59,-1.59,1689.83,-0.49,30.75,0.37,300,12.0,162,6.0,134,6.0,4,0.0,54.0,-0.17,2026-08-13,P,6,244.0
250,-24,belowfox,CN,1596.88,-9.92,1692.68,-14.66,31.93,-1.58,159,24.0,88,12.0,71,12.0,0,0.0,55.35,-0.95,2026-07-28,-,0,155.0
251,-6,Scottrick,US,1596.02,-2.28,1811.58,0.0,71.86,0.76,39,0.0,29,0.0,10,0.0,0,0.0,74.36,0.0,2026-02-06,-,0,1429.0
-,-,gorozei-12ans,CH,1595.8,-3.07,1756.89,0.0,53.69,1.02,108,0.0,66,0.0,42,0.0,0,0.0,61.11,0.0,2023-06-06,G,2,-
-,-,jzebra,US,1595.66,-3.31,1747.38,0.0,50.58,1.1,156,0.0,83,0.0,72,0.0,1,0.0,53.21,0.0,2023-11-15,P,12,-
252,-9,Neandrtalec,-,1595.55,-3.34,1743.24,0.0,49.23,1.11,75,0.0,45,0.0,29,0.0,1,0.0,60.0,0.0,2026-05-02,-,0,291.0
-,-,Anderkent,PL,1595.33,-2.92,1768.89,0.0,57.85,0.97,84,0.0,56,0.0,28,0.0,0,0.0,66.67,0.0,2023-04-16,G,4,-
253,-15,ruby_buby,US,1595.32,-5.05,1704.02,-3.84,36.23,0.4,141,6.0,85,3.0,56,3.0,0,0.0,60.28,-0.46,2026-08-07,-,0,174.0
-,-,steve10716,-,1594.44,-2.82,1770.96,0.0,58.84,0.94,108,0.0,74,0.0,32,0.0,2,0.0,68.52,0.0,2023-06-06,P,6,-
254,-3,Vangelisb,GR,1593.15,-2.86,1675.56,-1.85,27.47,0.34,387,18.0,218,9.0,165,9.0,4,0.0,56.33,-0.31,2026-08-04,G,6,142.0
255,-20,Spence2102,GB,1592.99,-10.47,1683.49,-12.51,30.17,-0.68,234,21.0,144,10.0,88,11.0,2,0.0,61.54,-1.37,2026-07-24,G,2,180.0
256,-29,Rajeev,-,1592.83,-13.56,1709.07,-19.9,38.75,-2.11,135,18.0,87,10.0,48,8.0,0,0.0,64.44,-1.37,2026-07-29,G,1,129.0
257,7,Mattian12000,IT,1591.87,4.38,1680.45,5.99,29.53,0.54,447,12.0,253,7.0,193,5.0,1,0.0,56.6,0.05,2026-07-17,G,2,278.0
-,-,shadow-knight,-,1590.7,-2.88,1760.6,0.0,56.63,0.96,108,0.0,62,0.0,45,0.0,1,0.0,57.41,0.0,2022-09-04,G,10,-
258,-9,Netopier,SK,1590.44,-5.85,1695.75,0.0,35.1,1.95,375,0.0,194,0.0,177,0.0,4,0.0,51.73,0.0,2025-10-17,M,4,97.0
-,-,Arnaud,CH,1590.43,-3.13,1752.84,0.0,54.13,1.04,108,0.0,64,0.0,43,0.0,1,0.0,59.26,0.0,2023-04-16,P,6,-
-,-,rasattack,-,1590.33,-2.43,1793.33,0.0,67.67,0.81,48,0.0,37,0.0,11,0.0,0,0.0,77.08,0.0,2024-07-01,-,0,-
259,60,mezerrrrr,US,1590.23,31.19,1810.11,14.86,73.29,-5.44,42,6.0,30,5.0,12,1.0,0,0.0,71.43,1.99,2026-07-31,-,0,662.0
260,-6,MidnightFox,SE,1590.15,-2.94,1687.52,-5.28,32.46,-0.78,204,18.0,116,8.0,87,10.0,1,0.0,56.86,-1.2,2026-07-29,G,2,62.0
-,-,ChrisTher,-,1589.76,-4.12,1714.61,0.0,41.61,1.37,174,0.0,101,0.0,71,0.0,2,0.0,58.05,0.0,2025-07-27,G,2,551.0
261,-9,arDKee,-,1589.03,-5.05,1691.68,-10.34,34.22,-1.76,135,18.0,81,6.0,53,11.0,1,1.0,60.0,-4.1,2026-07-27,-,0,589.0
262,-43,MiloslavIII,CA,1588.98,-23.25,1750.24,-42.32,53.75,-6.36,54,12.0,29,4.0,24,8.0,1,0.0,53.7,-5.82,2026-07-25,-,0,398.0
263,-6,Ruudi,FI,1588.72,-2.4,1793.77,0.0,68.35,0.8,39,0.0,31,0.0,8,0.0,0,0.0,79.49,0.0,2025-10-22,-,0,686.0
264,-8,mzotkiew,-,1588.59,-2.8,1764.27,0.0,58.56,0.93,54,0.0,40,0.0,14,0.0,0,0.0,74.07,0.0,2026-04-30,-,0,-
265,-17,DavidSegoviano,ES,1588.57,-7.95,1671.71,-8.13,27.71,-0.06,318,24.0,171,10.0,141,14.0,6,0.0,53.77,-0.99,2026-08-05,G,2,186.0
266,new,Sun_Zoo,-,1588.17,1138.17,1841.58,341.58,84.47,84.47,18,18.0,17,17.0,1,1.0,0,0.0,94.44,94.44,2026-07-27,-,0,-
267,-38,Dayvs,-,1588.03,-18.01,1672.49,-19.42,28.15,-0.47,276,24.0,158,9.0,117,15.0,1,0.0,57.25,-1.88,2026-07-22,-,0,205.0
-,-,Mad_Tyrion,IT,1587.82,-1.56,1902.11,0.0,104.76,0.52,36,0.0,34,0.0,2,0.0,0,0.0,94.44,0.0,2022-09-04,-,0,-
-,-,Hunty93,US,1587.25,-3.66,1732.98,0.0,48.58,1.22,168,0.0,85,0.0,83,0.0,0,0.0,50.6,0.0,2025-05-07,M,3,1245.0
268,new,dfarhi,-,1586.89,1136.89,1886.29,386.29,99.8,99.8,12,12.0,12,12.0,0,0.0,0,0.0,100.0,100.0,2026-08-01,-,0,-
269,-54,JiriHosek,-,1586.32,-28.99,1740.25,-56.22,51.31,-9.08,72,18.0,52,9.0,19,9.0,1,0.0,72.22,-7.41,2026-08-11,-,0,989.0
270,-40,Magesolo,DE,1586.01,-19.81,1671.83,-16.54,28.61,1.09,522,12.0,276,3.0,244,9.0,2,0.0,52.87,-0.66,2026-07-24,P,10,174.0
271,2,StonedHenge420,US,1585.84,7.31,1671.72,8.14,28.63,0.28,309,18.0,180,11.0,129,7.0,0,0.0,58.25,0.17,2026-08-03,G,2,210.0
272,97,Pieroz88,-,1585.38,51.47,1715.4,42.33,43.34,-3.05,87,12.0,53,10.0,33,2.0,1,0.0,60.92,3.59,2026-07-29,-,0,296.0
273,-12,isman,ES,1584.65,-4.17,1705.44,0.0,40.26,1.39,174,0.0,104,0.0,67,0.0,3,0.0,59.77,0.0,2025-12-01,G,2,182.0
-,-,Demetrius,UA,1584.6,-2.87,1756.23,0.0,57.21,0.96,60,0.0,37,0.0,23,0.0,0,0.0,61.67,0.0,2025-06-14,-,0,236.0
274,-15,BitterBlossom,CN,1584.5,-4.53,1678.09,-5.39,31.2,-0.29,234,18.0,135,9.0,98,9.0,1,0.0,57.69,-0.64,2026-08-08,-,0,158.0
-,-,ducky1,-,1584.48,-1.69,1874.41,0.0,96.64,0.56,18,0.0,14,0.0,4,0.0,0,0.0,77.78,0.0,2023-04-16,-,0,-
-,-,Zulda,-,1584.34,-2.5,1780.82,0.0,65.49,0.83,60,0.0,32,0.0,28,0.0,0,0.0,53.33,0.0,2022-03-06,M,1,-
275,-47,Kharny,GB,1584.16,-22.18,1750.59,-41.72,55.48,-6.51,54,12.0,35,5.0,18,7.0,1,0.0,64.81,-6.62,2026-07-22,-,0,757.0
276,-9,Fanti,-,1584.12,-1.79,1857.24,0.0,91.04,0.6,18,0.0,15,0.0,3,0.0,0,0.0,83.33,0.0,2026-03-01,-,0,-
-,-,AvPL,PL,1584.02,-1.53,1903.71,0.0,106.56,0.51,21,0.0,20,0.0,1,0.0,0,0.0,95.24,0.0,2023-06-04,-,0,-
-,-,GerrySalinas,-,1583.78,-3.54,1728.86,0.0,48.36,1.18,168,0.0,97,0.0,70,0.0,1,0.0,57.74,0.0,2023-12-03,G,6,-
277,16,DadboBaggins,US,1583.26,10.88,1672.13,12.55,29.63,0.56,315,12.0,176,8.0,137,4.0,2,0.0,55.87,0.42,2026-07-23,G,3,178.0
278,-16,Alvin1912,-,1583.03,-5.34,1684.62,0.0,33.86,1.78,360,0.0,187,0.0,171,0.0,2,0.0,51.94,0.0,2026-01-08,P,4,223.0
-,-,Jans,PL,1582.78,-2.98,1748.71,0.0,55.31,0.99,78,0.0,55,0.0,23,0.0,0,0.0,70.51,0.0,2024-09-01,-,0,-
279,-16,holy834,CN,1582.15,-5.88,1664.44,-7.56,27.43,-0.56,258,30.0,139,14.0,118,16.0,1,0.0,53.88,-0.94,2026-08-03,-,0,146.0
-,-,elo8000,-,1581.91,-2.17,1809.27,0.0,75.78,0.72,39,0.0,35,0.0,4,0.0,0,0.0,89.74,0.0,2024-10-13,-,0,1412.0
280,-10,Tototrillion,DE,1581.64,-3.1,1742.38,0.0,53.58,1.03,60,0.0,36,0.0,24,0.0,0,0.0,60.0,0.0,2026-05-13,-,0,480.0
281,11,pote,TN,1581.5,8.72,1697.68,7.26,38.73,-0.49,159,9.0,100,7.0,59,2.0,0,0.0,62.89,0.89,2026-08-04,G,2,1262.0
-,-,JarekWarsaw,-,1580.14,-3.08,1746.1,0.0,55.32,1.03,114,0.0,67,0.0,45,0.0,2,0.0,58.77,0.0,2023-02-05,G,10,-
-,-,jaggl,-,1579.92,-2.79,1757.09,0.0,59.06,0.93,96,0.0,57,0.0,38,0.0,1,0.0,59.38,0.0,2022-06-05,P,2,757.0
282,29,Kor,BE,1579.82,17.12,1695.77,11.96,38.65,-1.72,120,12.0,68,8.0,52,4.0,0,0.0,56.67,1.11,2026-07-20,-,0,251.0
283,-78,Notbot66,FI,1579.81,-38.74,1679.83,-39.26,33.34,-0.17,177,12.0,97,1.0,80,11.0,0,0.0,54.8,-3.38,2026-07-17,-,0,169.0
284,-50,Graypilgrim,-,1579.3,-24.18,1814.38,-38.13,78.36,-4.65,27,3.0,19,1.0,8,2.0,0,0.0,70.37,-4.63,2026-06-24,-,0,-
285,4,SimTubez,AU,1577.73,4.57,1682.96,4.82,35.08,0.08,252,12.0,159,9.0,92,3.0,1,0.0,63.1,0.6,2026-07-21,G,2,420.0
286,-15,PontiusPilatus,DK,1576.08,-3.19,1734.22,0.0,52.71,1.06,96,0.0,62,0.0,31,0.0,3,0.0,64.58,0.0,2026-03-21,G,4,1271.0
287,-29,Sengir80,-,1575.63,-15.47,1671.31,-17.33,31.89,-0.62,189,18.0,107,8.0,82,10.0,0,0.0,56.61,-1.28,2026-07-26,-,0,437.0
288,-16,BahbUrge,-,1575.04,-3.94,1706.69,0.0,43.88,1.31,84,0.0,51,0.0,31,0.0,2,0.0,60.71,0.0,2026-04-25,-,0,310.0
-,-,Lawful,-,1575.02,-1.8,1848.58,0.0,91.19,0.6,24,0.0,21,0.0,3,0.0,0,0.0,87.5,0.0,2021-03-02,-,0,-
289,-11,Thisisnotasmile,GB,1574.52,-1.22,1655.95,3.61,27.14,1.61,549,12.0,301,10.0,245,2.0,3,0.0,54.83,0.64,2026-07-22,P,2,171.0
290,-13,ChipsAhoya,US,1574.27,-1.89,1655.31,-1.04,27.01,0.28,630,24.0,325,15.0,304,9.0,1,0.0,51.59,0.43,2026-07-29,P,8,209.0
291,-16,amaj,US,1573.9,-3.35,1720.97,0.0,49.02,1.12,78,0.0,55,0.0,22,0.0,1,0.0,70.51,0.0,2026-04-18,-,0,439.0
292,-16,Arinmir,DE,1573.39,-3.83,1706.86,0.0,44.49,1.28,156,0.0,95,0.0,60,0.0,1,0.0,60.9,0.0,2026-01-12,G,4,989.0
293,-7,Ralf-TtA,DE,1573.33,-0.25,1657.08,-0.81,27.92,-0.19,396,24.0,219,11.0,174,13.0,3,0.0,55.3,-0.61,2026-08-05,G,4,314.0
294,21,Durloc,US,1573.08,12.09,1662.39,13.72,29.77,0.54,294,12.0,166,8.0,126,4.0,2,0.0,56.46,0.43,2026-07-31,-,0,345.0
-,-,Meowthfish,TW,1572.44,-3.26,1726.52,0.0,51.36,1.09,165,0.0,87,0.0,78,0.0,0,0.0,52.73,0.0,2023-06-04,M,3,-
-,-,CarloPedersoli,-,1572.07,-2.93,1740.79,0.0,56.24,0.98,60,0.0,40,0.0,20,0.0,0,0.0,66.67,0.0,2024-09-04,G,4,987.0
295,-21,Qiubag,PL,1571.84,-5.56,1665.79,0.0,31.32,1.85,333,0.0,179,0.0,152,0.0,2,0.0,53.75,0.0,2026-03-05,G,6,135.0
-,-,lfrantisek,FI,1571.79,-3.66,1711.02,0.0,46.41,1.22,171,0.0,102,0.0,67,0.0,2,0.0,59.65,0.0,2025-05-01,G,4,514.0
296,38,rabalder,NO,1571.7,22.15,1707.3,20.83,45.2,-0.44,111,6.0,76,6.0,35,0.0,0,0.0,68.47,1.8,2026-07-21,-,0,383.0
297,4,GoblinMatron,-,1571.29,3.21,1675.32,-1.39,34.68,-1.54,159,18.0,92,11.0,66,7.0,1,0.0,57.86,0.41,2026-07-30,-,0,192.0
298,15,LeoM,IT,1570.97,9.76,1657.42,10.4,28.82,0.21,372,18.0,204,10.0,166,8.0,2,0.0,54.84,0.04,2026-07-22,-,0,245.0
-,-,barda,PT,1570.78,-4.17,1695.1,0.0,41.44,1.39,225,0.0,145,0.0,79,0.0,1,0.0,64.44,0.0,2025-07-19,-,0,638.0
299,-19,daggsea,CN,1570.63,-4.75,1674.05,-9.39,34.47,-1.54,147,18.0,84,9.0,63,9.0,0,0.0,57.14,-1.0,2026-07-17,-,0,304.0
300,-10,Shmu,-,1570.52,-2.59,1760.78,0.0,63.42,0.86,42,0.0,29,0.0,13,0.0,0,0.0,69.05,0.0,2026-05-04,-,0,578.0
301,-20,Buldozer_bga,-,1570.3,-5.06,1669.29,0.0,33.0,1.69,219,0.0,128,0.0,89,0.0,2,0.0,58.45,0.0,2026-04-26,-,0,166.0
302,41,Paolol65,FR,1570.06,22.95,1791.99,7.46,73.98,-5.16,36,6.0,31,5.0,5,1.0,0,0.0,86.11,-0.56,2026-07-27,-,0,1271.0
-,-,Snorky,-,1569.95,-2.9,1739.95,0.0,56.67,0.97,96,0.0,68,0.0,28,0.0,0,0.0,70.83,0.0,2023-06-04,-,0,-
303,-21,Mark0n,HR,1569.75,-5.07,1672.96,0.0,34.4,1.69,303,0.0,164,0.0,131,0.0,8,0.0,54.13,0.0,2025-11-30,G,7,186.0
304,-10,dnomn8r,-,1569.53,-2.48,1768.92,0.0,66.46,0.83,36,0.0,25,0.0,10,0.0,1,0.0,69.44,0.0,2026-03-21,-,0,578.0
305,35,norbetk,PL,1569.29,21.6,1694.41,8.14,41.71,-4.49,90,18.0,54,11.0,35,7.0,1,0.0,60.0,0.28,2026-07-22,-,0,742.0
306,-23,guppyfry,US,1567.99,-6.79,1653.42,-4.34,28.48,0.82,402,12.0,219,5.0,177,7.0,6,0.0,54.48,-0.39,2026-07-07,G,2,332.0
-,-,ScoliopusB,-,1567.63,-3.44,1710.69,0.0,47.69,1.15,192,0.0,109,0.0,80,0.0,3,0.0,56.77,0.0,2024-03-03,P,2,-
-,-,LaoHuang,CN,1567.54,-3.99,1711.94,0.0,48.13,1.33,225,0.0,100,0.0,122,0.0,3,0.0,44.44,0.0,2023-11-15,M,3,-
-,-,Rasmulde,-,1567.31,-3.2,1720.76,0.0,51.15,1.07,138,0.0,77,0.0,61,0.0,0,0.0,55.8,0.0,2024-07-01,P,8,-
307,-11,AxelKlaar,-,1567.23,-2.95,1736.35,0.0,56.37,0.98,60,0.0,40,0.0,20,0.0,0,0.0,66.67,0.0,2026-04-24,-,0,448.0
-,-,MastermindZeta,-,1567.11,-1.74,1847.86,0.0,93.58,0.58,24,0.0,19,0.0,5,0.0,0,0.0,79.17,0.0,2023-03-01,-,0,-
308,-8,mc_esher,-,1566.25,-2.84,1740.52,0.0,58.09,0.95,87,0.0,53,0.0,32,0.0,2,0.0,60.92,0.0,2026-04-16,P,6,-
309,-11,redyredy123,-,1565.88,-3.67,1704.09,0.0,46.07,1.22,87,0.0,50,0.0,36,0.0,1,0.0,57.47,0.0,2026-05-07,-,0,635.0
310,-64,brainac,-,1564.87,-32.92,1653.56,-32.53,29.56,0.13,390,18.0,207,4.0,182,14.0,1,0.0,53.08,-1.49,2026-07-26,G,14,232.0
311,59,SwaulgustusCaesar,-,1564.26,30.4,1784.32,13.52,73.35,-5.63,30,6.0,20,5.0,10,1.0,0,0.0,66.67,4.17,2026-07-27,-,0,-
312,-24,kenchan,HK,1564.14,-9.09,1649.11,-8.93,28.32,0.05,399,21.0,195,6.0,202,14.0,2,1.0,48.87,-1.13,2026-08-05,G,8,170.0
-,-,chogaling,-,1563.78,-2.5,1764.34,0.0,66.85,0.83,72,0.0,42,0.0,30,0.0,0,0.0,58.33,0.0,2021-03-02,M,2,-
313,7,InfiniteZest,-,1563.47,4.89,1658.57,6.17,31.7,0.43,360,12.0,207,9.0,153,3.0,0,0.0,57.5,0.6,2026-08-01,G,4,344.0
315,53,Selya,-,1563.45,29.29,1669.44,28.2,35.33,-0.36,165,12.0,104,11.0,57,1.0,4,0.0,63.03,2.25,2026-08-04,-,0,426.0
314,-10,Garghiii,IT,1563.45,-2.85,1653.62,-5.05,30.06,-0.73,225,24.0,129,13.0,95,11.0,1,0.0,57.33,-0.38,2026-08-05,-,0,359.0
-,-,Dinnser,-,1563.21,-2.21,1785.29,0.0,74.03,0.74,48,0.0,35,0.0,13,0.0,0,0.0,72.92,0.0,2021-12-05,-,0,-
316,-66,Gudimundi,IS,1562.95,-33.31,1659.09,-38.61,32.05,-1.76,177,24.0,102,6.0,73,17.0,2,1.0,57.63,-5.12,2026-08-08,-,0,222.0
317,11,dougthonus,US,1562.4,9.86,1666.34,12.4,34.65,0.85,333,6.0,191,6.0,142,0.0,0,0.0,57.36,0.79,2026-07-24,G,6,362.0
318,-13,HeirOfValyria,-,1562.39,-3.61,1702.86,0.0,46.82,1.2,90,0.0,47,0.0,40,0.0,3,0.0,52.22,0.0,2026-04-30,P,14,190.0
319,-86,jingjing123,CN,1562.38,-41.55,1648.87,-42.11,28.83,-0.18,261,24.0,136,3.0,119,19.0,6,2.0,52.11,-4.01,2026-08-12,-,0,147.0
320,-36,LT.Stuntovic,-,1562.04,-12.67,1656.75,-12.32,31.57,0.11,303,12.0,168,4.0,134,8.0,1,0.0,55.45,-0.91,2026-07-25,G,12,274.0
321,52,Trond79,-,1561.85,31.45,1692.06,4.72,43.4,-8.91,81,24.0,55,13.0,25,10.0,1,1.0,67.9,-5.78,2026-07-23,-,0,1262.0
322,-35,Aftheiss,US,1561.14,-12.17,1652.73,-15.83,30.53,-1.22,189,24.0,107,10.0,81,14.0,1,0.0,56.61,-2.18,2026-08-01,-,0,408.0
323,-17,danebed,IT,1560.96,-5.01,1666.46,0.0,35.17,1.67,348,0.0,183,0.0,161,0.0,4,0.0,52.59,0.0,2026-03-05,P,10,289.0
324,-7,mrcy,HU,1560.92,1.38,1683.15,-2.84,40.74,-1.41,102,12.0,61,6.0,41,6.0,0,0.0,59.8,-1.31,2026-08-01,-,0,726.0
325,unretired,G_7,-,1560.47,14.51,1705.4,2.17,48.31,-4.11,144,12.0,79,8.0,64,4.0,1,0.0,54.86,1.07,2026-07-10,G,12,-
326,-5,virvett,BR,1560.2,4.33,1655.01,8.68,31.6,1.45,294,3.0,166,3.0,126,0.0,2,0.0,56.46,0.45,2026-08-01,G,2,164.0
327,-19,Hardco,CA,1560.1,-4.45,1672.8,0.0,37.57,1.48,297,0.0,153,0.0,143,0.0,1,0.0,51.52,0.0,2025-11-23,M,1,791.0
-,-,Goldan,-,1559.69,-2.94,1732.19,0.0,57.5,0.98,96,0.0,60,0.0,36,0.0,0,0.0,62.5,0.0,2022-09-04,G,10,-
328,-19,BradSwan,US,1559.03,-4.45,1673.44,0.0,38.14,1.48,183,0.0,99,0.0,82,0.0,2,0.0,54.1,0.0,2025-11-17,G,14,548.0
329,-5,bcnoexceptions,US,1558.92,4.68,1646.78,7.52,29.29,0.95,498,12.0,273,9.0,218,3.0,7,0.0,54.82,0.5,2026-07-22,G,4,273.0
330,152,Aekk,-,1558.31,87.72,1804.6,58.29,82.09,-9.81,24,6.0,17,6.0,7,0.0,0,0.0,70.83,9.72,2026-07-28,-,0,-
331,-52,Dovi,PL,1557.92,-17.63,1649.13,-18.35,30.4,-0.24,315,18.0,180,7.0,133,11.0,2,0.0,57.14,-1.11,2026-07-28,G,2,200.0
332,4,gamblerch,CL,1556.85,8.03,1659.89,8.06,34.35,0.01,177,12.0,100,9.0,75,2.0,2,1.0,56.5,1.35,2026-08-05,-,0,306.0
333,25,Sergeeeee,GB,1556.84,16.39,1635.18,17.97,26.12,0.53,492,24.0,280,18.0,210,6.0,2,0.0,56.91,0.93,2026-07-20,G,2,234.0
334,-18,Kloef,-,1556.83,-2.85,1730.6,0.0,57.93,0.95,54,0.0,33,0.0,21,0.0,0,0.0,61.11,0.0,2026-04-28,-,0,922.0
335,-17,PacificKonradin,-,1556.77,-2.31,1769.64,0.0,70.96,0.77,39,0.0,28,0.0,9,0.0,2,0.0,71.79,0.0,2025-09-23,-,0,711.0
336,-26,Panthera,PL,1556.76,-6.62,1638.73,-5.76,27.32,0.29,447,21.0,259,9.0,184,12.0,4,0.0,57.94,-0.75,2026-07-27,-,0,255.0
-,-,V0jta,CZ,1556.24,-3.5,1700.51,0.0,48.09,1.17,168,0.0,87,0.0,79,0.0,2,0.0,51.79,0.0,2023-11-15,G,16,-
-,-,cpp,-,1555.83,-3.72,1686.04,0.0,43.4,1.24,228,0.0,124,0.0,103,0.0,1,0.0,54.39,0.0,2024-09-04,G,12,-
337,7,DarthVaderDLotS,-,1555.78,9.06,1649.14,10.41,31.12,0.45,396,12.0,209,6.0,183,5.0,4,1.0,52.78,-0.08,2026-07-27,M,2,277.0
338,-36,Shadowiscool500,US,1555.37,-12.09,1646.42,-10.51,30.35,0.53,393,12.0,194,3.0,196,9.0,3,0.0,49.36,-0.77,2026-08-08,G,2,116.0
339,7,fugg,US,1555.29,9.02,1656.26,12.37,33.66,1.12,255,6.0,128,6.0,126,0.0,1,0.0,50.2,1.2,2026-07-27,G,2,473.0
-,-,Runawaaayyy,CH,1555.05,-3.44,1697.37,0.0,47.44,1.15,165,0.0,97,0.0,68,0.0,0,0.0,58.79,0.0,2024-04-04,G,2,-
-,-,busti,BE,1555.0,-3.03,1733.89,0.0,59.63,1.01,75,0.0,50,0.0,25,0.0,0,0.0,66.67,0.0,2023-09-14,-,0,-
340,23,pessen,-,1554.94,17.34,1701.27,10.2,48.78,-2.38,78,9.0,47,6.0,31,3.0,0,0.0,60.26,0.84,2026-08-06,-,0,549.0
341,33,BuWu,DE,1554.67,24.55,1643.73,22.94,29.69,-0.53,213,24.0,128,19.0,84,5.0,1,0.0,60.09,2.42,2026-08-10,-,0,371.0
-,-,Andrew_Davidson,-,1554.55,-4.09,1676.64,0.0,40.7,1.36,258,0.0,159,0.0,98,0.0,1,0.0,61.63,0.0,2025-05-02,-,0,684.0
342,-7,ben0728,KR,1554.45,5.4,1659.97,7.31,35.17,0.64,198,6.0,97,4.0,100,2.0,1,0.0,48.99,0.55,2026-07-27,-,0,19.0
343,7,FlyGon,-,1554.16,10.48,1696.78,-15.02,47.54,-8.5,72,18.0,50,9.0,22,9.0,0,0.0,69.44,-6.49,2026-07-27,-,0,1243.0
344,-17,ChosenWizard,-,1553.31,0.67,1654.03,1.17,33.57,0.17,354,12.0,196,9.0,151,3.0,7,0.0,55.37,0.69,2026-07-27,G,12,177.0
-,-,chrroom,-,1553.09,-2.68,1739.34,0.0,62.09,0.89,96,0.0,56,0.0,37,0.0,3,0.0,58.33,0.0,2022-03-06,P,2,-
-,-,ArtPlay,FR,1552.88,-2.88,1725.22,0.0,57.45,0.96,90,0.0,55,0.0,34,0.0,1,0.0,61.11,0.0,2023-11-15,P,4,-
345,-19,arthurlam90,-,1552.15,-1.68,1678.22,-10.01,42.03,-2.78,96,12.0,62,4.0,33,8.0,1,0.0,64.58,-4.47,2026-07-17,-,0,389.0
-,-,jerre8,-,1551.21,-1.52,1874.14,0.0,107.64,0.51,18,0.0,16,0.0,2,0.0,0,0.0,88.89,0.0,2024-04-04,-,0,-
346,-21,Naleenae,BE,1550.98,-2.89,1722.95,0.0,57.32,0.96,54,0.0,31,0.0,23,0.0,0,0.0,57.41,0.0,2026-03-05,-,0,757.0
-,-,xRen1101,LT,1550.88,-2.34,1762.7,0.0,70.61,0.78,57,0.0,38,0.0,18,0.0,1,0.0,66.67,0.0,2023-03-01,P,4,-
347,-24,JensIV,DE,1550.81,-4.79,1657.4,0.0,35.53,1.6,159,0.0,88,0.0,69,0.0,2,0.0,55.35,0.0,2026-04-21,G,1,158.0
348,399,MysteriousWizard,-,1550.49,210.17,1796.3,103.12,81.94,-35.68,24,12.0,21,11.0,3,1.0,0,0.0,87.5,4.17,2026-07-17,-,0,-
-,-,JohnnyD144,-,1549.92,-2.06,1789.51,0.0,79.86,0.69,36,0.0,31,0.0,5,0.0,0,0.0,86.11,0.0,2022-03-06,-,0,-
349,-52,JimmyLin,TW,1549.49,-20.53,1629.19,-19.98,26.57,0.18,591,24.0,279,8.0,305,15.0,7,1.0,47.21,-0.59,2026-07-31,M,2,152.0
350,-20,Jelen117,-,1548.54,-3.03,1711.56,0.0,54.34,1.01,57,0.0,36,0.0,20,0.0,1,0.0,63.16,0.0,2026-05-15,-,0,-
-,-,syras,-,1548.11,-1.77,1824.7,0.0,92.2,0.59,24,0.0,19,0.0,5,0.0,0,0.0,79.17,0.0,2024-07-01,-,0,254.0
351,-2,hypodg,IT,1547.65,3.88,1637.27,5.74,29.87,0.62,405,12.0,217,6.0,185,6.0,3,0.0,53.58,-0.11,2026-08-04,-,0,359.0
-,-,ugglor,-,1547.5,-4.79,1665.98,0.0,39.49,1.6,339,0.0,196,0.0,139,0.0,4,0.0,57.82,0.0,2025-03-01,G,2,757.0
352,40,Pavnco,-,1546.91,23.16,1759.49,1.05,70.86,-7.37,30,6.0,18,4.0,12,2.0,0,0.0,60.0,1.67,2026-07-25,-,0,-
-,-,GrafZahl,DE,1546.75,-2.09,1786.75,0.0,80.0,0.7,54,0.0,44,0.0,9,0.0,1,0.0,81.48,0.0,2025-04-27,-,0,872.0
353,76,gaitimes,-,1546.52,47.55,1701.69,42.76,51.72,-1.6,63,6.0,41,6.0,21,0.0,1,0.0,65.08,3.68,2026-07-31,-,0,783.0
-,-,Winston11tw,-,1546.34,-2.62,1732.87,0.0,62.18,0.87,84,0.0,49,0.0,35,0.0,0,0.0,58.33,0.0,2021-12-05,P,4,-
-,-,Diluvian,-,1546.21,-2.55,1740.62,0.0,64.81,0.85,60,0.0,44,0.0,16,0.0,0,0.0,73.33,0.0,2022-09-04,-,0,-
354,-17,Shergar,GB,1546.17,-2.62,1734.51,0.0,62.78,0.87,42,0.0,27,0.0,13,0.0,2,0.0,64.29,0.0,2026-05-01,-,0,757.0
355,117,poikai2,-,1546.07,69.87,1766.58,6.19,73.5,-21.23,36,12.0,23,7.0,13,5.0,0,0.0,63.89,-2.78,2026-08-01,-,0,-
356,-24,Thronx,DE,1545.55,-5.36,1645.01,0.0,33.15,1.79,414,0.0,237,0.0,174,0.0,3,0.0,57.25,0.0,2026-03-08,G,4,396.0
357,-24,ThomRun974,FR,1545.45,-5.06,1648.66,0.0,34.4,1.69,333,0.0,164,0.0,167,0.0,2,0.0,49.25,0.0,2026-05-02,G,6,543.0
358,-16,matinghiasi,-,1545.33,-2.06,1786.71,0.0,80.46,0.69,30,0.0,21,0.0,9,0.0,0,0.0,70.0,0.0,2026-01-11,-,0,440.0
359,2,Jiffy,HK,1544.09,6.11,1691.73,-0.17,49.21,-2.09,66,6.0,37,3.0,28,3.0,1,0.0,56.06,-0.61,2026-07-29,-,0,351.0
360,-19,LuckyAnesa,-,1543.98,-3.51,1686.29,0.0,47.44,1.17,120,0.0,72,0.0,47,0.0,1,0.0,60.0,0.0,2026-03-01,-,0,271.0
361,-5,gabev,US,1543.86,3.36,1659.77,3.28,38.63,-0.03,114,6.0,63,3.0,50,3.0,1,0.0,55.26,-0.3,2026-07-23,-,0,349.0
362,-23,KenoshaKid,-,1543.27,-4.82,1652.49,0.0,36.41,1.61,234,0.0,142,0.0,90,0.0,2,0.0,60.68,0.0,2026-04-11,-,0,261.0
-,-,Asbestos,US,1542.41,-4.2,1664.06,0.0,40.55,1.4,258,0.0,144,0.0,110,0.0,4,0.0,55.81,0.0,2025-03-08,G,8,695.0
-,-,hihihiji,HK,1542.09,-2.64,1730.2,0.0,62.7,0.88,108,0.0,53,0.0,52,0.0,3,0.0,49.07,0.0,2022-03-06,M,1,-
363,180,Bull3,-,1542.02,106.72,1689.77,70.12,49.25,-12.2,66,24.0,43,20.0,23,4.0,0,0.0,65.15,10.39,2026-08-03,-,0,805.0
364,-17,sillysheep,HK,1541.82,-3.23,1695.29,0.0,51.16,1.08,72,0.0,45,0.0,27,0.0,0,0.0,62.5,0.0,2026-04-26,G,6,757.0
-,-,JohnFreshKennedy,DE,1541.26,-3.59,1681.64,0.0,46.79,1.2,147,0.0,80,0.0,66,0.0,1,0.0,54.42,0.0,2024-07-01,G,10,-
365,-97,phoang,-,1541.06,-44.06,1648.07,-49.17,35.67,-1.7,144,18.0,80,2.0,63,16.0,1,0.0,55.56,-6.34,2026-08-04,-,0,255.0
366,144,wombats111,-,1540.53,84.31,1703.7,61.78,54.39,-7.51,84,12.0,48,11.0,35,1.0,1,0.0,57.14,5.75,2026-07-31,G,4,-
367,-38,MoreHat,US,1540.29,-11.93,1661.51,-18.04,40.41,-2.04,105,12.0,54,5.0,50,7.0,1,0.0,51.43,-1.26,2026-07-22,-,0,670.0
368,-17,rcia,ES,1540.0,-2.92,1629.26,-2.48,29.75,0.15,447,18.0,245,10.0,197,8.0,5,0.0,54.81,0.03,2026-07-26,G,16,502.0
369,22,Aaronwebber,-,1539.88,15.95,1624.84,16.06,28.32,0.04,444,21.0,227,14.0,216,6.0,1,1.0,51.13,0.78,2026-07-27,P,4,249.0
370,-18,baodalanxin,CN,1539.85,-3.03,1621.35,-2.46,27.17,0.19,453,24.0,227,12.0,224,12.0,2,0.0,50.11,-0.01,2026-07-27,G,2,248.0
371,-59,LordMichael,DE,1539.17,-22.93,1629.41,-23.43,30.08,-0.17,267,18.0,140,6.0,125,12.0,2,0.0,52.43,-1.39,2026-07-23,G,8,233.0
-,-,zbert,DE,1539.03,-4.72,1648.47,0.0,36.48,1.57,291,0.0,164,0.0,126,0.0,1,0.0,56.36,0.0,2025-07-15,G,2,295.0
-,-,Barnstormer,-,1538.87,-3.25,1694.37,0.0,51.83,1.08,120,0.0,78,0.0,42,0.0,0,0.0,65.0,0.0,2024-07-01,-,0,-
-,-,mlhibou,US,1538.66,-2.07,1775.37,0.0,78.9,0.69,36,0.0,23,0.0,13,0.0,0,0.0,63.89,0.0,2020-12-06,GM,1,-
-,-,buste,-,1538.66,-3.8,1672.65,0.0,44.66,1.27,258,0.0,137,0.0,121,0.0,0,0.0,53.1,0.0,2024-06-02,G,14,-
372,-17,MrFigu,-,1538.0,-2.81,1714.79,0.0,58.93,0.94,54,0.0,35,0.0,19,0.0,0,0.0,64.81,0.0,2026-03-03,-,0,198.0
373,13,vagrantil,AU,1537.63,10.41,1666.08,2.06,42.82,-2.78,87,12.0,50,7.0,37,5.0,0,0.0,57.47,0.14,2026-07-30,-,0,264.0
374,-17,Kristin,-,1537.48,-2.99,1701.94,0.0,54.82,1.0,72,0.0,48,0.0,24,0.0,0,0.0,66.67,0.0,2026-05-07,-,0,578.0
-,-,MugiwaraNoLofwyr,-,1536.35,-2.84,1709.46,0.0,57.7,0.95,120,0.0,63,0.0,57,0.0,0,0.0,52.5,0.0,2022-03-06,P,6,-
-,-,Dunedain,US,1535.06,-3.91,1667.89,0.0,44.28,1.3,204,0.0,104,0.0,99,0.0,1,0.0,50.98,0.0,2024-06-02,G,12,-
375,-15,jhamra,DE,1534.79,-3.29,1684.07,0.0,49.76,1.1,78,0.0,47,0.0,31,0.0,0,0.0,60.26,0.0,2026-05-05,-,0,372.0
-,-,Fayebian,-,1534.43,-2.83,1712.63,0.0,59.4,0.94,78,0.0,50,0.0,28,0.0,0,0.0,64.1,0.0,2025-06-24,G,2,398.0
376,13,khyung,US,1534.32,9.5,1628.1,9.3,31.26,-0.07,369,15.0,209,9.0,160,6.0,0,0.0,56.64,0.14,2026-07-10,G,4,466.0
-,-,HealingAura,-,1533.9,-3.06,1696.04,0.0,54.05,1.02,72,0.0,45,0.0,27,0.0,0,0.0,62.5,0.0,2025-03-07,-,0,757.0
377,22,Zaij,-,1533.42,14.5,1625.92,15.87,30.83,0.46,405,12.0,216,8.0,189,4.0,0,0.0,53.33,0.4,2026-07-21,G,2,329.0
378,-14,Tharkis,-,1533.31,-3.73,1670.86,0.0,45.85,1.24,123,0.0,63,0.0,59,0.0,1,0.0,51.22,0.0,2026-05-01,P,2,1060.0
379,15,FunkcniPC,-,1533.28,10.31,1683.19,5.44,49.97,-1.62,69,6.0,42,4.0,27,2.0,0,0.0,60.87,0.55,2026-07-24,-,0,872.0
-,-,laozhang,-,1533.01,-3.42,1682.52,0.0,49.83,1.14,138,0.0,74,0.0,61,0.0,3,0.0,53.62,0.0,2023-11-15,G,2,-
-,-,wallimaendu,-,1532.5,-2.91,1707.15,0.0,58.21,0.97,108,0.0,59,0.0,48,0.0,1,0.0,54.63,0.0,2022-06-05,G,8,-
380,17,Crowther,-,1532.13,12.71,1687.46,8.37,51.78,-1.45,72,6.0,44,5.0,28,1.0,0,0.0,61.11,2.02,2026-07-31,G,6,563.0
-,-,Berfner,SE,1531.72,-3.47,1679.18,0.0,49.15,1.16,99,0.0,55,0.0,44,0.0,0,0.0,55.56,0.0,2025-03-01,-,0,757.0
381,-28,Medgar,-,1531.24,-9.92,1629.85,-10.07,32.87,-0.05,216,12.0,125,3.0,89,9.0,2,0.0,57.87,-1.93,2026-07-22,-,0,398.0
382,2,Daemon3142,GB,1530.99,2.63,1611.62,2.96,26.88,0.11,504,24.0,275,15.0,224,9.0,5,0.0,54.56,0.39,2026-07-23,-,0,301.0
383,-17,Bulten,-,1530.96,-3.95,1658.21,0.0,42.42,1.32,138,0.0,84,0.0,54,0.0,0,0.0,60.87,0.0,2026-04-30,G,1,294.0
384,-25,vodka,CZ,1530.59,-8.05,1616.62,-6.69,28.68,0.45,414,18.0,221,10.0,191,8.0,2,0.0,53.38,0.1,2026-08-04,G,4,228.0
385,-18,Agnsild,NO,1530.57,-4.32,1648.78,0.0,39.4,1.44,141,0.0,77,0.0,63,0.0,1,0.0,54.61,0.0,2026-05-05,-,0,269.0
386,61,SvenSvift,AT,1530.14,41.1,1743.86,28.76,71.24,-4.11,36,6.0,25,6.0,11,0.0,0,0.0,69.44,6.11,2026-08-08,-,0,757.0
387,17,rap2,HK,1530.05,13.73,1619.88,13.8,29.95,0.02,351,18.0,170,11.0,178,7.0,3,0.0,48.43,0.68,2026-08-09,G,6,202.0
388,-103,Limubai,-,1529.98,-44.49,1718.93,-54.15,62.99,-3.22,42,6.0,26,2.0,16,4.0,0,0.0,61.9,-4.77,2026-07-26,-,0,757.0
389,-17,Darain,SG,1529.61,-1.04,1663.73,-3.02,44.71,-0.66,78,6.0,49,4.0,29,2.0,0,0.0,62.82,0.32,2026-06-30,-,0,630.0
390,281,bryanckh,SG,1529.37,147.69,1697.69,112.63,56.11,-11.69,54,18.0,33,15.0,21,3.0,0,0.0,61.11,11.11,2026-07-24,-,0,1262.0
-,-,Finglove,-,1529.06,-3.97,1659.61,0.0,43.51,1.32,234,0.0,140,0.0,94,0.0,0,0.0,59.83,0.0,2024-09-04,G,2,-
-,-,Dr.Ampelmann,-,1528.96,-2.77,1707.64,0.0,59.56,0.92,72,0.0,53,0.0,19,0.0,0,0.0,73.61,0.0,2023-11-15,-,0,-
391,21,Oleksandr,UA,1528.89,16.62,1651.28,10.69,40.8,-1.98,105,12.0,60,8.0,45,4.0,0,0.0,57.14,1.23,2026-07-30,-,0,337.0
392,-5,AndriiN,DE,1528.67,2.37,1637.44,3.36,36.25,0.33,153,6.0,86,3.0,65,3.0,2,0.0,56.21,-0.25,2026-08-02,-,0,197.0
393,-55,Terence,-,1528.56,-19.83,1609.49,-18.79,26.98,0.35,522,24.0,275,9.0,243,14.0,4,1.0,52.68,-0.73,2026-07-27,G,6,235.0
394,9,HopeForLuck,DE,1527.92,10.98,1619.32,10.58,30.47,-0.13,252,18.0,150,13.0,102,5.0,0,0.0,59.52,0.97,2026-08-07,-,0,377.0
-,-,AlbertoMariani91,-,1527.0,-2.67,1713.07,0.0,62.02,0.89,78,0.0,51,0.0,25,0.0,2,0.0,65.38,0.0,2023-04-16,G,2,-
395,-5,Fleepa0,ES,1526.87,2.4,1621.92,3.2,31.68,0.26,387,12.0,208,6.0,175,6.0,4,0.0,53.75,-0.12,2026-07-12,-,0,316.0
396,-14,wolfcub41,-,1526.81,-2.08,1763.35,0.0,78.85,0.69,24,0.0,16,0.0,8,0.0,0,0.0,66.67,0.0,2026-05-07,-,0,-
397,-66,buttoxide,SG,1526.24,-25.34,1653.65,-23.39,42.47,0.65,111,3.0,74,0.0,37,3.0,0,0.0,66.67,-1.85,2026-07-03,-,0,681.0
398,-21,Castigar,-,1526.19,-3.49,1670.31,0.0,48.04,1.16,132,0.0,73,0.0,59,0.0,0,0.0,55.3,0.0,2026-05-01,-,0,-
-,-,vermiliondk,-,1525.92,-1.92,1782.21,0.0,85.43,0.64,24,0.0,14,0.0,10,0.0,0,0.0,58.33,0.0,2024-07-15,-,0,-
399,-54,cyb3k,-,1525.51,-20.79,1735.09,-39.25,69.86,-6.15,30,6.0,19,3.0,11,3.0,0,0.0,63.33,-3.34,2026-07-24,-,0,-
400,-17,milanmar,-,1525.15,-3.4,1671.99,0.0,48.95,1.13,90,0.0,53,0.0,36,0.0,1,0.0,58.89,0.0,2026-03-02,-,0,662.0
401,-36,RoxasVen,IT,1524.87,-10.55,1617.49,-9.78,30.87,0.26,300,12.0,164,4.0,135,8.0,1,0.0,54.67,-0.89,2026-07-18,G,2,217.0
402,-21,Klakla92th,-,1524.78,-4.28,1643.4,0.0,39.54,1.43,297,0.0,166,0.0,130,0.0,1,0.0,55.89,0.0,2025-12-22,G,4,989.0
-,-,claxic,-,1524.6,-3.04,1689.36,0.0,54.92,1.01,96,0.0,62,0.0,33,0.0,1,0.0,64.58,0.0,2024-07-01,-,0,-
403,17,GangwonTeacher,-,1524.21,18.05,1676.38,12.84,50.72,-1.74,69,6.0,37,4.0,32,2.0,0,0.0,53.62,1.24,2026-07-27,-,0,711.0
404,-19,AntoineBx,FR,1523.94,-4.3,1642.11,0.0,39.39,1.43,102,0.0,65,0.0,37,0.0,0,0.0,63.73,0.0,2026-04-28,-,0,794.0
405,-51,sergilicious,-,1523.91,-16.93,1714.18,-89.9,63.42,-24.32,45,24.0,32,14.0,12,9.0,1,1.0,71.11,-14.6,2026-08-08,-,0,-
406,-44,Amorin,ES,1523.6,-14.12,1618.0,-13.29,31.47,0.28,384,12.0,194,4.0,188,7.0,2,1.0,50.52,-0.56,2026-08-03,-,0,212.0
-,-,tbat,-,1523.45,-3.38,1673.47,0.0,50.01,1.13,168,0.0,100,0.0,68,0.0,0,0.0,59.52,0.0,2023-09-03,G,4,-
-,-,HentaiLover69,US,1523.45,-4.2,1641.02,0.0,39.19,1.4,276,0.0,148,0.0,128,0.0,0,0.0,53.62,0.0,2025-05-07,-,0,910.0
407,137,J0hnny_Utah7,CA,1523.25,88.13,1689.51,82.02,55.42,-2.04,63,6.0,40,6.0,23,0.0,0,0.0,63.49,3.84,2026-06-18,-,0,989.0
-,-,carygug,-,1523.03,-2.44,1723.47,0.0,66.81,0.81,60,0.0,41,0.0,19,0.0,0,0.0,68.33,0.0,2022-03-06,-,0,-
408,25,Tasku,FI,1522.91,26.3,1638.13,18.67,38.41,-2.54,108,18.0,60,13.0,47,5.0,1,0.0,55.56,3.34,2026-07-30,-,0,561.0
409,46,DieKrake89,-,1522.69,37.8,1655.34,11.59,44.22,-8.74,81,24.0,50,15.0,29,9.0,2,0.0,61.73,0.33,2026-08-01,G,2,-
-,-,Clayton,-,1522.65,-2.76,1700.9,0.0,59.41,0.92,84,0.0,52,0.0,32,0.0,0,0.0,61.9,0.0,2022-09-04,-,0,-
-,-,ZRoronoaZ,CZ,1522.51,-3.89,1650.03,0.0,42.5,1.3,177,0.0,100,0.0,76,0.0,1,0.0,56.5,0.0,2025-03-08,-,0,939.0
-,-,deluks917,US,1522.5,-3.49,1675.36,0.0,50.95,1.16,162,0.0,73,0.0,88,0.0,1,0.0,45.06,0.0,2024-02-23,GM,1,-
-,-,Khar,CZ,1521.82,-3.23,1676.33,0.0,51.5,1.08,120,0.0,75,0.0,45,0.0,0,0.0,62.5,0.0,2023-09-03,-,0,-
410,-62,Attrill20,GB,1521.82,-23.21,1606.9,-22.19,28.36,0.34,444,18.0,252,3.0,190,15.0,2,0.0,56.76,-1.69,2026-07-24,-,0,329.0
411,-23,aaaaa,JP,1521.71,-4.58,1608.84,-6.22,29.05,-0.54,390,24.0,202,12.0,188,12.0,0,0.0,51.79,-0.12,2026-08-03,G,2,546.0
-,-,PTactician,-,1520.49,-3.39,1686.79,0.0,55.43,1.13,114,0.0,62,0.0,48,0.0,4,0.0,54.39,0.0,2023-11-15,G,6,-
-,-,Snuske,DK,1520.31,-1.8,1792.41,0.0,90.7,0.6,21,0.0,15,0.0,6,0.0,0,0.0,71.43,0.0,2023-06-04,P,4,-
412,-19,Ddafaith,CZ,1519.29,-4.03,1595.95,-2.54,25.55,0.5,540,24.0,257,12.0,276,12.0,7,0.0,47.59,0.11,2026-07-28,G,8,238.0
-,-,Birnenschorsch,-,1517.75,-1.96,1768.55,0.0,83.6,0.65,24,0.0,17,0.0,7,0.0,0,0.0,70.83,0.0,2024-07-01,-,0,-
-,-,McLovinsBlueberry,-,1517.54,-3.69,1651.44,0.0,44.63,1.23,108,0.0,61,0.0,46,0.0,1,0.0,56.48,0.0,2025-07-26,-,0,720.0
413,-13,Kuter,PL,1517.15,-1.62,1604.57,-1.37,29.14,0.08,408,18.0,237,9.0,167,9.0,4,0.0,58.09,-0.37,2026-08-09,-,0,369.0
414,-39,AdiQue,PL,1516.59,-13.23,1609.35,-11.81,30.92,0.47,321,18.0,165,12.0,155,6.0,1,0.0,51.4,0.9,2026-07-30,P,4,293.0
-,-,Robster,NL,1516.25,-4.38,1640.52,0.0,41.42,1.46,297,0.0,173,0.0,123,0.0,1,0.0,58.25,0.0,2025-03-08,G,10,647.0
-,-,vanishadow,CN,1516.12,-1.99,1762.66,0.0,82.18,0.66,30,0.0,23,0.0,7,0.0,0,0.0,76.67,0.0,2023-03-01,-,0,88.0
415,-14,booyakasha,-,1515.98,-2.47,1714.59,0.0,66.21,0.82,36,0.0,22,0.0,14,0.0,0,0.0,61.11,0.0,2026-03-04,-,0,662.0
416,new,scaggi,-,1515.77,1065.77,1818.43,318.43,100.89,100.89,12,12.0,10,10.0,0,0.0,2,2.0,83.33,83.33,2026-07-16,-,0,-
417,-103,Haxxorn,SE,1515.64,-45.52,1595.42,-42.81,26.59,0.9,525,21.0,288,2.0,233,16.0,4,3.0,54.86,-1.89,2026-08-10,G,10,286.0
418,-22,ABQ,HR,1514.96,-5.27,1614.11,0.0,33.05,1.76,306,0.0,163,0.0,141,0.0,2,0.0,53.27,0.0,2026-04-22,G,4,461.0
-,-,Elwen,-,1514.93,-2.31,1728.99,0.0,71.35,0.77,60,0.0,42,0.0,17,0.0,1,0.0,70.0,0.0,2021-06-02,-,0,-
-,-,Radorf,-,1514.06,-3.08,1673.47,0.0,53.14,1.03,120,0.0,65,0.0,55,0.0,0,0.0,54.17,0.0,2023-11-15,M,1,-
419,new,Marabu8,-,1513.95,1063.95,1736.63,236.63,74.23,74.23,24,24.0,20,20.0,4,4.0,0,0.0,83.33,83.33,2026-08-01,-,0,-
420,-40,henrymerrivale,IT,1513.84,-15.27,1595.33,-15.06,27.16,0.07,540,24.0,277,7.0,260,17.0,3,0.0,51.3,-1.03,2026-07-29,P,4,242.0
421,-50,JSauve,-,1513.82,-19.48,1666.95,-24.77,51.04,-1.76,72,6.0,43,0.0,29,6.0,0,0.0,59.72,-5.43,2026-07-07,-,0,662.0
-,-,lukaszt,-,1513.76,-1.7,1804.99,0.0,97.08,0.57,48,0.0,41,0.0,6,0.0,1,0.0,85.42,0.0,2023-04-16,M,1,-
-,-,Nucrus,-,1513.67,-1.77,1790.44,0.0,92.25,0.59,24,0.0,18,0.0,6,0.0,0,0.0,75.0,0.0,2024-07-01,-,0,-
-,-,Haubentaucherwelpe,-,1513.55,-2.98,1678.94,0.0,55.13,0.99,90,0.0,55,0.0,34,0.0,1,0.0,61.11,0.0,2025-03-05,-,0,805.0
422,-20,Die12,IT,1513.48,-4.88,1623.25,0.0,36.59,1.63,297,0.0,165,0.0,128,0.0,4,0.0,55.56,0.0,2026-01-02,-,0,352.0
-,-,lukejones82,-,1513.25,-2.04,1755.75,0.0,80.84,0.68,24,0.0,16,0.0,8,0.0,0,0.0,66.67,0.0,2025-04-14,-,0,729.0
423,-18,danilius,IT,1512.16,-4.01,1640.41,0.0,42.75,1.34,207,0.0,102,0.0,105,0.0,0,0.0,49.28,0.0,2026-03-05,P,2,327.0
424,-17,IVE,-,1511.94,-2.67,1695.71,0.0,61.26,0.89,42,0.0,23,0.0,18,0.0,1,0.0,54.76,0.0,2026-03-04,-,0,480.0
425,-9,MrGekz,PL,1511.74,1.81,1613.93,-1.18,34.06,-1.0,312,18.0,171,12.0,140,6.0,1,0.0,54.81,0.73,2026-08-11,G,4,267.0
426,98,Banderjax,-,1511.44,62.18,1673.35,35.61,53.97,-8.86,48,12.0,33,8.0,15,4.0,0,0.0,68.75,-0.69,2026-07-24,-,0,1271.0
-,-,Bejn,-,1510.49,-2.53,1703.91,0.0,64.47,0.84,60,0.0,37,0.0,22,0.0,1,0.0,61.67,0.0,2022-09-04,-,0,-
-,-,Bonisagius,-,1509.66,-2.68,1697.71,0.0,62.69,0.89,72,0.0,42,0.0,28,0.0,2,0.0,58.33,0.0,2022-03-06,-,0,-
427,-49,haimke,-,1509.59,-19.87,1588.4,-19.95,26.27,-0.03,507,30.0,262,6.0,239,24.0,6,0.0,51.68,-1.99,2026-07-27,G,4,261.0
428,-19,Borgmo,DE,1509.58,-4.56,1621.6,0.0,37.34,1.52,204,0.0,108,0.0,93,0.0,3,0.0,52.94,0.0,2026-03-14,G,2,410.0
429,-6,Mike1313,RU,1509.02,4.06,1587.31,5.33,26.1,0.42,471,24.0,236,12.0,231,12.0,4,0.0,50.11,0.0,2026-07-28,-,0,229.0
430,38,andykr,GB,1508.7,30.99,1593.83,30.16,28.38,-0.27,246,24.0,139,17.0,105,6.0,2,1.0,56.5,1.55,2026-07-31,-,0,442.0
431,691,condemor,-,1508.54,409.08,1785.7,149.86,92.39,-86.4,15,12.0,11,9.0,4,3.0,0,0.0,73.33,6.66,2026-07-26,-,0,-
432,-18,Tim248,-,1508.33,-2.53,1704.21,0.0,65.29,0.84,48,0.0,34,0.0,14,0.0,0,0.0,70.83,0.0,2026-05-03,-,0,863.0
433,19,lol1,-,1508.29,22.44,1669.83,15.57,53.85,-2.29,66,6.0,39,5.0,27,1.0,0,0.0,59.09,2.42,2026-07-26,-,0,365.0
-,-,dudzik,-,1507.38,-2.73,1687.52,0.0,60.05,0.91,96,0.0,52,0.0,44,0.0,0,0.0,54.17,0.0,2022-03-06,G,4,-
-,-,HavardG,-,1507.1,-3.49,1651.57,0.0,48.16,1.16,126,0.0,72,0.0,54,0.0,0,0.0,57.14,0.0,2024-07-01,-,0,-
-,-,Rychlik,CZ,1506.82,-1.67,1799.99,0.0,97.72,0.56,18,0.0,12,0.0,6,0.0,0,0.0,66.67,0.0,2024-04-04,-,0,-
-,-,Balan,CN,1506.24,-1.5,1832.92,0.0,108.89,0.5,12,0.0,11,0.0,1,0.0,0,0.0,91.67,0.0,2025-07-25,-,0,1051.0
-,-,Shivian,NL,1506.22,-3.49,1647.87,0.0,47.22,1.16,180,0.0,98,0.0,79,0.0,3,0.0,54.44,0.0,2023-11-15,-,0,-
434,new,AdamYedidia,-,1505.78,1055.78,1820.24,320.24,104.82,104.82,12,12.0,11,11.0,1,1.0,0,0.0,91.67,91.67,2026-07-21,-,0,-
435,-4,comant,RU,1505.35,8.06,1586.31,8.57,26.98,0.17,492,24.0,273,16.0,216,8.0,3,0.0,55.49,0.58,2026-07-29,-,0,267.0
436,22,Daniii,-,1505.22,22.45,1597.36,22.51,30.71,0.02,336,18.0,174,14.0,156,4.0,6,0.0,51.79,1.48,2026-07-22,G,4,189.0
437,new,Pigeonpostman,-,1505.11,1055.11,1758.32,258.32,84.4,84.4,18,18.0,14,14.0,3,3.0,1,1.0,77.78,77.78,2026-07-28,-,0,-
438,unretired,CrystalPete420,-,1504.9,5.52,1676.81,-19.95,57.3,-8.49,72,12.0,41,7.0,30,5.0,1,0.0,56.94,0.27,2026-07-13,-,0,989.0
439,-22,happyboykt,KR,1504.84,-4.82,1608.51,0.0,34.56,1.61,336,0.0,176,0.0,159,0.0,1,0.0,52.38,0.0,2026-03-15,G,2,436.0
440,2,jonzewiespike,DE,1504.57,13.36,1610.22,11.93,35.22,-0.48,165,12.0,93,8.0,71,4.0,1,0.0,56.36,0.8,2026-08-01,-,0,310.0
441,-14,Radvan,SK,1504.52,3.71,1590.39,2.92,28.63,-0.26,300,24.0,160,15.0,139,9.0,1,0.0,53.33,0.79,2026-07-27,-,0,348.0
442,-29,Spoobill,-,1504.42,-7.14,1597.39,-6.64,30.99,0.17,294,12.0,174,4.0,116,8.0,4,0.0,59.18,-1.1,2026-07-24,-,0,350.0
-,-,Miklos,HU,1504.32,-4.48,1629.53,0.0,41.74,1.49,213,0.0,122,0.0,90,0.0,1,0.0,57.28,0.0,2024-10-01,-,0,1245.0
-,-,Bidenbaum,-,1503.98,-1.69,1793.75,0.0,96.59,0.56,30,0.0,25,0.0,5,0.0,0,0.0,83.33,0.0,2025-08-23,-,0,522.0
443,-22,smollov,NL,1503.44,-2.68,1687.15,0.0,61.24,0.89,54,0.0,34,0.0,20,0.0,0,0.0,62.96,0.0,2025-09-16,-,0,920.0
444,-36,Flower4,-,1502.94,-11.24,1694.95,-22.74,64.0,-3.83,45,6.0,29,3.0,16,3.0,0,0.0,64.44,-2.23,2026-07-30,-,0,931.0
445,68,tkornai,HU,1502.48,47.05,1647.05,33.05,48.19,-4.67,96,12.0,64,9.0,32,3.0,0,0.0,66.67,1.19,2026-08-01,-,0,-
-,-,Montanor,-,1502.48,-1.79,1776.1,0.0,91.2,0.6,36,0.0,31,0.0,5,0.0,0,0.0,86.11,0.0,2022-09-04,-,0,-
-,-,Rimuel,-,1501.69,-2.92,1672.46,0.0,56.92,0.97,96,0.0,63,0.0,33,0.0,0,0.0,65.62,0.0,2024-06-02,-,0,-
-,-,chenstix,-,1501.61,-3.22,1659.1,0.0,52.5,1.07,132,0.0,65,0.0,67,0.0,0,0.0,49.24,0.0,2023-03-01,G,6,-
-,-,Tandeta,PL,1500.91,-2.29,1716.44,0.0,71.84,0.76,60,0.0,36,0.0,24,0.0,0,0.0,60.0,0.0,2021-06-02,G,4,695.0
446,27,Rolls.Royal,DE,1500.34,24.62,1600.63,17.64,33.43,-2.33,165,24.0,90,14.0,74,10.0,1,0.0,54.55,0.65,2026-08-07,-,0,226.0
-,-,goeroezeboe,-,1500.21,-2.13,1735.67,0.0,78.49,0.71,48,0.0,32,0.0,16,0.0,0,0.0,66.67,0.0,2021-03-02,G,2,-
447,-23,Leeech,FI,1499.92,-2.42,1704.9,0.0,68.33,0.81,42,0.0,28,0.0,13,0.0,1,0.0,66.67,0.0,2026-05-01,-,0,805.0
448,50,NoswordKnight,CN,1499.86,37.85,1651.88,32.17,50.67,-1.89,78,6.0,45,5.0,33,1.0,0,0.0,57.69,2.13,2026-07-27,-,0,805.0
-,-,MoonlitShadow,-,1499.82,-3.49,1642.74,0.0,47.64,1.16,120,0.0,78,0.0,41,0.0,1,0.0,65.0,0.0,2025-01-27,-,0,237.0
-,-,devilchn,-,1499.75,-2.89,1670.96,0.0,57.07,0.96,60,0.0,38,0.0,22,0.0,0,0.0,63.33,0.0,2025-07-28,-,0,496.0
-,-,Tshemmp,DE,1499.68,-3.15,1656.66,0.0,52.33,1.05,84,0.0,53,0.0,31,0.0,0,0.0,63.1,0.0,2024-07-01,-,0,-
-,-,riccccc,-,1498.33,-4.01,1625.73,0.0,42.47,1.34,186,0.0,105,0.0,78,0.0,3,0.0,56.45,0.0,2025-05-05,G,2,659.0
449,-43,TheKrunk,-,1498.06,-17.71,1615.16,-30.31,39.04,-4.2,114,24.0,67,11.0,46,13.0,1,0.0,58.77,-3.45,2026-08-05,-,0,757.0
450,-24,kwojtasz,US,1497.44,-3.47,1638.74,0.0,47.1,1.16,144,0.0,85,0.0,55,0.0,4,0.0,59.03,0.0,2026-01-25,-,0,989.0
451,20,BlueCardinal,-,1496.87,20.59,1629.95,16.0,44.36,-1.53,84,9.0,50,6.0,34,3.0,0,0.0,59.52,0.85,2026-07-26,-,0,1067.0
452,-27,MarekP,CZ,1496.79,-5.08,1602.68,0.0,35.3,1.69,291,0.0,147,0.0,142,0.0,2,0.0,50.52,0.0,2026-03-11,G,6,423.0
453,-23,exender,-,1496.21,-2.39,1702.49,0.0,68.76,0.8,36,0.0,23,0.0,13,0.0,0,0.0,63.89,0.0,2026-03-01,-,0,872.0
-,-,madagelo,-,1494.6,-2.25,1716.38,0.0,73.93,0.75,48,0.0,30,0.0,18,0.0,0,0.0,62.5,0.0,2021-06-02,G,2,-
-,-,Allmrak,-,1494.47,-1.66,1789.7,0.0,98.41,0.55,24,0.0,19,0.0,5,0.0,0,0.0,79.17,0.0,2020-03-22,-,0,-
454,709,zhangyuchen,-,1494.38,450.69,1850.4,111.09,118.67,-113.2,15,12.0,14,11.0,1,1.0,0,0.0,93.33,-6.67,2026-07-29,-,0,-
-,-,Dragonheard4,-,1494.3,-2.64,1682.43,0.0,62.71,0.88,51,0.0,36,0.0,15,0.0,0,0.0,70.59,0.0,2024-10-13,-,0,-
455,-60,Mul,CA,1493.87,-28.02,1583.9,-25.6,30.01,0.81,357,12.0,195,2.0,161,9.0,1,1.0,54.62,-1.32,2026-07-25,-,0,319.0
-,-,GregP,US,1493.66,-3.3,1645.23,0.0,50.52,1.1,216,0.0,98,0.0,118,0.0,0,0.0,45.37,0.0,2023-03-01,P,6,-
456,-2,Tony117,IT,1493.66,8.28,1588.77,9.43,31.7,0.38,276,12.0,145,9.0,129,3.0,2,0.0,52.54,1.02,2026-07-26,-,0,362.0
457,-19,EmiratesOfHacan,-,1492.89,-2.31,1601.43,-0.69,36.18,0.54,270,6.0,159,3.0,110,3.0,1,0.0,58.89,-0.2,2026-07-31,-,0,786.0
458,-82,nanoprince,-,1492.84,-36.98,1646.49,-36.53,51.22,0.15,66,3.0,39,0.0,27,3.0,0,0.0,59.09,-2.81,2026-06-28,-,0,382.0
459,2,Cooper,US,1492.7,11.54,1591.6,4.92,32.97,-2.21,159,24.0,81,10.0,77,14.0,1,0.0,50.94,-1.65,2026-07-22,-,0,755.0
-,-,Vlaada,CZ,1492.62,-1.34,1857.19,0.0,121.53,0.45,12,0.0,9,0.0,2,0.0,1,0.0,75.0,0.0,2020-06-28,G,2,-
-,-,Elin,US,1492.53,-3.06,1658.34,0.0,55.27,1.02,120,0.0,70,0.0,50,0.0,0,0.0,58.33,0.0,2022-12-04,-,0,-
-,-,Octavian,US,1492.31,-4.5,1609.04,0.0,38.91,1.5,348,0.0,168,0.0,177,0.0,3,0.0,48.28,0.0,2025-04-22,M,1,375.0
-,-,jazzbaek,-,1492.27,-1.73,1776.32,0.0,94.68,0.58,24,0.0,16,0.0,8,0.0,0,0.0,66.67,0.0,2021-03-02,-,0,-
-,-,toadstool,-,1492.2,-2.46,1693.53,0.0,67.11,0.82,48,0.0,33,0.0,14,0.0,1,0.0,68.75,0.0,2023-03-01,-,0,-
-,-,follik,LV,1492.15,-3.25,1645.73,0.0,51.19,1.08,111,0.0,62,0.0,48,0.0,1,0.0,55.86,0.0,2023-11-15,G,2,-
-,-,sdzy,-,1492.09,-3.09,1653.31,0.0,53.74,1.03,69,0.0,35,0.0,34,0.0,0,0.0,50.72,0.0,2025-06-19,-,0,321.0
460,unretired,vivimaster,IT,1492.09,-23.88,1626.15,-22.85,44.69,0.34,201,3.0,121,0.0,80,3.0,0,0.0,60.2,-0.91,2026-06-23,-,0,729.0
-,-,Olivyon,-,1491.44,-1.26,1881.49,0.0,130.02,0.42,12,0.0,12,0.0,0,0.0,0,0.0,100.0,0.0,2020-09-27,-,0,-
461,-42,JoshyWiggins,GB,1491.43,-16.4,1574.17,-16.4,27.58,-0.0,414,24.0,221,5.0,189,18.0,4,1.0,53.38,-2.0,2026-07-27,G,4,346.0
-,-,jkmushy,-,1491.39,-2.32,1703.74,0.0,70.78,0.77,60,0.0,36,0.0,24,0.0,0,0.0,60.0,0.0,2020-12-06,P,8,-
462,69,Hotti180,DE,1491.38,46.99,1640.7,33.4,49.77,-4.53,72,12.0,41,10.0,31,2.0,0,0.0,56.94,5.27,2026-07-20,-,0,-
463,-27,McNulty,US,1490.93,-4.77,1589.79,-2.58,32.96,0.73,318,6.0,155,3.0,160,3.0,3,0.0,48.74,0.02,2026-07-23,-,0,340.0
464,2,ChunkySam,US,1490.92,11.57,1629.47,0.54,46.18,-3.68,87,12.0,55,7.0,32,5.0,0,0.0,63.22,-0.78,2026-08-04,-,0,1106.0
465,-30,Mephist,LT,1490.81,-4.98,1578.36,-6.24,29.18,-0.42,255,24.0,130,13.0,124,11.0,1,0.0,50.98,0.33,2026-07-25,-,0,241.0
466,-32,Loveschack,DK,1490.42,-5.55,1590.24,0.0,33.27,1.85,384,0.0,217,0.0,164,0.0,3,0.0,56.51,0.0,2026-01-18,-,0,310.0
467,69,Azerbaperro,-,1490.01,47.15,1687.5,30.65,65.83,-5.5,36,6.0,24,5.0,12,1.0,0,0.0,66.67,3.34,2026-07-21,-,0,989.0
468,-46,Ricicle,-,1489.71,-15.25,1583.17,-13.79,31.15,0.49,399,12.0,190,4.0,205,8.0,4,0.0,47.62,-0.44,2026-08-01,P,4,442.0
469,96,Pants101,-,1489.47,60.38,1689.15,42.12,66.56,-6.09,36,6.0,23,5.0,12,1.0,1,0.0,63.89,3.89,2026-07-24,-,0,872.0
-,-,K1N9,-,1488.95,-2.03,1732.59,0.0,81.21,0.68,24,0.0,16,0.0,8,0.0,0,0.0,66.67,0.0,2025-04-15,-,0,729.0
470,-26,schwam,US,1488.86,-1.35,1573.87,-0.77,28.33,0.19,393,18.0,194,7.0,195,10.0,4,1.0,49.36,-0.51,2026-07-22,-,0,278.0
-,-,CoxCz,CZ,1488.49,-3.87,1618.48,0.0,43.33,1.29,156,0.0,92,0.0,64,0.0,0,0.0,58.97,0.0,2025-03-01,G,4,872.0
-,-,Donni,DE,1488.31,-4.35,1601.85,0.0,37.85,1.45,222,0.0,130,0.0,91,0.0,1,0.0,58.56,0.0,2025-06-24,-,0,253.0
471,-31,CloneFish,NL,1487.62,-4.16,1570.83,-3.86,27.74,0.1,492,24.0,261,13.0,227,11.0,4,0.0,53.05,0.06,2026-07-29,-,0,338.0
472,7,jokerchai,-,1487.52,16.61,1628.66,13.78,47.05,-0.94,132,6.0,78,5.0,54,1.0,0,0.0,59.09,1.15,2026-07-27,-,0,-
473,-58,Borman,-,1487.3,-23.17,1654.98,-28.71,55.9,-1.85,66,6.0,45,3.0,21,3.0,0,0.0,68.18,-1.82,2026-07-26,-,0,805.0
474,-26,laozhou,-,1487.11,-1.8,1759.72,0.0,90.87,0.6,18,0.0,13,0.0,5,0.0,0,0.0,72.22,0.0,2026-03-08,-,0,-
-,-,MikeyLear,-,1486.98,-2.63,1673.35,0.0,62.13,0.88,48,0.0,28,0.0,20,0.0,0,0.0,58.33,0.0,2025-03-05,-,0,478.0
-,-,ShiLin,-,1486.43,-2.32,1699.38,0.0,70.99,0.77,48,0.0,32,0.0,16,0.0,0,0.0,66.67,0.0,2022-09-04,-,0,-
475,-34,qhung49,VN,1486.27,-5.48,1594.24,0.0,35.99,1.83,414,0.0,203,0.0,200,0.0,11,0.0,49.03,0.0,2026-04-23,M,2,473.0
-,-,HomerJr,US,1485.47,-3.86,1614.22,0.0,42.91,1.29,246,0.0,126,0.0,118,0.0,2,0.0,51.22,0.0,2025-03-01,G,8,805.0
476,12,Gandy,-,1485.43,19.04,1606.56,13.55,40.38,-1.83,105,12.0,56,8.0,49,4.0,0,0.0,53.33,1.72,2026-07-26,-,0,555.0
477,-27,santhosh163,-,1484.69,-2.7,1667.93,0.0,61.08,0.9,42,0.0,25,0.0,17,0.0,0,0.0,59.52,0.0,2026-05-04,-,0,783.0
478,307,Caveman90,-,1484.65,162.94,1716.38,126.68,77.24,-12.09,24,6.0,16,6.0,8,0.0,0,0.0,66.67,11.11,2026-07-19,-,0,-
-,-,Lonzo,DE,1484.62,-1.76,1763.65,0.0,93.01,0.59,21,0.0,16,0.0,5,0.0,0,0.0,76.19,0.0,2023-04-16,G,2,-
-,-,NikeBarbachiara,IT,1484.44,-3.7,1617.96,0.0,44.5,1.23,192,0.0,106,0.0,85,0.0,1,0.0,55.21,0.0,2024-07-01,-,0,-
-,-,Benni,-,1484.42,-3.33,1633.45,0.0,49.68,1.11,144,0.0,75,0.0,68,0.0,1,0.0,52.08,0.0,2023-09-03,G,2,-
-,-,Elpiereo,-,1484.38,-2.18,1710.28,0.0,75.3,0.73,36,0.0,23,0.0,13,0.0,0,0.0,63.89,0.0,2025-03-04,-,0,757.0
479,-33,kuzmich,US,1484.21,-5.29,1596.12,0.0,37.3,1.76,264,0.0,147,0.0,117,0.0,0,0.0,55.68,0.0,2026-03-03,G,4,520.0
480,-62,Arkadiussus,PL,1484.13,-24.84,1565.37,-23.04,27.08,0.6,348,21.0,196,6.0,149,14.0,3,1.0,56.32,-1.78,2026-08-10,-,0,269.0
481,26,nerficya,US,1483.82,27.27,1587.71,19.6,34.63,-2.56,135,24.0,60,16.0,74,8.0,1,0.0,44.44,4.8,2026-07-25,-,0,157.0
-,-,Bravo,-,1483.61,-1.96,1733.98,0.0,83.46,0.65,30,0.0,23,0.0,7,0.0,0,0.0,76.67,0.0,2025-01-10,-,0,989.0
482,-13,humanmoves,-,1483.5,6.35,1611.11,-0.75,42.54,-2.37,93,12.0,56,7.0,37,5.0,0,0.0,60.22,-0.27,2026-07-29,-,0,454.0
-,-,Thrune,-,1482.91,-3.09,1642.81,0.0,53.3,1.03,132,0.0,81,0.0,50,0.0,1,0.0,61.36,0.0,2023-03-01,-,0,-
483,-9,Metil,-,1482.83,7.33,1626.45,3.44,47.87,-1.3,81,6.0,47,4.0,32,2.0,2,0.0,58.02,0.69,2026-07-28,-,0,939.0
-,-,Rivarama,-,1482.73,-3.25,1639.38,0.0,52.22,1.08,141,0.0,76,0.0,65,0.0,0,0.0,53.9,0.0,2023-11-15,G,2,-
484,unretired,_sleepwalker,-,1482.69,10.59,1610.08,10.08,42.46,-0.17,156,6.0,94,5.0,61,1.0,1,0.0,60.26,0.93,2026-08-04,-,0,805.0
-,-,Fingerzam,-,1482.3,-1.94,1735.52,0.0,84.41,0.65,24,0.0,17,0.0,7,0.0,0,0.0,70.83,0.0,2024-07-01,-,0,-
485,-53,Bobisko,CZ,1482.25,-14.43,1574.61,-12.88,30.79,0.52,306,12.0,169,4.0,134,8.0,3,0.0,55.23,-0.89,2026-07-24,G,2,384.0
486,-107,JJsDad,-,1482.01,-47.4,1683.76,-65.67,67.25,-6.09,36,6.0,22,1.0,13,5.0,1,0.0,61.11,-8.89,2026-07-20,-,0,989.0
487,52,vito,-,1481.98,43.63,1674.61,8.99,64.21,-11.55,36,12.0,23,8.0,12,3.0,1,1.0,63.89,1.39,2026-07-11,-,0,-
488,-35,MattM,-,1481.78,-3.62,1620.74,0.0,46.32,1.21,108,0.0,61,0.0,46,0.0,1,0.0,56.48,0.0,2026-03-01,-,0,1245.0
489,-44,LordHomeOffice,DE,1481.71,-8.32,1568.23,-9.61,28.84,-0.43,297,24.0,151,11.0,146,13.0,0,0.0,50.84,-0.44,2026-07-28,G,2,576.0
-,-,otis,-,1481.48,-2.0,1726.12,0.0,81.55,0.67,24,0.0,15,0.0,9,0.0,0,0.0,62.5,0.0,2025-04-14,-,0,578.0
490,unretired,jSan,-,1481.43,35.51,1596.84,31.69,38.47,-1.27,186,12.0,98,8.0,88,4.0,0,0.0,52.69,0.97,2026-07-12,-,0,343.0
-,-,FooledTwice,-,1481.22,-4.09,1604.71,0.0,41.16,1.36,180,0.0,102,0.0,77,0.0,1,0.0,56.67,0.0,2025-04-19,G,2,622.0
491,-34,Pudroe,-,1480.84,-2.06,1720.64,0.0,79.93,0.69,24,0.0,16,0.0,8,0.0,0,0.0,66.67,0.0,2026-04-30,-,0,1259.0
492,-41,tronnemann,NO,1480.58,-6.29,1563.08,-6.05,27.5,0.08,369,24.0,191,11.0,175,13.0,3,0.0,51.76,-0.41,2026-08-04,-,0,333.0
-,-,Galinlik,-,1480.26,-2.1,1719.79,0.0,79.84,0.7,36,0.0,21,0.0,14,0.0,1,0.0,58.33,0.0,2023-06-06,-,0,-
493,12,Herdeksunek,CZ,1480.06,22.38,1565.5,21.5,28.48,-0.29,303,24.0,153,15.0,150,9.0,0,0.0,50.5,1.04,2026-07-31,-,0,362.0
494,-45,Lammoth,DE,1479.65,-8.46,1558.61,-7.67,26.32,0.26,507,24.0,290,11.0,212,13.0,5,0.0,57.2,-0.56,2026-07-23,-,0,423.0
495,-52,martinxjames,-,1479.46,-10.95,1577.63,-15.49,32.72,-1.51,171,24.0,96,13.0,75,11.0,0,0.0,56.14,-0.32,2026-07-27,-,0,336.0
-,-,Bierfuizl,-,1479.44,-2.22,1704.84,0.0,75.13,0.74,48,0.0,33,0.0,15,0.0,0,0.0,68.75,0.0,2021-09-05,G,2,-
496,-40,Rumbleman,US,1479.05,-4.32,1596.71,0.0,39.22,1.44,282,0.0,134,0.0,146,0.0,2,0.0,47.52,0.0,2025-11-30,G,8,638.0
497,-35,Canifex,-,1479.01,-2.05,1718.63,0.0,79.87,0.68,24,0.0,16,0.0,8,0.0,0,0.0,66.67,0.0,2026-05-03,-,0,-
498,unretired,Saerleon,-,1478.96,60.95,1630.93,16.93,50.66,-14.67,108,24.0,54,15.0,53,9.0,1,0.0,50.0,3.57,2026-07-27,M,2,-
499,-36,ImmoDoP,-,1478.93,-1.99,1724.87,0.0,81.98,0.66,24,0.0,16,0.0,8,0.0,0,0.0,66.67,0.0,2026-05-02,-,0,-
500,-40,VampireD,HK,1478.84,-2.95,1646.89,0.0,56.02,0.98,63,0.0,40,0.0,23,0.0,0,0.0,63.49,0.0,2025-12-15,-,0,219.0
-,-,Xxchaking,-,1478.59,-2.36,1686.36,0.0,69.26,0.79,48,0.0,32,0.0,16,0.0,0,0.0,66.67,0.0,2022-03-06,-,0,-
501,-42,wartin,SK,1477.97,-4.24,1562.54,-3.96,28.19,0.09,582,24.0,267,10.0,309,13.0,6,1.0,45.88,-0.18,2026-08-13,P,2,275.0
-,-,CrushU,-,1477.09,-3.4,1624.79,0.0,49.23,1.13,165,0.0,81,0.0,80,0.0,4,0.0,49.09,0.0,2025-02-09,G,2,-
-,-,Alexo,-,1476.99,-3.39,1625.84,0.0,49.62,1.13,120,0.0,71,0.0,48,0.0,1,0.0,59.17,0.0,2025-01-17,-,0,1181.0
-,-,Ondra,-,1476.08,-2.4,1680.44,0.0,68.12,0.8,60,0.0,31,0.0,27,0.0,2,0.0,51.67,0.0,2021-06-02,G,8,-
-,-,Callumf,AU,1475.6,-2.69,1658.68,0.0,61.03,0.9,72,0.0,41,0.0,29,0.0,2,0.0,56.94,0.0,2022-09-04,-,0,-
-,-,Horsard,-,1474.87,-2.35,1688.53,0.0,71.22,0.78,51,0.0,28,0.0,23,0.0,0,0.0,54.9,0.0,2025-02-20,-,0,729.0
-,-,Wolar,CZ,1474.68,-4.47,1591.47,0.0,38.93,1.49,198,0.0,110,0.0,86,0.0,2,0.0,55.56,0.0,2025-07-22,-,0,282.0
502,unretired,sTeVej,-,1474.18,87.64,1723.96,46.67,83.26,-13.66,24,6.0,16,5.0,8,1.0,0,0.0,66.67,5.56,2026-07-26,-,0,-
-,-,Mathies,-,1473.7,-3.0,1645.06,0.0,57.12,1.0,102,0.0,55,0.0,46,0.0,1,0.0,53.92,0.0,2023-01-15,G,4,-
503,8,migoet,BE,1473.36,17.6,1555.35,17.89,27.33,0.1,498,24.0,256,17.0,241,7.0,1,0.0,51.41,0.99,2026-08-10,-,0,378.0
-,-,DJLAODIE,CN,1473.29,-2.92,1641.6,0.0,56.1,0.97,63,0.0,27,0.0,34,0.0,2,0.0,42.86,0.0,2025-06-12,-,0,340.0
504,-29,kopu,-,1473.08,-2.42,1677.03,0.0,67.99,0.81,48,0.0,37,0.0,11,0.0,0,0.0,77.08,0.0,2025-10-02,-,0,937.0
-,-,Enki,-,1472.64,-1.84,1739.22,0.0,88.86,0.61,24,0.0,18,0.0,6,0.0,0,0.0,75.0,0.0,2024-07-01,-,0,-
-,-,Damien.X,-,1471.98,-1.69,1761.54,0.0,96.52,0.56,18,0.0,14,0.0,4,0.0,0,0.0,77.78,0.0,2025-03-01,-,0,805.0
-,-,EvilBen,GB,1471.7,-1.67,1764.52,0.0,97.61,0.56,18,0.0,12,0.0,6,0.0,0,0.0,66.67,0.0,2023-04-16,-,0,-
-,-,DarthPsyonic,-,1470.72,-2.79,1646.72,0.0,58.67,0.93,96,0.0,49,0.0,46,0.0,1,0.0,51.04,0.0,2022-06-05,P,4,-
505,477,ThePerceptiveGamer,-,1470.44,264.44,1716.11,131.04,81.89,-44.46,21,12.0,16,10.0,5,2.0,0,0.0,76.19,9.52,2026-07-24,-,0,845.0
506,new,OhNoItsNot,-,1469.57,1019.57,1763.33,263.33,97.92,97.92,15,15.0,12,12.0,3,3.0,0,0.0,80.0,80.0,2026-07-25,-,0,-
-,-,sorpy,KR,1469.55,-4.08,1596.68,0.0,42.38,1.36,147,0.0,85,0.0,61,0.0,1,0.0,57.82,0.0,2025-03-02,-,0,794.0
-,-,FFAZ,HK,1469.42,-4.41,1596.48,0.0,42.35,1.47,195,0.0,109,0.0,83,0.0,3,0.0,55.9,0.0,2024-10-01,P,2,-
507,393,Tomboy,-,1468.94,211.93,1753.39,141.97,94.82,-23.32,18,6.0,13,6.0,5,0.0,0,0.0,72.22,13.89,2026-07-16,-,0,-
-,-,Eatoreded,-,1468.16,-3.19,1628.71,0.0,53.52,1.06,132,0.0,73,0.0,58,0.0,1,0.0,55.3,0.0,2023-03-01,-,0,-
508,-41,irule,-,1467.49,-10.87,1558.82,-10.73,30.44,0.05,210,18.0,117,8.0,93,10.0,0,0.0,55.71,-1.06,2026-07-25,-,0,457.0
509,new,Izayoi,-,1467.22,1017.22,1782.57,282.57,105.12,105.12,12,12.0,10,10.0,2,2.0,0,0.0,83.33,83.33,2026-07-23,-,0,-
-,-,Kelume,-,1467.13,-2.18,1692.08,0.0,74.98,0.73,48,0.0,29,0.0,18,0.0,1,0.0,60.42,0.0,2021-06-02,G,2,-
510,-30,Mario86,IT,1466.97,-3.67,1605.29,0.0,46.11,1.22,126,0.0,68,0.0,57,0.0,1,0.0,53.97,0.0,2026-03-08,G,4,346.0
511,-28,pepikos,NL,1466.95,-3.3,1619.39,0.0,50.81,1.1,78,0.0,38,0.0,38,0.0,2,0.0,48.72,0.0,2026-03-13,-,0,805.0
-,-,Sune,-,1466.79,-1.48,1797.53,0.0,110.25,0.49,24,0.0,19,0.0,5,0.0,0,0.0,79.17,0.0,2020-09-27,-,0,-
-,-,Jordanian,NL,1466.5,-2.4,1671.51,0.0,68.34,0.8,72,0.0,46,0.0,26,0.0,0,0.0,63.89,0.0,2022-03-06,-,0,-
512,-20,refs,NO,1466.35,2.41,1594.45,0.74,42.7,-0.56,93,6.0,49,3.0,44,3.0,0,0.0,52.69,-0.18,2026-07-28,-,0,394.0
-,-,Woodmouth,NO,1466.2,-3.02,1630.96,0.0,54.92,1.01,93,0.0,49,0.0,44,0.0,0,0.0,52.69,0.0,2023-11-15,-,0,-
513,-7,Nicks,CA,1465.69,8.09,1564.52,7.1,32.94,-0.33,333,15.0,162,9.0,166,5.0,5,1.0,48.65,0.54,2026-08-03,-,0,630.0
-,-,CPC_CHAIRMAN,-,1465.63,-3.39,1618.61,0.0,50.99,1.13,102,0.0,58,0.0,44,0.0,0,0.0,56.86,0.0,2024-07-15,-,0,-
514,-37,Proteus,-,1465.51,-9.4,1554.07,-8.63,29.52,0.26,327,18.0,168,8.0,157,10.0,2,0.0,51.38,-0.4,2026-07-22,-,0,426.0
515,-28,ElTanque35,IT,1465.5,-1.54,1587.82,-17.93,40.77,-5.46,105,24.0,56,10.0,48,14.0,1,0.0,53.33,-3.46,2026-07-26,-,0,805.0
516,55,blackwave,CN,1464.98,38.22,1613.62,14.66,49.55,-7.85,66,18.0,41,13.0,25,5.0,0,0.0,62.12,3.79,2026-08-06,-,0,655.0
517,-36,BemuthBambai,DE,1464.67,-5.94,1603.94,-8.61,46.42,-0.89,96,6.0,52,3.0,43,3.0,1,0.0,54.17,-0.27,2026-07-27,-,0,616.0
518,8,theussner79,DE,1464.62,17.68,1546.9,18.05,27.43,0.12,438,24.0,212,16.0,219,8.0,7,0.0,48.4,1.06,2026-07-20,-,0,356.0
-,-,Gobos,ET,1464.48,-2.99,1632.25,0.0,55.93,1.0,120,0.0,67,0.0,53,0.0,0,0.0,55.83,0.0,2022-09-04,-,0,-
-,-,keizerCarel,-,1464.39,-2.53,1662.16,0.0,65.92,0.84,42,0.0,29,0.0,13,0.0,0,0.0,69.05,0.0,2025-03-01,-,0,684.0
519,-34,Prautim,-,1464.29,-3.5,1606.53,0.0,47.42,1.17,90,0.0,40,0.0,49,0.0,1,0.0,44.44,0.0,2026-05-12,-,0,729.0
520,22,JoopHuizinga,-,1464.08,28.43,1572.0,18.55,35.97,-3.29,135,24.0,74,15.0,60,9.0,1,0.0,54.81,1.66,2026-08-01,-,0,852.0
-,-,ranch99,US,1463.86,-3.18,1622.91,0.0,53.02,1.06,120,0.0,63,0.0,53,0.0,4,0.0,52.5,0.0,2025-04-23,GM,1,578.0
-,-,lukewong,-,1463.85,-2.15,1691.97,0.0,76.04,0.72,36,0.0,27,0.0,9,0.0,0,0.0,75.0,0.0,2022-03-06,-,0,-
-,-,jcc,-,1463.62,-2.8,1644.84,0.0,60.4,0.93,96,0.0,63,0.0,32,0.0,1,0.0,65.62,0.0,2022-09-04,-,0,-
521,-110,sodalppargkppakee,-,1463.62,-49.85,1591.61,-57.3,42.66,-2.48,93,12.0,49,1.0,43,11.0,1,0.0,52.69,-6.57,2026-08-09,-,0,422.0
-,-,Pripek,FR,1462.99,-2.84,1635.8,0.0,57.6,0.95,84,0.0,53,0.0,31,0.0,0,0.0,63.1,0.0,2024-04-04,-,0,-
-,-,fielmann,EE,1462.49,-2.64,1648.99,0.0,62.17,0.88,75,0.0,46,0.0,29,0.0,0,0.0,61.33,0.0,2023-03-01,G,2,-
-,-,Xovion,-,1462.43,-2.34,1671.86,0.0,69.81,0.78,72,0.0,47,0.0,23,0.0,2,0.0,65.28,0.0,2021-09-05,-,0,-
522,-46,spaceport,-,1462.41,-12.98,1589.08,-20.84,42.22,-2.62,102,12.0,54,4.0,47,8.0,1,0.0,52.94,-2.62,2026-07-21,-,0,444.0
-,-,Ferguse72,-,1462.18,-1.57,1774.61,0.0,104.14,0.52,18,0.0,16,0.0,2,0.0,0,0.0,88.89,0.0,2024-04-04,-,0,-
-,-,Traumatan,DE,1462.07,-2.91,1638.46,0.0,58.8,0.97,78,0.0,42,0.0,35,0.0,1,0.0,53.85,0.0,2024-11-21,-,0,1287.0
523,56,Stefan665,-,1462.04,38.55,1613.03,23.94,50.33,-4.87,78,12.0,46,9.0,32,3.0,0,0.0,58.97,2.91,2026-07-20,-,0,1287.0
-,-,CabalSociety,-,1462.03,-2.51,1660.1,0.0,66.02,0.84,72,0.0,51,0.0,21,0.0,0,0.0,70.83,0.0,2023-03-01,-,0,-
-,-,Siccarius,US,1461.47,-3.43,1605.43,0.0,47.99,1.14,138,0.0,78,0.0,60,0.0,0,0.0,56.52,0.0,2024-06-02,P,2,-
524,-30,mugumagu,-,1460.99,-2.15,1691.87,0.0,76.96,0.72,30,0.0,19,0.0,11,0.0,0,0.0,63.33,0.0,2026-01-08,-,0,805.0
525,-30,DanielEss,-,1460.98,-1.81,1731.9,0.0,90.31,0.6,18,0.0,13,0.0,4,0.0,1,0.0,72.22,0.0,2026-03-01,-,0,-
526,-35,NapoleonB,PL,1460.85,-3.22,1618.01,0.0,52.39,1.07,72,0.0,37,0.0,35,0.0,0,0.0,51.39,0.0,2026-05-02,-,0,989.0
527,-49,sttailtw,-,1460.83,-11.27,1542.33,-10.7,27.17,0.19,468,24.0,225,10.0,240,13.0,3,1.0,48.08,-0.34,2026-07-29,-,0,419.0
528,-39,Teraspena,FI,1460.24,-5.17,1558.67,0.0,32.81,1.72,384,0.0,194,0.0,189,0.0,1,0.0,50.52,0.0,2026-04-24,-,0,634.0
529,-33,yliu386,AU,1459.7,-3.0,1624.86,0.0,55.05,1.0,60,0.0,31,0.0,29,0.0,0,0.0,51.67,0.0,2026-05-12,-,0,529.0
-,-,Woodenman,-,1459.22,-3.5,1605.33,0.0,48.7,1.17,204,0.0,90,0.0,114,0.0,0,0.0,44.12,0.0,2024-03-03,P,4,-
-,-,cookieben,-,1459.16,-2.27,1677.3,0.0,72.71,0.76,48,0.0,31,0.0,17,0.0,0,0.0,64.58,0.0,2021-09-05,G,2,-
530,292,quirrell,-,1459.14,160.73,1686.24,67.7,75.7,-31.01,24,12.0,17,9.0,7,3.0,0,0.0,70.83,4.16,2026-07-31,-,0,-
-,-,yood,-,1458.36,-2.47,1658.04,0.0,66.56,0.82,60,0.0,31,0.0,28,0.0,1,0.0,51.67,0.0,2021-12-05,G,2,-
531,-30,xy-y,-,1458.28,-1.77,1734.85,0.0,92.19,0.59,18,0.0,12,0.0,6,0.0,0,0.0,66.67,0.0,2026-03-03,-,0,-
-,-,modjoaq,-,1458.15,-2.55,1653.01,0.0,64.95,0.85,60,0.0,35,0.0,25,0.0,0,0.0,58.33,0.0,2022-06-05,-,0,-
-,-,markino,-,1458.11,-2.35,1668.24,0.0,70.04,0.78,60,0.0,32,0.0,28,0.0,0,0.0,53.33,0.0,2021-03-02,G,6,-
532,-32,SaMatra,-,1458.08,-3.0,1622.67,0.0,54.86,1.0,57,0.0,28,0.0,28,0.0,1,0.0,49.12,0.0,2026-01-27,-,0,1278.0
-,-,ttaf,-,1458.05,-1.49,1787.58,0.0,109.84,0.5,12,0.0,12,0.0,0,0.0,0,0.0,100.0,0.0,2022-12-04,-,0,-
-,-,GoodSentinel,-,1457.98,-2.77,1634.67,0.0,58.9,0.92,84,0.0,52,0.0,32,0.0,0,0.0,61.9,0.0,2022-12-04,-,0,-
533,-36,Cat12,CN,1457.97,-4.16,1549.01,-6.75,30.35,-0.86,267,24.0,136,10.0,130,14.0,1,0.0,50.94,-0.91,2026-08-01,-,0,338.0
-,-,zalarg,-,1457.36,-3.2,1614.02,0.0,52.22,1.07,84,0.0,48,0.0,36,0.0,0,0.0,57.14,0.0,2024-09-04,-,0,-
-,-,Jii77,-,1457.25,-2.74,1636.73,0.0,59.82,0.91,96,0.0,50,0.0,46,0.0,0,0.0,52.08,0.0,2022-03-06,G,4,-
534,88,pavelceska,-,1457.15,57.04,1620.62,0.51,54.49,-18.84,54,24.0,34,15.0,19,9.0,1,0.0,62.96,-0.37,2026-08-04,-,0,1372.0
535,-49,BirdOfPreyyy,RU,1457.0,-10.36,1584.66,-18.87,42.56,-2.84,105,12.0,56,4.0,47,7.0,2,1.0,53.33,-2.58,2026-08-03,-,0,210.0
-,-,Stobek,-,1456.61,-2.95,1623.33,0.0,55.57,0.98,84,0.0,50,0.0,33,0.0,1,0.0,59.52,0.0,2024-04-04,-,0,-
536,-28,Bergen,NO,1456.43,0.01,1540.48,0.08,28.02,0.03,501,24.0,263,12.0,233,12.0,5,0.0,52.5,-0.12,2026-08-04,G,6,386.0
537,-22,Kejml,CZ,1456.09,2.05,1550.84,3.96,31.58,0.64,414,12.0,208,10.0,203,2.0,3,0.0,50.24,0.99,2026-07-22,G,6,259.0
-,-,Torzelan,-,1456.05,-2.35,1664.86,0.0,69.6,0.78,42,0.0,29,0.0,12,0.0,1,0.0,69.05,0.0,2023-04-16,-,0,-
538,-34,LukeHeinz57,-,1455.83,-2.68,1639.11,0.0,61.09,0.89,48,0.0,30,0.0,18,0.0,0,0.0,62.5,0.0,2026-05-12,-,0,-
-,-,Szumo,-,1455.44,-2.12,1691.56,0.0,78.71,0.71,48,0.0,30,0.0,18,0.0,0,0.0,62.5,0.0,2021-06-02,G,2,-
-,-,Aquir,-,1455.28,-1.92,1710.41,0.0,85.05,0.64,54,0.0,35,0.0,17,0.0,2,0.0,64.81,0.0,2018-10-07,-,0,-
539,-37,Krayze,GB,1454.83,-4.76,1575.99,0.0,40.39,1.59,141,0.0,78,0.0,56,0.0,7,0.0,55.32,0.0,2025-12-01,-,0,300.0
-,-,hannes10001,-,1454.5,-2.37,1661.49,0.0,69.0,0.79,60,0.0,34,0.0,26,0.0,0,0.0,56.67,0.0,2021-06-02,-,0,-
540,unretired,Maxxxx,-,1454.27,-266.23,1646.9,-270.48,64.21,-1.41,72,12.0,47,0.0,25,12.0,0,0.0,65.28,-13.05,2026-07-28,P,4,-
541,33,Legoman,CA,1453.92,27.75,1569.04,14.31,38.37,-4.48,108,24.0,55,13.0,51,10.0,2,1.0,50.93,0.93,2026-08-06,-,0,473.0
542,-33,CardinalBadger,-,1453.67,-2.55,1646.26,0.0,64.2,0.85,48,0.0,29,0.0,19,0.0,0,0.0,60.42,0.0,2026-01-08,-,0,872.0
543,-31,Thomi,-,1453.42,-2.04,1552.99,-1.67,33.19,0.12,282,12.0,137,7.0,140,5.0,5,0.0,48.58,0.43,2026-07-30,-,0,725.0
544,32,Ti-Guy_Latour,-,1453.4,27.7,1552.98,27.84,33.19,0.05,288,12.0,154,8.0,131,4.0,3,0.0,53.47,0.57,2026-07-17,-,0,849.0
545,23,IpaStian,NO,1453.2,24.56,1541.93,24.1,29.58,-0.15,264,21.0,136,16.0,126,5.0,2,0.0,51.52,2.14,2026-07-31,-,0,487.0
-,-,MickeyStein,-,1452.93,-3.5,1598.63,0.0,48.57,1.17,117,0.0,70,0.0,47,0.0,0,0.0,59.83,0.0,2024-09-04,-,0,-
546,11,Bromios,US,1452.84,22.23,1622.88,12.72,56.68,-3.17,60,6.0,37,4.0,23,2.0,0,0.0,61.67,0.56,2026-08-04,-,0,989.0
-,-,cs2376jr,US,1452.43,-1.98,1700.09,0.0,82.55,0.66,24,0.0,16,0.0,8,0.0,0,0.0,66.67,0.0,2025-04-24,-,0,729.0
547,new,leothelion,-,1452.36,1002.36,1907.63,407.63,151.76,151.76,6,6.0,5,5.0,1,1.0,0,0.0,83.33,83.33,2026-07-22,-,0,1262.0
548,-64,RiteInUrEye,CA,1451.44,-18.22,1600.7,-18.65,49.75,-0.14,93,3.0,55,0.0,37,2.0,1,1.0,59.14,-1.97,2026-06-23,-,0,-
549,-79,TribunX,DE,1450.94,-25.58,1534.07,-22.46,27.71,1.04,450,12.0,218,2.0,226,9.0,6,1.0,48.44,-0.88,2026-07-29,-,0,286.0
-,-,Decolonization,JP,1450.57,-2.22,1671.83,0.0,73.75,0.74,48,0.0,31,0.0,17,0.0,0,0.0,64.58,0.0,2023-03-01,G,6,-
-,-,HotShot53,-,1450.48,-1.74,1731.83,0.0,93.78,0.58,18,0.0,12,0.0,6,0.0,0,0.0,66.67,0.0,2025-03-20,-,0,872.0
550,14,SchutterNL,-,1450.37,21.08,1695.16,6.42,81.6,-4.89,21,3.0,14,2.0,7,1.0,0,0.0,66.67,0.0,2026-06-25,-,0,-
-,-,Taeybae,-,1450.15,-1.79,1724.3,0.0,91.38,0.6,18,0.0,11,0.0,7,0.0,0,0.0,61.11,0.0,2025-03-01,-,0,757.0
551,-86,maciek,PL,1449.84,-30.35,1533.43,-29.72,27.87,0.21,498,24.0,261,8.0,234,16.0,3,0.0,52.41,-0.97,2026-07-31,-,0,281.0
-,-,Alessannr,-,1449.82,-3.79,1580.92,0.0,43.7,1.26,192,0.0,101,0.0,91,0.0,0,0.0,52.6,0.0,2024-09-04,-,0,-
-,-,elracha,PT,1449.56,-3.23,1603.43,0.0,51.29,1.08,171,0.0,102,0.0,68,0.0,1,0.0,59.65,0.0,2023-06-04,-,0,-
-,-,Vaalna,-,1449.14,-1.24,1843.34,0.0,131.4,0.41,12,0.0,11,0.0,1,0.0,0,0.0,91.67,0.0,2024-02-23,-,0,-
-,-,DukeAtreides,-,1449.05,-3.2,1605.02,0.0,51.99,1.07,120,0.0,63,0.0,55,0.0,2,0.0,52.5,0.0,2024-07-15,-,0,-
552,-59,seviech,-,1448.66,-14.6,1535.83,-13.5,29.06,0.36,444,18.0,226,6.0,215,12.0,3,0.0,50.9,-0.74,2026-07-25,-,0,406.0
553,-125,Nostradamus5321,-,1448.56,-51.21,1602.15,-56.93,51.2,-1.91,81,6.0,48,0.0,33,6.0,0,0.0,59.26,-4.74,2026-07-23,-,0,403.0
554,-115,OM_Para,-,1448.35,-43.92,1650.99,-59.99,67.55,-5.36,36,6.0,24,2.0,12,4.0,0,0.0,66.67,-6.66,2026-07-23,-,0,1118.0
555,-39,Iosefvs,-,1448.25,-4.39,1560.76,0.0,37.5,1.46,324,0.0,165,0.0,155,0.0,4,0.0,50.93,0.0,2026-01-05,-,0,681.0
556,-37,Daru,PL,1448.04,-3.42,1592.25,0.0,48.07,1.14,72,0.0,45,0.0,27,0.0,0,0.0,62.5,0.0,2026-01-28,-,0,751.0
557,-39,Twistor,FI,1447.82,-3.81,1577.19,0.0,43.12,1.27,93,0.0,59,0.0,33,0.0,1,0.0,63.44,0.0,2026-03-12,-,0,679.0
558,11,Cleveman,DE,1446.84,18.22,1527.88,18.45,27.01,0.08,516,24.0,246,17.0,266,7.0,4,0.0,47.67,1.13,2026-08-04,-,0,317.0
559,55,Brett13,-,1446.76,41.66,1628.77,29.2,60.67,-4.15,42,6.0,27,5.0,15,1.0,0,0.0,64.29,3.18,2026-08-12,-,0,872.0
560,-96,boonio88,PL,1446.69,-33.84,1622.47,-35.51,58.59,-0.56,45,3.0,22,0.0,22,3.0,1,0.0,48.89,-3.49,2026-06-28,-,0,939.0
561,-38,petki,-,1446.65,-2.61,1639.03,0.0,64.13,0.87,72,0.0,46,0.0,26,0.0,0,0.0,63.89,0.0,2026-01-20,-,0,-
-,-,GunKer,-,1446.6,-4.59,1563.43,0.0,38.94,1.53,258,0.0,127,0.0,128,0.0,3,0.0,49.22,0.0,2025-07-28,G,2,224.0
562,-41,NRoy,US,1446.55,-4.29,1564.34,0.0,39.26,1.43,129,0.0,73,0.0,55,0.0,1,0.0,56.59,0.0,2026-02-14,-,0,616.0
-,-,Cadrach,-,1446.5,-2.87,1620.24,0.0,57.91,0.96,108,0.0,55,0.0,52,0.0,1,0.0,50.93,0.0,2022-06-05,G,4,-
-,-,Arcee,-,1446.31,-1.65,1742.79,0.0,98.83,0.55,30,0.0,22,0.0,8,0.0,0,0.0,73.33,0.0,2023-03-01,M,2,184.0
563,-38,Bookhouseboy,NO,1446.24,-2.5,1533.5,-3.98,29.09,-0.49,399,24.0,205,12.0,191,12.0,3,0.0,51.38,-0.09,2026-07-24,-,0,456.0
564,-5,creamyalfredo,-,1445.78,15.4,1628.79,4.65,61.0,-3.58,42,6.0,29,4.0,13,2.0,0,0.0,69.05,-0.39,2026-07-17,-,0,937.0
-,-,Asaf,IL,1445.49,-3.35,1597.65,0.0,50.72,1.12,105,0.0,59,0.0,46,0.0,0,0.0,56.19,0.0,2024-04-04,-,0,-
-,-,Biancus,IT,1444.47,-3.44,1589.96,0.0,48.5,1.15,129,0.0,67,0.0,61,0.0,1,0.0,51.94,0.0,2025-03-10,-,0,805.0
-,-,Vienneau,-,1444.21,-2.07,1681.97,0.0,79.25,0.69,48,0.0,30,0.0,18,0.0,0,0.0,62.5,0.0,2019-12-30,-,0,-
565,-75,Sarek,DE,1443.45,-21.29,1530.76,-20.94,29.1,0.12,375,18.0,186,5.0,189,13.0,0,0.0,49.6,-1.1,2026-07-24,-,0,255.0
-,-,Alfredbob,-,1443.35,-1.93,1698.57,0.0,85.07,0.64,36,0.0,24,0.0,11,0.0,1,0.0,66.67,0.0,2020-12-06,-,0,-
-,-,ChinaWanping,-,1443.12,-1.73,1726.63,0.0,94.5,0.58,24,0.0,20,0.0,4,0.0,0,0.0,83.33,0.0,2021-09-05,-,0,-
566,-38,shiro0405,JP,1442.86,-3.17,1600.01,0.0,52.38,1.06,69,0.0,37,0.0,30,0.0,2,0.0,53.62,0.0,2026-01-16,-,0,939.0
567,211,KidCanuck,-,1442.74,118.78,1670.75,90.48,76.0,-9.43,24,6.0,16,6.0,8,0.0,0,0.0,66.67,11.11,2026-08-01,-,0,-
568,-38,timaeus,-,1442.52,-2.39,1651.06,0.0,69.51,0.8,48,0.0,26,0.0,21,0.0,1,0.0,54.17,0.0,2026-03-05,-,0,-
569,-55,JohnyT,SK,1442.48,-12.19,1547.15,-20.48,34.89,-2.76,147,24.0,77,10.0,70,14.0,0,0.0,52.38,-2.09,2026-07-24,-,0,522.0
-,-,NyaLala,-,1442.17,-1.99,1689.41,0.0,82.41,0.66,36,0.0,21,0.0,15,0.0,0,0.0,58.33,0.0,2020-12-06,-,0,-
570,-38,Antigua,HU,1441.79,-2.48,1641.11,0.0,66.44,0.83,36,0.0,21,0.0,15,0.0,0,0.0,58.33,0.0,2026-03-12,-,0,757.0
571,95,Impr,-,1441.65,56.95,1608.7,4.67,55.68,-17.43,48,21.0,28,14.0,20,7.0,0,0.0,58.33,6.48,2026-08-04,-,0,1381.0
572,-35,stefano-prof,-,1441.59,-0.75,1553.11,2.22,37.17,0.99,231,3.0,121,2.0,108,1.0,2,0.0,52.38,0.19,2026-06-25,G,2,1057.0
-,-,KrwawyPysio,-,1441.4,-1.84,1708.62,0.0,89.07,0.61,24,0.0,15,0.0,9,0.0,0,0.0,62.5,0.0,2024-07-01,-,0,-
573,-15,MBlueMan,CA,1441.18,10.58,1540.91,10.28,33.24,-0.1,288,12.0,142,8.0,145,4.0,1,0.0,49.31,0.76,2026-07-22,-,0,463.0
-,-,Pirigin,-,1441.06,-1.92,1696.11,0.0,85.02,0.64,24,0.0,17,0.0,6,0.0,1,0.0,70.83,0.0,2024-04-04,-,0,-
-,-,Fapoleon,-,1440.94,-2.9,1616.57,0.0,58.54,0.97,72,0.0,46,0.0,26,0.0,0,0.0,63.89,0.0,2024-07-01,-,0,-
574,-7,Diogenes,AU,1440.74,12.08,1521.63,13.74,26.96,0.55,516,24.0,268,19.0,242,5.0,6,0.0,51.94,1.33,2026-08-20,-,0,326.0
575,-58,Csannerud,NO,1440.66,-11.03,1522.77,-10.74,27.37,0.1,462,24.0,246,10.0,214,14.0,2,0.0,53.25,-0.63,2026-07-22,-,0,394.0
576,-41,PyBel,ES,1439.77,-3.9,1569.99,0.0,43.41,1.3,177,0.0,90,0.0,86,0.0,1,0.0,50.85,0.0,2026-03-02,G,2,729.0
577,-39,Stedam,-,1439.7,-2.26,1656.79,0.0,72.36,0.75,36,0.0,24,0.0,12,0.0,0,0.0,66.67,0.0,2026-03-05,-,0,939.0
-,-,colonize_N,-,1439.57,-1.86,1702.94,0.0,87.79,0.62,36,0.0,24,0.0,12,0.0,0,0.0,66.67,0.0,2020-12-06,-,0,-
-,-,Bullya,-,1439.36,-3.21,1593.24,0.0,51.29,1.07,147,0.0,83,0.0,61,0.0,3,0.0,56.46,0.0,2023-06-04,-,0,-
578,11,tnawrocki,US,1438.82,22.42,1536.83,17.43,32.67,-1.66,162,24.0,78,16.0,83,8.0,1,0.0,48.15,3.22,2026-08-01,-,0,280.0
579,-142,Depp,CA,1438.81,-56.41,1574.88,-88.96,45.36,-10.85,81,24.0,44,5.0,37,19.0,0,0.0,54.32,-14.1,2026-07-26,-,0,1245.0
580,-47,Alfonsillo,-,1438.78,-5.14,1561.23,-15.37,40.82,-3.41,105,18.0,54,7.0,49,11.0,2,0.0,51.43,-2.59,2026-07-31,-,0,1067.0
-,-,gnoliy,-,1438.78,-2.23,1660.18,0.0,73.8,0.74,48,0.0,27,0.0,21,0.0,0,0.0,56.25,0.0,2021-03-02,P,2,-
581,23,Bathman,CL,1438.37,28.93,1529.07,26.14,30.24,-0.93,207,24.0,108,17.0,98,7.0,1,0.0,52.17,2.44,2026-07-25,-,0,412.0
582,unretired,BureRF,-,1438.36,-14.45,1586.12,-19.82,49.26,-1.79,90,6.0,44,2.0,45,4.0,1,0.0,48.89,-1.11,2026-07-29,-,0,687.0
583,56,Sophia,-,1438.11,46.26,1568.32,30.72,43.4,-5.18,186,18.0,93,12.0,92,6.0,1,0.0,50.0,1.79,2026-07-24,-,0,-
584,-85,Ilidur,-,1437.85,-23.72,1613.89,-26.57,58.68,-0.95,51,3.0,26,0.0,23,2.0,2,1.0,50.98,-3.19,2026-07-09,-,0,805.0
-,-,Honigbaer,DE,1437.12,-3.77,1573.34,0.0,45.41,1.26,195,0.0,112,0.0,80,0.0,3,0.0,57.44,0.0,2024-06-02,-,0,-
-,-,KindFortress,-,1437.0,-3.95,1567.26,0.0,43.42,1.32,210,0.0,115,0.0,92,0.0,3,0.0,54.76,0.0,2024-11-19,-,0,1287.0
-,-,Tanario,DK,1436.24,-3.05,1602.7,0.0,55.49,1.02,78,0.0,48,0.0,30,0.0,0,0.0,61.54,0.0,2024-07-01,-,0,-
585,-35,Captn4wesome,DE,1436.09,3.13,1534.28,1.52,32.73,-0.54,201,18.0,98,10.0,102,8.0,1,0.0,48.76,0.67,2026-07-28,-,0,387.0
586,73,Sirkopczyk,-,1435.68,48.24,1668.48,16.15,77.6,-10.69,24,6.0,15,4.0,9,2.0,0,0.0,62.5,1.39,2026-07-27,-,0,-
-,-,Fane,BE,1435.4,-3.01,1601.94,0.0,55.51,1.0,156,0.0,94,0.0,61,0.0,1,0.0,60.26,0.0,2023-03-01,P,2,-
-,-,PiotrekB,-,1434.78,-3.88,1563.53,0.0,42.92,1.29,216,0.0,120,0.0,95,0.0,1,0.0,55.56,0.0,2025-01-28,-,0,1280.0
587,-84,TheElk,US,1434.74,-23.83,1520.75,-25.42,28.67,-0.53,387,24.0,194,7.0,192,17.0,1,0.0,50.13,-1.39,2026-08-09,-,0,289.0
588,-48,Deschain,-,1434.12,-3.67,1569.72,0.0,45.2,1.22,126,0.0,66,0.0,60,0.0,0,0.0,52.38,0.0,2026-03-01,P,2,-
589,-26,Michal_Kossakowski,-,1433.96,4.35,1563.11,2.09,43.05,-0.75,93,6.0,51,3.0,41,3.0,1,0.0,54.84,-0.33,2026-07-24,-,0,416.0
590,-56,Minik,-,1433.49,-10.25,1632.15,-13.44,66.22,-1.06,39,3.0,22,2.0,17,1.0,0,0.0,56.41,0.85,2026-06-23,-,0,872.0
-,-,Snatser,-,1433.42,-3.36,1581.52,0.0,49.37,1.12,126,0.0,75,0.0,51,0.0,0,0.0,59.52,0.0,2024-09-04,-,0,1054.0
591,-14,methak,FR,1433.13,8.55,1537.6,7.62,34.82,-0.31,171,12.0,88,7.0,83,5.0,0,0.0,51.46,0.52,2026-07-25,-,0,622.0
-,-,TheBiggerE,-,1432.95,-2.53,1628.77,0.0,65.27,0.84,72,0.0,43,0.0,28,0.0,1,0.0,59.72,0.0,2021-12-05,-,0,-
-,-,Amitke,IL,1432.63,-2.86,1604.65,0.0,57.34,0.95,69,0.0,36,0.0,33,0.0,0,0.0,52.17,0.0,2024-06-16,-,0,-
592,new,LordTheodore,-,1432.49,982.49,1733.78,233.78,100.43,100.43,12,12.0,10,10.0,2,2.0,0,0.0,83.33,83.33,2026-07-09,-,0,-
593,-27,Victory7,CA,1432.48,3.67,1561.22,-17.24,42.91,-6.97,93,24.0,50,10.0,42,14.0,1,0.0,53.76,-4.21,2026-07-29,-,0,872.0
-,-,Krzesimyr,-,1431.72,-1.17,1849.63,0.0,139.3,0.39,12,0.0,11,0.0,1,0.0,0,0.0,91.67,0.0,2020-09-27,G,2,-
594,-6,Ekdezel,-,1431.58,14.19,1513.47,14.5,27.3,0.1,462,24.0,223,15.0,236,9.0,3,0.0,48.27,0.78,2026-08-05,-,0,429.0
595,-47,Kaczas,PL,1431.15,-3.43,1576.71,0.0,48.52,1.14,90,0.0,50,0.0,40,0.0,0,0.0,55.56,0.0,2026-03-01,-,0,536.0
596,3,nicg,US,1431.07,18.77,1551.89,14.03,40.27,-1.58,117,12.0,59,8.0,57,4.0,1,0.0,50.43,1.86,2026-08-05,-,0,802.0
597,-27,Carbon14,-,1430.86,3.45,1515.8,2.98,28.31,-0.16,426,24.0,218,13.0,205,11.0,3,0.0,51.17,0.17,2026-08-07,-,0,361.0
598,-1,N4F,-,1430.86,17.81,1564.67,8.88,44.61,-2.98,105,15.0,62,11.0,42,3.0,1,1.0,59.05,2.38,2026-07-31,-,0,746.0
-,-,Black8,-,1430.83,-2.29,1645.57,0.0,71.58,0.76,42,0.0,23,0.0,19,0.0,0,0.0,54.76,0.0,2024-04-04,-,0,-
599,-53,larshb,DK,1430.3,-4.37,1518.84,-3.53,29.51,0.28,351,18.0,169,7.0,179,11.0,3,0.0,48.15,-0.5,2026-07-31,G,2,372.0
-,-,LadyWhale,-,1430.09,-2.49,1627.93,0.0,65.95,0.83,72,0.0,37,0.0,33,0.0,2,0.0,51.39,0.0,2023-03-01,-,0,-
-,-,Ado,-,1430.09,-2.88,1609.34,0.0,59.75,0.96,108,0.0,54,0.0,54,0.0,0,0.0,50.0,0.0,2022-03-06,G,2,1245.0
-,-,MrMacacavoy,-,1429.66,-1.47,1762.11,0.0,110.82,0.49,12,0.0,8,0.0,4,0.0,0,0.0,66.67,0.0,2023-03-01,-,0,-
600,-40,Tuty,SK,1429.55,-0.75,1529.51,-0.31,33.32,0.15,330,12.0,167,6.0,159,6.0,4,0.0,50.61,-0.02,2026-07-27,-,0,652.0
601,new,Kajdi,-,1429.04,979.04,1727.44,227.44,99.47,99.47,12,12.0,10,10.0,2,2.0,0,0.0,83.33,83.33,2026-07-22,-,0,-
602,-53,justinkejs,-,1429.01,-4.27,1553.35,0.0,41.45,1.42,171,0.0,92,0.0,78,0.0,1,0.0,53.8,0.0,2026-05-03,G,6,805.0
-,-,Talbatross,-,1428.76,-3.48,1571.52,0.0,47.58,1.16,156,0.0,85,0.0,70,0.0,1,0.0,54.49,0.0,2024-04-04,-,0,-
603,-48,rizor,-,1428.74,-2.12,1660.4,0.0,77.22,0.71,30,0.0,19,0.0,11,0.0,0,0.0,63.33,0.0,2026-03-04,-,0,989.0
-,-,Guarddoesntsurrender,-,1428.71,-1.43,1770.63,0.0,113.98,0.48,12,0.0,12,0.0,0,0.0,0,0.0,100.0,0.0,2022-09-04,-,0,-
-,-,mpilb,-,1428.67,-1.56,1743.91,0.0,105.08,0.52,24,0.0,16,0.0,8,0.0,0,0.0,66.67,0.0,2020-09-27,-,0,-
-,-,Olivier000,FR,1428.61,-4.41,1548.79,0.0,40.06,1.47,267,0.0,125,0.0,141,0.0,1,0.0,46.82,0.0,2025-02-12,-,0,805.0
604,-31,ZioKhan,IT,1427.88,1.71,1506.27,2.86,26.13,0.38,465,24.0,229,11.0,232,12.0,4,1.0,49.25,-0.18,2026-08-08,-,0,378.0
605,-54,Hysen,GB,1427.66,-4.86,1537.16,0.0,36.5,1.62,156,0.0,81,0.0,73,0.0,2,0.0,51.92,0.0,2026-04-16,-,0,261.0
606,2,Noash,US,1427.38,19.56,1540.94,21.41,37.85,0.62,315,6.0,167,6.0,148,0.0,0,0.0,53.02,0.92,2026-08-02,-,0,611.0
607,-80,opatulony,PL,1427.19,-19.32,1522.9,-18.21,31.9,0.37,336,12.0,168,3.0,166,9.0,2,0.0,50.0,-0.93,2026-07-16,-,0,368.0
608,-56,SKJaCaRD,FR,1426.97,-4.64,1517.25,-7.57,30.09,-0.98,225,24.0,114,11.0,111,13.0,0,0.0,50.67,-0.57,2026-08-05,-,0,432.0
609,unretired,Darkksun,-,1426.96,96.8,1636.39,74.27,69.81,-7.51,36,6.0,19,5.0,17,1.0,0,0.0,52.78,6.11,2026-07-22,-,0,-
-,-,PedrinhoPT,-,1426.46,-1.62,1729.03,0.0,100.86,0.54,18,0.0,14,0.0,4,0.0,0,0.0,77.78,0.0,2024-04-04,-,0,-
610,-27,boogy5,LT,1426.37,6.48,1512.32,5.05,28.65,-0.48,378,24.0,184,13.0,185,11.0,9,0.0,48.68,0.37,2026-08-09,-,0,473.0
611,-26,ElDiabloAzul,US,1426.07,7.78,1550.47,7.61,41.47,-0.06,225,6.0,116,4.0,107,2.0,2,0.0,51.56,0.42,2026-07-31,-,0,-
-,-,Vanilla,-,1425.75,-2.53,1620.08,0.0,64.78,0.84,48,0.0,26,0.0,22,0.0,0,0.0,54.17,0.0,2024-09-04,-,0,-
612,-59,Pshemo,-,1425.43,-5.93,1522.43,-7.22,32.33,-0.43,225,18.0,110,8.0,114,10.0,1,0.0,48.89,-0.39,2026-08-03,-,0,305.0
-,-,Biadko,-,1425.2,-2.66,1610.53,0.0,61.77,0.89,84,0.0,50,0.0,34,0.0,0,0.0,59.52,0.0,2022-03-06,-,0,-
613,36,Sawell,-,1424.84,35.53,1610.91,22.2,62.02,-4.44,48,6.0,26,4.0,21,2.0,1,0.0,54.17,1.79,2026-07-26,G,2,-
614,-19,chefung,-,1424.42,10.5,1518.68,11.54,31.42,0.35,303,12.0,146,7.0,156,5.0,1,0.0,48.18,0.41,2026-08-03,-,0,303.0
616,-62,Cresspahl,US,1423.43,-7.84,1516.24,-11.98,30.94,-1.38,201,24.0,103,9.0,97,14.0,1,1.0,51.24,-1.87,2026-08-10,-,0,355.0
615,-54,nattee,TH,1423.43,-6.44,1515.4,-7.44,30.66,-0.33,387,18.0,183,7.0,203,11.0,1,0.0,47.29,-0.41,2026-07-24,-,0,429.0
617,-45,Owen1982,-,1423.41,-3.22,1578.4,0.0,51.66,1.07,108,0.0,65,0.0,43,0.0,0,0.0,60.19,0.0,2026-04-22,-,0,-
618,-43,Alistxi,-,1423.06,-2.95,1591.6,0.0,56.18,0.98,60,0.0,28,0.0,32,0.0,0,0.0,46.67,0.0,2026-05-10,-,0,1287.0
-,-,Chungdiddly,-,1422.94,-2.09,1658.55,0.0,78.54,0.7,36,0.0,24,0.0,12,0.0,0,0.0,66.67,0.0,2021-12-05,-,0,-
619,-37,CRocky,-,1422.78,0.58,1524.86,-4.73,34.03,-1.77,147,21.0,76,9.0,68,11.0,3,1.0,51.7,-1.47,2026-07-26,-,0,622.0
-,-,Circadia,-,1422.54,-1.39,1774.86,0.0,117.44,0.46,24,0.0,21,0.0,3,0.0,0,0.0,87.5,0.0,2019-02-10,-,0,-
620,-2,Montu,US,1422.42,20.58,1593.83,10.39,57.14,-3.39,54,6.0,35,3.0,19,3.0,0,0.0,64.81,-1.86,2026-07-23,-,0,596.0
621,40,Darek79,-,1422.01,34.69,1535.72,28.05,37.9,-2.21,138,18.0,66,12.0,71,6.0,1,0.0,47.83,2.83,2026-08-03,-,0,922.0
-,-,Louaym,-,1421.96,-3.21,1578.36,0.0,52.13,1.07,120,0.0,67,0.0,53,0.0,0,0.0,55.83,0.0,2023-09-03,G,2,-
622,new,ArthursDad,US,1421.86,971.86,1668.03,168.03,82.06,82.06,21,21.0,15,15.0,6,6.0,0,0.0,71.43,71.43,2026-07-26,-,0,-
-,-,UnknownMight,-,1421.82,-1.59,1729.84,0.0,102.67,0.53,24,0.0,17,0.0,7,0.0,0,0.0,70.83,0.0,2020-09-27,-,0,-
623,-45,Gerti,DE,1421.68,-2.6,1611.02,0.0,63.11,0.87,48,0.0,27,0.0,21,0.0,0,0.0,56.25,0.0,2026-03-09,-,0,939.0
624,-31,Rob13,BR,1421.67,7.07,1519.09,1.34,32.47,-1.91,156,24.0,82,12.0,72,12.0,2,0.0,52.56,-0.47,2026-07-31,-,0,598.0
625,-45,deleted_user_8840806,-,1421.51,-1.91,1678.05,0.0,85.51,0.64,21,0.0,13,0.0,8,0.0,0,0.0,61.9,0.0,2025-10-08,-,0,-
626,47,Kivok,-,1421.1,41.39,1655.6,3.22,78.17,-12.72,24,6.0,13,3.0,11,3.0,0,0.0,54.17,-1.39,2026-07-25,-,0,-
-,-,Mads,-,1421.04,-3.71,1556.85,0.0,45.27,1.24,159,0.0,82,0.0,74,0.0,3,0.0,51.57,0.0,2024-10-13,-,0,-
627,-65,llsgnm,-,1420.29,-9.52,1554.63,-27.08,44.78,-5.85,78,18.0,43,5.0,35,13.0,0,0.0,55.13,-8.2,2026-08-02,-,0,488.0
-,-,HonestSi,-,1420.26,-2.78,1596.4,0.0,58.71,0.93,108,0.0,55,0.0,52,0.0,1,0.0,50.93,0.0,2022-06-05,-,0,-
628,-87,Michcio,-,1420.04,-17.18,1550.78,-41.46,43.58,-8.09,84,24.0,47,10.0,37,14.0,0,0.0,55.95,-5.72,2026-08-05,-,0,1241.0
629,-33,RobertdeSable,-,1419.95,6.11,1514.77,3.55,31.61,-0.85,309,21.0,157,10.0,151,11.0,1,0.0,50.81,-0.23,2026-07-27,G,6,565.0
630,439,jdtyler7,US,1419.68,277.49,1608.24,148.79,62.85,-42.9,39,24.0,26,17.0,12,6.0,1,1.0,66.67,6.67,2026-08-07,-,0,-
-,-,macike,-,1419.65,-2.76,1600.75,0.0,60.37,0.92,84,0.0,48,0.0,36,0.0,0,0.0,57.14,0.0,2022-09-04,-,0,-
631,-75,deandedean,-,1418.96,-11.87,1624.8,-20.25,68.61,-2.79,33,3.0,20,1.0,13,2.0,0,0.0,60.61,-2.72,2026-06-27,-,0,989.0
632,-20,shohei,JP,1418.84,13.05,1513.53,11.42,31.56,-0.54,318,18.0,151,10.0,165,8.0,2,0.0,47.48,0.48,2026-07-31,-,0,536.0
-,-,Fblthp,-,1418.69,-1.88,1680.16,0.0,87.16,0.63,24,0.0,17,0.0,7,0.0,0,0.0,70.83,0.0,2023-03-01,-,0,-
633,217,RougeEconomist,-,1418.68,135.24,1612.21,2.03,64.51,-44.4,36,24.0,23,16.0,13,8.0,0,0.0,63.89,5.56,2026-08-19,-,0,-
-,-,Arccos,GR,1418.56,-3.42,1571.09,0.0,50.85,1.14,234,0.0,104,0.0,127,0.0,3,0.0,44.44,0.0,2023-04-11,P,4,-
634,-112,Paoloco,-,1418.38,-31.3,1518.44,-30.07,33.35,0.41,330,12.0,173,4.0,156,7.0,1,1.0,52.42,-0.72,2026-07-19,G,2,552.0
-,-,samtheman,-,1417.7,-2.65,1608.17,0.0,63.49,0.88,84,0.0,41,0.0,42,0.0,1,0.0,48.81,0.0,2021-12-05,-,0,-
-,-,figs,-,1417.38,-1.76,1695.12,0.0,92.58,0.59,18,0.0,12,0.0,6,0.0,0,0.0,66.67,0.0,2025-03-01,-,0,872.0
-,-,drzewko,PL,1416.81,-3.24,1573.07,0.0,52.09,1.08,150,0.0,72,0.0,76,0.0,2,0.0,48.0,0.0,2023-04-16,-,0,-
635,65,ShPini,-,1416.57,48.98,1624.85,25.48,69.43,-7.83,30,6.0,15,4.0,15,2.0,0,0.0,50.0,4.17,2026-07-23,-,0,-
-,-,arixe,-,1416.26,-1.59,1724.89,0.0,102.88,0.53,24,0.0,18,0.0,6,0.0,0,0.0,75.0,0.0,2020-12-06,-,0,-
-,-,trieshard,-,1416.04,-2.81,1595.8,0.0,59.92,0.94,84,0.0,52,0.0,30,0.0,2,0.0,61.9,0.0,2022-12-04,-,0,-
-,-,jessjia,-,1416.03,-1.17,1835.5,0.0,139.82,0.39,12,0.0,11,0.0,1,0.0,0,0.0,91.67,0.0,2020-09-27,-,0,-
-,-,potpath,TH,1415.7,-2.19,1640.6,0.0,74.97,0.73,36,0.0,24,0.0,12,0.0,0,0.0,66.67,0.0,2024-02-25,-,0,-
636,150,Waaaaaa,-,1415.36,93.85,1649.21,65.6,77.95,-9.42,24,6.0,16,6.0,8,0.0,0,0.0,66.67,11.11,2026-08-12,-,0,-
637,-32,silverpaun,-,1414.86,6.09,1711.94,-39.2,99.03,-15.1,18,6.0,12,4.0,6,2.0,0,0.0,66.67,0.0,2026-08-04,-,0,-
-,-,peracottari,-,1414.72,-3.17,1572.8,0.0,52.69,1.06,174,0.0,93,0.0,79,0.0,2,0.0,53.45,0.0,2023-01-15,-,0,-
638,130,lcesar34,-,1414.22,85.51,1579.81,49.28,55.2,-12.08,60,18.0,34,12.0,26,6.0,0,0.0,56.67,4.29,2026-07-22,-,0,-
-,-,gpeter63,-,1414.05,-3.59,1552.92,0.0,46.29,1.2,168,0.0,87,0.0,80,0.0,1,0.0,51.79,0.0,2024-06-02,-,0,-
639,158,loMucho,-,1414.01,97.28,1557.03,61.8,47.67,-11.83,72,24.0,38,15.0,34,9.0,0,0.0,52.78,4.86,2026-07-28,-,0,-
640,12,Adrianobf,BR,1413.76,25.21,1506.34,25.12,30.86,-0.03,372,18.0,181,14.0,186,3.0,5,1.0,48.66,1.48,2026-07-29,-,0,514.0
641,-57,SteffenViisdom,-,1413.44,-6.15,1612.97,-13.5,66.51,-2.45,39,3.0,19,1.0,20,2.0,0,0.0,48.72,-1.28,2026-06-21,-,0,872.0
642,-56,micropip,-,1413.35,-4.18,1495.92,-4.42,27.52,-0.08,486,24.0,235,9.0,249,15.0,2,0.0,48.35,-0.57,2026-07-28,-,0,555.0
-,-,Kojtic,-,1413.25,-2.52,1609.1,0.0,65.28,0.84,48,0.0,28,0.0,20,0.0,0,0.0,58.33,0.0,2024-09-01,-,0,-
-,-,DjesusHChrist,-,1413.11,-1.3,1791.24,0.0,126.04,0.43,12,0.0,9,0.0,3,0.0,0,0.0,75.0,0.0,2020-12-06,-,0,-
643,-123,chobodrone,-,1412.6,-38.57,1631.36,-54.79,72.92,-5.41,30,6.0,16,2.0,14,4.0,0,0.0,53.33,-5.0,2026-07-22,-,0,-
644,-50,makoleon,-,1412.35,-1.76,1691.74,0.0,93.13,0.59,18,0.0,11,0.0,7,0.0,0,0.0,61.11,0.0,2026-03-01,-,0,-
645,216,KMMAL,-,1411.72,132.0,1547.06,104.41,45.11,-9.2,78,24.0,47,21.0,31,3.0,0,0.0,60.26,12.11,2026-08-01,-,0,-
646,-56,joehammerman,US,1410.75,-5.19,1512.7,0.0,33.98,1.73,279,0.0,133,0.0,145,0.0,1,0.0,47.67,0.0,2026-03-19,-,0,418.0
647,-118,Loscy,-,1410.74,-34.84,1616.89,-44.51,68.71,-3.22,33,3.0,19,0.0,14,3.0,0,0.0,57.58,-5.75,2026-06-25,-,0,-
648,-56,chris223,-,1410.73,-3.99,1491.31,-3.56,26.86,0.14,498,24.0,237,10.0,252,13.0,9,1.0,47.59,-0.3,2026-08-11,-,0,505.0
649,26,collace,-,1410.51,31.35,1525.18,17.35,38.22,-4.67,108,24.0,54,11.0,52,11.0,2,2.0,50.0,-1.19,2026-07-20,-,0,989.0
-,-,Grotaron,-,1410.34,-1.38,1765.16,0.0,118.27,0.46,12,0.0,10,0.0,2,0.0,0,0.0,83.33,0.0,2020-12-06,-,0,-
-,-,Balquaz,NO,1410.28,-3.55,1552.95,0.0,47.56,1.18,144,0.0,85,0.0,59,0.0,0,0.0,59.03,0.0,2024-06-02,-,0,-
650,unretired,maumastoks,LT,1410.16,0.32,1540.97,-1.47,43.6,-0.6,210,6.0,106,3.0,103,3.0,1,0.0,50.48,-0.01,2026-07-20,G,2,711.0
651,-48,aivin,PL,1410.03,-0.64,1558.71,-5.26,49.56,-1.54,75,6.0,39,3.0,36,3.0,0,0.0,52.0,-0.17,2026-08-10,-,0,352.0
-,-,Intriguing,-,1409.89,-2.2,1635.49,0.0,75.2,0.73,60,0.0,37,0.0,23,0.0,0,0.0,61.67,0.0,2021-03-02,-,0,-
652,-36,Tasso,-,1409.7,6.93,1535.76,-9.18,42.02,-5.37,87,21.0,45,8.0,41,13.0,1,0.0,51.72,-4.34,2026-08-03,-,0,1178.0
653,-52,kingslayer90,-,1408.96,-2.23,1629.77,0.0,73.6,0.74,36,0.0,23,0.0,13,0.0,0,0.0,63.89,0.0,2026-03-01,-,0,805.0
654,-52,paradigm72,-,1408.95,-1.98,1657.75,0.0,82.93,0.66,24,0.0,12,0.0,12,0.0,0,0.0,50.0,0.0,2026-05-12,-,0,-
655,-57,Evron,-,1408.86,-3.72,1543.03,0.0,44.72,1.24,99,0.0,56,0.0,42,0.0,1,0.0,56.57,0.0,2026-01-23,-,0,677.0
-,-,DALUM,-,1408.76,-1.77,1685.98,0.0,92.4,0.59,24,0.0,15,0.0,8,0.0,1,0.0,62.5,0.0,2021-03-02,-,0,-
656,-109,Kermit19,-,1408.64,-26.01,1534.44,-30.86,41.93,-1.62,111,12.0,57,4.0,54,8.0,0,0.0,51.35,-2.19,2026-08-01,-,0,403.0
657,unretired,Rockoccodrillo,-,1408.55,-18.46,1531.06,-16.89,40.84,0.52,183,3.0,93,0.0,89,3.0,1,0.0,50.82,-0.85,2026-07-01,-,0,859.0
-,-,HLDM,-,1408.2,-1.75,1688.6,0.0,93.46,0.58,18,0.0,10,0.0,8,0.0,0,0.0,55.56,0.0,2024-07-01,-,0,-
-,-,hinghenry,-,1408.18,-1.65,1705.17,0.0,99.0,0.55,24,0.0,18,0.0,6,0.0,0,0.0,75.0,0.0,2020-09-27,-,0,-
658,-49,GregoryD,PL,1408.04,0.41,1503.23,1.34,31.73,0.31,468,12.0,220,6.0,246,6.0,2,0.0,47.01,0.08,2026-07-16,P,2,522.0
-,-,Abenteurer86,-,1407.67,-3.66,1545.3,0.0,45.88,1.22,201,0.0,110,0.0,90,0.0,1,0.0,54.73,0.0,2024-04-04,-,0,-
659,4,Desgenais,CZ,1406.98,20.56,1488.17,21.13,27.06,0.19,465,24.0,228,16.0,235,8.0,2,0.0,49.03,0.96,2026-07-30,-,0,388.0
660,-10,pdx,-,1406.98,17.7,1534.51,9.69,42.51,-2.67,93,12.0,42,6.0,50,6.0,1,0.0,45.16,0.72,2026-08-11,-,0,479.0
-,-,Masterchief,-,1406.53,-3.48,1556.42,0.0,49.96,1.16,111,0.0,57,0.0,53,0.0,1,0.0,51.35,0.0,2025-08-07,-,0,644.0
661,unretired,DVDripXvid,-,1405.9,44.59,1623.07,21.28,72.39,-7.77,30,6.0,16,4.0,14,2.0,0,0.0,53.33,3.33,2026-07-25,-,0,729.0
-,-,XDoge,-,1405.36,-2.48,1604.4,0.0,66.35,0.83,84,0.0,40,0.0,43,0.0,1,0.0,47.62,0.0,2021-06-02,P,4,-
662,-56,Boardello,GB,1405.02,-3.17,1491.98,-1.46,28.98,0.57,393,18.0,184,9.0,203,8.0,6,1.0,46.82,0.15,2026-07-30,-,0,432.0
663,36,MarcoM,-,1404.99,37.33,1571.63,34.12,55.55,-1.07,63,3.0,35,3.0,28,0.0,0,0.0,55.56,2.23,2026-07-02,-,0,504.0
-,-,miniexot,-,1404.8,-2.97,1573.07,0.0,56.09,0.99,126,0.0,66,0.0,60,0.0,0,0.0,52.38,0.0,2023-01-15,P,4,-
664,-54,lutzifer,-,1404.55,-1.8,1676.64,0.0,90.7,0.6,18,0.0,12,0.0,6,0.0,0,0.0,66.67,0.0,2026-03-01,-,0,-
-,-,alibengoeroe,-,1404.48,-2.79,1582.67,0.0,59.4,0.93,96,0.0,53,0.0,42,0.0,1,0.0,55.21,0.0,2024-04-04,-,0,-
-,-,LordBC,AU,1403.97,-2.2,1627.42,0.0,74.49,0.73,42,0.0,26,0.0,15,0.0,1,0.0,61.9,0.0,2025-03-06,-,0,872.0
665,-31,Imiter,PL,1403.3,9.37,1530.95,2.17,42.55,-2.4,99,12.0,50,6.0,47,6.0,2,0.0,50.51,-0.06,2026-08-01,-,0,522.0
666,-75,redantx,-,1402.38,-13.28,1568.59,-19.47,55.41,-2.06,60,6.0,34,2.0,26,4.0,0,0.0,56.67,-2.59,2026-07-24,-,0,598.0
667,-122,woodabooga,-,1402.22,-32.73,1523.34,-36.96,40.37,-1.41,105,12.0,50,4.0,55,8.0,0,0.0,47.62,-1.84,2026-07-31,-,0,543.0
668,-57,JamesH,GR,1401.66,-4.34,1522.41,-8.83,40.25,-1.49,189,12.0,88,6.0,98,6.0,3,0.0,46.56,0.23,2026-07-29,-,0,805.0
669,-46,Froggy42,DE,1401.53,2.03,1482.67,2.6,27.05,0.19,456,24.0,224,14.0,229,9.0,3,1.0,49.12,0.51,2026-08-09,-,0,527.0
670,-55,A-Raw,-,1401.43,-2.21,1623.84,0.0,74.14,0.74,30,0.0,15,0.0,15,0.0,0,0.0,50.0,0.0,2026-03-04,-,0,989.0
-,-,default01,-,1401.26,-2.32,1614.15,0.0,70.96,0.77,60,0.0,40,0.0,19,0.0,1,0.0,66.67,0.0,2022-03-06,-,0,-
671,-54,ClaudiusMaurelius,-,1400.81,-1.83,1669.0,0.0,89.39,0.61,18,0.0,12,0.0,6,0.0,0,0.0,66.67,0.0,2026-03-04,-,0,-
-,-,mafiasco,-,1400.27,-2.93,1570.52,0.0,56.75,0.98,108,0.0,53,0.0,54,0.0,1,0.0,49.07,0.0,2023-03-01,-,0,-
-,-,IirionClaus,-,1399.92,-1.89,1659.63,0.0,86.57,0.63,36,0.0,22,0.0,14,0.0,0,0.0,61.11,0.0,2020-06-14,P,2,-
672,142,MoxNox,-,1399.39,96.91,1592.33,53.93,64.32,-14.33,48,12.0,19,6.0,27,6.0,2,0.0,39.58,3.47,2026-07-20,-,0,1262.0
-,-,gigilamoroso,-,1399.1,-3.57,1544.75,0.0,48.55,1.19,168,0.0,79,0.0,87,0.0,2,0.0,47.02,0.0,2024-07-01,-,0,-
-,-,icantdrawanime,-,1398.92,-2.36,1606.61,0.0,69.23,0.79,60,0.0,38,0.0,22,0.0,0,0.0,63.33,0.0,2022-03-06,-,0,-
673,-60,Ioannis3,GR,1398.51,-6.69,1478.47,-5.25,26.65,0.48,531,24.0,238,12.0,289,12.0,4,0.0,44.82,0.24,2026-08-08,-,0,342.0
-,-,Varthos,-,1398.44,-2.56,1594.02,0.0,65.19,0.85,84,0.0,46,0.0,37,0.0,1,0.0,54.76,0.0,2021-12-05,-,0,-
-,-,DanWins,-,1398.09,-3.61,1535.14,0.0,45.68,1.2,150,0.0,75,0.0,72,0.0,3,0.0,50.0,0.0,2024-12-12,G,2,-
674,-2,Nevic,-,1397.97,17.98,1537.11,17.88,46.38,-0.03,111,3.0,52,3.0,57,0.0,2,0.0,46.85,1.48,2026-06-23,G,2,499.0
-,-,sbauer9,-,1397.83,-1.84,1664.24,0.0,88.8,0.61,36,0.0,24,0.0,12,0.0,0,0.0,66.67,0.0,2019-05-12,-,0,-
-,-,WowaduHek,-,1397.7,-1.12,1833.65,0.0,145.32,0.37,6,0.0,6,0.0,0,0.0,0,0.0,100.0,0.0,2024-12-12,-,0,318.0
675,-47,RiRu,LV,1397.58,-0.13,1479.68,0.01,27.37,0.05,306,24.0,140,12.0,163,12.0,3,0.0,45.75,0.36,2026-07-31,-,0,331.0
676,8,Rasputin,-,1397.57,21.79,1481.04,21.97,27.82,0.06,417,24.0,191,15.0,221,8.0,5,1.0,45.8,1.02,2026-08-02,-,0,403.0
-,-,holyknife,-,1397.41,-2.46,1596.85,0.0,66.48,0.82,60,0.0,35,0.0,25,0.0,0,0.0,58.33,0.0,2022-06-05,-,0,-
-,-,BillyPilgrim,-,1397.16,-2.71,1582.24,0.0,61.69,0.9,108,0.0,59,0.0,48,0.0,1,0.0,54.63,0.0,2025-01-13,-,0,989.0
-,-,BlueRay,-,1397.07,-2.3,1616.19,0.0,73.04,0.77,48,0.0,22,0.0,26,0.0,0,0.0,45.83,0.0,2021-06-02,G,4,-
-,-,lleviadon,-,1396.68,-2.64,1585.65,0.0,62.99,0.88,108,0.0,53,0.0,52,0.0,3,0.0,49.07,0.0,2021-06-02,G,6,-
-,-,RabidRabbit,US,1396.54,-3.06,1562.68,0.0,55.38,1.02,111,0.0,62,0.0,48,0.0,1,0.0,55.86,0.0,2023-03-01,-,0,-
677,-29,albinsix,FR,1396.38,6.75,1483.1,5.62,28.91,-0.38,552,24.0,244,13.0,305,11.0,3,0.0,44.2,0.45,2026-07-21,-,0,517.0
678,-52,NozoEli,-,1396.32,-1.8,1669.05,0.0,90.91,0.6,18,0.0,10,0.0,6,0.0,2,0.0,55.56,0.0,2026-03-05,-,0,-
-,-,Archer1629,TW,1395.87,-2.03,1637.41,0.0,80.51,0.68,27,0.0,18,0.0,9,0.0,0,0.0,66.67,0.0,2025-02-16,-,0,-
-,-,Giga,IT,1395.76,-3.59,1535.18,0.0,46.47,1.2,150,0.0,76,0.0,72,0.0,2,0.0,50.67,0.0,2024-10-13,G,4,-
679,-54,Gabriele,IT,1395.7,-2.64,1493.46,0.39,32.59,1.01,309,6.0,147,3.0,160,3.0,2,0.0,47.57,0.05,2026-07-28,-,0,314.0
-,-,AxelG,-,1395.64,-2.74,1576.81,0.0,60.39,0.91,84,0.0,47,0.0,36,0.0,1,0.0,55.95,0.0,2022-12-04,-,0,-
680,-29,Parcival,IT,1395.27,6.27,1509.25,-2.12,37.99,-2.8,126,18.0,66,7.0,59,11.0,1,0.0,52.38,-2.25,2026-07-31,-,0,455.0
681,-100,nkbobo,IT,1394.74,-28.44,1490.29,-27.37,31.85,0.35,336,12.0,170,1.0,165,10.0,1,1.0,50.6,-1.56,2026-07-27,-,0,461.0
-,-,Basse,-,1393.69,-1.64,1692.57,0.0,99.63,0.55,24,0.0,16,0.0,8,0.0,0,0.0,66.67,0.0,2020-03-29,-,0,-
-,-,BubbaOFC,-,1393.41,-3.15,1556.59,0.0,54.39,1.05,138,0.0,63,0.0,75,0.0,0,0.0,45.65,0.0,2023-01-15,-,0,-
-,-,Etherealz,CA,1393.28,-4.87,1511.66,0.0,39.46,1.62,333,0.0,163,0.0,167,0.0,3,0.0,48.95,0.0,2025-01-29,-,0,511.0
-,-,Deepthought,PT,1393.28,-2.48,1591.7,0.0,66.14,0.83,66,0.0,40,0.0,26,0.0,0,0.0,60.61,0.0,2023-01-15,G,2,-
682,-52,Adi65,-,1393.25,-2.03,1634.76,0.0,80.5,0.68,24,0.0,14,0.0,10,0.0,0,0.0,58.33,0.0,2026-05-01,-,0,-
683,-47,t-k-421,US,1393.19,0.95,1478.4,0.52,28.4,-0.14,303,24.0,145,11.0,157,12.0,1,1.0,47.85,-0.18,2026-07-26,-,0,284.0
684,7,Vi15So17,DE,1393.17,21.08,1477.77,20.87,28.2,-0.07,336,24.0,157,17.0,174,7.0,5,0.0,46.73,1.86,2026-07-25,-,0,365.0
-,-,BastionvonRaven,-,1393.09,-2.73,1580.06,0.0,62.32,0.91,90,0.0,49,0.0,40,0.0,1,0.0,54.44,0.0,2023-04-16,-,0,-
685,-50,sergraim,-,1392.75,-0.32,1489.74,2.07,32.33,0.8,330,9.0,159,4.0,165,4.0,6,1.0,48.18,-0.11,2026-07-24,-,0,334.0
686,-30,GerwinW,-,1392.69,4.89,1499.24,-3.24,35.52,-2.71,138,24.0,69,9.0,67,15.0,2,0.0,50.0,-2.63,2026-07-31,-,0,700.0
-,-,Bigwellow,NL,1392.54,-3.85,1524.9,0.0,44.12,1.28,132,0.0,70,0.0,61,0.0,1,0.0,53.03,0.0,2025-04-24,-,0,468.0
687,-60,matst379,SE,1392.25,-5.76,1483.76,0.0,30.5,1.92,288,0.0,140,0.0,146,0.0,2,0.0,48.61,0.0,2026-04-18,-,0,438.0
688,-42,Tyrtaios,DE,1392.17,1.82,1491.86,-3.22,33.23,-1.68,156,24.0,69,7.0,87,17.0,0,0.0,44.23,-2.74,2026-08-20,-,0,505.0
-,-,ConquistadorColumbus,-,1392.17,-3.88,1521.54,0.0,43.12,1.29,240,0.0,118,0.0,118,0.0,4,0.0,49.17,0.0,2024-09-04,-,0,-
689,-69,Dubz,-,1392.06,-8.61,1489.74,-13.41,32.56,-1.6,207,24.0,98,8.0,108,16.0,1,0.0,47.34,-1.84,2026-07-20,-,0,602.0
690,-71,EnozamaIV,DE,1391.84,-9.15,1499.49,-18.64,35.88,-3.16,135,24.0,64,8.0,70,16.0,1,0.0,47.41,-3.04,2026-07-21,-,0,369.0
691,-104,docpain,-,1391.8,-25.71,1624.19,-48.94,77.46,-7.75,24,6.0,16,3.0,8,3.0,0,0.0,66.67,-5.55,2026-07-25,-,0,-
692,unretired,Tukhachevsky,-,1391.53,183.47,1570.68,151.96,59.72,-10.5,48,12.0,26,12.0,22,0.0,0,0.0,54.17,15.28,2026-07-26,-,0,-
693,-93,LeBonus,CA,1391.53,-19.7,1524.91,-28.15,44.46,-2.81,81,12.0,40,4.0,40,7.0,1,1.0,49.38,-2.79,2026-08-12,-,0,622.0
694,-27,OrionAlpha,-,1391.06,6.37,1472.96,7.05,27.3,0.22,516,24.0,229,12.0,280,12.0,7,0.0,44.38,0.27,2026-08-04,-,0,512.0
695,-66,sorecats,ID,1391.0,-4.69,1475.45,-4.44,28.15,0.08,468,24.0,213,10.0,251,14.0,4,0.0,45.51,-0.21,2026-07-31,-,0,552.0
696,-75,Strawer_1982,IT,1390.83,-9.64,1487.58,-8.9,32.25,0.25,255,12.0,123,4.0,131,8.0,1,0.0,48.24,-0.73,2026-08-03,-,0,517.0
-,-,Dr.Hummsfred,-,1390.79,-2.16,1618.55,0.0,75.92,0.72,48,0.0,25,0.0,23,0.0,0,0.0,52.08,0.0,2021-03-02,G,4,-
-,-,JeremyBrokaw,US,1390.61,-2.5,1592.29,0.0,67.22,0.83,72,0.0,30,0.0,42,0.0,0,0.0,41.67,0.0,2021-09-05,P,2,-
-,-,_pupu_,-,1390.36,-2.25,1608.8,0.0,72.81,0.75,36,0.0,19,0.0,17,0.0,0,0.0,52.78,0.0,2023-03-01,-,0,-
697,-66,czaurel,-,1390.22,-4.65,1500.88,0.0,36.89,1.55,258,0.0,118,0.0,136,0.0,4,0.0,45.74,0.0,2025-12-01,-,0,529.0
698,-58,brumynut,AU,1390.21,-1.21,1478.51,-0.83,29.43,0.13,456,18.0,208,8.0,241,9.0,7,1.0,45.61,-0.05,2026-07-23,-,0,459.0
699,-54,Kelern,-,1389.73,-0.75,1480.51,-3.82,30.26,-1.02,228,24.0,101,9.0,124,15.0,3,0.0,44.3,-0.8,2026-08-01,-,0,357.0
700,-68,Lodon,NL,1389.52,-5.23,1494.25,0.0,34.91,1.74,306,0.0,144,0.0,158,0.0,4,0.0,47.06,0.0,2026-02-01,-,0,546.0
701,-57,Largos,-,1389.37,-1.22,1477.92,1.06,29.51,0.76,411,12.0,188,5.0,217,5.0,6,2.0,45.74,-0.12,2026-07-29,-,0,480.0
-,-,wep,-,1389.17,-1.6,1695.19,0.0,102.01,0.53,24,0.0,17,0.0,7,0.0,0,0.0,70.83,0.0,2020-06-28,P,2,-
702,307,Gubbstyv,-,1388.55,201.73,1576.24,64.21,62.56,-45.84,36,24.0,19,14.0,17,10.0,0,0.0,52.78,11.11,2026-08-01,-,0,-
-,-,Henstein,-,1388.49,-1.9,1650.52,0.0,87.34,0.63,30,0.0,15,0.0,15,0.0,0,0.0,50.0,0.0,2024-07-01,-,0,-
-,-,ycl,-,1388.4,-1.94,1644.73,0.0,85.45,0.65,24,0.0,12,0.0,12,0.0,0,0.0,50.0,0.0,2025-03-05,-,0,757.0
-,-,Rajasands,-,1388.14,-2.35,1596.69,0.0,69.52,0.78,39,0.0,21,0.0,17,0.0,1,0.0,53.85,0.0,2025-03-13,-,0,868.0
-,-,Enthusio,-,1387.82,-2.21,1614.64,0.0,75.61,0.74,48,0.0,28,0.0,19,0.0,1,0.0,58.33,0.0,2021-06-02,-,0,-
703,87,baralex,-,1387.79,68.78,1595.55,47.0,69.25,-7.26,36,6.0,18,5.0,18,1.0,0,0.0,50.0,6.67,2026-07-17,-,0,872.0
-,-,Don_bronzo,-,1387.76,-1.43,1731.15,0.0,114.46,0.48,24,0.0,17,0.0,7,0.0,0,0.0,70.83,0.0,2023-02-05,-,0,-
-,-,flo3,-,1387.45,-1.8,1658.9,0.0,90.48,0.6,18,0.0,12,0.0,6,0.0,0,0.0,66.67,0.0,2025-03-01,-,0,939.0
-,-,BeetleJuice,CZ,1386.67,-2.58,1578.37,0.0,63.9,0.86,51,0.0,29,0.0,22,0.0,0,0.0,56.86,0.0,2024-09-01,-,0,-
704,-49,Netrom,-,1386.63,-1.23,1486.15,-3.63,33.17,-0.8,192,18.0,95,10.0,95,8.0,2,0.0,49.48,0.63,2026-08-04,-,0,389.0
705,new,nathanb,-,1386.47,936.47,1686.16,186.16,99.9,99.9,12,12.0,9,9.0,3,3.0,0,0.0,75.0,75.0,2026-07-11,-,0,-
-,-,florian629,-,1386.42,-2.12,1618.39,0.0,77.32,0.71,30,0.0,15,0.0,14,0.0,1,0.0,50.0,0.0,2025-01-07,-,0,989.0
-,-,cal21,-,1386.3,-2.78,1562.92,0.0,58.87,0.93,108,0.0,60,0.0,47,0.0,1,0.0,55.56,0.0,2022-09-04,G,2,-
706,-64,Geegs,-,1386.15,-5.13,1503.7,-8.32,39.18,-1.06,264,12.0,132,7.0,129,4.0,3,1.0,50.0,0.4,2026-07-31,-,0,867.0
707,-24,Bizniouf,-,1386.05,10.08,1498.89,0.03,37.62,-3.35,123,24.0,61,12.0,62,12.0,0,0.0,49.59,0.1,2026-08-07,-,0,451.0
708,-71,Asperins,LV,1385.71,-6.51,1471.93,-7.04,28.74,-0.17,252,24.0,119,9.0,132,15.0,1,0.0,47.22,-1.03,2026-07-31,-,0,469.0
709,-39,javimb89,ES,1385.53,2.36,1466.6,3.42,27.02,0.35,345,24.0,162,11.0,179,13.0,4,0.0,46.96,-0.08,2026-08-02,-,0,446.0
-,-,kentropy,-,1385.44,-2.43,1587.62,0.0,67.39,0.81,60,0.0,32,0.0,28,0.0,0,0.0,53.33,0.0,2021-12-05,-,0,-
710,-52,NateH,-,1385.23,-2.26,1603.63,0.0,72.8,0.75,30,0.0,15,0.0,15,0.0,0,0.0,50.0,0.0,2026-01-17,-,0,729.0
711,-87,Tomtomparking,FR,1385.19,-13.26,1467.21,-13.37,27.34,-0.03,492,24.0,215,7.0,271,17.0,6,0.0,43.7,-0.74,2026-07-24,-,0,308.0
712,new,xiaoduan,-,1385.13,935.13,1787.96,287.96,134.28,134.28,6,6.0,6,6.0,0,0.0,0,0.0,100.0,100.0,2026-07-24,-,0,-
713,-26,Biggi86,-,1385.0,10.85,1501.68,6.35,38.89,-1.5,141,12.0,78,8.0,63,4.0,0,0.0,55.32,1.06,2026-07-30,-,0,1067.0
714,-20,Quasar_Enderas,-,1384.94,14.97,1622.98,-84.45,79.34,-33.14,27,15.0,20,9.0,7,6.0,0,0.0,74.07,-17.6,2026-07-30,-,0,-
715,-68,Kaiserschmarrn,-,1384.9,-4.93,1500.61,0.0,38.57,1.64,249,0.0,108,0.0,139,0.0,2,0.0,43.37,0.0,2026-01-19,G,8,407.0
716,-54,MichalJar,-,1384.82,-2.4,1590.58,0.0,68.59,0.8,36,0.0,21,0.0,15,0.0,0,0.0,58.33,0.0,2026-03-17,-,0,1388.0
717,-74,KEIL,PL,1384.58,-6.43,1469.63,-4.92,28.35,0.5,426,18.0,195,5.0,230,13.0,1,0.0,45.77,-0.8,2026-07-21,-,0,541.0
718,42,Krex,-,1383.66,50.3,1535.64,22.08,50.66,-9.41,60,18.0,33,11.0,27,7.0,0,0.0,55.0,2.62,2026-07-26,-,0,-
719,-30,broskiumenyiora,US,1383.57,10.45,1527.15,10.85,47.86,0.13,87,3.0,45,2.0,42,1.0,0,0.0,51.72,0.53,2026-07-04,-,0,697.0
720,-63,Frygian,-,1383.32,-4.26,1501.27,0.0,39.32,1.42,135,0.0,68,0.0,67,0.0,0,0.0,50.37,0.0,2026-01-17,-,0,562.0
-,-,JakubUhlir,CZ,1382.61,-4.14,1512.42,0.0,43.27,1.38,228,0.0,117,0.0,107,0.0,4,0.0,51.32,0.0,2024-10-01,-,0,-
-,-,Johannes_n94,-,1381.74,-1.47,1713.95,0.0,110.74,0.49,18,0.0,15,0.0,3,0.0,0,0.0,83.33,0.0,2023-01-15,-,0,-
-,-,danodan,-,1381.36,-2.3,1596.18,0.0,71.61,0.77,60,0.0,36,0.0,24,0.0,0,0.0,60.0,0.0,2021-09-05,-,0,-
-,-,dayorbyte,-,1381.12,-2.05,1621.13,0.0,80.0,0.68,48,0.0,22,0.0,26,0.0,0,0.0,45.83,0.0,2020-09-27,P,4,-
-,-,Wiles,-,1381.11,-1.1,1825.31,0.0,148.07,0.37,12,0.0,11,0.0,1,0.0,0,0.0,91.67,0.0,2020-09-27,-,0,-
-,-,YSun,-,1380.69,-3.24,1532.62,0.0,50.64,1.08,138,0.0,74,0.0,64,0.0,0,0.0,53.62,0.0,2024-04-04,-,0,-
-,-,Unternehmer,-,1380.56,-1.09,1829.14,0.0,149.53,0.36,12,0.0,10,0.0,1,0.0,1,0.0,83.33,0.0,2018-10-14,-,0,-
721,-52,LhuCaS,ES,1380.48,-3.04,1474.75,-1.79,31.42,0.42,378,12.0,179,4.0,197,8.0,2,0.0,47.35,-0.46,2026-07-30,-,0,448.0
722,new,CyberRFG,-,1380.33,930.33,1694.22,194.22,104.63,104.63,12,12.0,11,11.0,1,1.0,0,0.0,91.67,91.67,2026-07-29,-,0,-
-,-,Aksan,-,1380.19,-2.39,1586.27,0.0,68.69,0.8,42,0.0,26,0.0,16,0.0,0,0.0,61.9,0.0,2023-12-03,-,0,-
-,-,FlyingDutchman,NL,1379.9,-2.08,1616.96,0.0,79.02,0.69,66,0.0,34,0.0,32,0.0,0,0.0,51.52,0.0,2019-02-17,-,0,-
-,-,gustn_toh,-,1379.8,-2.57,1570.15,0.0,63.45,0.86,84,0.0,43,0.0,40,0.0,1,0.0,51.19,0.0,2021-12-05,G,2,-
-,-,jezevec_lesni,-,1379.66,-2.22,1603.13,0.0,74.49,0.74,48,0.0,27,0.0,20,0.0,1,0.0,56.25,0.0,2021-03-02,G,2,-
-,-,jskunsa,-,1379.61,-2.28,1597.42,0.0,72.6,0.76,48,0.0,22,0.0,26,0.0,0,0.0,45.83,0.0,2021-06-02,-,0,-
723,-70,Mensha,-,1379.44,-9.09,1504.56,-15.45,41.71,-2.12,99,12.0,47,5.0,51,7.0,1,0.0,47.47,-0.81,2026-08-07,-,0,805.0
-,-,theChony,MX,1379.26,-3.71,1521.18,0.0,47.31,1.24,267,0.0,121,0.0,145,0.0,1,0.0,45.32,0.0,2024-04-04,G,4,-
724,-50,Cristiancordeu,AR,1378.58,-0.79,1467.72,0.94,29.71,0.58,438,12.0,205,5.0,229,7.0,4,0.0,46.8,-0.15,2026-08-01,-,0,496.0
-,-,ttaimmortal,-,1378.3,-1.85,1643.64,0.0,88.44,0.62,24,0.0,12,0.0,12,0.0,0,0.0,50.0,0.0,2021-09-05,-,0,-
-,-,Pat_the_Cat,-,1377.94,-1.51,1703.86,0.0,108.64,0.5,18,0.0,13,0.0,5,0.0,0,0.0,72.22,0.0,2024-07-01,-,0,-
725,100,Hashlerka,-,1377.63,80.43,1633.3,32.97,85.22,-15.82,30,6.0,15,4.0,14,1.0,1,1.0,50.0,4.17,2026-07-29,-,0,653.0
-,-,SteelKitten,-,1377.47,-2.11,1609.93,0.0,77.48,0.7,36,0.0,23,0.0,13,0.0,0,0.0,63.89,0.0,2021-12-05,-,0,-
726,-31,Peaceminusone,-,1377.43,7.84,1493.31,0.38,38.63,-2.49,222,18.0,109,11.0,113,7.0,0,0.0,49.1,1.06,2026-07-31,G,2,921.0
727,-120,ulkupayaya,-,1376.92,-31.16,1554.16,-35.88,59.08,-1.57,45,3.0,17,0.0,26,3.0,2,0.0,37.78,-2.7,2026-06-22,-,0,578.0
728,-50,Maximus1992,-,1376.76,-1.78,1652.88,0.0,92.04,0.59,18,0.0,11,0.0,7,0.0,0,0.0,61.11,0.0,2026-03-02,-,0,-
-,-,Chixx,SE,1376.64,-1.53,1696.34,0.0,106.56,0.51,15,0.0,10,0.0,5,0.0,0,0.0,66.67,0.0,2023-03-01,-,0,-
729,-53,extrmn8r,-,1376.56,-2.51,1573.82,0.0,65.75,0.84,42,0.0,19,0.0,23,0.0,0,0.0,45.24,0.0,2026-04-30,-,0,805.0
-,-,DGMvado,-,1376.54,-2.28,1593.14,0.0,72.2,0.76,36,0.0,16,0.0,20,0.0,0,0.0,44.44,0.0,2024-07-01,-,0,-
-,-,RootNegative,-,1376.49,-1.85,1641.95,0.0,88.49,0.62,24,0.0,18,0.0,6,0.0,0,0.0,75.0,0.0,2022-09-04,-,0,-
730,-20,Happykitten,-,1376.38,15.86,1488.74,13.14,37.45,-0.91,162,12.0,85,7.0,74,5.0,3,0.0,52.47,0.47,2026-07-12,-,0,1184.0
731,-98,vbogoev,BG,1376.17,-18.51,1464.5,-20.16,29.44,-0.55,249,24.0,113,9.0,134,14.0,2,1.0,45.38,-0.84,2026-08-05,-,0,375.0
732,-55,yhw,-,1376.04,-2.9,1546.33,0.0,56.76,0.97,57,0.0,32,0.0,25,0.0,0,0.0,56.14,0.0,2026-03-05,-,0,939.0
733,-52,baggioka,HU,1375.85,-2.02,1465.71,-3.7,29.95,-0.56,297,24.0,123,10.0,174,14.0,0,0.0,41.41,0.02,2026-08-09,-,0,420.0
-,-,Cleeve,-,1375.8,-1.68,1666.65,0.0,96.95,0.56,24,0.0,17,0.0,5,0.0,2,0.0,70.83,0.0,2021-06-02,-,0,-
734,-52,Patelavache,-,1375.44,-1.46,1572.98,-20.12,65.84,-6.22,42,6.0,24,3.0,18,3.0,0,0.0,57.14,-1.19,2026-07-25,-,0,1118.0
735,-42,Purplegoo,-,1375.21,4.44,1463.2,4.16,29.33,-0.09,474,24.0,212,12.0,258,12.0,4,0.0,44.73,0.29,2026-07-31,-,0,389.0
736,-5,Giledon,-,1375.18,27.48,1570.18,22.62,65.0,-1.62,39,3.0,22,3.0,17,0.0,0,0.0,56.41,3.63,2026-06-10,-,0,729.0
-,-,Mikeski,-,1375.02,-2.06,1612.88,0.0,79.29,0.69,30,0.0,19,0.0,11,0.0,0,0.0,63.33,0.0,2025-03-13,-,0,939.0
737,-26,luigino71,IT,1374.47,14.88,1456.32,15.42,27.28,0.18,516,24.0,230,15.0,285,8.0,1,1.0,44.57,0.87,2026-08-03,-,0,334.0
738,-11,Limdul1988,CZ,1374.29,26.06,1482.29,25.14,36.0,-0.3,162,12.0,70,7.0,86,5.0,6,0.0,43.21,1.21,2026-07-27,-,0,707.0
-,-,copesettic,US,1374.26,-3.16,1533.11,0.0,52.95,1.05,123,0.0,62,0.0,59,0.0,2,0.0,50.41,0.0,2023-06-04,-,0,-
-,-,Steak,-,1374.18,-2.26,1591.47,0.0,72.43,0.75,36,0.0,25,0.0,11,0.0,0,0.0,69.44,0.0,2023-12-03,-,0,-
-,-,Ryk_Longspear,-,1373.97,-2.34,1583.47,0.0,69.83,0.78,48,0.0,28,0.0,20,0.0,0,0.0,58.33,0.0,2022-03-06,-,0,-
-,-,pdp01,-,1373.57,-2.36,1581.52,0.0,69.32,0.79,60,0.0,34,0.0,26,0.0,0,0.0,56.67,0.0,2021-09-05,-,0,-
739,-54,Covid_19,-,1373.02,-2.69,1556.69,0.0,61.22,0.9,48,0.0,27,0.0,21,0.0,0,0.0,56.25,0.0,2026-03-03,-,0,-
740,4,Dzsabo,HU,1372.94,30.65,1460.66,29.45,29.24,-0.4,228,24.0,101,15.0,125,9.0,2,0.0,44.3,2.14,2026-07-29,-,0,423.0
741,-100,Drk,IT,1372.76,-18.61,1464.02,-19.32,30.42,-0.24,315,18.0,144,5.0,170,13.0,1,0.0,45.71,-1.09,2026-07-30,-,0,648.0
-,-,Milah,-,1372.23,-2.48,1569.93,0.0,65.9,0.83,60,0.0,32,0.0,27,0.0,1,0.0,53.33,0.0,2022-03-06,-,0,-
742,-56,EvgenyRazinkov,-,1372.14,-2.37,1578.74,0.0,68.87,0.79,36,0.0,20,0.0,15,0.0,1,0.0,55.56,0.0,2026-03-12,-,0,872.0
743,-83,vendogs,RU,1371.81,-15.51,1463.95,-10.22,30.71,1.76,381,3.0,177,0.0,203,3.0,1,0.0,46.46,-0.37,2026-07-04,-,0,275.0
744,-106,Aardwolf44,-,1371.77,-20.35,1498.2,-20.12,42.14,0.08,228,6.0,107,1.0,120,5.0,1,0.0,46.93,-0.82,2026-08-01,G,2,989.0
745,-13,SafeT,-,1371.55,24.41,1607.54,-10.41,78.66,-11.61,24,6.0,12,3.0,12,3.0,0,0.0,50.0,0.0,2026-08-08,-,0,-
-,-,fathotdog,-,1371.51,-2.23,1593.61,0.0,74.03,0.74,48,0.0,21,0.0,27,0.0,0,0.0,43.75,0.0,2021-06-02,-,0,-
-,-,Levia,-,1371.11,-3.16,1528.59,0.0,52.49,1.05,87,0.0,48,0.0,39,0.0,0,0.0,55.17,0.0,2025-01-02,-,0,989.0
-,-,wirymen,PL,1370.84,-3.39,1519.78,0.0,49.65,1.13,126,0.0,64,0.0,60,0.0,2,0.0,50.79,0.0,2024-07-01,-,0,-
-,-,jamiu5,-,1370.04,-2.53,1566.2,0.0,65.39,0.84,126,0.0,52,0.0,74,0.0,0,0.0,41.27,0.0,2020-06-28,P,2,-
746,unretired,Zathio,US,1369.78,-6.63,1497.14,-7.44,42.45,-0.27,153,6.0,70,3.0,81,3.0,2,0.0,45.75,0.17,2026-07-28,-,0,989.0
747,-55,srapi,-,1369.77,-2.04,1612.3,0.0,80.85,0.68,24,0.0,14,0.0,10,0.0,0,0.0,58.33,0.0,2025-12-01,-,0,872.0
-,-,JeroenSchreurs,BE,1369.3,-3.98,1497.18,0.0,42.63,1.33,225,0.0,111,0.0,112,0.0,2,0.0,49.33,0.0,2024-10-01,G,2,-
-,-,itsPG,-,1368.97,-3.94,1495.74,0.0,42.26,1.31,264,0.0,127,0.0,134,0.0,3,0.0,48.11,0.0,2025-01-14,-,0,1067.0
-,-,onerija,-,1368.67,-1.63,1669.68,0.0,100.34,0.54,24,0.0,18,0.0,6,0.0,0,0.0,75.0,0.0,2021-03-02,-,0,-
749,-61,Urist,-,1368.23,-5.54,1517.87,-16.19,49.88,-3.55,66,9.0,34,3.0,32,6.0,0,0.0,51.52,-2.87,2026-08-07,-,0,798.0
748,-43,MechJayTi2,-,1368.23,2.03,1470.53,-2.8,34.1,-1.61,156,21.0,78,9.0,78,12.0,0,0.0,50.0,-1.11,2026-07-21,-,0,705.0
-,-,Ramonster,NL,1368.0,-3.79,1499.75,0.0,43.92,1.26,183,0.0,96,0.0,86,0.0,1,0.0,52.46,0.0,2024-09-04,-,0,-
750,-60,firlefanzer,-,1367.77,-5.2,1451.75,-6.2,27.99,-0.33,270,24.0,122,10.0,148,14.0,0,0.0,45.19,-0.34,2026-08-10,-,0,414.0
751,-55,NoelFerrer,-,1367.72,-1.82,1636.81,0.0,89.7,0.61,18,0.0,10,0.0,8,0.0,0,0.0,55.56,0.0,2026-03-13,-,0,-
752,unretired,Makt,-,1367.22,54.55,1616.31,39.34,83.03,-5.07,21,3.0,12,3.0,9,0.0,0,0.0,57.14,7.14,2026-07-15,-,0,872.0
-,-,osterangen,-,1367.2,-3.33,1523.43,0.0,52.08,1.11,162,0.0,83,0.0,76,0.0,3,0.0,51.23,0.0,2023-07-15,-,0,-
-,-,Serena,AT,1366.97,-2.4,1571.23,0.0,68.09,0.8,39,0.0,19,0.0,19,0.0,1,0.0,48.72,0.0,2025-03-13,-,0,621.0
753,-99,Wennejoekel,NL,1366.78,-21.64,1474.5,-29.73,35.91,-2.69,174,24.0,81,9.0,90,15.0,3,0.0,46.55,-1.45,2026-08-07,G,2,381.0
-,-,T3RR4,-,1366.34,-2.28,1587.34,0.0,73.67,0.76,48,0.0,26,0.0,22,0.0,0,0.0,54.17,0.0,2021-09-05,-,0,-
754,-45,Spriteule,DE,1366.22,4.58,1526.6,-2.73,53.46,-2.44,66,6.0,33,3.0,32,3.0,1,0.0,50.0,0.0,2026-07-25,-,0,872.0
-,-,SteveMB55,-,1365.91,-2.6,1555.37,0.0,63.15,0.87,72,0.0,42,0.0,30,0.0,0,0.0,58.33,0.0,2022-09-04,-,0,-
755,-90,kaeptnblaubaer,DE,1365.38,-20.37,1447.08,-20.14,27.23,0.08,414,24.0,186,5.0,226,19.0,2,0.0,44.93,-1.48,2026-07-24,-,0,358.0
756,-55,samgreco,JP,1364.71,-2.74,1546.23,0.0,60.51,0.91,54,0.0,25,0.0,29,0.0,0,0.0,46.3,0.0,2026-01-15,-,0,989.0
757,-22,Rackare,SE,1364.56,19.15,1555.33,3.2,63.59,-5.32,42,6.0,20,3.0,22,3.0,0,0.0,47.62,0.4,2026-08-01,-,0,805.0
-,-,Yuit,-,1364.43,-3.04,1529.15,0.0,54.91,1.01,120,0.0,65,0.0,55,0.0,0,0.0,54.17,0.0,2023-02-05,-,0,-
758,-55,Numsy71,-,1364.28,-2.17,1590.85,0.0,75.52,0.72,30,0.0,16,0.0,14,0.0,0,0.0,53.33,0.0,2026-01-15,-,0,717.0
759,-80,Crs,GB,1364.11,-13.82,1443.84,-12.83,26.58,0.33,474,24.0,209,11.0,261,13.0,4,0.0,44.09,0.09,2026-07-30,-,0,463.0
-,-,Tmer,-,1363.12,-1.86,1627.33,0.0,88.07,0.62,24,0.0,16,0.0,8,0.0,0,0.0,66.67,0.0,2025-03-04,-,0,754.0
-,-,Shobalk,US,1363.12,-3.38,1508.69,0.0,48.52,1.13,180,0.0,93,0.0,86,0.0,1,0.0,51.67,0.0,2023-12-03,-,0,-
760,-22,Otto_von_Bismarck,-,1362.98,18.5,1522.94,-18.31,53.32,-12.27,54,18.0,25,8.0,29,10.0,0,0.0,46.3,-0.92,2026-07-21,-,0,939.0
-,-,Isaca10,-,1362.5,-2.8,1538.86,0.0,58.79,0.93,84,0.0,46,0.0,36,0.0,2,0.0,54.76,0.0,2023-09-03,-,0,-
761,-54,Voidray,-,1362.46,-2.82,1537.8,0.0,58.45,0.94,63,0.0,23,0.0,39,0.0,1,0.0,36.51,0.0,2026-04-30,-,0,872.0
-,-,wenyu0007,-,1362.45,-1.27,1748.26,0.0,128.6,0.42,12,0.0,10,0.0,2,0.0,0,0.0,83.33,0.0,2021-06-02,-,0,-
-,-,AdrianosMaximus,-,1362.19,-3.34,1509.58,0.0,49.13,1.11,120,0.0,60,0.0,60,0.0,0,0.0,50.0,0.0,2024-07-01,-,0,-
-,-,Straanger,-,1362.15,-1.81,1632.9,0.0,90.25,0.6,24,0.0,13,0.0,11,0.0,0,0.0,54.17,0.0,2021-06-02,-,0,-
762,10,RoboKay314,US,1362.14,33.76,1449.83,33.06,29.23,-0.23,342,24.0,156,18.0,184,6.0,2,0.0,45.61,2.21,2026-08-08,-,0,486.0
-,-,Nealio,NL,1361.65,-2.79,1539.47,0.0,59.27,0.93,63,0.0,33,0.0,29,0.0,1,0.0,52.38,0.0,2024-09-01,-,0,-
-,-,arnbold,-,1361.22,-1.86,1626.49,0.0,88.42,0.62,24,0.0,17,0.0,7,0.0,0,0.0,70.83,0.0,2023-06-04,-,0,-
763,-59,Peperinni,-,1360.69,-5.59,1498.0,-5.51,45.77,0.03,87,3.0,42,1.0,45,2.0,0,0.0,48.28,-0.53,2026-06-23,-,0,910.0
764,-62,Jochabeth,-,1360.6,-6.74,1465.5,-7.21,34.96,-0.16,171,12.0,75,2.0,95,10.0,1,0.0,43.86,-2.05,2026-07-18,-,0,452.0
-,-,Neptian,-,1360.57,-1.44,1700.4,0.0,113.28,0.48,12,0.0,9,0.0,3,0.0,0,0.0,75.0,0.0,2024-04-04,-,0,-
-,-,Lemth,-,1360.43,-2.42,1567.65,0.0,69.07,0.81,60,0.0,33,0.0,27,0.0,0,0.0,55.0,0.0,2022-03-06,-,0,-
765,-3,aoe2champ,-,1360.15,27.75,1455.92,23.42,31.92,-1.44,177,24.0,88,15.0,88,8.0,1,1.0,49.72,2.01,2026-08-04,-,0,690.0
766,-42,zackg,US,1359.77,10.65,1447.32,9.45,29.18,-0.4,357,24.0,153,12.0,204,12.0,0,0.0,42.86,0.52,2026-07-30,-,0,466.0
-,-,Kenvi,PL,1359.76,-3.69,1495.26,0.0,45.17,1.23,153,0.0,73,0.0,79,0.0,1,0.0,47.71,0.0,2024-10-01,-,0,-
-,-,Boogeli,NL,1359.45,-2.22,1582.33,0.0,74.29,0.74,30,0.0,16,0.0,14,0.0,0,0.0,53.33,0.0,2024-06-16,-,0,-
767,-39,Pulpecja,PL,1359.01,10.98,1440.42,12.0,27.14,0.34,339,24.0,156,12.0,182,12.0,1,0.0,46.02,0.31,2026-07-27,-,0,488.0
-,-,Ptarr,-,1358.72,-2.41,1563.04,0.0,68.11,0.8,54,0.0,30,0.0,24,0.0,0,0.0,55.56,0.0,2023-01-15,-,0,-
768,-38,DayWeed,-,1358.42,10.68,1526.77,7.98,56.12,-0.9,63,3.0,41,2.0,21,0.0,1,1.0,65.08,0.08,2026-06-14,-,0,620.0
769,32,JakPut,-,1358.23,44.3,1578.95,19.52,73.57,-8.26,36,6.0,21,4.0,15,2.0,0,0.0,58.33,1.66,2026-08-07,-,0,872.0
-,-,Mrzout,-,1358.14,-3.13,1522.79,0.0,54.88,1.04,126,0.0,68,0.0,58,0.0,0,0.0,53.97,0.0,2025-03-01,-,0,805.0
770,-54,amadeo,-,1357.95,2.76,1599.75,-103.67,80.6,-35.48,24,12.0,16,5.0,8,7.0,0,0.0,66.67,-25.0,2026-07-27,-,0,-
-,-,Raq82,-,1357.61,-1.58,1668.46,0.0,103.62,0.53,18,0.0,11,0.0,7,0.0,0,0.0,61.11,0.0,2024-02-23,-,0,-
-,-,dannymcbride,-,1357.2,-2.01,1601.56,0.0,81.45,0.67,27,0.0,16,0.0,11,0.0,0,0.0,59.26,0.0,2025-01-09,-,0,868.0
771,new,BobChiringuito,-,1357.17,907.17,1657.02,157.02,99.95,99.95,12,12.0,8,8.0,4,4.0,0,0.0,66.67,66.67,2026-08-01,-,0,-
-,-,ALEKYD,-,1356.85,-2.06,1594.72,0.0,79.29,0.69,36,0.0,25,0.0,11,0.0,0,0.0,69.44,0.0,2021-12-05,-,0,-
-,-,Henader,PL,1356.24,-2.85,1529.55,0.0,57.77,0.95,96,0.0,51,0.0,45,0.0,0,0.0,53.12,0.0,2023-03-01,-,0,-
-,-,lppl,-,1356.21,-2.41,1563.32,0.0,69.04,0.8,66,0.0,34,0.0,30,0.0,2,0.0,51.52,0.0,2024-02-23,-,0,-
-,-,Ranior,US,1355.69,-1.61,1660.47,0.0,101.59,0.54,18,0.0,11,0.0,6,0.0,1,0.0,61.11,0.0,2025-03-04,-,0,872.0
-,-,jmw,-,1355.55,-3.67,1491.12,0.0,45.19,1.22,186,0.0,95,0.0,87,0.0,4,0.0,51.08,0.0,2024-06-02,-,0,-
-,-,BedrockLP,-,1355.47,-1.87,1618.57,0.0,87.7,0.62,24,0.0,14,0.0,10,0.0,0,0.0,58.33,0.0,2024-04-04,-,0,-
772,new,FireBones,-,1355.0,905.0,1760.48,260.48,135.16,135.16,6,6.0,6,6.0,0,0.0,0,0.0,100.0,100.0,2026-07-27,-,0,-
-,-,Neron,-,1354.9,-2.03,1595.7,0.0,80.27,0.68,36,0.0,22,0.0,14,0.0,0,0.0,61.11,0.0,2021-06-02,-,0,-
773,-58,petrau77,FI,1354.58,-1.43,1436.89,-1.54,27.44,-0.03,564,24.0,244,10.0,318,14.0,2,0.0,43.26,-0.07,2026-07-27,P,2,365.0
774,-68,FrancoisFerdinand,-,1354.47,-11.26,1464.03,-12.73,36.52,-0.49,180,12.0,93,6.0,83,5.0,4,1.0,51.67,-0.12,2026-07-25,-,0,842.0
-,-,meleke,-,1354.05,-1.64,1654.08,0.0,100.01,0.55,18,0.0,11,0.0,7,0.0,0,0.0,61.11,0.0,2024-04-04,-,0,-
775,-50,etJake,US,1353.42,4.37,1515.31,-2.13,53.96,-2.16,66,6.0,35,3.0,31,3.0,0,0.0,53.03,-0.3,2026-07-26,-,0,578.0
-,-,Diabloz,-,1353.15,-2.71,1537.4,0.0,61.42,0.9,72,0.0,38,0.0,34,0.0,0,0.0,52.78,0.0,2023-03-01,-,0,-
776,unretired,Tyristan,-,1353.13,26.26,1599.98,12.16,82.28,-4.7,27,3.0,15,2.0,12,1.0,0,0.0,55.56,1.39,2026-06-20,-,0,1388.0
777,198,Leoneed.P87,-,1353.09,140.84,1613.42,84.91,86.77,-18.64,18,6.0,12,5.0,6,1.0,0,0.0,66.67,8.34,2026-07-28,-,0,-
-,-,CrAzian18,-,1353.06,-2.18,1579.16,0.0,75.37,0.73,33,0.0,19,0.0,14,0.0,0,0.0,57.58,0.0,2025-03-01,-,0,939.0
778,-38,HumusAmongUs,-,1352.61,8.76,1598.35,-27.03,81.91,-11.93,24,6.0,14,3.0,10,3.0,0,0.0,58.33,-2.78,2026-07-22,-,0,-
779,-8,Melon6688,CA,1352.51,24.11,1435.92,24.61,27.8,0.16,486,24.0,214,19.0,267,5.0,5,0.0,44.03,1.82,2026-08-02,-,0,742.0
-,-,torstenk,-,1352.41,-2.58,1542.85,0.0,63.48,0.86,48,0.0,28,0.0,20,0.0,0,0.0,58.33,0.0,2025-02-02,-,0,1284.0
-,-,orlin614,-,1352.18,-1.86,1616.59,0.0,88.14,0.62,24,0.0,17,0.0,7,0.0,0,0.0,70.83,0.0,2023-09-03,-,0,-
780,-63,Keyadoria,-,1352.03,-2.07,1588.75,0.0,78.91,0.69,24,0.0,15,0.0,9,0.0,0,0.0,62.5,0.0,2026-01-12,-,0,1067.0
781,-68,mahawirasd,ID,1351.3,-5.48,1445.9,0.0,31.53,1.83,390,0.0,174,0.0,209,0.0,7,0.0,44.62,0.0,2026-01-05,-,0,435.0
782,-62,Raffaelus,-,1351.13,-2.16,1581.26,0.0,76.71,0.72,30,0.0,18,0.0,12,0.0,0,0.0,60.0,0.0,2026-03-07,-,0,1067.0
783,-29,Ratsia,FI,1351.04,14.95,1463.36,11.49,37.44,-1.15,135,12.0,63,7.0,72,5.0,0,0.0,46.67,1.14,2026-08-07,-,0,802.0
-,-,Liosan,-,1350.69,-2.57,1541.8,0.0,63.7,0.86,84,0.0,52,0.0,32,0.0,0,0.0,61.9,0.0,2022-09-04,-,0,-
784,-86,taltal,-,1350.32,-17.61,1464.99,-19.2,38.22,-0.53,132,9.0,53,1.0,76,8.0,3,0.0,40.15,-2.13,2026-07-25,-,0,536.0
-,-,Serenicus,-,1349.42,-1.68,1640.14,0.0,96.91,0.56,18,0.0,10,0.0,8,0.0,0,0.0,55.56,0.0,2025-03-05,-,0,872.0
785,-121,icepick_mn,-,1349.18,-36.59,1482.8,-47.32,44.54,-3.58,87,12.0,38,2.0,48,10.0,1,0.0,43.68,-4.32,2026-07-30,-,0,635.0
-,-,Adrian-2909,-,1349.13,-1.25,1742.18,0.0,131.01,0.42,12,0.0,12,0.0,0,0.0,0,0.0,100.0,0.0,2022-03-06,-,0,-
-,-,Reinuvader,HU,1348.37,-3.49,1492.82,0.0,48.15,1.16,159,0.0,78,0.0,80,0.0,1,0.0,49.06,0.0,2025-01-21,-,0,1388.0
786,-38,michasz,-,1347.88,7.59,1445.86,2.52,32.66,-1.69,162,24.0,75,8.0,86,15.0,1,1.0,46.3,-2.25,2026-08-01,-,0,605.0
787,-34,Mejdzr,CZ,1347.0,10.84,1439.08,11.77,30.69,0.31,444,15.0,200,11.0,237,4.0,7,0.0,45.05,0.99,2026-07-20,G,2,536.0
788,-55,giannisoad,IT,1346.75,-0.3,1442.82,0.66,32.02,0.32,327,12.0,144,5.0,183,7.0,0,0.0,44.04,-0.09,2026-07-30,-,0,429.0
789,-63,mowangfeng,-,1346.59,-2.42,1549.71,0.0,67.71,0.81,33,0.0,18,0.0,15,0.0,0,0.0,54.55,0.0,2026-03-03,-,0,1375.0
790,-14,TheYoungDutch,US,1346.47,20.55,1460.01,19.69,37.85,-0.29,150,9.0,71,6.0,76,3.0,3,0.0,47.33,1.23,2026-07-24,-,0,640.0
791,-94,noobgo,-,1346.4,-22.43,1460.75,-21.19,38.12,0.42,237,6.0,107,0.0,125,4.0,5,2.0,45.15,-1.17,2026-07-28,-,0,1287.0
-,-,Raze27,-,1346.32,-2.8,1525.09,0.0,59.59,0.93,87,0.0,44,0.0,41,0.0,2,0.0,50.57,0.0,2024-02-23,-,0,-
-,-,Elucron,-,1346.3,-1.17,1765.01,0.0,139.57,0.39,12,0.0,10,0.0,2,0.0,0,0.0,83.33,0.0,2020-06-28,-,0,-
792,-71,greyshade,-,1346.16,-4.92,1448.26,0.0,34.03,1.64,306,0.0,132,0.0,173,0.0,1,0.0,43.14,0.0,2026-03-13,-,0,494.0
793,unretired,eLGi,-,1345.86,3.62,1542.32,-10.34,65.49,-4.65,54,6.0,28,3.0,25,3.0,1,0.0,51.85,-0.23,2026-08-01,-,0,-
-,-,5calpel,GB,1345.75,-3.7,1478.29,0.0,44.18,1.23,201,0.0,98,0.0,102,0.0,1,0.0,48.76,0.0,2024-06-02,-,0,-
-,-,Akio,-,1345.7,-2.18,1571.77,0.0,75.36,0.73,60,0.0,31,0.0,28,0.0,1,0.0,51.67,0.0,2020-09-27,-,0,-
794,-31,FiveGee,-,1345.38,13.32,1467.24,8.27,40.62,-1.68,108,12.0,49,5.0,59,7.0,0,0.0,45.37,-0.46,2026-08-01,-,0,607.0
-,-,shezbot,-,1345.34,-2.48,1543.3,0.0,65.99,0.83,72,0.0,42,0.0,30,0.0,0,0.0,58.33,0.0,2021-12-05,-,0,-
795,-44,tanman,-,1345.03,5.89,1442.76,6.27,32.58,0.13,357,12.0,157,6.0,194,6.0,6,0.0,43.98,0.21,2026-07-27,-,0,570.0
-,-,PiftaIsItYou,-,1344.89,-2.67,1530.7,0.0,61.94,0.89,96,0.0,54,0.0,41,0.0,1,0.0,56.25,0.0,2023-06-04,G,2,-
796,263,Vortex1612,-,1344.85,191.85,1532.3,160.28,62.48,-10.52,57,12.0,26,11.0,31,1.0,0,0.0,45.61,12.28,2026-07-28,-,0,1287.0
797,-79,SeanHandley,-,1344.75,-9.33,1435.66,-11.87,30.3,-0.85,210,24.0,90,8.0,120,16.0,0,0.0,42.86,-1.23,2026-07-26,-,0,494.0
-,-,Ananasantti,FI,1344.61,-3.81,1479.18,0.0,44.86,1.27,261,0.0,124,0.0,137,0.0,0,0.0,47.51,0.0,2024-04-04,-,0,-
798,-76,Prashanth,-,1343.88,-5.56,1454.05,-8.41,36.73,-0.95,129,12.0,57,4.0,71,8.0,1,0.0,44.19,-1.11,2026-07-31,-,0,393.0
-,-,Kripa,FI,1343.75,-3.01,1507.63,0.0,54.63,1.0,99,0.0,51,0.0,48,0.0,0,0.0,51.52,0.0,2023-06-04,-,0,-
799,-65,Linsage,-,1343.71,-2.51,1540.44,0.0,65.58,0.84,45,0.0,22,0.0,23,0.0,0,0.0,48.89,0.0,2026-01-13,-,0,757.0
800,15,Gabilou,-,1343.6,41.19,1506.51,35.57,54.3,-1.87,63,6.0,34,5.0,29,1.0,0,0.0,53.97,3.09,2026-08-01,-,0,720.0
-,-,deleted_user_9880390,-,1343.58,-1.32,1713.78,0.0,123.4,0.44,12,0.0,10,0.0,2,0.0,0,0.0,83.33,0.0,2024-03-03,-,0,-
801,-78,DonRaphon,-,1343.28,-5.89,1444.63,0.0,33.78,1.96,384,0.0,173,0.0,206,0.0,5,0.0,45.05,0.0,2025-12-01,-,0,412.0
-,-,Pika07,-,1342.42,-2.23,1563.49,0.0,73.69,0.74,33,0.0,18,0.0,15,0.0,0,0.0,54.55,0.0,2025-03-07,-,0,872.0
802,new,klokwork,-,1342.29,892.29,1647.6,147.6,101.77,101.77,12,12.0,8,8.0,4,4.0,0,0.0,66.67,66.67,2026-07-28,-,0,-
803,-36,salvor7,CA,1342.21,13.06,1480.93,4.34,46.24,-2.9,87,12.0,46,5.0,38,7.0,3,0.0,52.87,-1.8,2026-08-01,-,0,1067.0
-,-,Xsn,PL,1341.95,-2.28,1559.07,0.0,72.37,0.76,39,0.0,20,0.0,19,0.0,0,0.0,51.28,0.0,2025-01-12,-,0,640.0
-,-,jabroney,AU,1341.76,-2.2,1564.87,0.0,74.37,0.73,48,0.0,30,0.0,18,0.0,0,0.0,62.5,0.0,2022-03-06,-,0,-
-,-,Sotinche,-,1341.43,-3.03,1505.18,0.0,54.58,1.01,114,0.0,54,0.0,60,0.0,0,0.0,47.37,0.0,2023-02-05,-,0,-
-,-,Dedengkot,-,1341.33,-2.72,1525.84,0.0,61.51,0.91,78,0.0,43,0.0,34,0.0,1,0.0,55.13,0.0,2023-12-03,-,0,-
-,-,varro,-,1340.94,-1.84,1607.89,0.0,88.98,0.61,36,0.0,21,0.0,14,0.0,1,0.0,58.33,0.0,2019-12-30,-,0,-
804,6,z0pfel,DE,1340.88,36.36,1443.52,29.7,34.22,-2.22,147,24.0,64,13.0,82,10.0,1,1.0,43.54,2.08,2026-07-20,-,0,709.0
-,-,darkstar75,IT,1340.6,-3.2,1500.49,0.0,53.3,1.07,153,0.0,75,0.0,78,0.0,0,0.0,49.02,0.0,2023-02-05,-,0,-
805,84,Wolfric,-,1340.15,76.08,1662.94,8.83,107.6,-22.42,18,6.0,11,5.0,7,1.0,0,0.0,61.11,11.11,2026-07-13,-,0,-
-,-,Pack,-,1340.11,-1.63,1639.97,0.0,99.95,0.54,18,0.0,10,0.0,8,0.0,0,0.0,55.56,0.0,2024-04-04,-,0,-
-,-,dulbbong,-,1339.83,-2.01,1586.68,0.0,82.28,0.67,30,0.0,16,0.0,13,0.0,1,0.0,53.33,0.0,2025-01-11,-,0,989.0
806,-63,Kvist,DK,1339.75,-2.58,1531.35,0.0,63.86,0.86,42,0.0,21,0.0,21,0.0,0,0.0,50.0,0.0,2026-01-07,-,0,1287.0
-,-,GokuBC,PL,1339.48,-3.73,1471.89,0.0,44.14,1.24,162,0.0,72,0.0,87,0.0,3,0.0,44.44,0.0,2024-09-04,-,0,-
807,-95,skab12,-,1339.32,-17.87,1434.39,-18.96,31.69,-0.36,258,18.0,103,4.0,154,14.0,1,0.0,39.92,-1.33,2026-07-30,-,0,446.0
-,-,orangeextract,-,1338.74,-2.69,1522.02,0.0,61.09,0.9,84,0.0,45,0.0,37,0.0,2,0.0,53.57,0.0,2022-09-04,-,0,-
808,-94,Gurhuntar,-,1338.59,-17.78,1502.23,-23.82,54.55,-2.01,60,6.0,30,2.0,30,4.0,0,0.0,50.0,-1.85,2026-08-19,-,0,872.0
809,25,Sathran,-,1338.31,45.78,1581.43,9.97,81.04,-11.94,24,6.0,15,4.0,9,2.0,0,0.0,62.5,1.39,2026-07-22,-,0,-
-,-,Redgood,-,1338.17,-1.7,1627.31,0.0,96.38,0.57,18,0.0,10,0.0,6,0.0,2,0.0,55.56,0.0,2025-03-12,-,0,805.0
810,38,QAS,-,1338.05,54.35,1570.84,24.26,77.6,-10.03,24,6.0,13,4.0,11,2.0,0,0.0,54.17,4.17,2026-07-24,-,0,-
811,-72,powerbigoud,-,1337.92,-6.16,1426.56,0.0,29.55,2.05,444,0.0,191,0.0,248,0.0,5,0.0,43.02,0.0,2026-05-05,-,0,469.0
812,-66,StefanGreatFirst,PL,1337.91,-3.82,1469.76,0.0,43.95,1.27,120,0.0,60,0.0,58,0.0,2,0.0,50.0,0.0,2026-01-14,-,0,1067.0
813,-76,KubikD,-,1337.57,-7.26,1464.63,-14.69,42.35,-2.48,99,12.0,50,5.0,48,7.0,1,0.0,50.51,-1.21,2026-07-22,-,0,529.0
-,-,SKM,-,1337.47,-2.52,1532.34,0.0,64.96,0.84,48,0.0,25,0.0,23,0.0,0,0.0,52.08,0.0,2023-09-03,-,0,-
814,-65,Maharaj_JD,-,1336.88,-2.97,1504.94,0.0,56.02,0.99,60,0.0,28,0.0,32,0.0,0,0.0,46.67,0.0,2026-03-02,-,0,271.0
815,-70,Taeveren,-,1336.75,-5.31,1433.61,0.0,32.29,1.77,183,0.0,75,0.0,106,0.0,2,0.0,40.98,0.0,2026-04-18,-,0,409.0
-,-,Epikoros,-,1336.72,-1.75,1617.04,0.0,93.44,0.58,18,0.0,8,0.0,10,0.0,0,0.0,44.44,0.0,2023-04-16,-,0,-
-,-,Redder,-,1336.49,-1.1,1780.4,0.0,147.97,0.37,6,0.0,5,0.0,1,0.0,0,0.0,83.33,0.0,2023-01-15,-,0,-
816,-108,Garban7,-,1336.44,-25.85,1422.34,-26.83,28.63,-0.33,414,24.0,198,8.0,215,16.0,1,0.0,47.83,-0.89,2026-07-27,-,0,541.0
-,-,grace,-,1336.3,-2.85,1509.79,0.0,57.83,0.95,72,0.0,40,0.0,31,0.0,1,0.0,55.56,0.0,2025-07-26,-,0,1172.0
-,-,Aksiom,-,1336.26,-2.7,1523.96,0.0,62.57,0.9,84,0.0,41,0.0,42,0.0,1,0.0,48.81,0.0,2022-03-06,-,0,-
-,-,cardboard,-,1335.52,-1.46,1671.67,0.0,112.05,0.49,12,0.0,7,0.0,5,0.0,0,0.0,58.33,0.0,2025-01-07,-,0,989.0
817,unretired,Pelej,PL,1335.46,-22.54,1538.18,-27.14,67.57,-1.53,45,3.0,23,1.0,22,2.0,0,0.0,51.11,-1.27,2026-06-30,-,0,-
818,-82,runningnemo,-,1335.42,-9.52,1518.37,-11.67,60.98,-0.72,48,3.0,26,0.0,22,3.0,0,0.0,54.17,-3.61,2026-07-02,-,0,939.0
819,-100,Francesco1812,IT,1335.0,-18.41,1416.85,-18.03,27.28,0.13,408,24.0,179,6.0,228,18.0,1,0.0,43.87,-1.18,2026-07-21,-,0,509.0
820,-70,RedMadMike,PL,1334.93,-4.39,1449.0,0.0,38.02,1.46,147,0.0,62,0.0,84,0.0,1,0.0,42.18,0.0,2026-02-05,-,0,416.0
-,-,Major.Tom,SE,1334.6,-1.42,1680.03,0.0,115.14,0.47,12,0.0,9,0.0,3,0.0,0,0.0,75.0,0.0,2024-09-01,-,0,-
821,-66,Cowzapper,-,1334.45,-1.41,1680.99,0.0,115.51,0.47,12,0.0,9,0.0,3,0.0,0,0.0,75.0,0.0,2026-01-14,-,0,-
822,119,snowjotunn,-,1334.07,104.49,1624.12,42.49,96.68,-20.66,18,6.0,11,4.0,7,2.0,0,0.0,61.11,2.78,2026-07-17,-,0,-
823,-143,Seppel,-,1333.76,-44.11,1497.77,-49.2,54.67,-1.69,60,6.0,31,0.0,29,6.0,0,0.0,51.67,-5.74,2026-07-26,-,0,750.0
-,-,gyova,-,1332.94,-2.23,1553.62,0.0,73.56,0.74,48,0.0,19,0.0,28,0.0,1,0.0,39.58,0.0,2021-06-02,P,2,-
824,-66,themightyboost,-,1332.93,-1.76,1612.08,0.0,93.05,0.59,24,0.0,15,0.0,7,0.0,2,0.0,62.5,0.0,2026-01-10,-,0,-
825,-38,J-Dawg,-,1332.79,11.52,1524.61,4.33,63.94,-2.4,39,3.0,16,2.0,22,1.0,1,0.0,41.03,2.14,2026-06-24,-,0,805.0
826,-35,JohnDavie,-,1332.56,13.74,1534.27,-3.41,67.24,-5.72,36,6.0,16,3.0,20,3.0,0,0.0,44.44,1.11,2026-07-19,-,0,939.0
827,-50,Dvd75,IT,1332.46,6.72,1420.8,4.85,29.45,-0.62,381,24.0,171,13.0,210,11.0,0,0.0,44.88,0.62,2026-07-27,-,0,609.0
-,-,beecu,-,1331.85,-1.57,1643.46,0.0,103.87,0.52,18,0.0,11,0.0,7,0.0,0,0.0,61.11,0.0,2024-04-04,-,0,-
-,-,Karpik,PL,1331.82,-2.97,1498.97,0.0,55.72,0.99,108,0.0,52,0.0,56,0.0,0,0.0,48.15,0.0,2022-12-04,-,0,-
828,-71,Synchro,BD,1331.82,-2.87,1507.04,0.0,58.41,0.96,48,0.0,23,0.0,25,0.0,0,0.0,47.92,0.0,2026-02-05,-,0,728.0
-,-,CainsAngel,-,1331.47,-1.72,1615.85,0.0,94.79,0.57,24,0.0,14,0.0,10,0.0,0,0.0,58.33,0.0,2025-01-19,-,0,989.0
-,-,Cruul,-,1331.26,-2.73,1510.23,0.0,59.66,0.91,96,0.0,47,0.0,48,0.0,1,0.0,48.96,0.0,2022-06-05,-,0,-
-,-,Saucisse,-,1331.16,-2.55,1530.12,0.0,66.32,0.85,60,0.0,35,0.0,24,0.0,1,0.0,58.33,0.0,2023-11-15,-,0,-
829,-73,SerBaldur,-,1331.08,-4.47,1447.55,0.0,38.82,1.49,246,0.0,110,0.0,136,0.0,0,0.0,44.72,0.0,2026-01-16,-,0,865.0
830,-69,stshow123,-,1331.03,-1.58,1641.15,0.0,103.37,0.53,12,0.0,9,0.0,3,0.0,0,0.0,75.0,0.0,2025-10-10,-,0,1245.0
-,-,Slavica,HR,1330.84,-3.11,1492.52,0.0,53.9,1.04,78,0.0,32,0.0,44,0.0,2,0.0,41.03,0.0,2025-03-30,-,0,595.0
831,-72,Piter3000,PL,1330.55,-3.26,1488.35,0.0,52.6,1.09,102,0.0,44,0.0,57,0.0,1,0.0,43.14,0.0,2025-12-01,-,0,-
-,-,roodBF,-,1329.75,-2.2,1552.33,0.0,74.19,0.73,42,0.0,18,0.0,24,0.0,0,0.0,42.86,0.0,2023-07-18,-,0,-
-,-,Luckcats,FR,1329.53,-2.18,1554.57,0.0,75.01,0.73,42,0.0,26,0.0,16,0.0,0,0.0,61.9,0.0,2023-09-03,-,0,-
-,-,Pluppo,-,1329.5,-2.33,1541.01,0.0,70.5,0.78,72,0.0,40,0.0,32,0.0,0,0.0,55.56,0.0,2021-09-05,-,0,-
-,-,DrWhom,-,1329.19,-2.46,1529.42,0.0,66.74,0.82,60,0.0,31,0.0,29,0.0,0,0.0,51.67,0.0,2022-03-06,-,0,1178.0
832,-68,pandaczar,-,1328.75,-2.78,1507.15,0.0,59.47,0.93,48,0.0,24,0.0,24,0.0,0,0.0,50.0,0.0,2026-03-08,-,0,939.0
833,-68,Vyzvejkanec,-,1328.0,-2.86,1500.88,0.0,57.63,0.95,51,0.0,23,0.0,28,0.0,0,0.0,45.1,0.0,2026-03-20,-,0,939.0
834,-14,HolyOutlaw,US,1327.65,27.01,1446.17,23.38,39.51,-1.21,132,12.0,63,9.0,69,3.0,0,0.0,47.73,2.73,2026-07-29,-,0,572.0
-,-,DoNotCopy,-,1327.63,-2.4,1532.06,0.0,68.14,0.8,60,0.0,33,0.0,27,0.0,0,0.0,55.0,0.0,2022-03-06,-,0,-
835,-56,tiffelvet,-,1327.55,3.84,1488.76,-2.53,53.74,-2.12,69,6.0,34,3.0,34,2.0,1,1.0,49.28,0.07,2026-07-31,-,0,560.0
836,unretired,King.I.T.North,-,1327.36,13.45,1525.07,9.15,65.9,-1.43,60,3.0,26,2.0,34,1.0,0,0.0,43.33,1.22,2026-06-23,-,0,865.0
-,-,BoBo1983,-,1327.13,-1.45,1665.08,0.0,112.65,0.48,24,0.0,17,0.0,7,0.0,0,0.0,70.83,0.0,2020-09-27,-,0,-
837,-64,Yavuial,-,1326.74,-1.45,1665.53,0.0,112.93,0.48,15,0.0,10,0.0,5,0.0,0,0.0,66.67,0.0,2026-01-06,-,0,-
838,-36,Nopeasuoli,FI,1326.66,14.72,1500.24,10.13,57.86,-1.53,48,3.0,26,2.0,22,1.0,0,0.0,54.17,0.84,2026-07-01,-,0,845.0
839,-15,HRG,-,1326.15,28.83,1420.61,28.4,31.48,-0.14,255,18.0,105,11.0,148,7.0,2,0.0,41.18,1.52,2026-07-27,-,0,517.0
840,-74,Repick,-,1326.14,-3.03,1491.05,0.0,54.97,1.01,66,0.0,33,0.0,33,0.0,0,0.0,50.0,0.0,2026-01-16,-,0,989.0
-,-,Bluebird503,-,1326.03,-2.49,1523.04,0.0,65.67,0.83,54,0.0,29,0.0,24,0.0,1,0.0,53.7,0.0,2023-02-05,-,0,-
841,new,ecec,-,1325.95,875.95,1589.31,89.31,87.79,87.79,18,18.0,12,12.0,5,5.0,1,1.0,66.67,66.67,2026-08-10,-,0,-
842,49,rustylantern,-,1325.89,63.53,1542.58,-72.65,72.23,-45.39,30,18.0,17,8.0,13,10.0,0,0.0,56.67,-18.33,2026-08-01,-,0,-
-,-,Nigma,RU,1325.81,-2.52,1523.84,0.0,66.01,0.84,63,0.0,29,0.0,34,0.0,0,0.0,46.03,0.0,2023-03-01,-,0,-
-,-,PatLes5Couronnes,-,1325.57,-2.03,1569.93,0.0,81.45,0.68,36,0.0,13,0.0,20,0.0,3,0.0,36.11,0.0,2025-04-25,-,0,578.0
-,-,Grobyl,FR,1325.27,-3.22,1493.54,0.0,56.09,1.07,138,0.0,71,0.0,65,0.0,2,0.0,51.45,0.0,2023-02-05,-,0,-
843,-69,mikemast,-,1325.2,-2.69,1507.32,0.0,60.7,0.9,45,0.0,21,0.0,24,0.0,0,0.0,46.67,0.0,2026-03-09,-,0,488.0
-,-,tolong,-,1325.18,-1.77,1601.68,0.0,92.17,0.59,24,0.0,14,0.0,10,0.0,0,0.0,58.33,0.0,2021-06-02,-,0,-
-,-,HansBugge,NO,1325.07,-4.12,1448.09,0.0,41.01,1.37,186,0.0,98,0.0,86,0.0,2,0.0,52.69,0.0,2025-04-30,-,0,700.0
844,-46,tysat,-,1324.96,8.22,1435.41,5.22,36.82,-1.0,237,12.0,102,6.0,133,6.0,2,0.0,43.04,0.37,2026-08-01,-,0,522.0
-,-,superginger,-,1324.72,-3.14,1484.34,0.0,53.21,1.05,147,0.0,63,0.0,83,0.0,1,0.0,42.86,0.0,2023-03-01,-,0,-
-,-,HeartBreakKid,US,1324.55,-2.81,1503.33,0.0,59.59,0.94,90,0.0,40,0.0,49,0.0,1,0.0,44.44,0.0,2024-07-01,-,0,-
-,-,Maukka,-,1324.42,-3.47,1470.54,0.0,48.71,1.16,186,0.0,87,0.0,97,0.0,2,0.0,46.77,0.0,2024-04-04,-,0,-
-,-,BrentC,-,1324.12,-1.79,1600.33,0.0,92.07,0.6,36,0.0,20,0.0,16,0.0,0,0.0,55.56,0.0,2019-12-30,-,0,-
-,-,jsjsj,AU,1323.87,-2.96,1493.84,0.0,56.66,0.99,84,0.0,41,0.0,39,0.0,4,0.0,48.81,0.0,2024-10-01,-,0,-
845,-50,SirDaan,-,1323.7,5.84,1573.02,-12.51,83.11,-6.12,21,3.0,11,1.0,10,2.0,0,0.0,52.38,-3.18,2026-07-04,-,0,-
-,-,Martin2021,-,1322.68,-3.19,1477.09,0.0,51.47,1.06,78,0.0,38,0.0,40,0.0,0,0.0,48.72,0.0,2025-08-02,-,0,753.0
-,-,Nuzzoloo95,-,1322.68,-1.95,1577.45,0.0,84.92,0.65,24,0.0,12,0.0,12,0.0,0,0.0,50.0,0.0,2024-07-01,-,0,-
846,-71,TAOxEagle,US,1322.62,-4.18,1447.28,0.0,41.56,1.39,204,0.0,88,0.0,112,0.0,4,0.0,43.14,0.0,2026-03-14,-,0,662.0
-,-,thelittlejim,-,1322.58,-3.72,1461.39,0.0,46.27,1.24,189,0.0,83,0.0,103,0.0,3,0.0,43.92,0.0,2024-03-03,-,0,-
-,-,ssacz,PL,1322.5,-2.1,1556.82,0.0,78.11,0.7,36,0.0,22,0.0,14,0.0,0,0.0,61.11,0.0,2024-04-04,-,0,-
-,-,Andregby,-,1322.45,-1.23,1719.99,0.0,132.52,0.41,12,0.0,11,0.0,1,0.0,0,0.0,91.67,0.0,2021-06-02,-,0,-
847,-53,Sapiocek,-,1321.85,3.55,1437.28,-0.03,38.48,-1.2,177,12.0,81,6.0,95,6.0,1,0.0,45.76,0.31,2026-07-26,G,2,796.0
-,-,Gwindor,-,1321.48,-2.78,1498.05,0.0,58.86,0.93,90,0.0,43,0.0,47,0.0,0,0.0,47.78,0.0,2023-12-03,-,0,-
-,-,Toudi,-,1321.46,-2.4,1526.84,0.0,68.46,0.8,48,0.0,24,0.0,23,0.0,1,0.0,50.0,0.0,2022-12-04,-,0,-
848,-180,StarLakeGuy,-,1321.21,-62.95,1502.03,-75.96,60.27,-4.34,42,6.0,19,0.0,23,6.0,0,0.0,45.24,-7.54,2026-07-22,-,0,805.0
849,-69,Pompeius12,-,1321.2,-1.8,1594.16,0.0,90.98,0.6,18,0.0,10,0.0,8,0.0,0,0.0,55.56,0.0,2026-03-10,-,0,-
-,-,Joalm,-,1321.12,-2.59,1513.65,0.0,64.18,0.86,72,0.0,38,0.0,34,0.0,0,0.0,52.78,0.0,2022-09-04,-,0,-
850,-69,Emerson6Motorcar,-,1321.07,-1.88,1583.16,0.0,87.36,0.63,18,0.0,9,0.0,9,0.0,0,0.0,50.0,0.0,2026-03-17,-,0,-
-,-,swiftchan,-,1321.04,-1.14,1751.45,0.0,143.47,0.38,12,0.0,10,0.0,2,0.0,0,0.0,83.33,0.0,2020-06-28,-,0,-
-,-,Rzheng4,-,1321.03,-1.74,1603.19,0.0,94.05,0.58,18,0.0,11,0.0,7,0.0,0,0.0,61.11,0.0,2025-03-07,-,0,805.0
-,-,bedtimeformonkeys,-,1320.99,-1.35,1682.52,0.0,120.51,0.45,12,0.0,7,0.0,5,0.0,0,0.0,58.33,0.0,2023-03-01,-,0,-
851,-69,bltoby,-,1320.76,-1.44,1662.1,0.0,113.78,0.48,12,0.0,8,0.0,4,0.0,0,0.0,66.67,0.0,2026-01-20,-,0,-
-,-,Schallers3000,DE,1320.56,-4.26,1450.6,0.0,43.35,1.42,279,0.0,116,0.0,161,0.0,2,0.0,41.58,0.0,2024-10-01,G,4,-
-,-,LeonardoDaVinci016,-,1320.37,-2.45,1520.55,0.0,66.73,0.82,45,0.0,23,0.0,22,0.0,0,0.0,51.11,0.0,2025-05-22,-,0,872.0
852,-14,Wiktor,-,1320.11,30.8,1432.48,23.75,37.46,-2.35,132,18.0,61,12.0,71,6.0,0,0.0,46.21,3.23,2026-08-11,-,0,414.0
853,-124,sausagesky,-,1320.08,-27.88,1472.94,-44.37,50.95,-5.5,66,12.0,29,3.0,37,9.0,0,0.0,43.94,-4.21,2026-07-27,-,0,1067.0
854,-23,MeteorisVulcanus,NL,1319.28,25.12,1485.68,20.86,55.47,-1.42,60,6.0,27,2.0,32,3.0,1,1.0,45.0,-1.3,2026-07-25,-,0,572.0
855,-28,Likas11,CZ,1319.24,22.49,1484.28,14.82,55.01,-2.56,69,6.0,26,3.0,43,3.0,0,0.0,37.68,1.17,2026-07-28,-,0,609.0
856,-13,Lohmann,-,1318.84,31.95,1509.17,14.54,63.44,-5.8,36,6.0,21,4.0,14,2.0,1,0.0,58.33,1.66,2026-07-16,-,0,1118.0
-,-,Gardir,-,1318.7,-2.91,1494.64,0.0,58.65,0.97,108,0.0,53,0.0,54,0.0,1,0.0,49.07,0.0,2024-04-04,G,6,-
-,-,Palace,-,1318.33,-2.33,1529.59,0.0,70.42,0.78,42,0.0,16,0.0,26,0.0,0,0.0,38.1,0.0,2025-03-08,-,0,757.0
-,-,raymebeats,-,1318.17,-1.41,1664.8,0.0,115.54,0.47,12,0.0,11,0.0,1,0.0,0,0.0,91.67,0.0,2024-03-03,-,0,-
-,-,Robson_Ponte,-,1317.73,-2.86,1491.87,0.0,58.05,0.95,81,0.0,41,0.0,40,0.0,0,0.0,50.62,0.0,2024-04-04,-,0,-
857,-105,dmhalford,IT,1317.72,-20.63,1415.6,-18.77,32.63,0.62,339,9.0,145,0.0,191,8.0,3,1.0,42.77,-1.17,2026-07-24,-,0,700.0
858,13,Quokka,FR,1317.48,40.31,1444.93,35.15,42.48,-1.72,114,12.0,46,8.0,68,4.0,0,0.0,40.35,3.1,2026-07-24,-,0,614.0
859,-76,Alebv,-,1317.46,-4.55,1517.7,-20.15,66.75,-5.2,36,6.0,18,2.0,18,4.0,0,0.0,50.0,-3.33,2026-08-06,-,0,939.0
-,-,spectronz,-,1317.14,-2.26,1535.1,0.0,72.65,0.75,48,0.0,23,0.0,25,0.0,0,0.0,47.92,0.0,2021-12-05,-,0,-
-,-,Luthenoor,-,1317.02,-1.65,1617.14,0.0,100.04,0.55,24,0.0,15,0.0,9,0.0,0,0.0,62.5,0.0,2021-06-02,-,0,-
-,-,Maciej,-,1316.83,-1.46,1653.51,0.0,112.23,0.49,12,0.0,8,0.0,4,0.0,0,0.0,66.67,0.0,2024-04-04,-,0,-
-,-,Tafareeeeel,-,1316.7,-2.02,1558.89,0.0,80.73,0.67,36,0.0,20,0.0,16,0.0,0,0.0,55.56,0.0,2022-03-06,-,0,-
860,-76,Jappa,NL,1316.52,-5.34,1416.47,0.0,33.32,1.78,231,0.0,87,0.0,144,0.0,0,0.0,37.66,0.0,2026-01-19,G,4,313.0
861,-68,Luludumm,-,1316.52,-2.07,1553.46,0.0,78.98,0.69,24,0.0,12,0.0,11,0.0,1,0.0,50.0,0.0,2025-12-01,-,0,805.0
862,-70,honne,-,1316.43,-2.17,1544.27,0.0,75.95,0.72,30,0.0,16,0.0,14,0.0,0,0.0,53.33,0.0,2026-03-09,-,0,989.0
863,-40,Polldrake,-,1316.41,19.02,1446.0,11.58,43.2,-2.48,99,12.0,39,6.0,59,6.0,1,0.0,39.39,1.46,2026-08-01,-,0,485.0
-,-,Gustavus_Adolphus,-,1316.29,-1.73,1599.88,0.0,94.53,0.58,18,0.0,10,0.0,8,0.0,0,0.0,55.56,0.0,2025-03-07,-,0,939.0
-,-,joofajnvyber,-,1315.7,-2.62,1505.19,0.0,63.16,0.87,84,0.0,34,0.0,50,0.0,0,0.0,40.48,0.0,2021-12-05,-,0,-
-,-,Hellomruppercut,-,1314.93,-2.89,1486.61,0.0,57.23,0.96,102,0.0,48,0.0,53,0.0,1,0.0,47.06,0.0,2023-01-15,-,0,-
-,-,joniboni,-,1314.92,-1.65,1611.7,0.0,98.93,0.55,18,0.0,10,0.0,8,0.0,0,0.0,55.56,0.0,2024-04-04,-,0,786.0
-,-,AkisProg,GR,1314.8,-3.1,1473.86,0.0,53.02,1.03,150,0.0,68,0.0,81,0.0,1,0.0,45.33,0.0,2023-04-11,-,0,-
-,-,Fall87,-,1313.61,-2.51,1508.61,0.0,65.0,0.84,72,0.0,37,0.0,34,0.0,1,0.0,51.39,0.0,2022-03-06,-,0,-
-,-,likkle1,GB,1313.27,-2.32,1527.83,0.0,71.52,0.77,45,0.0,21,0.0,24,0.0,0,0.0,46.67,0.0,2024-04-04,-,0,-
864,240,wrx666,-,1313.07,198.18,1608.84,110.75,98.59,-29.14,18,6.0,10,5.0,8,1.0,0,0.0,55.56,13.89,2026-07-16,-,0,-
-,-,DanReyLop,-,1312.92,-1.75,1592.36,0.0,93.15,0.58,18,0.0,12,0.0,6,0.0,0,0.0,66.67,0.0,2025-03-01,-,0,939.0
865,-66,Monik,LT,1312.91,-2.81,1393.23,-1.87,26.77,0.31,591,24.0,247,9.0,342,15.0,2,0.0,41.79,-0.19,2026-07-29,-,0,500.0
866,-66,ZwzwNzw,CN,1312.72,-2.07,1550.91,0.0,79.4,0.69,24,0.0,10,0.0,13,0.0,1,0.0,41.67,0.0,2025-09-23,-,0,746.0
-,-,RogueMeeple,-,1312.23,-2.6,1501.21,0.0,62.99,0.87,84,0.0,46,0.0,37,0.0,1,0.0,54.76,0.0,2022-03-06,-,0,-
-,-,borostar,-,1311.65,-1.89,1571.23,0.0,86.53,0.63,24,0.0,9,0.0,15,0.0,0,0.0,37.5,0.0,2023-06-06,-,0,1388.0
-,-,Sweaty-Pie,-,1311.61,-3.03,1474.86,0.0,54.42,1.01,168,0.0,69,0.0,98,0.0,1,0.0,41.07,0.0,2022-12-04,G,2,-
-,-,Evilc,-,1311.57,-1.5,1637.26,0.0,108.57,0.5,12,0.0,7,0.0,5,0.0,0,0.0,58.33,0.0,2023-03-01,-,0,-
-,-,Rockdrigo,-,1311.1,-1.62,1613.05,0.0,100.65,0.54,24,0.0,16,0.0,8,0.0,0,0.0,66.67,0.0,2020-09-27,-,0,-
-,-,Redgarex,-,1310.98,-1.17,1729.38,0.0,139.47,0.39,12,0.0,10,0.0,2,0.0,0,0.0,83.33,0.0,2020-09-27,-,0,-
867,-34,EugeneB,-,1310.95,17.69,1437.52,10.75,42.19,-2.31,99,12.0,44,7.0,55,5.0,0,0.0,44.44,1.91,2026-07-22,-,0,529.0
-,-,szaibot,-,1310.54,-2.46,1515.41,0.0,68.29,0.82,72,0.0,33,0.0,39,0.0,0,0.0,45.83,0.0,2021-09-05,-,0,-
868,68,Opi,-,1310.5,75.87,1523.73,51.05,71.08,-8.27,30,6.0,13,4.0,16,2.0,1,0.0,43.33,5.83,2026-07-27,-,0,989.0
-,-,ConorS,US,1310.29,-1.65,1606.94,0.0,98.88,0.55,18,0.0,12,0.0,6,0.0,0,0.0,66.67,0.0,2024-04-04,-,0,-
-,-,Valsim,-,1310.17,-2.26,1528.84,0.0,72.89,0.75,36,0.0,18,0.0,18,0.0,0,0.0,50.0,0.0,2025-03-06,-,0,939.0
869,4,Korsus,IT,1309.3,33.86,1438.52,32.48,43.07,-0.46,126,6.0,54,5.0,71,1.0,1,0.0,42.86,2.03,2026-07-17,-,0,926.0
-,-,Charcutero,-,1309.09,-3.01,1472.32,0.0,54.41,1.0,90,0.0,41,0.0,48,0.0,1,0.0,45.56,0.0,2024-09-04,-,0,-
870,14,Chris10,DE,1307.69,39.87,1425.24,32.87,39.18,-2.33,120,18.0,50,9.0,68,8.0,2,1.0,41.67,1.47,2026-08-10,-,0,473.0
-,-,Tenebrane,-,1307.65,-2.1,1541.13,0.0,77.82,0.7,30,0.0,16,0.0,14,0.0,0,0.0,53.33,0.0,2025-01-15,-,0,1067.0
871,-68,Zazabuzao,-,1307.54,-3.64,1443.19,0.0,45.22,1.21,114,0.0,50,0.0,63,0.0,1,0.0,43.86,0.0,2025-10-07,-,0,1116.0
-,-,skanadron,-,1307.16,-2.61,1499.29,0.0,64.04,0.87,84,0.0,37,0.0,46,0.0,1,0.0,44.05,0.0,2021-12-05,-,0,-
-,-,T-dawg,US,1307.07,-1.94,1560.11,0.0,84.35,0.65,21,0.0,13,0.0,8,0.0,0,0.0,61.9,0.0,2025-02-16,-,0,-
-,-,Uslo,UA,1306.16,-1.88,1566.39,0.0,86.74,0.63,24,0.0,14,0.0,8,0.0,2,0.0,58.33,0.0,2022-09-04,-,0,-
872,-26,Dumnac,FR,1305.96,22.0,1397.14,20.04,30.39,-0.65,243,24.0,96,12.0,147,12.0,0,0.0,39.51,1.15,2026-08-07,-,0,611.0
-,-,NagyGL,-,1305.88,-1.51,1629.43,0.0,107.85,0.5,24,0.0,15,0.0,8,0.0,1,0.0,62.5,0.0,2019-12-30,-,0,-
-,-,pabula,PL,1305.87,-3.81,1441.82,0.0,45.32,1.27,213,0.0,97,0.0,116,0.0,0,0.0,45.54,0.0,2024-10-01,-,0,-
-,-,Exurbitantus,-,1305.72,-1.91,1564.72,0.0,86.33,0.64,30,0.0,15,0.0,15,0.0,0,0.0,50.0,0.0,2023-04-16,-,0,-
873,-69,Joppur,SE,1305.41,-4.91,1412.26,0.0,35.62,1.64,288,0.0,114,0.0,172,0.0,2,0.0,39.58,0.0,2025-12-01,-,0,396.0
-,-,Non-SlimJim,-,1305.06,-2.5,1505.14,0.0,66.69,0.83,72,0.0,33,0.0,39,0.0,0,0.0,45.83,0.0,2021-09-05,-,0,-
-,-,TheMorat,-,1304.68,-1.49,1633.82,0.0,109.71,0.5,12,0.0,6,0.0,6,0.0,0,0.0,50.0,0.0,2023-03-01,-,0,-
-,-,LinhVu,-,1304.56,-2.66,1489.33,0.0,61.59,0.89,57,0.0,27,0.0,30,0.0,0,0.0,47.37,0.0,2025-01-07,-,0,989.0
-,-,terroirista,-,1304.46,-1.81,1575.78,0.0,90.44,0.6,36,0.0,22,0.0,14,0.0,0,0.0,61.11,0.0,2020-06-28,G,2,-
-,-,demainlesdauphins,-,1304.44,-2.9,1478.58,0.0,58.05,0.97,72,0.0,32,0.0,40,0.0,0,0.0,44.44,0.0,2025-04-12,-,0,681.0
874,-68,ginociccio,-,1304.42,-2.53,1500.51,0.0,65.36,0.84,36,0.0,16,0.0,20,0.0,0,0.0,44.44,0.0,2026-03-05,-,0,939.0
-,-,Emiliano,IT,1304.26,-3.18,1465.06,0.0,53.6,1.06,144,0.0,66,0.0,76,0.0,2,0.0,45.83,0.0,2024-04-04,-,0,-
875,-68,homura,-,1304.01,-1.87,1568.24,0.0,88.08,0.62,24,0.0,11,0.0,9,0.0,4,0.0,45.83,0.0,2025-12-01,-,0,-
-,-,Garghi,IT,1303.91,-2.37,1511.55,0.0,69.22,0.79,39,0.0,24,0.0,14,0.0,1,0.0,61.54,0.0,2024-02-25,-,0,-
876,-59,Mitchum,IT,1303.76,2.14,1393.35,-0.48,29.86,-0.87,231,24.0,101,12.0,129,12.0,1,0.0,43.72,0.72,2026-07-27,-,0,491.0
-,-,Khashir,-,1303.68,-1.7,1591.54,0.0,95.95,0.57,24,0.0,16,0.0,8,0.0,0,0.0,66.67,0.0,2021-09-05,-,0,-
-,-,Blackbolt53,-,1303.38,-1.67,1598.16,0.0,98.26,0.56,18,0.0,10,0.0,8,0.0,0,0.0,55.56,0.0,2024-04-04,-,0,-
877,21,Bigsbyben,-,1303.27,44.94,1560.58,3.81,85.77,-13.71,24,6.0,13,4.0,11,2.0,0,0.0,54.17,4.17,2026-08-08,-,0,-
878,-73,Brickmarck,-,1303.23,-3.84,1435.6,0.0,44.12,1.28,90,0.0,40,0.0,48,0.0,2,0.0,44.44,0.0,2026-04-17,-,0,1067.0
879,-14,Rhand,-,1303.08,24.02,1512.62,8.64,69.85,-5.13,36,6.0,17,3.0,19,3.0,0,0.0,47.22,0.55,2026-07-21,-,0,939.0
-,-,maffoffo,-,1302.8,-2.31,1515.27,0.0,70.82,0.77,36,0.0,20,0.0,16,0.0,0,0.0,55.56,0.0,2025-04-22,-,0,798.0
-,-,Kelric,-,1302.61,-2.67,1490.09,0.0,62.49,0.89,84,0.0,37,0.0,42,0.0,5,0.0,44.05,0.0,2023-06-06,-,0,-
-,-,pororo2,-,1302.41,-2.45,1503.59,0.0,67.06,0.82,72,0.0,37,0.0,35,0.0,0,0.0,51.39,0.0,2021-12-05,-,0,-
-,-,Menno,-,1301.85,-3.63,1444.48,0.0,47.54,1.21,174,0.0,70,0.0,102,0.0,2,0.0,40.23,0.0,2024-07-01,G,2,-
880,-68,Kayser,-,1301.33,-2.27,1519.32,0.0,72.66,0.76,36,0.0,20,0.0,16,0.0,0,0.0,55.56,0.0,2026-03-03,-,0,872.0
-,-,M-L-E,GR,1300.82,-2.65,1487.39,0.0,62.19,0.88,72,0.0,30,0.0,41,0.0,1,0.0,41.67,0.0,2025-04-17,-,0,572.0
881,-68,FollowerOfCicero,-,1300.75,-1.81,1570.86,0.0,90.04,0.6,18,0.0,8,0.0,10,0.0,0,0.0,44.44,0.0,2026-03-25,-,0,-
882,-27,Chriiiss,FR,1300.42,18.98,1397.85,18.49,32.48,-0.17,330,15.0,140,10.0,188,5.0,2,0.0,42.42,1.15,2026-08-03,-,0,445.0
-,-,zook,-,1300.4,-1.89,1560.11,0.0,86.57,0.63,36,0.0,19,0.0,17,0.0,0,0.0,52.78,0.0,2020-09-27,P,4,-
-,-,Rabus,DE,1300.4,-3.2,1453.13,0.0,50.91,1.07,108,0.0,56,0.0,51,0.0,1,0.0,51.85,0.0,2024-04-04,-,0,-
883,33,jmcj,-,1300.34,52.83,1452.73,26.68,50.8,-8.72,66,18.0,28,8.0,37,10.0,1,0.0,42.42,0.75,2026-07-21,-,0,1258.0
884,-73,Mockingbird5,GB,1299.64,-4.63,1391.37,-6.93,30.58,-0.77,270,24.0,107,8.0,160,16.0,3,0.0,39.63,-0.61,2026-08-01,-,0,411.0
-,-,Thantalus,-,1299.49,-2.18,1527.51,0.0,76.01,0.73,42,0.0,20,0.0,22,0.0,0,0.0,47.62,0.0,2023-04-16,-,0,-
-,-,Kleopatra,-,1299.06,-1.97,1547.66,0.0,82.87,0.66,36,0.0,19,0.0,16,0.0,1,0.0,52.78,0.0,2021-03-02,-,0,-
885,-67,Skatanic,-,1298.64,-2.34,1508.41,0.0,69.92,0.78,36,0.0,17,0.0,19,0.0,0,0.0,47.22,0.0,2026-03-03,-,0,872.0
-,-,Backburner,LB,1298.01,-2.74,1480.28,0.0,60.76,0.91,90,0.0,42,0.0,48,0.0,0,0.0,46.67,0.0,2024-04-04,-,0,-
886,new,decoy1980,-,1297.94,847.94,1600.66,100.66,100.91,100.91,12,12.0,8,8.0,4,4.0,0,0.0,66.67,66.67,2026-07-23,-,0,-
-,-,Vandal,-,1297.84,-2.2,1520.31,0.0,74.15,0.73,36,0.0,14,0.0,22,0.0,0,0.0,38.89,0.0,2024-07-01,-,0,-
-,-,Silmegil,-,1297.41,-1.43,1639.11,0.0,113.9,0.48,18,0.0,13,0.0,5,0.0,0,0.0,72.22,0.0,2023-01-15,-,0,-
-,-,272194996,-,1297.32,-2.06,1544.73,0.0,82.47,0.69,36,0.0,21,0.0,15,0.0,0,0.0,58.33,0.0,2021-12-05,-,0,-
887,-71,eaguirre,-,1297.25,-4.49,1413.57,0.0,38.78,1.5,240,0.0,114,0.0,123,0.0,3,0.0,47.5,0.0,2025-11-24,-,0,1181.0
-,-,bzburnin,-,1297.23,-4.66,1409.56,0.0,37.44,1.55,411,0.0,153,0.0,251,0.0,7,0.0,37.23,0.0,2025-05-09,G,6,707.0
888,-22,Kecso,-,1297.13,18.07,1531.66,-11.32,78.18,-9.8,30,6.0,18,3.0,12,3.0,0,0.0,60.0,-2.5,2026-08-09,-,0,1118.0
-,-,Marassi,BR,1296.96,-2.62,1484.59,0.0,62.55,0.87,69,0.0,30,0.0,38,0.0,1,0.0,43.48,0.0,2023-02-05,-,0,-
889,new,DucciEmi,-,1296.77,846.77,1566.36,66.36,89.86,89.86,18,18.0,11,11.0,7,7.0,0,0.0,61.11,61.11,2026-08-11,-,0,-
890,-71,Schedar,-,1296.68,-4.08,1418.97,-4.75,40.76,-0.22,162,6.0,59,2.0,99,4.0,4,0.0,36.42,-0.12,2026-07-29,-,0,836.0
-,-,CountFab,-,1296.58,-1.57,1608.9,0.0,104.11,0.52,18,0.0,11,0.0,7,0.0,0,0.0,61.11,0.0,2025-03-13,-,0,872.0
-,-,Z-man,-,1296.49,-1.68,1588.68,0.0,97.4,0.56,18,0.0,11,0.0,7,0.0,0,0.0,61.11,0.0,2025-03-06,-,0,805.0
891,-49,Exile,-,1296.42,9.39,1385.74,8.34,29.77,-0.35,357,24.0,150,12.0,204,12.0,3,0.0,42.02,0.58,2026-08-01,-,0,600.0
892,-64,akira215,US,1296.4,-0.32,1386.24,1.87,29.95,0.73,420,12.0,164,5.0,252,7.0,4,0.0,39.05,0.08,2026-08-07,-,0,457.0
893,-123,Smilzo,-,1295.81,-32.78,1485.54,-39.54,63.24,-2.25,39,3.0,15,0.0,23,3.0,1,0.0,38.46,-3.21,2026-06-17,-,0,989.0
-,-,markosalaplaya,-,1295.7,-3.16,1453.4,0.0,52.57,1.05,156,0.0,73,0.0,82,0.0,1,0.0,46.79,0.0,2024-09-01,G,2,1374.0
894,-106,rem_Abaddon,-,1295.66,-24.45,1520.9,-52.6,75.08,-9.38,30,6.0,16,2.0,13,4.0,1,0.0,53.33,-5.0,2026-07-25,-,0,1067.0
-,-,TEPBEP,-,1295.54,-2.64,1484.36,0.0,62.94,0.88,54,0.0,29,0.0,25,0.0,0,0.0,53.7,0.0,2024-04-04,-,0,-
-,-,Diaz,-,1295.53,-1.67,1589.4,0.0,97.96,0.56,18,0.0,7,0.0,11,0.0,0,0.0,38.89,0.0,2024-07-01,-,0,-
-,-,gaute,-,1295.17,-1.08,1750.4,0.0,151.75,0.36,12,0.0,10,0.0,2,0.0,0,0.0,83.33,0.0,2018-10-14,-,0,-
895,-106,monkeyml,-,1294.74,-24.91,1405.31,-27.24,36.85,-0.78,183,12.0,76,1.0,107,11.0,0,0.0,41.53,-2.33,2026-07-08,-,0,640.0
-,-,DHYellow,-,1294.18,-1.74,1577.06,0.0,94.29,0.58,36,0.0,20,0.0,16,0.0,0,0.0,55.56,0.0,2020-09-27,-,0,-
-,-,Scurvydraco,-,1294.08,-1.85,1558.43,0.0,88.12,0.62,24,0.0,14,0.0,10,0.0,0,0.0,58.33,0.0,2025-04-22,-,0,1388.0
-,-,Amstrid,-,1293.69,-2.34,1507.16,0.0,71.15,0.78,51,0.0,27,0.0,23,0.0,1,0.0,52.94,0.0,2023-01-15,-,0,-
-,-,LaDfBC,-,1293.62,-1.98,1541.06,0.0,82.48,0.66,24,0.0,11,0.0,13,0.0,0,0.0,45.83,0.0,2025-04-19,-,0,729.0
-,-,fli_pao,-,1293.53,-3.37,1443.39,0.0,49.95,1.12,114,0.0,54,0.0,59,0.0,1,0.0,47.37,0.0,2025-01-16,-,0,716.0
896,-67,longapple,-,1293.5,-1.78,1569.27,0.0,91.93,0.59,18,0.0,8,0.0,10,0.0,0,0.0,44.44,0.0,2026-03-01,-,0,-
-,-,Pablito,-,1293.2,-3.25,1449.63,0.0,52.14,1.08,156,0.0,71,0.0,84,0.0,1,0.0,45.51,0.0,2023-06-04,-,0,-
897,new,joecackler,-,1292.85,842.85,1718.94,218.94,142.03,142.03,6,6.0,5,5.0,1,1.0,0,0.0,83.33,83.33,2026-07-21,-,0,868.0
-,-,lorrico,-,1292.42,-1.14,1722.11,0.0,143.23,0.38,12,0.0,10,0.0,2,0.0,0,0.0,83.33,0.0,2020-09-27,-,0,-
898,9,Kartek,-,1292.4,38.78,1427.86,13.92,45.15,-8.29,84,24.0,37,10.0,47,14.0,0,0.0,44.05,-0.95,2026-08-01,-,0,861.0
899,-63,Puren94,-,1292.06,1.24,1487.06,-12.48,65.0,-4.57,48,6.0,25,3.0,23,3.0,0,0.0,52.08,-0.3,2026-07-17,-,0,1287.0
900,-159,gulper,-,1291.29,-52.32,1402.72,-59.02,37.14,-2.24,162,18.0,64,0.0,96,18.0,2,0.0,39.51,-4.93,2026-07-20,-,0,645.0
-,-,TepSloan,-,1290.94,-2.99,1456.78,0.0,55.28,1.0,108,0.0,58,0.0,50,0.0,0,0.0,53.7,0.0,2023-06-04,-,0,-
-,-,Vascostamartins,-,1290.48,-2.89,1468.05,0.0,59.19,0.96,96,0.0,45,0.0,50,0.0,1,0.0,46.88,0.0,2023-09-03,-,0,-
901,-80,oleKanin,NO,1290.35,-10.06,1409.19,-14.94,39.61,-1.63,138,12.0,58,4.0,77,7.0,3,1.0,42.03,-0.83,2026-07-27,-,0,469.0
902,-93,Jolli,-,1290.13,-14.46,1382.45,-16.98,30.77,-0.84,219,24.0,86,5.0,130,18.0,3,1.0,39.27,-2.27,2026-07-30,-,0,500.0
903,unretired,Enas,-,1290.0,25.43,1499.75,5.54,69.92,-6.63,42,6.0,20,3.0,22,3.0,0,0.0,47.62,0.4,2026-08-05,-,0,836.0
904,130,Lamont_Gu,-,1289.97,118.64,1532.2,82.25,80.74,-12.13,24,6.0,12,5.0,12,1.0,0,0.0,50.0,11.11,2026-07-29,-,0,-
-,-,Pastuino,-,1289.87,-1.15,1715.03,0.0,141.72,0.38,12,0.0,10,0.0,2,0.0,0,0.0,83.33,0.0,2019-12-22,-,0,-
-,-,Engelpopengel,-,1289.86,-2.49,1489.44,0.0,66.52,0.83,60,0.0,29,0.0,31,0.0,0,0.0,48.33,0.0,2022-03-06,-,0,-
905,-163,tue2k,-,1289.0,-54.25,1527.46,-90.15,79.49,-11.97,24,6.0,11,1.0,13,5.0,0,0.0,45.83,-9.73,2026-07-24,-,0,-
906,-74,Minde,NO,1288.71,-4.65,1401.9,0.0,37.73,1.55,204,0.0,79,0.0,123,0.0,2,0.0,38.73,0.0,2026-01-17,-,0,742.0
-,-,TheOTHERZadok,-,1288.61,-2.58,1480.5,0.0,63.96,0.86,84,0.0,44,0.0,40,0.0,0,0.0,52.38,0.0,2021-12-05,-,0,-
-,-,Cragheart,DK,1288.16,-3.01,1456.43,0.0,56.09,1.0,105,0.0,47,0.0,58,0.0,0,0.0,44.76,0.0,2023-02-05,-,0,-
907,-27,Beewiz,-,1287.92,17.22,1542.74,-2.11,84.94,-6.44,21,3.0,11,2.0,10,1.0,0,0.0,52.38,2.38,2026-06-24,-,0,1287.0
-,-,KapitanTom,CZ,1287.54,-2.76,1466.47,0.0,59.64,0.92,63,0.0,25,0.0,36,0.0,2,0.0,39.68,0.0,2025-01-15,-,0,852.0
908,new,Kroplasowy,-,1287.36,837.36,1593.43,93.43,102.02,102.02,12,12.0,8,8.0,4,4.0,0,0.0,66.67,66.67,2026-07-29,-,0,-
-,-,wylaryzel,AT,1287.12,-2.86,1461.81,0.0,58.23,0.95,90,0.0,48,0.0,42,0.0,0,0.0,53.33,0.0,2023-06-04,-,0,-
-,-,Pandaiga,-,1287.08,-1.5,1612.98,0.0,108.63,0.5,24,0.0,14,0.0,10,0.0,0,0.0,58.33,0.0,2018-09-30,-,0,-
-,-,fas723,-,1286.63,-1.64,1586.41,0.0,99.93,0.55,18,0.0,9,0.0,8,0.0,1,0.0,50.0,0.0,2024-04-04,-,0,-
909,unretired,thomas.h.hoff,NO,1286.19,1.4,1409.51,1.31,41.11,-0.03,180,6.0,75,2.0,105,4.0,0,0.0,41.67,-0.28,2026-08-03,-,0,690.0
910,-71,kev5047,GB,1286.11,-2.99,1397.05,-9.54,36.98,-2.18,147,18.0,61,6.0,84,11.0,2,1.0,41.5,-1.14,2026-08-01,-,0,565.0
911,-76,Drizzt84,-,1286.06,-5.81,1383.87,-6.18,32.6,-0.12,282,15.0,98,4.0,183,11.0,1,0.0,34.75,-0.46,2026-07-25,-,0,659.0
912,-75,Bonobours,FR,1286.0,-3.91,1413.34,0.0,42.45,1.3,105,0.0,48,0.0,57,0.0,0,0.0,45.71,0.0,2026-01-21,-,0,679.0
-,-,Doddus,IT,1285.77,-2.7,1467.67,0.0,60.63,0.9,60,0.0,32,0.0,28,0.0,0,0.0,53.33,0.0,2025-07-21,-,0,1388.0
-,-,Brandon12129,US,1285.21,-3.23,1446.29,0.0,53.69,1.08,132,0.0,55,0.0,73,0.0,4,0.0,41.67,0.0,2023-12-03,-,0,-
913,-72,ekatar,-,1285.16,-2.09,1520.52,0.0,78.45,0.7,24,0.0,10,0.0,14,0.0,0,0.0,41.67,0.0,2026-01-16,-,0,989.0
914,-39,Jume,ES,1284.86,10.74,1372.47,8.81,29.2,-0.64,258,24.0,105,13.0,151,11.0,2,0.0,40.7,1.38,2026-07-31,-,0,496.0
915,-85,Wolfdragons,-,1284.82,-9.9,1447.48,-17.79,54.22,-2.63,51,6.0,23,2.0,28,4.0,0,0.0,45.1,-1.57,2026-08-11,-,0,-
916,-90,GamesClaw,-,1284.63,-12.39,1426.8,-25.53,47.39,-4.38,69,12.0,32,3.0,37,9.0,0,0.0,46.38,-4.5,2026-07-28,-,0,805.0
-,-,Benici,-,1284.46,-1.37,1641.39,0.0,118.98,0.46,12,0.0,8,0.0,4,0.0,0,0.0,66.67,0.0,2024-04-04,-,0,-
-,-,Goodgame111,-,1284.1,-1.67,1578.35,0.0,98.08,0.56,18,0.0,12,0.0,6,0.0,0,0.0,66.67,0.0,2023-04-11,-,0,-
917,95,KeNMansters,-,1283.69,98.59,1562.48,36.81,92.93,-20.59,18,6.0,11,4.0,7,2.0,0,0.0,61.11,2.78,2026-07-31,-,0,-
918,new,Sr-Manteca,-,1283.44,833.44,1789.5,289.5,168.69,168.69,6,6.0,4,4.0,2,2.0,0,0.0,66.67,66.67,2026-08-02,-,0,-
-,-,pilalla,-,1283.37,-1.86,1548.13,0.0,88.25,0.62,36,0.0,20,0.0,16,0.0,0,0.0,55.56,0.0,2020-12-06,-,0,-
-,-,Essios,-,1282.95,-1.88,1547.81,0.0,88.29,0.63,36,0.0,17,0.0,19,0.0,0,0.0,47.22,0.0,2021-03-02,-,0,-
-,-,pablocg,-,1282.07,-1.48,1613.86,0.0,110.59,0.49,12,0.0,8,0.0,4,0.0,0,0.0,66.67,0.0,2024-04-04,-,0,-
-,-,luiza,-,1281.49,-2.19,1507.92,0.0,75.48,0.73,48,0.0,27,0.0,21,0.0,0,0.0,56.25,0.0,2021-12-05,-,0,-
919,-74,mikey1nt,-,1281.08,-3.01,1445.92,0.0,54.95,1.0,66,0.0,27,0.0,39,0.0,0,0.0,40.91,0.0,2025-12-01,-,0,1067.0
920,-66,Rick80,-,1281.04,-1.68,1401.39,-6.19,40.12,-1.5,117,12.0,52,5.0,64,7.0,1,0.0,44.44,-0.32,2026-08-04,-,0,618.0
921,-74,gego,-,1280.65,-3.2,1435.5,0.0,51.61,1.07,72,0.0,30,0.0,42,0.0,0,0.0,41.67,0.0,2026-03-03,-,0,872.0
922,-82,TeriyakiJaccuzi,US,1280.4,-8.63,1369.95,-6.62,29.85,0.67,438,12.0,159,4.0,275,7.0,4,1.0,36.3,-0.08,2026-08-06,-,0,502.0
-,-,seyedempire,-,1280.08,-1.64,1584.19,0.0,101.37,0.55,18,0.0,11,0.0,7,0.0,0,0.0,61.11,0.0,2025-03-15,-,0,939.0
923,-74,jandaron,TR,1280.07,-3.6,1419.31,0.0,46.41,1.2,84,0.0,38,0.0,46,0.0,0,0.0,45.24,0.0,2026-03-20,-,0,1280.0
-,-,Sheik-Yerbouti,-,1279.91,-3.01,1442.96,0.0,54.35,1.0,120,0.0,60,0.0,60,0.0,0,0.0,50.0,0.0,2023-09-03,-,0,-
-,-,dontatum,-,1279.74,-2.25,1498.67,0.0,72.98,0.75,60,0.0,30,0.0,30,0.0,0,0.0,50.0,0.0,2021-09-05,-,0,-
-,-,Dario5,-,1279.64,-1.53,1600.58,0.0,106.98,0.51,24,0.0,15,0.0,9,0.0,0,0.0,62.5,0.0,2019-02-17,-,0,-
-,-,Korn73,-,1279.64,-1.13,1711.64,0.0,144.0,0.38,12,0.0,10,0.0,2,0.0,0,0.0,83.33,0.0,2019-12-29,-,0,-
-,-,stripe999,GB,1279.61,-3.59,1419.7,0.0,46.7,1.2,201,0.0,86,0.0,114,0.0,1,0.0,42.79,0.0,2024-04-04,-,0,-
-,-,kwarrend,US,1279.48,-1.71,1566.62,0.0,95.71,0.57,24,0.0,12,0.0,11,0.0,1,0.0,50.0,0.0,2023-03-01,-,0,-
-,-,chisuru,-,1279.41,-1.86,1544.49,0.0,88.36,0.62,24,0.0,11,0.0,12,0.0,1,0.0,45.83,0.0,2024-04-04,-,0,-
924,-68,mobeza,-,1278.82,-2.02,1521.21,0.0,80.8,0.67,24,0.0,14,0.0,10,0.0,0,0.0,58.33,0.0,2026-01-13,-,0,1067.0
-,-,BlaueElise,-,1278.6,-3.79,1417.37,0.0,46.26,1.26,183,0.0,72,0.0,105,0.0,6,0.0,39.34,0.0,2024-11-29,-,0,1287.0
-,-,Corrsarz,-,1278.54,-1.11,1719.43,0.0,146.96,0.37,12,0.0,9,0.0,3,0.0,0,0.0,75.0,0.0,2020-06-28,-,0,-
-,-,Boerpopoer,-,1278.45,-2.46,1481.1,0.0,67.55,0.82,60,0.0,31,0.0,29,0.0,0,0.0,51.67,0.0,2022-03-06,-,0,-
-,-,berpdreyfuss,-,1278.44,-3.1,1437.2,0.0,52.92,1.03,144,0.0,61,0.0,83,0.0,0,0.0,42.36,0.0,2023-03-01,-,0,-
925,0,Shiffdog,-,1278.09,35.22,1383.4,27.9,35.1,-2.44,147,24.0,56,13.0,90,11.0,1,0.0,38.1,3.14,2026-07-31,-,0,520.0
-,-,1977dragon,-,1277.92,-1.98,1525.4,0.0,82.5,0.66,24,0.0,12,0.0,12,0.0,0,0.0,50.0,0.0,2024-09-04,-,0,1388.0
926,-63,oPPer,-,1277.75,-1.49,1607.32,0.0,109.86,0.5,12,0.0,7,0.0,5,0.0,0,0.0,58.33,0.0,2026-01-04,-,0,-
927,129,Lenni010,-,1277.01,121.73,1579.39,57.95,100.79,-21.26,18,6.0,10,4.0,7,1.0,1,1.0,55.56,5.56,2026-08-06,-,0,-
928,-59,Tleilaxx,-,1276.65,-1.45,1614.53,0.0,112.63,0.48,12,0.0,7,0.0,5,0.0,0,0.0,58.33,0.0,2026-01-08,-,0,-
929,-65,Norgaimen,-,1276.54,-2.63,1463.64,0.0,62.37,0.88,66,0.0,32,0.0,34,0.0,0,0.0,48.48,0.0,2026-01-16,-,0,-
-,-,Suo,-,1276.11,-2.34,1485.52,0.0,69.8,0.78,72,0.0,33,0.0,38,0.0,1,0.0,45.83,0.0,2021-03-02,G,2,-
-,-,Chubecca,IT,1276.05,-2.84,1450.24,0.0,58.06,0.95,84,0.0,40,0.0,44,0.0,0,0.0,47.62,0.0,2023-06-04,-,0,-
930,-47,mahlerian_shadow,US,1275.93,7.2,1392.73,3.14,38.93,-1.35,132,12.0,58,5.0,73,7.0,1,0.0,43.94,-0.23,2026-08-02,-,0,549.0
931,-71,Torneedo,-,1275.59,-4.62,1385.01,0.0,36.47,1.54,177,0.0,62,0.0,114,0.0,1,0.0,35.03,0.0,2026-05-01,-,0,922.0
932,191,Scooti,-,1275.58,176.24,1563.06,112.13,95.83,-21.37,18,6.0,10,5.0,8,1.0,0,0.0,55.56,13.89,2026-08-05,-,0,-
-,-,joaoleal2,-,1275.51,-2.53,1471.42,0.0,65.3,0.84,84,0.0,35,0.0,48,0.0,1,0.0,41.67,0.0,2021-09-05,-,0,-
-,-,hwang,-,1275.37,-1.37,1632.17,0.0,118.93,0.46,12,0.0,7,0.0,5,0.0,0,0.0,58.33,0.0,2023-03-01,-,0,-
-,-,jogkongTW,-,1275.35,-3.61,1410.92,0.0,45.19,1.2,198,0.0,89,0.0,108,0.0,1,0.0,44.95,0.0,2024-06-02,-,0,-
933,-75,weed14,SG,1275.3,-5.05,1384.03,0.0,36.24,1.68,327,0.0,138,0.0,189,0.0,0,0.0,42.2,0.0,2025-11-22,-,0,932.0
934,-62,sjgardner3,-,1275.0,-2.02,1518.31,0.0,81.1,0.67,30,0.0,15,0.0,15,0.0,0,0.0,50.0,0.0,2026-01-27,-,0,1184.0
935,-76,LeSauvage,BE,1274.65,-5.61,1370.7,0.0,32.02,1.87,393,0.0,151,0.0,242,0.0,0,0.0,38.42,0.0,2026-04-13,-,0,565.0
-,-,KachnickaxD,-,1274.51,-2.07,1512.49,0.0,79.32,0.69,36,0.0,16,0.0,20,0.0,0,0.0,44.44,0.0,2021-12-05,-,0,-
-,-,FranszKO,-,1274.45,-1.94,1526.79,0.0,84.11,0.65,36,0.0,18,0.0,17,0.0,1,0.0,50.0,0.0,2021-03-02,-,0,-
936,-68,Wonski,-,1274.33,-4.16,1523.09,-36.23,82.92,-10.69,24,6.0,14,3.0,10,3.0,0,0.0,58.33,-2.78,2026-07-27,-,0,-
-,-,Gbro,-,1274.3,-1.74,1557.15,0.0,94.28,0.58,24,0.0,11,0.0,13,0.0,0,0.0,45.83,0.0,2023-03-01,G,2,-
-,-,TERMINATORDESTROYER,-,1273.94,-1.21,1678.72,0.0,134.93,0.4,12,0.0,9,0.0,3,0.0,0,0.0,75.0,0.0,2020-09-27,-,0,-
937,-23,Sirovec,HR,1273.88,24.37,1360.71,22.91,28.95,-0.49,438,24.0,160,15.0,276,9.0,2,0.0,36.53,1.51,2026-08-03,-,0,543.0
938,-71,Mammaklaskern,-,1273.83,-4.71,1405.83,-30.69,44.0,-8.66,78,24.0,33,7.0,45,17.0,0,0.0,42.31,-5.84,2026-08-08,-,0,1375.0
939,42,saiggo16,ES,1273.77,67.69,1412.63,60.23,46.29,-2.49,159,12.0,60,8.0,97,4.0,2,0.0,37.74,2.37,2026-08-03,-,0,-
-,-,Iwego,-,1273.76,-1.89,1533.13,0.0,86.46,0.63,24,0.0,11,0.0,13,0.0,0,0.0,45.83,0.0,2024-07-01,-,0,-
-,-,exfret,-,1273.69,-1.77,1552.63,0.0,92.98,0.59,36,0.0,22,0.0,14,0.0,0,0.0,61.11,0.0,2020-03-29,-,0,-
-,-,CRISPYBABY,-,1273.12,-1.67,1567.5,0.0,98.13,0.56,18,0.0,11,0.0,7,0.0,0,0.0,61.11,0.0,2024-04-04,-,0,-
940,-62,J-dog,GB,1272.79,-0.37,1360.23,-1.36,29.15,-0.33,411,24.0,150,9.0,260,15.0,1,0.0,36.5,0.07,2026-07-24,-,0,593.0
941,-54,MaxBoomer,DK,1272.71,6.4,1407.54,-2.69,44.95,-3.03,102,12.0,40,4.0,62,8.0,0,0.0,39.22,-0.78,2026-07-26,-,0,-
-,-,Ampersandy,-,1272.6,-2.21,1495.18,0.0,74.19,0.74,60,0.0,35,0.0,25,0.0,0,0.0,58.33,0.0,2021-09-05,-,0,-
942,-80,AsKier,PL,1272.4,-7.01,1412.88,-10.87,46.83,-1.29,99,6.0,46,2.0,53,4.0,0,0.0,46.46,-0.85,2026-08-01,-,0,655.0
943,-135,kngoswg,-,1271.73,-33.49,1456.23,-47.38,61.5,-4.63,42,6.0,18,1.0,24,5.0,0,0.0,42.86,-4.36,2026-07-25,-,0,780.0
944,-70,Chrono_,-,1271.44,-3.3,1421.34,0.0,49.97,1.1,78,0.0,34,0.0,44,0.0,0,0.0,43.59,0.0,2026-01-09,-,0,534.0
945,-69,KYO,-,1271.33,-2.23,1492.36,0.0,73.68,0.74,36,0.0,16,0.0,20,0.0,0,0.0,44.44,0.0,2026-01-22,-,0,939.0
-,-,clickk,-,1270.97,-1.8,1543.81,0.0,90.95,0.6,18,0.0,6,0.0,11,0.0,1,0.0,33.33,0.0,2025-03-05,-,0,939.0
946,-89,Jmstoic,-,1270.91,-9.61,1377.09,-18.92,35.39,-3.1,201,24.0,75,9.0,121,15.0,5,0.0,37.31,0.02,2026-07-25,-,0,1244.0
-,-,deleted_user_9275835,-,1270.62,-1.67,1563.82,0.0,97.74,0.56,18,0.0,12,0.0,6,0.0,0,0.0,66.67,0.0,2024-11-25,-,0,1287.0
947,-23,KTown,-,1270.54,26.81,1391.77,22.42,40.41,-1.47,117,12.0,45,7.0,71,5.0,1,0.0,38.46,2.27,2026-08-19,-,0,589.0
-,-,sam4sam4sam,-,1270.42,-1.43,1612.01,0.0,113.86,0.48,12,0.0,9,0.0,3,0.0,0,0.0,75.0,0.0,2023-06-04,-,0,1421.0
-,-,dim,-,1270.22,-2.01,1514.06,0.0,81.28,0.67,30,0.0,14,0.0,16,0.0,0,0.0,46.67,0.0,2025-01-12,-,0,842.0
-,-,KristianMedK,-,1270.21,-2.31,1484.84,0.0,71.55,0.77,60,0.0,32,0.0,27,0.0,1,0.0,53.33,0.0,2021-09-05,-,0,-
-,-,DaemonCleaner,NO,1270.0,-1.7,1559.17,0.0,96.39,0.57,30,0.0,17,0.0,13,0.0,0,0.0,56.67,0.0,2023-01-15,-,0,-
-,-,InquisitorEisenhorn,US,1269.76,-2.44,1475.21,0.0,68.48,0.81,48,0.0,25,0.0,22,0.0,1,0.0,52.08,0.0,2022-12-04,-,0,-
948,-95,DonutRapist,-,1269.42,-13.35,1477.95,-32.48,69.51,-6.38,36,6.0,13,1.0,23,5.0,0,0.0,36.11,-3.89,2026-07-17,-,0,729.0
-,-,srfdevotee,US,1269.34,-1.05,1735.22,0.0,155.29,0.35,6,0.0,4,0.0,2,0.0,0,0.0,66.67,0.0,2024-12-04,-,0,1287.0
-,-,adibendot,-,1269.2,-2.39,1475.25,0.0,68.68,0.8,60,0.0,30,0.0,29,0.0,1,0.0,50.0,0.0,2022-03-06,-,0,-
949,-68,juzze,-,1268.83,-1.76,1546.97,0.0,92.72,0.59,18,0.0,9,0.0,9,0.0,0,0.0,50.0,0.0,2026-03-05,-,0,-
950,-27,BerdBlond,-,1268.77,24.01,1393.78,19.76,41.67,-1.42,123,9.0,57,6.0,65,3.0,1,0.0,46.34,1.6,2026-08-06,-,0,836.0
951,-72,Ragnard,-,1268.69,-4.47,1383.35,0.0,38.22,1.49,255,0.0,97,0.0,156,0.0,2,0.0,38.04,0.0,2026-01-10,-,0,700.0
-,-,layze23,US,1268.45,-2.55,1462.76,0.0,64.77,0.85,60,0.0,29,0.0,29,0.0,2,0.0,48.33,0.0,2024-06-16,-,0,-
952,-108,Vinny6060,-,1268.4,-16.94,1366.02,-16.01,32.54,0.31,315,12.0,123,1.0,189,11.0,3,0.0,39.05,-1.21,2026-07-27,-,0,872.0
-,-,Nevadar,-,1267.5,-2.7,1449.79,0.0,60.76,0.9,48,0.0,22,0.0,26,0.0,0,0.0,45.83,0.0,2025-07-22,-,0,791.0
-,-,Olympia,-,1267.27,-1.47,1599.86,0.0,110.86,0.49,12,0.0,7,0.0,5,0.0,0,0.0,58.33,0.0,2025-01-07,-,0,989.0
-,-,thenobleknave,-,1267.25,-1.37,1623.46,0.0,118.74,0.46,12,0.0,6,0.0,6,0.0,0,0.0,50.0,0.0,2020-06-28,G,2,-
-,-,Foujou,-,1267.14,-1.3,1644.5,0.0,125.79,0.43,12,0.0,8,0.0,4,0.0,0,0.0,66.67,0.0,2024-02-23,-,0,-
-,-,JuanitosCZ,-,1266.95,-2.53,1462.23,0.0,65.09,0.84,72,0.0,36,0.0,34,0.0,2,0.0,50.0,0.0,2022-06-05,-,0,-
-,-,Hornedraccoon,-,1266.75,-2.34,1478.24,0.0,70.5,0.78,45,0.0,22,0.0,22,0.0,1,0.0,48.89,0.0,2024-10-13,-,0,-
-,-,GWax11,-,1266.58,-2.68,1450.08,0.0,61.17,0.89,78,0.0,35,0.0,43,0.0,0,0.0,44.87,0.0,2023-01-15,-,0,-
-,-,lordzorath,-,1266.46,-1.82,1535.9,0.0,89.81,0.61,36,0.0,19,0.0,16,0.0,1,0.0,52.78,0.0,2020-12-06,-,0,-
-,-,Valec,-,1266.16,-2.87,1440.06,0.0,57.97,0.96,75,0.0,33,0.0,42,0.0,0,0.0,44.0,0.0,2024-10-13,-,0,-
953,37,Dakeyras,-,1265.82,64.47,1487.67,-12.9,73.95,-25.79,27,12.0,16,6.0,11,6.0,0,0.0,59.26,-7.41,2026-07-22,-,0,-
954,-72,Gosho,-,1265.46,-4.93,1531.53,-17.48,88.69,-4.18,21,3.0,11,2.0,10,1.0,0,0.0,52.38,2.38,2026-07-14,-,0,-
955,-85,kabel2,DE,1265.14,-12.09,1376.36,-10.89,37.07,0.4,183,6.0,69,1.0,112,4.0,2,1.0,37.7,-0.72,2026-07-20,-,0,563.0
956,-79,fridaK,-,1264.88,-8.43,1475.99,-27.73,70.37,-6.43,36,6.0,16,2.0,20,4.0,0,0.0,44.44,-2.23,2026-07-22,-,0,939.0
957,unretired,M.T,-,1264.79,-18.87,1436.98,-28.57,57.4,-3.23,54,6.0,24,1.0,29,5.0,1,0.0,44.44,-3.48,2026-07-29,-,0,469.0
-,-,But,-,1264.6,-3.02,1427.59,0.0,54.33,1.01,99,0.0,45,0.0,54,0.0,0,0.0,45.45,0.0,2025-01-14,-,0,1184.0
-,-,Sheepstealer,-,1264.24,-1.6,1570.58,0.0,102.11,0.53,18,0.0,12,0.0,6,0.0,0,0.0,66.67,0.0,2024-04-04,-,0,-
958,-72,McNeil,DK,1264.23,-2.64,1453.09,0.0,62.95,0.88,54,0.0,22,0.0,32,0.0,0,0.0,40.74,0.0,2026-03-11,-,0,726.0
959,-49,daices,US,1263.12,12.45,1375.78,16.53,37.55,1.36,339,3.0,137,3.0,194,0.0,8,0.0,40.41,0.53,2026-07-06,G,2,648.0
960,234,NoJoVin,-,1262.47,264.99,1492.84,160.16,76.79,-34.94,24,12.0,14,10.0,10,2.0,0,0.0,58.33,25.0,2026-07-09,-,0,-
-,-,Heyitstheasian,-,1262.17,-1.19,1673.49,0.0,137.11,0.4,12,0.0,9,0.0,3,0.0,0,0.0,75.0,0.0,2020-09-27,-,0,-
-,-,awh1979,-,1261.67,-2.68,1448.18,0.0,62.17,0.89,72,0.0,33,0.0,39,0.0,0,0.0,45.83,0.0,2023-03-01,-,0,-
961,-29,SullyWully,-,1261.5,24.81,1450.06,11.01,62.85,-4.6,51,6.0,23,3.0,26,3.0,2,0.0,45.1,0.66,2026-07-26,-,0,783.0
962,95,Conzi,-,1261.27,107.11,1428.28,48.65,55.67,-19.48,54,24.0,21,10.0,32,13.0,1,1.0,38.89,2.22,2026-07-23,-,0,-
963,-42,vgiannog,-,1261.26,15.41,1391.15,8.47,43.3,-2.31,93,12.0,39,5.0,53,7.0,1,0.0,41.94,-0.04,2026-08-01,-,0,602.0
964,1,AdumbusPrime,CA,1260.39,44.46,1467.05,31.56,68.89,-4.3,36,6.0,14,4.0,22,2.0,0,0.0,38.89,5.56,2026-07-25,-,0,527.0
965,-73,TTTTTT,-,1260.35,-1.89,1520.67,0.0,86.77,0.63,18,0.0,8,0.0,9,0.0,1,0.0,44.44,0.0,2026-03-04,-,0,-
-,-,Scar_702,-,1260.1,-1.37,1618.79,0.0,119.56,0.46,12,0.0,8,0.0,4,0.0,0,0.0,66.67,0.0,2024-06-02,-,0,-
966,-115,ksfga,-,1260.07,-22.77,1415.1,-54.86,51.68,-10.7,54,18.0,21,4.0,33,14.0,0,0.0,38.89,-8.33,2026-08-01,-,0,872.0
967,-115,Dienekes,-,1259.52,-23.3,1345.15,-22.97,28.54,0.11,501,24.0,176,3.0,319,21.0,6,0.0,35.13,-1.14,2026-07-30,-,0,533.0
-,-,Hokingfai,HK,1259.06,-3.27,1416.25,0.0,52.4,1.09,135,0.0,57,0.0,76,0.0,2,0.0,42.22,0.0,2024-02-25,-,0,-
968,-78,bambi4,GB,1258.97,-4.67,1380.83,-2.51,40.62,0.72,153,3.0,60,1.0,93,2.0,0,0.0,39.22,-0.11,2026-06-16,-,0,675.0
969,unretired,DonStino,BE,1258.66,26.61,1384.25,16.51,41.86,-3.37,174,21.0,60,7.0,111,14.0,3,0.0,34.48,-0.16,2026-07-31,-,0,1388.0
-,-,RobinTheDragon,-,1257.62,-2.22,1478.84,0.0,73.74,0.74,36,0.0,18,0.0,18,0.0,0,0.0,50.0,0.0,2025-01-16,-,0,1067.0
970,-77,Bedrich_H,-,1257.27,-4.2,1354.56,-5.86,32.43,-0.55,270,18.0,96,5.0,172,13.0,2,0.0,35.56,-0.55,2026-07-29,-,0,602.0
971,-74,Cimone,IT,1256.91,-1.42,1601.87,0.0,114.98,0.47,12,0.0,7,0.0,5,0.0,0,0.0,58.33,0.0,2026-01-14,-,0,-
-,-,Keffo,-,1256.68,-2.87,1427.06,0.0,56.8,0.96,114,0.0,47,0.0,64,0.0,3,0.0,41.23,0.0,2023-01-15,-,0,-
-,-,Azazelek,-,1256.6,-1.59,1563.8,0.0,102.4,0.53,18,0.0,8,0.0,10,0.0,0,0.0,44.44,0.0,2024-04-04,-,0,-
972,-33,Modiarty,-,1256.58,25.73,1502.0,-11.78,81.81,-12.5,24,6.0,11,3.0,13,3.0,0,0.0,45.83,1.39,2026-08-10,-,0,-
-,-,hhahanext,-,1256.47,-1.75,1537.17,0.0,93.57,0.58,18,0.0,8,0.0,10,0.0,0,0.0,44.44,0.0,2025-03-06,-,0,939.0
973,-54,ClaridadNocturna,ES,1256.24,9.19,1355.98,6.44,33.25,-0.92,273,18.0,96,9.0,177,9.0,0,0.0,35.16,1.04,2026-07-31,-,0,700.0
974,-71,Fullynice,-,1254.91,-0.52,1338.49,-1.21,27.86,-0.23,447,24.0,162,9.0,283,14.0,2,1.0,36.24,0.07,2026-08-03,-,0,508.0
-,-,RickLoftson,CA,1254.68,-1.75,1535.07,0.0,93.46,0.58,24,0.0,12,0.0,12,0.0,0,0.0,50.0,0.0,2022-03-06,-,0,-
975,-74,Buiz,DK,1254.66,-1.68,1370.78,-0.73,38.71,0.32,264,6.0,106,2.0,157,4.0,1,0.0,40.15,-0.16,2026-07-29,-,0,788.0
-,-,Horazon,-,1254.61,-1.25,1644.97,0.0,130.12,0.42,12,0.0,10,0.0,2,0.0,0,0.0,83.33,0.0,2021-03-02,-,0,-
976,-82,xeveli,CZ,1254.56,-5.6,1356.84,-6.71,34.09,-0.37,225,12.0,83,5.0,142,7.0,0,0.0,36.89,0.27,2026-07-17,-,0,687.0
-,-,Elron,-,1253.76,-1.34,1619.94,0.0,122.06,0.45,12,0.0,7,0.0,5,0.0,0,0.0,58.33,0.0,2020-12-06,-,0,-
-,-,Fysh,-,1253.4,-2.11,1488.36,0.0,78.32,0.7,36,0.0,17,0.0,19,0.0,0,0.0,47.22,0.0,2021-12-05,-,0,-
-,-,Stinus,-,1252.66,-1.47,1586.67,0.0,111.34,0.49,12,0.0,8,0.0,4,0.0,0,0.0,66.67,0.0,2024-06-02,-,0,-
977,-71,Satanislav,-,1252.62,-1.45,1590.78,0.0,112.72,0.48,12,0.0,6,0.0,6,0.0,0,0.0,50.0,0.0,2026-01-08,-,0,-
-,-,claybirds,-,1252.43,-2.06,1495.01,0.0,80.86,0.69,48,0.0,25,0.0,22,0.0,1,0.0,52.08,0.0,2021-03-02,-,0,-
978,1,Jesaphi,-,1252.39,44.8,1342.02,43.34,29.88,-0.49,393,24.0,148,18.0,242,6.0,3,0.0,37.66,2.43,2026-07-29,-,0,536.0
-,-,Dugy,-,1252.34,-3.26,1408.42,0.0,52.03,1.09,168,0.0,70,0.0,96,0.0,2,0.0,41.67,0.0,2023-06-04,-,0,-
-,-,Mikael.S,-,1252.25,-1.78,1528.26,0.0,92.0,0.59,18,0.0,9,0.0,8,0.0,1,0.0,50.0,0.0,2025-03-01,-,0,939.0
979,53,ce.re,-,1252.04,79.22,1506.05,33.61,84.67,-15.2,24,6.0,12,4.0,12,2.0,0,0.0,50.0,5.56,2026-07-29,-,0,-
980,-85,metternich,IT,1251.87,-7.45,1339.99,-8.41,29.37,-0.32,432,24.0,163,7.0,265,16.0,4,1.0,37.73,-0.51,2026-08-01,-,0,615.0
981,91,Archangel,-,1251.74,111.34,1426.54,30.98,58.26,-26.78,45,24.0,22,10.0,23,14.0,0,0.0,48.89,-8.25,2026-07-30,-,0,1257.0
-,-,Rossonerix10x,-,1251.45,-4.03,1378.15,0.0,42.23,1.34,213,0.0,87,0.0,124,0.0,2,0.0,40.85,0.0,2025-01-16,-,0,1184.0
-,-,HeM99,-,1251.28,-1.55,1567.97,0.0,105.56,0.52,12,0.0,5,0.0,6,0.0,1,0.0,41.67,0.0,2025-01-19,-,0,989.0
-,-,bobis,-,1250.88,-1.63,1550.89,0.0,100.0,0.54,18,0.0,11,0.0,7,0.0,0,0.0,61.11,0.0,2023-07-15,-,0,-
982,222,MarcinWol,-,1250.19,270.0,1528.66,234.23,92.82,-11.92,24,6.0,10,6.0,14,0.0,0,0.0,41.67,19.45,2026-07-22,-,0,-
-,-,CerseiShade,-,1250.19,-1.97,1500.48,0.0,83.43,0.66,36,0.0,15,0.0,21,0.0,0,0.0,41.67,0.0,2020-03-30,-,0,-
-,-,LSF,-,1249.85,-1.23,1647.38,0.0,132.51,0.41,12,0.0,9,0.0,3,0.0,0,0.0,75.0,0.0,2020-09-27,-,0,-
983,-16,Igelkotten,-,1249.27,34.22,1428.81,26.66,59.85,-2.52,54,6.0,22,3.0,31,3.0,1,0.0,40.74,1.16,2026-07-27,-,0,687.0
984,-99,qige,-,1249.27,-18.19,1454.58,-38.45,68.44,-6.75,36,6.0,15,2.0,20,4.0,1,0.0,41.67,-1.66,2026-07-31,-,0,918.0
-,-,Styku,-,1248.95,-1.58,1559.34,0.0,103.46,0.53,24,0.0,13,0.0,11,0.0,0,0.0,54.17,0.0,2019-12-22,-,0,-
-,-,JTazz01,-,1247.5,-2.41,1451.64,0.0,68.05,0.8,60,0.0,29,0.0,31,0.0,0,0.0,48.33,0.0,2022-03-06,-,0,-
985,-72,botenmaru82,-,1247.48,-2.34,1458.77,0.0,70.43,0.78,42,0.0,19,0.0,21,0.0,2,0.0,45.24,0.0,2025-12-01,-,0,872.0
986,new,Boniu_bon,-,1247.28,797.28,1688.63,188.63,147.12,147.12,6,6.0,4,4.0,2,2.0,0,0.0,66.67,66.67,2026-07-29,-,0,-
-,-,Psynergist,-,1247.1,-1.94,1499.98,0.0,84.29,0.65,24,0.0,9,0.0,15,0.0,0,0.0,37.5,0.0,2024-07-01,-,0,-
987,-35,Ulyssess,IT,1246.9,24.55,1341.95,24.13,31.68,-0.14,330,18.0,119,10.0,208,8.0,3,0.0,36.06,1.12,2026-08-03,-,0,491.0
988,-73,Czarny,-,1246.89,-1.8,1518.55,0.0,90.55,0.6,18,0.0,10,0.0,8,0.0,0,0.0,55.56,0.0,2026-03-01,-,0,-
-,-,stanel,RO,1246.79,-3.01,1411.33,0.0,54.85,1.0,153,0.0,63,0.0,90,0.0,0,0.0,41.18,0.0,2023-02-05,G,4,-
989,unretired,oldmutant,-,1246.39,58.44,1384.55,36.47,46.05,-7.33,150,18.0,59,11.0,91,7.0,0,0.0,39.33,2.97,2026-07-29,-,0,-
-,-,Jerry_Kacmar,-,1246.21,-1.87,1510.1,0.0,87.96,0.62,36,0.0,18,0.0,18,0.0,0,0.0,50.0,0.0,2020-12-06,-,0,-
-,-,Nomisbo,-,1245.96,-1.15,1671.73,0.0,141.92,0.38,12,0.0,10,0.0,2,0.0,0,0.0,83.33,0.0,2021-03-02,-,0,-
-,-,orangeblood,-,1245.92,-1.42,1590.94,0.0,115.0,0.47,24,0.0,15,0.0,9,0.0,0,0.0,62.5,0.0,2020-09-27,-,0,-
-,-,pootify,-,1245.81,-1.5,1572.66,0.0,108.95,0.5,12,0.0,7,0.0,5,0.0,0,0.0,58.33,0.0,2025-01-13,-,0,1067.0
990,-72,Sale,-,1245.49,-1.64,1544.0,0.0,99.5,0.55,18,0.0,8,0.0,10,0.0,0,0.0,44.44,0.0,2026-03-09,-,0,-
991,-29,Kruch,DE,1245.47,28.52,1334.48,27.15,29.67,-0.45,420,24.0,156,15.0,256,9.0,8,0.0,37.14,1.53,2026-07-29,-,0,697.0
-,-,casual_umami,AT,1244.49,-1.44,1583.85,0.0,113.12,0.48,12,0.0,6,0.0,6,0.0,0,0.0,50.0,0.0,2023-12-03,-,0,-
-,-,Viler,-,1244.35,-2.87,1417.61,0.0,57.75,0.96,90,0.0,37,0.0,53,0.0,0,0.0,41.11,0.0,2024-03-03,-,0,-
-,-,Tsachi,-,1244.0,-1.72,1530.34,0.0,95.44,0.57,18,0.0,6,0.0,12,0.0,0,0.0,33.33,0.0,2023-04-16,-,0,-
992,-96,Claudius74,CA,1243.54,-15.25,1328.16,-15.08,28.2,0.06,432,24.0,163,7.0,267,17.0,2,0.0,37.73,-0.51,2026-08-01,-,0,558.0
-,-,Drannoc,-,1243.31,-2.08,1481.61,0.0,79.43,0.69,48,0.0,21,0.0,26,0.0,1,0.0,43.75,0.0,2021-06-02,-,0,-
993,-71,Zero_1627,-,1243.17,-2.24,1464.12,0.0,73.65,0.75,30,0.0,13,0.0,17,0.0,0,0.0,43.33,0.0,2026-03-02,-,0,989.0
-,-,MrTriangle,-,1242.98,-2.24,1468.11,0.0,75.04,0.75,36,0.0,18,0.0,18,0.0,0,0.0,50.0,0.0,2024-09-04,-,0,-
-,-,tongtong,-,1242.32,-1.95,1493.83,0.0,83.83,0.65,24,0.0,11,0.0,13,0.0,0,0.0,45.83,0.0,2025-01-13,-,0,1118.0
-,-,Crygen,-,1242.29,-1.94,1496.62,0.0,84.78,0.65,36,0.0,14,0.0,22,0.0,0,0.0,38.89,0.0,2020-12-06,-,0,-
-,-,Grandnewby,-,1242.26,-2.19,1467.08,0.0,74.94,0.73,36,0.0,17,0.0,19,0.0,0,0.0,47.22,0.0,2025-04-30,-,0,849.0
994,-35,Andreyko2003,-,1242.2,22.61,1382.94,12.48,46.91,-3.38,87,12.0,30,5.0,56,7.0,1,0.0,34.48,1.15,2026-07-31,-,0,661.0
-,-,Grassman,-,1242.02,-2.98,1408.48,0.0,55.49,0.99,117,0.0,52,0.0,65,0.0,0,0.0,44.44,0.0,2023-02-05,-,0,-
-,-,fu1luo,-,1241.99,-2.05,1480.73,0.0,79.58,0.68,30,0.0,10,0.0,18,0.0,2,0.0,33.33,0.0,2024-02-25,-,0,-
-,-,Gladue,-,1241.9,-1.41,1588.94,0.0,115.68,0.47,12,0.0,6,0.0,6,0.0,0,0.0,50.0,0.0,2023-03-01,-,0,-
-,-,SuwalaT,-,1241.82,-2.89,1411.79,0.0,56.66,0.96,144,0.0,60,0.0,83,0.0,1,0.0,41.67,0.0,2023-09-03,G,2,-
-,-,Devius,-,1241.82,-1.67,1535.38,0.0,97.85,0.56,18,0.0,6,0.0,12,0.0,0,0.0,33.33,0.0,2024-07-01,-,0,-
-,-,Bahul,-,1239.58,-1.68,1531.86,0.0,97.43,0.56,18,0.0,9,0.0,7,0.0,2,0.0,50.0,0.0,2024-04-04,-,0,-
-,-,Petardillo,-,1239.55,-1.62,1542.67,0.0,101.04,0.54,18,0.0,12,0.0,6,0.0,0,0.0,66.67,0.0,2024-04-04,-,0,-
-,-,fraction,-,1239.29,-2.86,1412.06,0.0,57.59,0.95,114,0.0,45,0.0,68,0.0,1,0.0,39.47,0.0,2024-04-04,-,0,-
-,-,Irishdomer08,-,1239.14,-2.69,1424.19,0.0,61.68,0.9,144,0.0,60,0.0,82,0.0,2,0.0,41.67,0.0,2021-09-05,G,4,-
-,-,GedoMazo,-,1238.4,-1.42,1583.63,0.0,115.08,0.47,12,0.0,5,0.0,7,0.0,0,0.0,41.67,0.0,2024-04-04,-,0,-
995,-67,Jobjobsdone,-,1237.55,-2.22,1459.74,0.0,74.06,0.74,30,0.0,12,0.0,18,0.0,0,0.0,40.0,0.0,2026-03-18,-,0,-
996,122,Zielonus,-,1237.5,134.13,1465.81,108.73,76.11,-8.46,30,6.0,15,5.0,15,1.0,0,0.0,50.0,8.33,2026-08-06,-,0,1118.0
997,-86,C3POsMidriff,-,1237.49,-13.12,1418.44,-22.91,60.31,-3.26,54,6.0,22,1.0,32,5.0,0,0.0,40.74,-3.01,2026-07-26,G,2,426.0
-,-,Megatron,GB,1237.38,-2.91,1407.48,0.0,56.7,0.97,96,0.0,42,0.0,53,0.0,1,0.0,43.75,0.0,2024-04-04,-,0,1262.0
998,-71,sbaro,-,1237.0,-4.2,1359.13,0.0,40.71,1.4,150,0.0,59,0.0,89,0.0,2,0.0,39.33,0.0,2025-10-25,-,0,578.0
-,-,feanorek,-,1236.77,-1.32,1607.04,0.0,123.42,0.44,12,0.0,7,0.0,5,0.0,0,0.0,58.33,0.0,2020-09-27,-,0,-
-,-,footjoy39,-,1236.61,-1.47,1569.97,0.0,111.12,0.49,12,0.0,8,0.0,4,0.0,0,0.0,66.67,0.0,2025-01-17,-,0,1067.0
-,-,eugeneg,-,1236.52,-2.62,1425.93,0.0,63.14,0.87,84,0.0,42,0.0,42,0.0,0,0.0,50.0,0.0,2022-06-05,-,0,-
-,-,DocFleischmann,-,1236.33,-1.45,1574.66,0.0,112.78,0.48,12,0.0,5,0.0,6,0.0,1,0.0,41.67,0.0,2024-04-04,-,0,-
999,-41,olawaco,-,1236.0,16.34,1380.26,12.92,48.09,-1.14,78,6.0,34,3.0,44,3.0,0,0.0,43.59,0.53,2026-07-28,-,0,1118.0
-,-,Arnekin,-,1235.73,-2.05,1479.25,0.0,81.17,0.68,42,0.0,21,0.0,19,0.0,2,0.0,50.0,0.0,2024-12-03,G,2,1287.0
1000,-67,sms18004,-,1235.24,-1.19,1388.45,-4.06,51.07,-0.95,114,6.0,42,1.0,69,5.0,3,0.0,36.84,-1.12,2026-07-25,-,0,801.0
-,-,Oslot,-,1234.99,-2.27,1452.46,0.0,72.49,0.76,54,0.0,29,0.0,25,0.0,0,0.0,53.7,0.0,2023-01-15,-,0,-
-,-,Hendra,-,1234.83,-2.44,1436.9,0.0,67.36,0.81,60,0.0,27,0.0,31,0.0,2,0.0,45.0,0.0,2023-12-03,-,0,-
1001,-71,Deremfi,-,1234.7,-2.39,1442.09,0.0,69.13,0.8,60,0.0,25,0.0,35,0.0,0,0.0,41.67,0.0,2026-01-08,-,0,-
1002,-73,Francis88,-,1234.66,-3.77,1367.06,0.0,44.13,1.26,117,0.0,45,0.0,72,0.0,0,0.0,38.46,0.0,2025-10-16,-,0,611.0
-,-,master176281,DE,1234.31,-3.05,1397.77,0.0,54.49,1.02,165,0.0,71,0.0,94,0.0,0,0.0,43.03,0.0,2023-02-05,-,0,-
-,-,Hamtes,CZ,1234.17,-2.61,1421.89,0.0,62.57,0.87,54,0.0,19,0.0,33,0.0,2,0.0,35.19,0.0,2023-12-03,-,0,-
-,-,alienchick,-,1233.85,-2.01,1478.6,0.0,81.58,0.67,36,0.0,16,0.0,20,0.0,0,0.0,44.44,0.0,2021-06-02,-,0,-
-,-,ZacDeMundo,CA,1233.75,-3.46,1377.69,0.0,47.98,1.15,147,0.0,55,0.0,91,0.0,1,0.0,37.41,0.0,2024-09-04,-,0,-
1003,-56,luckrider,DE,1233.75,9.69,1348.54,6.02,38.26,-1.22,156,12.0,55,6.0,97,5.0,4,1.0,35.26,1.23,2026-08-11,-,0,432.0
-,-,satur,-,1233.46,-1.47,1565.69,0.0,110.74,0.49,12,0.0,5,0.0,7,0.0,0,0.0,41.67,0.0,2024-04-04,-,0,-
-,-,Entername,-,1233.38,-1.75,1514.75,0.0,93.79,0.58,18,0.0,6,0.0,12,0.0,0,0.0,33.33,0.0,2025-03-10,-,0,939.0
1004,-95,JohnnyMac,-,1233.28,-17.51,1322.45,-16.6,29.72,0.3,450,18.0,167,3.0,274,15.0,9,0.0,37.11,-0.85,2026-08-03,-,0,512.0
-,-,Bummelmuhkuh,-,1233.05,-1.25,1624.62,0.0,130.52,0.42,12,0.0,10,0.0,2,0.0,0,0.0,83.33,0.0,2021-03-02,-,0,-
1005,-74,wisteria,MO,1232.92,-3.86,1370.74,0.0,45.94,1.29,180,0.0,70,0.0,104,0.0,6,0.0,38.89,0.0,2026-05-08,-,0,1388.0
1006,-43,CuJ,-,1232.17,15.43,1337.86,7.59,35.23,-2.61,159,24.0,59,10.0,99,14.0,1,0.0,37.11,0.81,2026-07-26,-,0,690.0
-,-,shockway,-,1232.08,-2.87,1409.23,0.0,59.05,0.96,108,0.0,46,0.0,61,0.0,1,0.0,42.59,0.0,2022-09-04,-,0,-
1007,-13,KTMatthews,CA,1231.73,32.55,1387.94,26.15,52.07,-2.13,84,6.0,31,4.0,52,2.0,1,0.0,36.9,2.28,2026-07-29,-,0,674.0
1008,-100,peppe76,-,1231.66,-19.81,1321.74,-19.8,30.03,0.0,426,18.0,145,3.0,276,15.0,5,0.0,34.04,-0.76,2026-08-01,-,0,640.0
1009,-33,InGodWeTrust,-,1231.66,22.22,1507.06,-27.13,91.8,-16.45,18,6.0,7,3.0,11,3.0,0,0.0,38.89,5.56,2026-07-27,-,0,-
1010,-76,kwerra,-,1231.51,-3.94,1359.55,0.0,42.68,1.31,183,0.0,70,0.0,110,0.0,3,0.0,38.25,0.0,2026-01-11,-,0,1118.0
1011,-66,Cyrus_j2s,-,1231.28,6.16,1362.42,5.01,43.71,-0.38,168,6.0,65,2.0,103,4.0,0,0.0,38.69,-0.2,2026-08-10,-,0,872.0
1012,-74,GetGot,-,1231.19,-1.87,1493.38,0.0,87.4,0.62,18,0.0,7,0.0,11,0.0,0,0.0,38.89,0.0,2026-03-01,-,0,-
1013,-21,Vegeta4791,-,1230.87,31.29,1320.05,29.71,29.73,-0.53,327,24.0,112,13.0,212,9.0,3,2.0,34.25,1.58,2026-07-27,-,0,648.0
-,-,Crazybastard77,-,1230.79,-1.27,1616.08,0.0,128.43,0.42,12,0.0,6,0.0,5,0.0,1,0.0,50.0,0.0,2020-09-27,-,0,-
1014,-77,trojanrabbit,-,1230.7,-3.52,1371.67,0.0,46.99,1.17,120,0.0,52,0.0,68,0.0,0,0.0,43.33,0.0,2026-01-19,-,0,1269.0
-,-,Mouette,-,1230.02,-2.52,1426.71,0.0,65.56,0.84,57,0.0,22,0.0,34,0.0,1,0.0,38.6,0.0,2024-10-13,-,0,-
-,-,Eira,-,1229.81,-2.23,1449.13,0.0,73.11,0.74,48,0.0,26,0.0,22,0.0,0,0.0,54.17,0.0,2022-03-06,-,0,-
-,-,MistWalker,-,1229.79,-1.89,1491.62,0.0,87.28,0.63,36,0.0,17,0.0,17,0.0,2,0.0,47.22,0.0,2019-12-30,-,0,-
1015,unretired,Kelvinator,CA,1229.42,56.93,1366.41,56.04,45.66,-0.3,180,6.0,69,6.0,110,0.0,1,0.0,38.33,2.12,2026-07-29,-,0,1280.0
-,-,SayNoToGreen,-,1228.76,-1.98,1477.59,0.0,82.94,0.66,36,0.0,19,0.0,17,0.0,0,0.0,52.78,0.0,2021-06-02,-,0,-
1016,-66,JakubZGandalfova,-,1228.66,5.1,1361.28,-9.09,44.21,-4.73,102,18.0,44,5.0,58,13.0,0,0.0,43.14,-3.29,2026-07-27,-,0,802.0
-,-,Davidmel,IL,1228.66,-3.71,1363.89,0.0,45.08,1.24,234,0.0,88,0.0,142,0.0,4,0.0,37.61,0.0,2024-09-01,-,0,-
1017,-118,backspace,-,1228.59,-28.56,1381.23,-34.02,50.88,-1.82,66,6.0,25,0.0,39,5.0,2,1.0,37.88,-3.79,2026-07-22,-,0,1259.0
1018,-52,MajorGaz,-,1228.4,13.13,1376.02,9.87,49.21,-1.08,162,6.0,65,3.0,97,3.0,0,0.0,40.12,0.38,2026-07-31,-,0,-
-,-,RooK666,-,1228.38,-1.33,1597.37,0.0,123.0,0.44,12,0.0,9,0.0,3,0.0,0,0.0,75.0,0.0,2021-09-05,-,0,-
1019,4,colepiechotta,-,1227.72,50.51,1449.29,27.9,73.86,-7.54,30,6.0,11,3.0,19,3.0,0,0.0,36.67,3.34,2026-07-29,-,0,989.0
-,-,Paul.,-,1227.61,-1.42,1573.62,0.0,115.34,0.47,12,0.0,5,0.0,7,0.0,0,0.0,41.67,0.0,2023-03-01,-,0,-
1020,-13,Voras,-,1227.24,39.82,1453.92,27.12,75.56,-4.24,27,3.0,12,2.0,15,1.0,0,0.0,44.44,2.77,2026-06-28,-,0,989.0
-,-,Massi1971,-,1227.13,-2.06,1468.78,0.0,80.55,0.69,48,0.0,21,0.0,27,0.0,0,0.0,43.75,0.0,2021-03-02,-,0,-
-,-,Don_B,-,1227.09,-1.2,1633.49,0.0,135.47,0.4,12,0.0,10,0.0,2,0.0,0,0.0,83.33,0.0,2021-06-02,-,0,-
-,-,jamieIsMyNamie,-,1227.09,-2.36,1435.87,0.0,69.59,0.79,72,0.0,35,0.0,37,0.0,0,0.0,48.61,0.0,2021-06-02,-,0,-
-,-,yojimbo79,PL,1226.91,-2.3,1440.02,0.0,71.04,0.77,48,0.0,26,0.0,22,0.0,0,0.0,54.17,0.0,2022-09-04,-,0,-
1021,-79,rstrack,-,1226.83,-2.69,1409.51,0.0,60.89,0.9,48,0.0,19,0.0,27,0.0,2,0.0,39.58,0.0,2026-03-01,-,0,1287.0
1022,-79,N0rBeer,-,1226.69,-2.4,1431.88,0.0,68.4,0.8,36,0.0,15,0.0,20,0.0,1,0.0,41.67,0.0,2026-03-05,-,0,939.0
-,-,RolldUpTrips,-,1226.64,-1.89,1485.95,0.0,86.44,0.63,48,0.0,25,0.0,23,0.0,0,0.0,52.08,0.0,2019-05-19,-,0,-
1023,-97,mooscolly,AU,1226.34,-15.58,1335.04,-17.62,36.23,-0.68,228,12.0,84,3.0,141,9.0,3,0.0,36.84,-0.66,2026-08-07,-,0,720.0
1024,0,Leonidas33,-,1226.3,49.18,1489.57,-2.91,87.76,-17.36,21,6.0,13,4.0,8,2.0,0,0.0,61.9,1.9,2026-07-31,-,0,1118.0
1025,-85,kalev,-,1225.79,-4.12,1349.86,0.0,41.36,1.37,117,0.0,46,0.0,71,0.0,0,0.0,39.32,0.0,2025-11-04,-,0,576.0
1026,-65,KorXo,ES,1225.7,8.55,1325.33,4.72,33.21,-1.27,384,24.0,140,10.0,231,14.0,13,0.0,36.46,0.35,2026-08-11,G,2,596.0
-,-,Schmitztopher,-,1225.5,-1.9,1483.3,0.0,85.93,0.63,36,0.0,17,0.0,19,0.0,0,0.0,47.22,0.0,2020-06-28,G,2,-
1027,new,GrazDozTrez,-,1225.41,775.41,1527.09,27.09,100.56,100.56,12,12.0,6,6.0,6,6.0,0,0.0,50.0,50.0,2026-07-27,-,0,-
1028,-71,razorsedger,-,1225.17,4.93,1426.29,-14.38,67.04,-6.44,36,6.0,16,2.0,20,4.0,0,0.0,44.44,-2.23,2026-07-28,-,0,939.0
-,-,Manish05,-,1224.93,-2.31,1441.82,0.0,72.29,0.77,72,0.0,34,0.0,37,0.0,1,0.0,47.22,0.0,2021-03-02,G,2,-
-,-,rslyzc,-,1224.91,-1.61,1529.5,0.0,101.53,0.54,18,0.0,9,0.0,9,0.0,0,0.0,50.0,0.0,2024-04-04,-,0,-
-,-,snowcrush,SG,1224.76,-2.64,1416.9,0.0,64.05,0.88,72,0.0,31,0.0,41,0.0,0,0.0,43.06,0.0,2022-09-04,-,0,-
-,-,Mariac,-,1224.17,-1.13,1656.55,0.0,144.13,0.38,6,0.0,3,0.0,3,0.0,0,0.0,50.0,0.0,2024-12-15,-,0,-
1029,-36,Foxxx,-,1224.05,24.8,1434.76,2.74,70.24,-7.35,36,6.0,15,3.0,21,3.0,0,0.0,41.67,1.67,2026-08-11,-,0,-
-,-,NillisLukins,-,1223.92,-1.6,1529.22,0.0,101.77,0.53,24,0.0,15,0.0,9,0.0,0,0.0,62.5,0.0,2020-06-28,-,0,-
1030,-110,abobey,ES,1223.73,-22.21,1312.84,-22.59,29.7,-0.13,432,24.0,142,3.0,286,21.0,4,0.0,32.87,-1.2,2026-07-29,-,0,534.0
-,-,laimas123,-,1223.28,-2.02,1467.36,0.0,81.36,0.67,48,0.0,22,0.0,26,0.0,0,0.0,45.83,0.0,2021-03-02,-,0,-
-,-,Bendor,-,1223.24,-2.41,1428.86,0.0,68.54,0.8,72,0.0,31,0.0,41,0.0,0,0.0,43.06,0.0,2021-09-05,-,0,-
-,-,Runje,-,1223.02,-1.58,1532.59,0.0,103.19,0.53,24,0.0,13,0.0,10,0.0,1,0.0,54.17,0.0,2020-12-06,-,0,-
-,-,Izmar,-,1222.8,-1.36,1581.81,0.0,119.67,0.45,12,0.0,9,0.0,2,0.0,1,0.0,75.0,0.0,2021-06-02,-,0,-
-,-,alcardonac,-,1222.19,-4.14,1345.65,0.0,41.15,1.38,192,0.0,70,0.0,120,0.0,2,0.0,36.46,0.0,2025-07-21,-,0,788.0
1031,-44,saZmer,-,1221.65,19.82,1439.2,-5.73,72.52,-8.51,30,6.0,11,3.0,19,3.0,0,0.0,36.67,3.34,2026-08-04,-,0,-
1032,35,hyudun,-,1221.49,77.25,1466.32,45.17,81.61,-10.69,24,6.0,10,5.0,14,1.0,0,0.0,41.67,13.89,2026-08-06,-,0,-
1033,-82,vuffe,-,1221.28,-1.76,1501.69,0.0,93.47,0.59,18,0.0,9,0.0,9,0.0,0,0.0,50.0,0.0,2026-03-05,-,0,-
1034,-129,Gympanse,-,1221.17,-34.11,1382.33,-68.2,53.72,-11.36,54,18.0,21,5.0,32,12.0,1,1.0,38.89,-5.55,2026-07-30,-,0,-
-,-,fygarslayer,-,1221.1,-2.08,1456.21,0.0,78.37,0.69,48,0.0,21,0.0,27,0.0,0,0.0,43.75,0.0,2021-03-02,-,0,-
1035,-133,Jaja,CZ,1220.45,-35.66,1365.89,-39.62,48.48,-1.32,108,6.0,41,0.0,66,6.0,1,0.0,37.96,-2.24,2026-08-01,-,0,1062.0
-,-,icarium_jag,-,1220.3,-2.52,1416.06,0.0,65.25,0.84,84,0.0,37,0.0,46,0.0,1,0.0,44.05,0.0,2021-12-05,-,0,-
-,-,josqvin,-,1220.28,-1.56,1534.84,0.0,104.85,0.52,24,0.0,15,0.0,9,0.0,0,0.0,62.5,0.0,2020-03-29,-,0,-
-,-,piopapero,-,1219.9,-1.83,1486.98,0.0,89.03,0.61,36,0.0,19,0.0,17,0.0,0,0.0,52.78,0.0,2021-03-02,-,0,-
1036,-66,PacoHolliday,-,1219.89,5.76,1313.37,2.46,31.16,-1.1,267,24.0,94,11.0,173,13.0,0,0.0,35.21,1.05,2026-07-28,-,0,505.0
1037,-81,Zzharg,-,1219.84,-1.5,1547.34,0.0,109.17,0.5,12,0.0,5,0.0,7,0.0,0,0.0,41.67,0.0,2026-01-24,-,0,-
1038,-83,Cromlech,-,1219.49,-2.02,1330.08,-14.08,36.86,-4.02,135,24.0,49,8.0,84,15.0,2,1.0,36.3,-0.64,2026-07-22,-,0,705.0
1039,-79,FabioBE81,-,1219.13,-0.13,1338.84,-0.38,39.9,-0.08,168,6.0,59,3.0,109,3.0,0,0.0,35.12,0.55,2026-08-03,-,0,718.0
1040,-123,AlkashRusanovskiy,-,1218.49,-28.69,1457.05,-45.04,79.52,-5.45,39,3.0,11,0.0,27,2.0,1,1.0,28.21,-2.35,2026-07-01,-,0,-
-,-,uday,PL,1218.27,-3.15,1376.46,0.0,52.73,1.05,78,0.0,30,0.0,47,0.0,1,0.0,38.46,0.0,2025-04-01,-,0,872.0
-,-,wicaksonoadi,-,1217.88,-1.79,1492.51,0.0,91.54,0.6,24,0.0,13,0.0,11,0.0,0,0.0,54.17,0.0,2021-06-02,-,0,-
-,-,Fler,-,1217.57,-1.5,1545.91,0.0,109.45,0.5,24,0.0,12,0.0,12,0.0,0,0.0,50.0,0.0,2020-09-27,-,0,-
-,-,Caracalla,-,1216.16,-3.56,1359.93,0.0,47.92,1.19,129,0.0,50,0.0,78,0.0,1,0.0,38.76,0.0,2024-11-11,-,0,1170.0
-,-,Grandmaster_Max,-,1214.31,-1.84,1481.15,0.0,88.94,0.61,36,0.0,20,0.0,15,0.0,1,0.0,55.56,0.0,2020-12-06,-,0,-
1041,-77,DerIch86,-,1214.21,-1.81,1486.0,0.0,90.6,0.6,24,0.0,11,0.0,13,0.0,0,0.0,45.83,0.0,2026-01-12,-,0,872.0
-,-,karatox,-,1213.68,-3.86,1347.66,0.0,44.66,1.29,198,0.0,81,0.0,114,0.0,3,0.0,40.91,0.0,2024-10-01,-,0,-
1042,unretired,Togodomus,-,1213.68,131.32,1548.93,77.31,111.75,-18.0,15,3.0,8,3.0,7,0.0,0,0.0,53.33,11.66,2026-06-29,-,0,-
-,-,g.threepwood,-,1213.59,-2.18,1439.91,0.0,75.44,0.73,60,0.0,29,0.0,30,0.0,1,0.0,48.33,0.0,2021-06-02,-,0,-
-,-,MGdesmadre,-,1213.57,-2.58,1403.76,0.0,63.39,0.86,96,0.0,45,0.0,51,0.0,0,0.0,46.88,0.0,2022-03-06,-,0,-
-,-,Midyat,-,1213.31,-2.13,1446.25,0.0,77.64,0.71,30,0.0,11,0.0,19,0.0,0,0.0,36.67,0.0,2025-01-08,-,0,989.0
-,-,Splitx,-,1213.29,-1.76,1491.97,0.0,92.9,0.59,36,0.0,23,0.0,13,0.0,0,0.0,63.89,0.0,2021-03-02,-,0,-
1043,-12,Gramadancho,-,1213.12,39.41,1445.77,26.2,77.55,-4.4,27,3.0,13,2.0,14,1.0,0,0.0,48.15,2.32,2026-06-22,-,0,1118.0
1044,-76,Adysian,-,1212.94,-1.64,1511.44,0.0,99.5,0.55,18,0.0,9,0.0,9,0.0,0,0.0,50.0,0.0,2026-03-03,-,0,-
-,-,BTA,-,1212.74,-3.06,1375.61,0.0,54.29,1.02,129,0.0,44,0.0,84,0.0,1,0.0,34.11,0.0,2023-02-05,-,0,-
-,-,Chul,-,1212.5,-2.35,1424.78,0.0,70.76,0.78,84,0.0,28,0.0,53,0.0,3,0.0,33.33,0.0,2020-12-06,G,2,-
-,-,norkle,-,1212.44,-2.7,1397.37,0.0,61.64,0.9,174,0.0,58,0.0,113,0.0,3,0.0,33.33,0.0,2021-06-02,-,0,-
1045,-72,Aramirezm,-,1211.94,-1.36,1571.7,0.0,119.92,0.45,12,0.0,5,0.0,5,0.0,2,0.0,41.67,0.0,2026-01-10,-,0,-
1046,-77,Jived,IT,1211.85,-2.64,1398.94,0.0,62.36,0.88,48,0.0,21,0.0,26,0.0,1,0.0,43.75,0.0,2026-01-05,-,0,841.0
-,-,Xxyu,CN,1211.77,-2.17,1453.5,0.0,80.58,0.72,42,0.0,24,0.0,18,0.0,0,0.0,57.14,0.0,2025-01-28,-,0,845.0
-,-,Polysics,-,1210.48,-1.35,1573.24,0.0,120.92,0.45,12,0.0,6,0.0,6,0.0,0,0.0,50.0,0.0,2020-12-06,-,0,-
1047,-22,minzent,-,1210.1,33.79,1403.67,16.47,64.52,-5.77,48,6.0,18,3.0,29,3.0,1,0.0,37.5,1.79,2026-08-06,-,0,913.0
-,-,Ankaru,-,1210.04,-2.01,1455.12,0.0,81.69,0.67,33,0.0,14,0.0,19,0.0,0,0.0,42.42,0.0,2025-01-15,-,0,1067.0
-,-,MinSane,-,1209.46,-1.73,1494.38,0.0,94.97,0.58,24,0.0,14,0.0,10,0.0,0,0.0,58.33,0.0,2021-09-05,-,0,-
-,-,Abby1991,-,1208.77,-1.78,1485.08,0.0,92.1,0.59,24,0.0,12,0.0,10,0.0,2,0.0,50.0,0.0,2022-03-06,-,0,-
-,-,JDN115,CA,1208.75,-2.49,1409.84,0.0,67.03,0.83,54,0.0,21,0.0,33,0.0,0,0.0,38.89,0.0,2023-12-03,-,0,-
-,-,FeedmeHR,-,1208.65,-1.32,1579.2,0.0,123.52,0.44,12,0.0,8,0.0,4,0.0,0,0.0,66.67,0.0,2020-06-28,-,0,-
1048,unretired,Frank92,-,1207.92,88.24,1483.76,11.45,91.95,-25.6,18,6.0,10,3.0,8,3.0,0,0.0,55.56,-2.77,2026-07-26,-,0,1286.0
1049,-29,Rebel_Rebs,-,1207.34,28.6,1369.5,6.1,54.05,-7.5,48,12.0,20,5.0,27,7.0,1,0.0,41.67,0.0,2026-08-04,-,0,836.0
-,-,Jaack,-,1206.72,-2.36,1416.88,0.0,70.05,0.79,60,0.0,29,0.0,29,0.0,2,0.0,48.33,0.0,2021-12-05,-,0,-
-,-,venansula,-,1206.61,-3.3,1356.07,0.0,49.82,1.1,219,0.0,82,0.0,132,0.0,5,0.0,37.44,0.0,2023-12-03,-,0,-
1050,-72,hein,-,1206.47,-1.66,1501.56,0.0,98.36,0.55,18,0.0,9,0.0,9,0.0,0,0.0,50.0,0.0,2026-03-02,-,0,-
1051,-80,Helen-the-great,-,1206.45,-7.48,1341.91,-5.53,45.15,0.65,156,3.0,61,0.0,92,3.0,3,0.0,39.1,-0.77,2026-07-04,-,0,572.0
-,-,Kwang202,-,1206.12,-3.13,1364.45,0.0,52.78,1.04,132,0.0,58,0.0,74,0.0,0,0.0,43.94,0.0,2024-06-16,-,0,-
1052,-57,Franzy,-,1205.92,7.03,1320.53,4.94,38.2,-0.7,231,12.0,84,4.0,146,8.0,1,0.0,36.36,-0.17,2026-07-31,-,0,746.0
-,-,joelo,-,1205.88,-1.83,1473.17,0.0,89.1,0.61,36,0.0,16,0.0,20,0.0,0,0.0,44.44,0.0,2020-12-06,-,0,-
-,-,Stu12,-,1205.84,-1.51,1531.45,0.0,108.54,0.5,24,0.0,14,0.0,10,0.0,0,0.0,58.33,0.0,2019-12-30,-,0,-
1053,-53,Hampsink,-,1205.76,11.68,1399.2,-4.24,64.48,-5.31,45,6.0,19,3.0,26,3.0,0,0.0,42.22,1.19,2026-07-22,-,0,863.0
-,-,Klapaucjusz,PL,1205.4,-1.11,1646.28,0.0,146.96,0.37,12,0.0,8,0.0,4,0.0,0,0.0,66.67,0.0,2020-06-14,-,0,-
-,-,scrambled,-,1205.1,-2.31,1417.05,0.0,70.65,0.77,72,0.0,37,0.0,35,0.0,0,0.0,51.39,0.0,2021-09-05,-,0,-
1054,232,NapoRules,-,1204.82,406.06,1561.53,296.2,118.9,-36.62,15,6.0,10,5.0,5,1.0,0,0.0,66.67,11.11,2026-07-28,-,0,1416.0
1055,-72,kemal,-,1204.67,-1.19,1428.8,-33.43,74.71,-10.75,30,6.0,14,2.0,16,4.0,0,0.0,46.67,-3.33,2026-08-03,-,0,1184.0
1056,-168,Ivan04,-,1204.62,-59.93,1356.24,-81.76,50.54,-7.28,72,18.0,26,0.0,43,15.0,3,3.0,36.11,-12.04,2026-08-12,-,0,1065.0
1057,-108,Tuisku,-,1204.44,-19.16,1410.6,-25.17,68.72,-2.0,39,3.0,17,1.0,22,2.0,0,0.0,43.59,-0.85,2026-07-09,-,0,989.0
-,-,P-Funk,-,1204.16,-2.32,1415.53,0.0,70.46,0.77,48,0.0,23,0.0,23,0.0,2,0.0,47.92,0.0,2022-09-04,-,0,-
1058,-37,Madivar,-,1204.11,25.88,1421.59,5.83,72.49,-6.68,36,6.0,14,2.0,22,4.0,0,0.0,38.89,-1.11,2026-07-25,-,0,1067.0
1059,-74,Bonneville22,-,1204.1,0.15,1326.36,-3.51,40.75,-1.22,111,12.0,44,5.0,64,7.0,3,0.0,39.64,0.25,2026-08-01,-,0,836.0
1060,-76,Akametsu,-,1203.76,-1.5,1530.29,0.0,108.84,0.5,12,0.0,7,0.0,5,0.0,0,0.0,58.33,0.0,2026-04-24,-,0,-
1061,-84,DeZet,-,1203.61,-4.65,1312.85,0.0,36.42,1.55,267,0.0,85,0.0,170,0.0,12,0.0,31.84,0.0,2025-11-30,-,0,697.0
-,-,Djurre,-,1203.54,-1.81,1475.35,0.0,90.6,0.6,24,0.0,11,0.0,13,0.0,0,0.0,45.83,0.0,2022-03-06,-,0,-
-,-,NovusIgnis,US,1203.17,-4.24,1329.12,0.0,41.98,1.41,183,0.0,69,0.0,113,0.0,1,0.0,37.7,0.0,2025-07-15,-,0,985.0
1062,-108,Suddoman,-,1202.89,-18.95,1303.79,-26.02,33.63,-2.36,153,24.0,54,6.0,97,18.0,2,0.0,35.29,-1.92,2026-07-29,-,0,932.0
-,-,majortom111,-,1202.86,-3.01,1368.83,0.0,55.32,1.0,144,0.0,55,0.0,87,0.0,2,0.0,38.19,0.0,2023-03-01,-,0,-
-,-,KKluigi,-,1202.83,-3.38,1359.75,0.0,52.3,1.13,138,0.0,55,0.0,82,0.0,1,0.0,39.86,0.0,2023-12-03,-,0,-
-,-,Luitheone,-,1202.69,-2.32,1413.35,0.0,70.22,0.77,102,0.0,43,0.0,59,0.0,0,0.0,42.16,0.0,2020-06-28,-,0,-
1063,-49,Perrary,-,1202.69,19.04,1414.87,1.87,70.73,-5.72,30,6.0,13,2.0,17,4.0,0,0.0,43.33,-2.5,2026-07-24,-,0,989.0
-,-,donperizoma,-,1202.58,-1.78,1477.7,0.0,91.71,0.59,18,0.0,8,0.0,10,0.0,0,0.0,44.44,0.0,2025-03-01,-,0,939.0
-,-,dburstin,-,1202.54,-1.65,1500.34,0.0,99.27,0.55,18,0.0,9,0.0,9,0.0,0,0.0,50.0,0.0,2025-03-01,-,0,939.0
-,-,PostupRed,-,1202.23,-2.33,1415.48,0.0,71.08,0.78,60,0.0,20,0.0,40,0.0,0,0.0,33.33,0.0,2021-09-05,-,0,-
-,-,Andreasp88,-,1201.79,-2.12,1432.63,0.0,76.95,0.71,36,0.0,14,0.0,22,0.0,0,0.0,38.89,0.0,2024-04-04,-,0,-
1064,14,ZesPak,-,1201.75,68.74,1425.61,48.1,74.62,-6.88,36,6.0,11,3.0,25,3.0,0,0.0,30.56,3.89,2026-07-21,-,0,939.0
-,-,jratana1,-,1201.6,-1.4,1551.97,0.0,116.79,0.47,15,0.0,9,0.0,6,0.0,0,0.0,60.0,0.0,2024-10-13,-,0,-
-,-,dejwut,-,1201.59,-1.3,1577.39,0.0,125.27,0.43,12,0.0,8,0.0,4,0.0,0,0.0,66.67,0.0,2024-02-23,-,0,-
1065,-161,Jaan,-,1201.45,-53.84,1444.46,-87.47,81.01,-11.21,24,6.0,10,0.0,13,5.0,1,1.0,41.67,-13.89,2026-08-10,-,0,-
-,-,kaiwanxiaola,TW,1201.19,-1.93,1455.45,0.0,84.76,0.64,24,0.0,7,0.0,17,0.0,0,0.0,29.17,0.0,2023-04-16,-,0,-
1066,-75,Partyshank,-,1201.15,0.54,1315.8,1.47,38.22,0.31,267,6.0,97,2.0,169,4.0,1,0.0,36.33,-0.07,2026-07-31,-,0,589.0
1067,-41,bobcatbob,-,1201.07,25.59,1284.44,26.14,27.79,0.18,393,24.0,136,14.0,256,10.0,1,0.0,34.61,1.55,2026-08-04,-,0,565.0
-,-,Lynnir,-,1200.98,-2.03,1443.56,0.0,80.86,0.68,36,0.0,19,0.0,17,0.0,0,0.0,52.78,0.0,2021-06-02,-,0,-
1068,-65,Camy,-,1200.87,8.53,1463.93,-53.05,87.69,-20.53,18,6.0,10,2.0,8,4.0,0,0.0,55.56,-11.11,2026-08-12,-,0,-
-,-,Cope,-,1200.85,-1.93,1461.61,0.0,86.92,0.64,36,0.0,19,0.0,17,0.0,0,0.0,52.78,0.0,2021-03-02,-,0,-
-,-,TonyMc1961,-,1200.65,-2.01,1444.4,0.0,81.25,0.67,48,0.0,19,0.0,29,0.0,0,0.0,39.58,0.0,2020-12-06,-,0,-
-,-,Onlineguy,-,1200.57,-2.17,1427.28,0.0,75.57,0.72,42,0.0,15,0.0,27,0.0,0,0.0,35.71,0.0,2024-07-01,-,0,-
1069,-80,SargeGunz,-,1199.86,-1.73,1482.48,0.0,94.2,0.58,18,0.0,9,0.0,9,0.0,0,0.0,50.0,0.0,2026-01-20,-,0,-
-,-,Fivec,-,1199.77,-1.63,1501.5,0.0,100.57,0.54,24,0.0,12,0.0,12,0.0,0,0.0,50.0,0.0,2020-06-28,G,2,-
-,-,8bitMeeple,-,1199.61,-2.99,1369.31,0.0,56.57,1.0,126,0.0,55,0.0,71,0.0,0,0.0,43.65,0.0,2023-01-15,-,0,-
-,-,LacekCZ,-,1199.1,-1.69,1493.91,0.0,98.27,0.56,24,0.0,11,0.0,12,0.0,1,0.0,45.83,0.0,2020-09-27,G,2,-
-,-,holmesiv,-,1198.73,-1.24,1592.42,0.0,131.23,0.41,12,0.0,9,0.0,3,0.0,0,0.0,75.0,0.0,2021-03-02,-,0,-
-,-,AHoppy,-,1198.35,-1.47,1532.86,0.0,111.5,0.49,24,0.0,14,0.0,10,0.0,0,0.0,58.33,0.0,2020-09-27,-,0,-
-,-,Kaiba0710,-,1197.77,-1.85,1464.17,0.0,88.8,0.62,24,0.0,11,0.0,12,0.0,1,0.0,45.83,0.0,2021-12-05,-,0,-
1070,new,ogre44444,-,1197.73,747.73,1652.08,152.08,151.45,151.45,6,6.0,4,4.0,2,2.0,0,0.0,66.67,66.67,2026-08-03,-,0,-
-,-,Metz63,-,1197.34,-2.32,1409.77,0.0,70.81,0.77,42,0.0,12,0.0,30,0.0,0,0.0,28.57,0.0,2025-03-08,-,0,939.0
-,-,Sprox,-,1197.3,-1.65,1494.98,0.0,99.23,0.55,18,0.0,9,0.0,9,0.0,0,0.0,50.0,0.0,2024-04-04,-,0,-
1071,-83,LadyValaria,US,1197.21,-4.4,1313.36,0.0,38.72,1.47,168,0.0,68,0.0,98,0.0,2,0.0,40.48,0.0,2026-03-25,-,0,780.0
1072,-64,Garhett,-,1197.08,9.83,1412.91,-10.85,71.94,-6.89,30,6.0,12,2.0,18,4.0,0,0.0,40.0,-1.67,2026-07-22,-,0,939.0
1073,-57,ThomasM,-,1197.07,16.97,1309.83,13.59,37.58,-1.13,180,12.0,55,7.0,123,5.0,2,0.0,30.56,1.99,2026-07-14,-,0,918.0
-,-,KingPerun,-,1196.97,-2.32,1408.61,0.0,70.55,0.77,39,0.0,20,0.0,19,0.0,0,0.0,51.28,0.0,2025-01-08,-,0,1184.0
-,-,Yunseok,-,1196.3,-2.01,1443.61,0.0,82.44,0.67,30,0.0,13,0.0,17,0.0,0,0.0,43.33,0.0,2024-04-04,-,0,-
1074,-278,Faeyon,-,1195.73,-122.05,1369.67,-178.58,57.98,-18.84,57,21.0,16,0.0,37,18.0,4,3.0,28.07,-16.37,2026-07-21,-,0,-
-,-,joshthefunkdoc,-,1195.58,-1.6,1501.4,0.0,101.94,0.53,24,0.0,14,0.0,10,0.0,0,0.0,58.33,0.0,2020-06-14,-,0,-
-,-,Yambomb,-,1195.43,-1.91,1454.67,0.0,86.41,0.64,36,0.0,19,0.0,17,0.0,0,0.0,52.78,0.0,2021-03-02,-,0,-
-,-,Droopy999,-,1195.23,-2.48,1393.53,0.0,66.1,0.83,84,0.0,41,0.0,43,0.0,0,0.0,48.81,0.0,2022-03-06,-,0,-
-,-,Bushel,-,1195.23,-2.97,1365.16,0.0,56.64,0.99,114,0.0,45,0.0,68,0.0,1,0.0,39.47,0.0,2024-02-23,-,0,-
1075,-47,OodOok,-,1195.1,20.15,1336.41,-2.11,47.1,-7.42,72,18.0,24,8.0,47,10.0,1,0.0,33.33,3.7,2026-08-01,-,0,1375.0
-,-,goldeneyeonline,DE,1195.03,-2.91,1364.16,0.0,56.38,0.97,132,0.0,54,0.0,75,0.0,3,0.0,40.91,0.0,2022-12-04,-,0,-
-,-,Cuna_General,-,1194.97,-1.6,1501.95,0.0,102.33,0.53,24,0.0,12,0.0,12,0.0,0,0.0,50.0,0.0,2020-12-06,-,0,-
-,-,TopDog,-,1194.94,-1.74,1476.99,0.0,94.02,0.58,18,0.0,9,0.0,9,0.0,0,0.0,50.0,0.0,2025-03-07,-,0,939.0
-,-,campsbayrich,-,1193.88,-2.7,1376.13,0.0,60.75,0.9,96,0.0,39,0.0,55,0.0,2,0.0,40.62,0.0,2022-06-05,-,0,-
-,-,vomisa,-,1193.85,-2.51,1389.59,0.0,65.25,0.84,72,0.0,36,0.0,36,0.0,0,0.0,50.0,0.0,2022-06-05,-,0,-
-,-,cheekysausage,-,1193.69,-1.67,1487.74,0.0,98.02,0.56,24,0.0,11,0.0,13,0.0,0,0.0,45.83,0.0,2021-06-02,-,0,-
1076,-130,RuslanP,-,1193.29,-30.87,1436.53,-70.72,81.08,-13.28,24,6.0,9,1.0,15,5.0,0,0.0,37.5,-6.94,2026-07-29,-,0,-
1077,-80,Chenese,-,1193.26,-2.28,1408.81,0.0,71.85,0.76,30,0.0,12,0.0,18,0.0,0,0.0,40.0,0.0,2026-03-02,-,0,1118.0
-,-,Prince2B,-,1193.04,-1.49,1521.44,0.0,109.46,0.5,12,0.0,5,0.0,7,0.0,0,0.0,41.67,0.0,2025-01-10,-,0,989.0
1078,-80,Brumkalinka,-,1192.82,-1.92,1448.76,0.0,85.32,0.64,27,0.0,11,0.0,14,0.0,2,0.0,40.74,0.0,2025-12-01,-,0,1067.0
1079,-83,SnowGolem,-,1192.56,-4.68,1302.16,0.0,36.53,1.56,300,0.0,91,0.0,205,0.0,4,0.0,30.33,0.0,2026-01-05,-,0,630.0
-,-,Kermitoos,-,1192.22,-1.4,1544.49,0.0,117.42,0.47,12,0.0,6,0.0,6,0.0,0,0.0,50.0,0.0,2025-01-10,-,0,989.0
1080,-61,Larsusvonundzu,-,1192.16,13.27,1300.49,3.2,36.11,-3.36,138,24.0,48,9.0,90,15.0,0,0.0,34.78,0.57,2026-07-29,-,0,746.0
-,-,grantfive,-,1191.77,-1.77,1469.19,0.0,92.47,0.59,24,0.0,12,0.0,12,0.0,0,0.0,50.0,0.0,2022-03-06,-,0,-
1081,-39,gwfalcon,-,1191.41,26.5,1388.8,14.8,65.8,-3.9,48,6.0,18,2.0,30,4.0,0,0.0,37.5,-0.6,2026-08-09,-,0,1118.0
-,-,Elendil,-,1191.29,-3.1,1352.71,0.0,53.81,1.03,126,0.0,54,0.0,70,0.0,2,0.0,42.86,0.0,2024-09-04,-,0,-
-,-,MySAK,-,1191.22,-2.4,1404.1,0.0,70.96,0.8,60,0.0,23,0.0,35,0.0,2,0.0,38.33,0.0,2021-09-05,-,0,-
-,-,mazir,-,1190.41,-3.14,1348.92,0.0,52.83,1.05,90,0.0,33,0.0,57,0.0,0,0.0,36.67,0.0,2024-09-04,-,0,-
-,-,Tugger,-,1190.33,-1.82,1462.51,0.0,90.73,0.61,36,0.0,18,0.0,18,0.0,0,0.0,50.0,0.0,2020-12-06,-,0,-
1082,-83,TaoTeo,IT,1190.24,-4.18,1314.99,0.0,41.58,1.39,303,0.0,104,0.0,199,0.0,0,0.0,34.32,0.0,2025-12-01,-,0,1118.0
-,-,draxius,-,1190.13,-1.78,1465.54,0.0,91.8,0.59,24,0.0,10,0.0,14,0.0,0,0.0,41.67,0.0,2024-04-04,-,0,-
-,-,Alnur,-,1190.08,-1.4,1538.55,0.0,116.16,0.47,12,0.0,5,0.0,7,0.0,0,0.0,41.67,0.0,2023-03-01,-,0,-
1083,-56,Everex,CZ,1190.01,15.02,1291.72,14.79,33.9,-0.08,318,12.0,100,7.0,217,5.0,1,0.0,31.45,1.06,2026-07-17,-,0,628.0
-,-,Bsquared,-,1189.87,-1.2,1596.69,0.0,135.61,0.4,12,0.0,8,0.0,3,0.0,1,0.0,66.67,0.0,2021-03-02,-,0,-
1084,-80,Abuceb,-,1189.33,-1.53,1325.61,-13.43,45.43,-3.97,96,15.0,34,3.0,61,12.0,1,0.0,35.42,-2.85,2026-07-26,-,0,849.0
-,-,Goth444,-,1188.86,-1.17,1608.96,0.0,140.03,0.39,12,0.0,7,0.0,5,0.0,0,0.0,58.33,0.0,2024-02-23,-,0,-
1085,-113,2da6,-,1188.6,-24.76,1320.88,-33.74,44.09,-2.99,99,12.0,36,2.0,61,9.0,2,1.0,36.36,-2.72,2026-08-04,-,0,939.0
-,-,dylyla,-,1188.38,-1.73,1472.07,0.0,94.57,0.58,24,0.0,13,0.0,11,0.0,0,0.0,54.17,0.0,2021-03-02,-,0,-
1086,-39,Oranim,-,1188.33,27.42,1387.14,13.77,66.27,-4.55,45,6.0,16,2.0,28,4.0,1,0.0,35.56,-0.34,2026-07-28,-,0,989.0
-,-,est,-,1187.53,-1.43,1529.4,0.0,113.96,0.48,12,0.0,7,0.0,5,0.0,0,0.0,58.33,0.0,2021-12-05,-,0,-
-,-,Riences,-,1187.42,-2.11,1420.41,0.0,77.66,0.7,48,0.0,20,0.0,27,0.0,1,0.0,41.67,0.0,2021-12-05,-,0,-
-,-,Lennart,-,1187.17,-1.98,1435.53,0.0,82.79,0.66,42,0.0,15,0.0,27,0.0,0,0.0,35.71,0.0,2024-04-04,-,0,-
1087,-72,kacavenda,-,1186.93,3.97,1450.53,-15.37,87.86,-6.45,21,3.0,10,1.0,11,2.0,0,0.0,47.62,-2.38,2026-06-24,-,0,-
-,-,thaes,-,1186.54,-2.08,1422.27,0.0,78.58,0.69,36,0.0,21,0.0,15,0.0,0,0.0,58.33,0.0,2022-06-05,-,0,-
1088,-102,Micha501,-,1186.38,-17.54,1378.22,-64.85,63.95,-15.77,39,12.0,15,3.0,23,9.0,1,0.0,38.46,-5.98,2026-07-25,-,0,1118.0
-,-,Galten,-,1186.22,-1.36,1545.6,0.0,119.8,0.45,12,0.0,6,0.0,6,0.0,0,0.0,50.0,0.0,2024-02-23,-,0,-
-,-,plaZer,-,1185.31,-2.03,1429.56,0.0,81.42,0.68,60,0.0,24,0.0,36,0.0,0,0.0,40.0,0.0,2023-01-15,-,0,-
-,-,TomTom69,-,1184.7,-1.75,1465.48,0.0,93.59,0.58,24,0.0,12,0.0,12,0.0,0,0.0,50.0,0.0,2021-03-02,-,0,-
-,-,Nikauw,-,1184.13,-1.63,1484.66,0.0,100.18,0.54,18,0.0,8,0.0,10,0.0,0,0.0,44.44,0.0,2024-04-04,-,0,-
1089,-87,mindphaser,CA,1183.96,-9.19,1285.9,-6.01,33.98,1.06,459,6.0,150,1.0,304,5.0,5,0.0,32.68,-0.21,2026-07-22,G,2,630.0
-,-,Roksis,-,1183.69,-2.88,1359.2,0.0,58.51,0.96,114,0.0,43,0.0,71,0.0,0,0.0,37.72,0.0,2023-01-15,G,2,-
1090,-45,Moulbaert,-,1183.65,19.76,1422.45,-15.29,79.6,-11.68,24,6.0,9,2.0,14,3.0,1,1.0,37.5,-1.39,2026-08-06,-,0,-
-,-,Bora_Horsa_Gobuchul,-,1183.57,-1.89,1445.09,0.0,87.17,0.63,27,0.0,12,0.0,15,0.0,0,0.0,44.44,0.0,2025-01-09,-,0,1118.0
-,-,Vali1590,-,1183.43,-1.85,1449.14,0.0,88.57,0.62,18,0.0,6,0.0,12,0.0,0,0.0,33.33,0.0,2025-03-01,-,0,939.0
1091,-86,Gr33ny,-,1182.96,-6.69,1271.95,-8.1,29.66,-0.47,402,24.0,130,6.0,267,18.0,5,0.0,32.34,-0.46,2026-07-29,-,0,600.0
-,-,EnterWrexer,-,1182.84,-1.24,1577.87,0.0,131.68,0.41,12,0.0,9,0.0,3,0.0,0,0.0,75.0,0.0,2020-12-06,-,0,-
1092,-79,rrobby,IT,1182.59,-2.19,1406.81,0.0,74.74,0.73,36,0.0,11,0.0,25,0.0,0,0.0,30.56,0.0,2026-04-29,-,0,1287.0
-,-,nexpyru,-,1182.36,-2.91,1351.56,0.0,56.4,0.97,102,0.0,41,0.0,60,0.0,1,0.0,40.2,0.0,2023-07-15,-,0,-
-,-,wabatt,-,1181.64,-1.76,1463.13,0.0,93.83,0.59,24,0.0,9,0.0,14,0.0,1,0.0,37.5,0.0,2020-09-27,G,2,-
-,-,Kestutelis,-,1181.27,-1.79,1455.48,0.0,91.4,0.6,24,0.0,9,0.0,15,0.0,0,0.0,37.5,0.0,2025-01-24,-,0,989.0
1093,-140,Bulb,-,1180.48,-41.5,1353.67,-50.76,57.73,-3.09,63,6.0,22,0.0,41,6.0,0,0.0,34.92,-3.68,2026-07-31,-,0,835.0
1094,-84,Kozzilla,-,1180.45,-6.07,1327.15,-7.97,48.9,-0.64,108,6.0,38,1.0,69,5.0,1,0.0,35.19,-1.08,2026-08-03,-,0,670.0
-,-,Vitezslack,-,1180.37,-2.16,1411.93,0.0,77.19,0.72,45,0.0,17,0.0,26,0.0,2,0.0,37.78,0.0,2021-09-05,-,0,-
-,-,Left-fire-egg,-,1180.31,-1.37,1536.95,0.0,118.88,0.46,15,0.0,9,0.0,6,0.0,0,0.0,60.0,0.0,2024-10-13,-,0,-
1095,-77,UNICOKRATOS,-,1179.84,0.15,1399.08,-24.12,73.08,-8.09,36,6.0,16,1.0,20,5.0,0,0.0,44.44,-5.56,2026-07-27,-,0,939.0
-,-,Medicus,-,1179.58,-2.27,1395.55,0.0,71.99,0.76,42,0.0,12,0.0,30,0.0,0,0.0,28.57,0.0,2025-03-04,-,0,939.0
1096,-122,MadNut86,-,1179.53,-33.23,1412.16,-64.7,77.55,-10.49,30,6.0,12,1.0,18,5.0,0,0.0,40.0,-5.83,2026-07-21,-,0,1067.0
-,-,Joetaptaco,-,1179.48,-2.44,1380.9,0.0,67.14,0.81,60,0.0,24,0.0,36,0.0,0,0.0,40.0,0.0,2022-03-06,-,0,-
-,-,GustavEdman,-,1178.86,-2.14,1409.68,0.0,76.94,0.71,60,0.0,24,0.0,36,0.0,0,0.0,40.0,0.0,2021-06-02,-,0,-
-,-,Maxart,-,1178.82,-2.36,1388.41,0.0,69.86,0.79,60,0.0,23,0.0,37,0.0,0,0.0,38.33,0.0,2021-12-05,-,0,-
-,-,TimtheGreat,-,1178.67,-1.48,1509.1,0.0,110.14,0.49,24,0.0,13,0.0,11,0.0,0,0.0,54.17,0.0,2020-09-27,-,0,-
-,-,Alyx,-,1178.64,-1.91,1439.65,0.0,87.0,0.64,36,0.0,17,0.0,18,0.0,1,0.0,47.22,0.0,2021-03-02,-,0,-
-,-,origamifan,-,1178.56,-2.52,1373.74,0.0,65.06,0.84,84,0.0,38,0.0,45,0.0,1,0.0,45.24,0.0,2021-12-05,-,0,-
-,-,DrewTheBold,-,1178.14,-1.91,1436.91,0.0,86.26,0.64,36,0.0,16,0.0,20,0.0,0,0.0,44.44,0.0,2021-03-02,-,0,-
-,-,MetaWiz,-,1177.87,-2.64,1365.87,0.0,62.66,0.88,90,0.0,41,0.0,49,0.0,0,0.0,45.56,0.0,2023-01-15,-,0,-
-,-,quartersmostly,-,1177.82,-1.45,1515.69,0.0,112.63,0.48,12,0.0,6,0.0,6,0.0,0,0.0,50.0,0.0,2025-01-15,-,0,989.0
1097,-91,Wombelbat,-,1177.74,-10.43,1295.85,-21.56,39.37,-3.71,177,18.0,60,5.0,114,13.0,3,0.0,33.9,-0.69,2026-08-06,-,0,1375.0
-,-,sleepytown,US,1177.51,-2.43,1379.73,0.0,67.41,0.81,54,0.0,26,0.0,28,0.0,0,0.0,48.15,0.0,2023-02-05,-,0,-
-,-,aimo,CN,1177.29,-1.1,1623.56,0.0,148.76,0.37,6,0.0,4,0.0,2,0.0,0,0.0,66.67,0.0,2023-07-15,-,0,-
-,-,yesod,-,1177.1,-2.07,1418.74,0.0,80.55,0.69,36,0.0,15,0.0,21,0.0,0,0.0,41.67,0.0,2021-12-05,-,0,-
-,-,JBloodski,-,1176.57,-1.78,1453.0,0.0,92.14,0.59,18,0.0,6,0.0,12,0.0,0,0.0,33.33,0.0,2025-03-04,-,0,939.0
-,-,DDD_D,-,1176.45,-1.48,1507.12,0.0,110.22,0.49,12,0.0,5,0.0,7,0.0,0,0.0,41.67,0.0,2024-12-31,-,0,989.0
1098,-76,datboidankjuice,-,1176.33,-1.41,1523.4,0.0,115.69,0.47,12,0.0,6,0.0,6,0.0,0,0.0,50.0,0.0,2026-01-16,-,0,-
1099,-187,NedNutt,-,1175.87,-74.61,1487.58,-107.53,103.9,-10.97,15,3.0,8,0.0,7,3.0,0,0.0,53.33,-13.34,2026-07-01,-,0,-
-,-,essence,IL,1175.67,-1.53,1496.64,0.0,106.99,0.51,15,0.0,8,0.0,7,0.0,0,0.0,53.33,0.0,2023-11-17,-,0,-
-,-,Shadez22,-,1175.48,-2.02,1418.74,0.0,81.09,0.67,48,0.0,18,0.0,30,0.0,0,0.0,37.5,0.0,2020-12-06,-,0,-
-,-,Bartas,-,1174.96,-1.93,1428.8,0.0,84.62,0.64,24,0.0,10,0.0,12,0.0,2,0.0,41.67,0.0,2023-06-04,-,0,-
-,-,The_Law,ZA,1174.39,-4.38,1297.62,0.0,41.08,1.46,270,0.0,82,0.0,187,0.0,1,0.0,30.37,0.0,2025-04-29,-,0,778.0
-,-,Kirian,-,1174.32,-1.35,1537.94,0.0,121.21,0.45,12,0.0,7,0.0,5,0.0,0,0.0,58.33,0.0,2025-01-21,-,0,1067.0
-,-,ahowlin,-,1173.91,-3.07,1338.25,0.0,54.78,1.02,126,0.0,54,0.0,71,0.0,1,0.0,42.86,0.0,2024-03-03,-,0,-
1100,-89,vratia,-,1173.48,-12.1,1265.28,-13.54,30.6,-0.48,267,24.0,79,5.0,187,19.0,1,0.0,29.59,-0.86,2026-08-12,-,0,859.0
-,-,SandorClegan,-,1173.45,-1.84,1440.45,0.0,89.0,0.61,36,0.0,13,0.0,22,0.0,1,0.0,36.11,0.0,2020-12-06,-,0,-
1101,-72,Raasay,-,1172.96,-1.89,1432.42,0.0,86.49,0.63,24,0.0,10,0.0,14,0.0,0,0.0,41.67,0.0,2026-01-11,-,0,989.0
-,-,matti5215,-,1172.88,-3.94,1300.9,0.0,42.67,1.31,264,0.0,95,0.0,166,0.0,3,0.0,35.98,0.0,2024-11-26,-,0,1287.0
-,-,Guylikikipoile,-,1172.72,-1.54,1490.18,0.0,105.82,0.51,18,0.0,10,0.0,8,0.0,0,0.0,55.56,0.0,2024-04-04,-,0,-
-,-,Shaeff,-,1172.61,-1.91,1429.23,0.0,85.54,0.64,24,0.0,12,0.0,12,0.0,0,0.0,50.0,0.0,2023-02-05,-,0,-
-,-,Philihp,-,1172.39,-2.55,1367.17,0.0,64.93,0.85,84,0.0,31,0.0,52,0.0,1,0.0,36.9,0.0,2021-12-05,-,0,-
1102,-101,Olunia,-,1172.31,-21.44,1321.13,-57.44,49.61,-12.0,75,24.0,28,5.0,47,19.0,0,0.0,37.33,-7.77,2026-07-28,-,0,1416.0
1103,-73,lzhon002,-,1171.77,-2.46,1371.42,0.0,66.55,0.82,42,0.0,19,0.0,23,0.0,0,0.0,45.24,0.0,2026-01-14,-,0,1184.0
-,-,Ranger,-,1171.73,-1.71,1458.45,0.0,95.58,0.57,24,0.0,11,0.0,12,0.0,1,0.0,45.83,0.0,2025-01-16,-,0,1184.0
-,-,Shalif,FR,1171.02,-3.1,1329.8,0.0,52.93,1.03,105,0.0,38,0.0,65,0.0,2,0.0,36.19,0.0,2025-01-13,-,0,1184.0
-,-,Aftermath,-,1170.97,-1.76,1450.24,0.0,93.09,0.59,24,0.0,11,0.0,13,0.0,0,0.0,45.83,0.0,2021-06-02,-,0,-
-,-,chrislear,-,1170.29,-1.01,1655.12,0.0,161.61,0.34,6,0.0,3,0.0,2,0.0,1,0.0,50.0,0.0,2023-01-15,-,0,-
-,-,Albino,-,1170.2,-2.67,1354.18,0.0,61.33,0.89,60,0.0,23,0.0,37,0.0,0,0.0,38.33,0.0,2024-06-02,-,0,-
-,-,ack,ES,1170.0,-2.91,1345.79,0.0,58.6,0.97,90,0.0,37,0.0,53,0.0,0,0.0,41.11,0.0,2023-06-04,-,0,-
-,-,Akstar,-,1169.93,-1.33,1537.23,0.0,122.43,0.44,12,0.0,8,0.0,4,0.0,0,0.0,66.67,0.0,2021-12-05,-,0,-
-,-,betweenworlds,IN,1169.7,-4.14,1295.26,0.0,41.85,1.38,279,0.0,88,0.0,185,0.0,6,0.0,31.54,0.0,2025-01-21,-,0,1245.0
-,-,Sir_Smiley,-,1169.03,-1.99,1415.38,0.0,82.12,0.66,36,0.0,15,0.0,19,0.0,2,0.0,41.67,0.0,2021-06-02,-,0,-
1104,-69,AnBeLi3v4bLe,GR,1168.78,-1.58,1259.96,-2.27,30.39,-0.23,414,24.0,129,7.0,283,17.0,2,0.0,31.16,-0.12,2026-07-27,-,0,670.0
-,-,ManateeOverlord,-,1168.72,-1.32,1540.36,0.0,123.88,0.44,12,0.0,7,0.0,5,0.0,0,0.0,58.33,0.0,2020-09-27,-,0,-
1105,-69,iindianajones,-,1168.5,-1.7,1457.67,0.0,96.39,0.57,18,0.0,8,0.0,10,0.0,0,0.0,44.44,0.0,2026-01-16,-,0,1287.0
-,-,Jerome_Eiffel,-,1168.35,-1.36,1527.46,0.0,119.7,0.45,12,0.0,8,0.0,4,0.0,0,0.0,66.67,0.0,2022-03-06,-,0,-
-,-,Ender_Wiggin,CN,1168.1,-1.66,1463.47,0.0,98.46,0.55,24,0.0,8,0.0,15,0.0,1,0.0,33.33,0.0,2020-12-06,-,0,-
-,-,applearn,-,1168.08,-1.44,1507.82,0.0,113.25,0.48,12,0.0,4,0.0,8,0.0,0,0.0,33.33,0.0,2023-03-01,-,0,-
-,-,nosnah,PL,1167.77,-3.93,1299.6,0.0,43.94,1.31,273,0.0,101,0.0,168,0.0,4,0.0,37.0,0.0,2024-06-16,-,0,-
-,-,LukeSpraywalker,IN,1167.64,-3.42,1313.35,0.0,48.57,1.14,120,0.0,29,0.0,80,0.0,11,0.0,24.17,0.0,2024-10-01,-,0,-
-,-,NicolBolas,-,1167.44,-0.87,1727.44,0.0,186.67,0.29,3,0.0,3,0.0,0,0.0,0,0.0,100.0,0.0,2024-10-13,-,0,-
-,-,niTRox,-,1166.76,-2.08,1405.19,0.0,79.48,0.69,48,0.0,17,0.0,29,0.0,2,0.0,35.42,0.0,2021-06-02,-,0,-
-,-,nuvolaz,-,1166.23,-3.53,1324.75,0.0,52.84,1.18,150,0.0,48,0.0,101,0.0,1,0.0,32.0,0.0,2024-02-23,-,0,-
1106,-68,Donkeroo,-,1166.23,-1.83,1433.98,0.0,89.25,0.61,24,0.0,10,0.0,14,0.0,0,0.0,41.67,0.0,2026-01-16,-,0,1118.0
-,-,bloodies,-,1165.54,-1.25,1555.89,0.0,130.12,0.42,12,0.0,9,0.0,3,0.0,0,0.0,75.0,0.0,2021-06-02,-,0,-
1107,-68,Chroso,-,1165.38,-1.96,1415.48,0.0,83.37,0.65,30,0.0,11,0.0,19,0.0,0,0.0,36.67,0.0,2026-03-20,-,0,989.0
-,-,Durdler,-,1165.17,-1.27,1549.81,0.0,128.21,0.42,12,0.0,9,0.0,3,0.0,0,0.0,75.0,0.0,2022-06-05,-,0,-
-,-,djed,-,1165.17,-3.01,1332.49,0.0,55.77,1.0,129,0.0,45,0.0,82,0.0,2,0.0,34.88,0.0,2023-02-05,-,0,-
-,-,sbronzisjhonson,-,1164.92,-3.53,1307.56,0.0,47.55,1.18,138,0.0,39,0.0,97,0.0,2,0.0,28.26,0.0,2025-01-14,-,0,1287.0
-,-,reddog,-,1164.89,-1.35,1527.95,0.0,121.02,0.45,12,0.0,6,0.0,6,0.0,0,0.0,50.0,0.0,2025-01-18,-,0,1184.0
-,-,Stevenlan90,-,1164.75,-2.27,1384.15,0.0,73.13,0.76,60,0.0,23,0.0,37,0.0,0,0.0,38.33,0.0,2024-02-23,-,0,-
-,-,Igorian,-,1164.55,-1.92,1423.44,0.0,86.3,0.64,36,0.0,21,0.0,15,0.0,0,0.0,58.33,0.0,2021-09-05,-,0,-
-,-,Sinkadus,SE,1163.49,-2.95,1333.98,0.0,56.83,0.98,105,0.0,41,0.0,64,0.0,0,0.0,39.05,0.0,2023-02-05,-,0,-
-,-,Machote,-,1163.18,-1.25,1559.55,0.0,132.12,0.42,12,0.0,6,0.0,6,0.0,0,0.0,50.0,0.0,2024-04-04,-,0,-
1108,22,Kugi,-,1163.15,68.72,1441.06,1.88,92.64,-22.28,24,6.0,9,3.0,15,3.0,0,0.0,37.5,4.17,2026-07-27,-,0,1287.0
1109,-68,yezebel,-,1163.12,-2.23,1383.76,0.0,73.55,0.74,30,0.0,14,0.0,16,0.0,0,0.0,46.67,0.0,2026-03-23,-,0,1118.0
1110,-67,jes-terday,-,1162.45,-1.98,1409.9,0.0,82.48,0.66,24,0.0,11,0.0,13,0.0,0,0.0,45.83,0.0,2026-01-11,-,0,1118.0
1111,-67,rofler31337,-,1162.44,-1.93,1416.14,0.0,84.57,0.64,24,0.0,11,0.0,13,0.0,0,0.0,45.83,0.0,2026-01-25,-,0,989.0
-,-,Moondarra,-,1162.41,-2.02,1405.76,0.0,81.12,0.67,30,0.0,13,0.0,17,0.0,0,0.0,43.33,0.0,2023-02-05,-,0,-
-,-,anworsy,-,1162.0,-1.9,1419.48,0.0,85.83,0.63,48,0.0,23,0.0,25,0.0,0,0.0,47.92,0.0,2020-06-28,-,0,-
1112,-35,Lexa7,-,1161.76,28.49,1422.48,-23.24,86.91,-17.24,18,6.0,9,2.0,9,4.0,0,0.0,50.0,-8.33,2026-07-19,-,0,-
1113,54,Jurri,-,1161.63,124.8,1418.09,87.17,85.49,-12.54,24,6.0,10,4.0,14,2.0,0,0.0,41.67,8.34,2026-07-25,-,0,1106.0
-,-,ChipsChipsensen,NL,1161.54,-2.33,1373.38,0.0,70.61,0.78,39,0.0,18,0.0,18,0.0,3,0.0,46.15,0.0,2025-07-28,-,0,1388.0
-,-,ndzwdz,-,1161.46,-2.8,1340.49,0.0,59.68,0.93,78,0.0,35,0.0,43,0.0,0,0.0,44.87,0.0,2024-06-16,-,0,-
-,-,CombatTom,-,1161.32,-1.52,1485.97,0.0,108.22,0.51,24,0.0,14,0.0,10,0.0,0,0.0,58.33,0.0,2020-12-06,-,0,-
-,-,croloris,-,1160.8,-2.21,1386.35,0.0,75.18,0.74,48,0.0,19,0.0,28,0.0,1,0.0,39.58,0.0,2022-06-05,-,0,-
-,-,LudwigVan,-,1159.74,-1.14,1590.17,0.0,143.48,0.38,12,0.0,9,0.0,3,0.0,0,0.0,75.0,0.0,2020-09-27,-,0,-
-,-,AsukaBlank,-,1159.41,-1.94,1412.68,0.0,84.42,0.65,30,0.0,13,0.0,15,0.0,2,0.0,43.33,0.0,2023-01-15,-,0,-
-,-,Paracelso,-,1158.94,-2.66,1345.3,0.0,62.12,0.89,66,0.0,18,0.0,41,0.0,7,0.0,27.27,0.0,2025-02-03,-,0,986.0
1114,-170,SolPanda,-,1158.84,-69.53,1388.72,-99.53,76.63,-10.0,30,6.0,10,0.0,20,6.0,0,0.0,33.33,-8.34,2026-07-25,-,0,1184.0
1115,-66,alittlehorse,-,1158.51,-2.05,1398.04,0.0,79.84,0.68,24,0.0,8,0.0,16,0.0,0,0.0,33.33,0.0,2026-01-28,-,0,593.0
1116,-55,Rob51,NL,1158.37,8.57,1257.66,11.06,33.1,0.83,348,6.0,114,4.0,233,2.0,1,0.0,32.76,0.6,2026-07-25,-,0,857.0
-,-,Iba,-,1158.19,-3.04,1331.58,0.0,57.8,1.01,120,0.0,42,0.0,75,0.0,3,0.0,35.0,0.0,2022-12-04,-,0,-
-,-,TBC,-,1158.02,-1.6,1464.63,0.0,102.2,0.53,18,0.0,8,0.0,10,0.0,0,0.0,44.44,0.0,2024-04-04,-,0,-
-,-,Dave8,-,1157.98,-2.07,1395.29,0.0,79.1,0.69,36,0.0,18,0.0,18,0.0,0,0.0,50.0,0.0,2021-12-05,-,0,-
1117,37,Veggis,-,1157.84,92.35,1422.39,42.62,88.18,-16.58,18,6.0,6,3.0,12,3.0,0,0.0,33.33,8.33,2026-07-25,-,0,-
1118,unretired,lavasija,-,1157.69,1.18,1331.35,-19.96,57.89,-7.05,63,12.0,22,2.0,41,10.0,0,0.0,34.92,-4.3,2026-07-28,-,0,1277.0
-,-,aloci,-,1157.53,-1.66,1452.3,0.0,98.26,0.55,18,0.0,7,0.0,11,0.0,0,0.0,38.89,0.0,2024-04-04,-,0,635.0
1119,-36,Daze,-,1157.29,26.62,1276.47,11.99,39.73,-4.88,132,24.0,43,10.0,84,13.0,5,1.0,32.58,2.02,2026-08-10,-,0,670.0
1120,-35,Wyszek,-,1156.16,26.32,1380.24,2.36,74.69,-7.99,36,6.0,11,2.0,25,4.0,0,0.0,30.56,0.56,2026-07-25,-,0,1067.0
1121,-39,Minkus,-,1155.1,23.83,1375.09,-1.02,73.33,-8.28,30,6.0,11,2.0,19,4.0,0,0.0,36.67,-0.83,2026-07-26,-,0,1118.0
1122,-69,cagreat1,-,1154.85,-1.47,1488.28,0.0,111.14,0.49,12,0.0,6,0.0,6,0.0,0,0.0,50.0,0.0,2026-01-21,-,0,-
-,-,ivanvanya,RU,1154.58,-1.37,1513.07,0.0,119.5,0.46,12,0.0,6,0.0,4,0.0,2,0.0,50.0,0.0,2023-06-04,-,0,-
-,-,Holtykins,GB,1154.5,-2.38,1361.87,0.0,69.13,0.79,42,0.0,16,0.0,25,0.0,1,0.0,38.1,0.0,2025-01-14,-,0,1184.0
1123,-63,RJonkers,NL,1154.35,4.22,1276.78,5.62,40.81,0.47,165,6.0,55,2.0,108,4.0,2,0.0,33.33,0.0,2026-08-10,-,0,655.0
-,-,erlikhan,-,1154.31,-1.73,1437.95,0.0,94.55,0.58,24,0.0,8,0.0,16,0.0,0,0.0,33.33,0.0,2025-01-14,-,0,989.0
-,-,danielusuga,-,1154.16,-2.14,1384.17,0.0,76.67,0.71,48,0.0,16,0.0,26,0.0,6,0.0,33.33,0.0,2024-04-04,-,0,-
-,-,Faustoguby,-,1153.85,-3.31,1309.36,0.0,51.84,1.1,171,0.0,59,0.0,112,0.0,0,0.0,34.5,0.0,2024-02-23,-,0,-
1124,-78,Izio,IT,1153.66,-10.0,1249.22,-9.35,31.85,0.21,432,18.0,130,2.0,299,16.0,3,0.0,30.09,-0.83,2026-07-31,-,0,655.0
1125,-28,prozio,-,1153.55,31.64,1283.16,18.46,43.21,-4.39,102,24.0,32,7.0,64,17.0,6,0.0,31.37,-0.68,2026-08-09,-,0,1287.0
1126,-61,traskmania,-,1153.33,7.21,1375.23,-1.32,73.97,-2.84,39,3.0,12,1.0,27,2.0,0,0.0,30.77,0.21,2026-06-22,-,0,989.0
1127,-87,Nymphaea,DE,1153.18,-13.04,1276.02,-18.11,40.95,-1.69,129,12.0,43,4.0,84,8.0,2,0.0,33.33,0.0,2026-08-08,-,0,1271.0
-,-,pansiano,-,1152.98,-1.8,1426.29,0.0,91.1,0.6,24,0.0,12,0.0,11,0.0,1,0.0,50.0,0.0,2021-12-05,-,0,-
1128,-74,EKogon,-,1152.38,-3.75,1285.8,0.0,44.47,1.25,114,0.0,36,0.0,78,0.0,0,0.0,31.58,0.0,2026-01-26,-,0,928.0
1129,51,Gavatar82,-,1152.06,132.85,1417.97,81.83,88.64,-17.01,18,6.0,8,4.0,10,2.0,0,0.0,44.44,11.11,2026-07-21,-,0,-
1130,10,Ferris,-,1151.9,66.86,1451.06,1.96,99.72,-21.63,18,6.0,9,2.0,9,4.0,0,0.0,50.0,-8.33,2026-07-26,-,0,-
1131,-73,HerrBu,-,1151.1,-2.01,1395.53,0.0,81.48,0.67,24,0.0,9,0.0,14,0.0,1,0.0,37.5,0.0,2026-01-15,-,0,989.0
1132,-80,spdwhat,-,1150.66,-6.38,1386.72,-38.02,78.68,-10.55,24,6.0,7,0.0,14,3.0,3,3.0,29.17,-9.72,2026-07-28,-,0,-
-,-,Sonaes,-,1150.5,-1.96,1400.55,0.0,83.35,0.65,36,0.0,17,0.0,18,0.0,1,0.0,47.22,0.0,2021-12-05,G,2,-
-,-,Swaraj,-,1150.25,-2.41,1354.11,0.0,67.95,0.8,72,0.0,26,0.0,46,0.0,0,0.0,36.11,0.0,2022-06-05,G,2,-
-,-,KwonJoonHo,-,1150.13,-2.41,1355.66,0.0,68.51,0.8,42,0.0,21,0.0,19,0.0,2,0.0,50.0,0.0,2024-10-01,-,0,-
-,-,DalHangAri,-,1149.79,-2.71,1337.08,0.0,62.43,0.9,108,0.0,37,0.0,70,0.0,1,0.0,34.26,0.0,2022-06-05,-,0,-
1133,-40,TuZhao,-,1149.5,24.38,1384.86,-3.97,78.45,-9.45,36,6.0,13,2.0,23,4.0,0,0.0,36.11,-0.56,2026-07-26,-,0,1287.0
1134,new,MyriamVanErum,-,1149.26,699.26,1447.53,-52.47,99.42,99.42,12,12.0,5,5.0,7,7.0,0,0.0,41.67,41.67,2026-07-27,-,0,-
1135,-41,JimBryan,-,1149.07,26.1,1360.12,4.58,70.35,-7.17,30,6.0,13,2.0,17,4.0,0,0.0,43.33,-2.5,2026-07-26,-,0,1067.0
-,-,DAVOC,-,1149.06,-2.86,1325.02,0.0,58.65,0.95,129,0.0,45,0.0,84,0.0,0,0.0,34.88,0.0,2023-02-05,-,0,-
-,-,fantasyyu,-,1148.66,-1.12,1586.11,0.0,145.82,0.37,9,0.0,6,0.0,3,0.0,0,0.0,66.67,0.0,2025-02-19,-,0,1112.0
-,-,ActuaryKing,-,1148.56,-2.06,1386.54,0.0,79.33,0.69,48,0.0,19,0.0,28,0.0,1,0.0,39.58,0.0,2021-03-02,-,0,-
-,-,kissfish,-,1148.45,-1.12,1586.94,0.0,146.16,0.37,12,0.0,6,0.0,5,0.0,1,0.0,50.0,0.0,2018-06-10,-,0,-
1136,-86,stanze,-,1148.39,-10.5,1377.69,-40.34,76.44,-9.94,30,6.0,12,1.0,18,5.0,0,0.0,40.0,-5.83,2026-07-25,-,0,1118.0
1137,-62,BlackSmyth,-,1147.76,12.32,1355.25,-4.26,69.16,-5.53,42,6.0,16,1.0,25,4.0,1,1.0,38.1,-3.57,2026-07-20,-,0,1118.0
-,-,marizee412,PH,1147.65,-3.74,1281.16,0.0,44.5,1.25,204,0.0,54,0.0,149,0.0,1,0.0,26.47,0.0,2025-01-29,-,0,1284.0
-,-,DangerGranger,-,1147.63,-1.33,1516.32,0.0,122.9,0.44,12,0.0,5,0.0,7,0.0,0,0.0,41.67,0.0,2020-06-14,-,0,-
-,-,JFK2016,US,1147.4,-3.4,1297.97,0.0,50.19,1.13,213,0.0,76,0.0,136,0.0,1,0.0,35.68,0.0,2023-11-17,-,0,-
-,-,KrolKarol,-,1147.18,-1.8,1420.21,0.0,91.01,0.6,24,0.0,11,0.0,13,0.0,0,0.0,45.83,0.0,2024-04-04,-,0,-
1138,-62,szyszuniawiesz,-,1147.18,11.83,1333.15,-0.52,61.99,-4.12,51,6.0,18,2.0,32,4.0,1,0.0,35.29,-0.27,2026-07-25,-,0,1184.0
-,-,megathong,-,1146.8,-2.49,1346.54,0.0,66.58,0.83,120,0.0,44,0.0,75,0.0,1,0.0,36.67,0.0,2021-12-05,-,0,-
-,-,Rgjensen,-,1146.16,-1.38,1500.8,0.0,118.21,0.46,12,0.0,4,0.0,8,0.0,0,0.0,33.33,0.0,2025-01-13,-,0,989.0
-,-,Thyrus,-,1145.8,-3.62,1284.59,0.0,46.27,1.21,135,0.0,36,0.0,94,0.0,5,0.0,26.67,0.0,2025-05-26,-,0,1054.0
1139,-76,MikeLowrey,-,1145.62,-2.08,1381.46,0.0,78.61,0.69,30,0.0,8,0.0,22,0.0,0,0.0,26.67,0.0,2026-03-15,-,0,1067.0
1140,new,dubler,-,1145.53,695.53,1443.33,-56.67,99.27,99.27,12,12.0,5,5.0,7,7.0,0,0.0,41.67,41.67,2026-07-27,-,0,-
-,-,phixed,-,1145.48,-2.89,1319.03,0.0,57.85,0.96,126,0.0,46,0.0,78,0.0,2,0.0,36.51,0.0,2024-11-30,-,0,1287.0
1141,16,Saph4ir,-,1145.26,89.98,1307.15,55.07,53.96,-11.64,66,18.0,21,9.0,45,9.0,0,0.0,31.82,6.82,2026-07-26,-,0,1241.0
-,-,Chairman_Marv,-,1145.01,-1.57,1455.89,0.0,103.63,0.52,24,0.0,10,0.0,14,0.0,0,0.0,41.67,0.0,2020-03-29,-,0,-
-,-,Andras,-,1144.86,-1.76,1424.73,0.0,93.29,0.59,42,0.0,18,0.0,24,0.0,0,0.0,42.86,0.0,2018-06-10,-,0,-
-,-,ThroughTheVirus,-,1144.6,-1.28,1527.69,0.0,127.7,0.43,12,0.0,8,0.0,4,0.0,0,0.0,66.67,0.0,2022-06-05,-,0,-
-,-,Twinkles,-,1144.03,-1.56,1457.85,0.0,104.61,0.52,24,0.0,11,0.0,13,0.0,0,0.0,45.83,0.0,2020-09-27,-,0,-
1142,-34,Panxo,CL,1143.64,33.22,1294.37,19.27,50.24,-4.65,72,12.0,26,5.0,44,7.0,2,0.0,36.11,1.11,2026-08-01,-,0,922.0
-,-,stupidpiggy2,-,1143.11,-1.52,1464.97,0.0,107.29,0.51,24,0.0,10,0.0,14,0.0,0,0.0,41.67,0.0,2020-09-27,-,0,-
1143,-79,tiagosilva,-,1142.26,-3.87,1272.05,0.0,43.26,1.29,198,0.0,58,0.0,137,0.0,3,0.0,29.29,0.0,2025-12-01,-,0,1050.0
-,-,Bonte,-,1141.36,-1.08,1595.96,0.0,151.53,0.36,6,0.0,3,0.0,3,0.0,0,0.0,50.0,0.0,2024-02-23,-,0,-
1144,-93,Revan,DE,1141.06,-16.24,1270.68,-20.7,43.21,-1.49,168,9.0,51,1.0,116,8.0,1,0.0,30.36,-1.09,2026-08-01,-,0,1063.0
1145,unretired,wahrlator,-,1140.38,-3.57,1343.68,-10.0,67.77,-2.14,63,3.0,27,0.0,34,2.0,2,1.0,42.86,-2.14,2026-06-22,-,0,1051.0
-,-,pgierasi,PL,1140.02,-1.61,1443.91,0.0,101.3,0.54,18,0.0,6,0.0,12,0.0,0,0.0,33.33,0.0,2024-02-23,-,0,-
-,-,GoguGeologul,-,1139.95,-2.08,1378.52,0.0,79.52,0.69,30,0.0,11,0.0,18,0.0,1,0.0,36.67,0.0,2023-09-03,-,0,-
-,-,littlesquirrel,CN,1139.64,-0.79,1759.25,0.0,206.54,0.26,3,0.0,3,0.0,0,0.0,0,0.0,100.0,0.0,2024-10-13,-,0,138.0
-,-,Greenilocks,-,1139.57,-2.25,1359.59,0.0,73.34,0.75,90,0.0,33,0.0,57,0.0,0,0.0,36.67,0.0,2020-09-27,-,0,-
1146,-129,LudoH,-,1139.46,-40.4,1347.58,-61.21,69.38,-6.94,36,6.0,9,0.0,27,6.0,0,0.0,25.0,-5.0,2026-07-28,-,0,872.0
-,-,Locto,-,1139.28,-1.99,1386.01,0.0,82.24,0.66,48,0.0,21,0.0,27,0.0,0,0.0,43.75,0.0,2021-06-02,-,0,-
1147,-76,MareTheEnlightened,-,1139.12,-2.03,1380.76,0.0,80.55,0.68,24,0.0,10,0.0,14,0.0,0,0.0,41.67,0.0,2026-01-15,-,0,1067.0
-,-,Thaddeus,-,1139.07,-2.8,1315.48,0.0,58.8,0.93,162,0.0,53,0.0,107,0.0,2,0.0,32.72,0.0,2023-01-15,-,0,-
1148,-57,Rako,-,1139.04,11.99,1399.42,-41.26,86.79,-17.75,18,6.0,7,1.0,11,5.0,0,0.0,38.89,-11.11,2026-08-05,-,0,1287.0
1149,-94,IrenaX,-,1138.71,-17.2,1227.02,-17.78,29.44,-0.19,300,24.0,82,4.0,215,20.0,3,0.0,27.33,-0.93,2026-08-19,-,0,645.0
-,-,icecreamsushi,US,1138.5,-1.14,1568.59,0.0,143.36,0.38,6,0.0,4,0.0,1,0.0,1,0.0,66.67,0.0,2024-09-01,-,0,-
-,-,chen.,CN,1138.46,-2.38,1345.98,0.0,69.17,0.79,48,0.0,17,0.0,30,0.0,1,0.0,35.42,0.0,2025-02-01,-,0,720.0
-,-,The_strategiser,FR,1137.75,-2.27,1355.68,0.0,72.64,0.76,36,0.0,11,0.0,25,0.0,0,0.0,30.56,0.0,2024-09-01,-,0,-
1150,-202,Nimnaros,-,1137.37,-86.61,1406.11,-144.44,89.58,-19.28,18,6.0,8,0.0,10,6.0,0,0.0,44.44,-22.23,2026-07-19,-,0,-
1151,-78,schumaky,-,1137.01,-2.39,1342.28,0.0,68.43,0.8,42,0.0,15,0.0,27,0.0,0,0.0,35.71,0.0,2026-01-15,-,0,1184.0
-,-,calatravag,-,1136.89,-1.6,1442.09,0.0,101.73,0.53,18,0.0,6,0.0,10,0.0,2,0.0,33.33,0.0,2024-04-04,-,0,-
-,-,PopoHappy,-,1136.76,-2.08,1373.37,0.0,78.87,0.69,48,0.0,22,0.0,26,0.0,0,0.0,45.83,0.0,2021-09-05,-,0,-
-,-,SiliconMeeple,-,1136.7,-2.89,1313.49,0.0,58.93,0.96,120,0.0,43,0.0,77,0.0,0,0.0,35.83,0.0,2022-09-04,-,0,-
-,-,Foloppo_Monty,-,1136.12,-1.99,1382.62,0.0,82.17,0.66,48,0.0,17,0.0,31,0.0,0,0.0,35.42,0.0,2020-12-06,-,0,-
-,-,Reallaurin,-,1135.85,-1.38,1490.67,0.0,118.27,0.46,12,0.0,8,0.0,4,0.0,0,0.0,66.67,0.0,2021-06-02,-,0,-
1152,-86,Amara,-,1135.78,-8.69,1388.78,-58.46,84.33,-16.59,24,6.0,10,1.0,14,5.0,0,0.0,41.67,-8.33,2026-07-25,-,0,-
1153,-91,vyvy,-,1135.39,-14.34,1262.88,-22.03,42.5,-2.56,114,18.0,31,2.0,80,15.0,3,1.0,27.19,-3.02,2026-08-12,-,0,755.0
-,-,Melingsguten,-,1135.11,-1.83,1403.33,0.0,89.41,0.61,24,0.0,9,0.0,15,0.0,0,0.0,37.5,0.0,2024-11-14,-,0,1287.0
1154,-80,Jacko65,-,1134.77,-4.25,1260.71,0.0,41.98,1.42,276,0.0,90,0.0,185,0.0,1,0.0,32.61,0.0,2025-12-01,-,0,1184.0
-,-,Ryktus,-,1134.72,-2.49,1334.3,0.0,66.53,0.83,72,0.0,30,0.0,42,0.0,0,0.0,41.67,0.0,2022-03-06,-,0,-
-,-,Dometcalf,-,1134.67,-1.5,1462.28,0.0,109.2,0.5,18,0.0,6,0.0,12,0.0,0,0.0,33.33,0.0,2024-02-23,-,0,-
-,-,Mulkabu,-,1134.49,-1.82,1403.83,0.0,89.78,0.61,36,0.0,12,0.0,24,0.0,0,0.0,33.33,0.0,2020-09-27,G,2,-
-,-,DanielDose,-,1133.86,-1.86,1396.79,0.0,87.65,0.62,24,0.0,10,0.0,13,0.0,1,0.0,41.67,0.0,2024-06-02,-,0,-
-,-,Deardo,-,1133.27,-2.2,1356.37,0.0,74.36,0.73,60,0.0,23,0.0,37,0.0,0,0.0,38.33,0.0,2021-09-05,-,0,-
-,-,MonsieurFlynn,-,1132.26,-1.11,1573.14,0.0,146.96,0.37,12,0.0,7,0.0,5,0.0,0,0.0,58.33,0.0,2020-06-28,-,0,-
1155,-87,TheCenturion,-,1132.19,-11.38,1321.33,-25.5,63.04,-4.71,45,6.0,16,1.0,29,5.0,0,0.0,35.56,-2.9,2026-08-12,-,0,989.0
-,-,namenloser,-,1131.82,-1.3,1507.1,0.0,125.09,0.43,9,0.0,4,0.0,5,0.0,0,0.0,44.44,0.0,2023-02-05,-,0,-
-,-,Der_Imperator,-,1131.79,-1.92,1387.75,0.0,85.32,0.64,27,0.0,11,0.0,16,0.0,0,0.0,40.74,0.0,2025-01-23,-,0,1118.0
-,-,flogae,-,1131.65,-1.29,1510.22,0.0,126.19,0.43,12,0.0,8,0.0,3,0.0,1,0.0,66.67,0.0,2021-03-02,-,0,-
-,-,Kunizial,-,1131.52,-1.48,1462.9,0.0,110.46,0.49,12,0.0,4,0.0,8,0.0,0,0.0,33.33,0.0,2025-01-18,-,0,989.0
-,-,Tutux,FR,1131.46,-3.39,1294.15,0.0,54.23,1.13,105,0.0,33,0.0,69,0.0,3,0.0,31.43,0.0,2024-12-21,-,0,-
-,-,Mirazzle,-,1131.12,-1.91,1389.35,0.0,86.07,0.64,36,0.0,11,0.0,24,0.0,1,0.0,30.56,0.0,2020-03-30,-,0,-
1156,-77,Kuti,-,1130.99,-1.97,1379.55,0.0,82.85,0.66,24,0.0,7,0.0,17,0.0,0,0.0,29.17,0.0,2026-01-14,-,0,1067.0
1157,-73,Glamdring,-,1130.74,0.88,1250.77,-2.47,40.01,-1.12,246,12.0,74,3.0,168,9.0,4,0.0,30.08,-0.26,2026-07-27,-,0,1174.0
1158,-110,DBaker17,-,1130.43,-30.28,1233.63,-32.65,34.4,-0.79,333,15.0,93,0.0,237,13.0,3,2.0,27.93,-1.32,2026-07-22,-,0,651.0
-,-,somanyrocks,-,1130.31,-1.06,1594.04,0.0,154.58,0.35,6,0.0,4,0.0,2,0.0,0,0.0,66.67,0.0,2023-01-15,-,0,-
-,-,Skarsh,-,1130.01,-1.57,1441.67,0.0,103.88,0.52,18,0.0,8,0.0,10,0.0,0,0.0,44.44,0.0,2024-04-04,-,0,-
1159,-58,hardsoul,-,1129.4,10.31,1416.91,-41.92,95.84,-17.41,18,6.0,6,2.0,12,4.0,0,0.0,33.33,0.0,2026-07-30,-,0,-
1160,-71,Mirceamsc1,-,1129.39,2.17,1328.98,-5.08,66.53,-2.42,39,3.0,13,1.0,26,2.0,0,0.0,33.33,0.0,2026-07-04,-,0,1067.0
-,-,Blizzo,-,1129.38,-2.09,1363.31,0.0,77.98,0.7,36,0.0,14,0.0,22,0.0,0,0.0,38.89,0.0,2022-06-05,-,0,-
-,-,PhamNuwen,-,1129.31,-1.78,1405.49,0.0,92.06,0.59,24,0.0,10,0.0,13,0.0,1,0.0,41.67,0.0,2025-01-12,-,0,989.0
-,-,GAM3NURD,US,1128.46,-3.16,1284.77,0.0,52.1,1.05,150,0.0,49,0.0,95,0.0,6,0.0,32.67,0.0,2024-11-21,-,0,1287.0
-,-,GreatKingRat78,-,1128.23,-1.42,1474.38,0.0,115.38,0.47,12,0.0,5,0.0,7,0.0,0,0.0,41.67,0.0,2025-01-08,-,0,1118.0
-,-,DonStealth,-,1128.17,-2.26,1345.19,0.0,72.34,0.75,36,0.0,11,0.0,25,0.0,0,0.0,30.56,0.0,2025-01-15,-,0,1184.0
-,-,Samus,-,1127.83,-1.8,1400.02,0.0,90.73,0.6,36,0.0,15,0.0,20,0.0,1,0.0,41.67,0.0,2020-12-06,-,0,-
1161,-46,JS619,US,1127.55,20.6,1223.87,17.35,32.11,-1.08,438,24.0,113,10.0,321,14.0,4,0.0,25.8,0.92,2026-08-01,-,0,798.0
-,-,Thomas91,-,1127.47,-2.52,1328.56,0.0,67.03,0.84,84,0.0,30,0.0,51,0.0,3,0.0,35.71,0.0,2021-12-05,-,0,-
1162,-57,sirlenon,-,1127.17,13.72,1306.19,12.37,59.68,-0.45,51,3.0,17,2.0,34,1.0,0,0.0,33.33,2.08,2026-06-25,-,0,742.0
-,-,flacoforro,-,1126.86,-1.7,1417.79,0.0,96.98,0.57,18,0.0,8,0.0,10,0.0,0,0.0,44.44,0.0,2025-03-11,-,0,939.0
1163,new,Tomy_hexaper,-,1126.55,676.55,1566.85,66.85,146.77,146.77,6,6.0,4,4.0,2,2.0,0,0.0,66.67,66.67,2026-07-24,-,0,-
1164,-78,GWItheUltimate,CA,1126.49,-2.87,1301.4,0.0,58.3,0.96,54,0.0,16,0.0,32,0.0,6,0.0,29.63,0.0,2026-01-08,-,0,1114.0
-,-,ADRILU,-,1126.14,-2.21,1350.5,0.0,74.79,0.74,48,0.0,23,0.0,25,0.0,0,0.0,47.92,0.0,2022-03-06,-,0,-
1165,-84,IngussTT,LV,1126.01,-6.01,1288.78,-13.46,54.25,-2.49,69,6.0,26,1.0,41,3.0,2,2.0,37.68,-2.0,2026-08-04,-,0,1184.0
1166,-76,Algomi,-,1125.75,-1.44,1465.08,0.0,113.11,0.48,12,0.0,5,0.0,7,0.0,0,0.0,41.67,0.0,2026-01-22,-,0,-
-,-,Urbaneq,-,1125.14,-1.88,1387.92,0.0,87.59,0.63,36,0.0,12,0.0,23,0.0,1,0.0,33.33,0.0,2021-09-05,-,0,-
1167,-79,Scipio1126,US,1125.14,-2.2,1348.94,0.0,74.6,0.73,30,0.0,7,0.0,20,0.0,3,0.0,23.33,0.0,2026-01-06,-,0,805.0
1168,-62,WraightCZ,CZ,1124.85,11.43,1220.22,8.49,31.79,-0.98,324,24.0,78,9.0,245,15.0,1,0.0,24.07,1.07,2026-08-11,-,0,778.0
-,-,icedrakin,-,1124.63,-1.98,1371.82,0.0,82.4,0.66,30,0.0,13,0.0,17,0.0,0,0.0,43.33,0.0,2023-01-15,-,0,-
-,-,Nakatomy,-,1124.57,-1.47,1457.72,0.0,111.05,0.49,12,0.0,6,0.0,6,0.0,0,0.0,50.0,0.0,2022-12-04,-,0,-
-,-,Tombo,-,1124.3,-0.87,1688.02,0.0,187.9,0.29,3,0.0,3,0.0,0,0.0,0,0.0,100.0,0.0,2023-04-11,-,0,-
1169,-77,ballgi,-,1123.72,-1.41,1472.25,0.0,116.18,0.47,12,0.0,6,0.0,6,0.0,0,0.0,50.0,0.0,2026-01-14,-,0,-
1170,unretired,BGTigger,-,1123.35,10.12,1255.05,10.78,43.9,0.22,171,6.0,46,2.0,125,4.0,0,0.0,26.9,0.23,2026-08-03,-,0,751.0
1171,-91,Dimitris,GR,1123.26,-8.93,1219.13,-9.01,31.96,-0.02,339,18.0,89,3.0,246,15.0,4,0.0,26.25,-0.54,2026-08-07,-,0,628.0
1172,new,Nepgear,-,1123.24,673.24,1635.0,135.0,170.59,170.59,6,6.0,5,5.0,1,1.0,0,0.0,83.33,83.33,2026-08-09,-,0,709.0
-,-,ScottHMoore,-,1122.74,-1.3,1498.1,0.0,125.12,0.43,12,0.0,4,0.0,8,0.0,0,0.0,33.33,0.0,2020-12-06,-,0,-
-,-,Nacarato,-,1122.61,-1.73,1407.42,0.0,94.94,0.58,36,0.0,16,0.0,18,0.0,2,0.0,44.44,0.0,2020-09-27,-,0,-
-,-,Somerent,-,1122.6,-2.57,1313.55,0.0,63.65,0.86,84,0.0,34,0.0,50,0.0,0,0.0,40.48,0.0,2022-06-05,-,0,-
1173,24,Dave777,-,1121.3,125.12,1426.5,42.79,101.73,-27.44,18,6.0,8,3.0,10,3.0,0,0.0,44.44,2.77,2026-07-27,-,0,-
-,-,youbib,-,1121.2,-1.0,1610.46,0.0,163.09,0.33,6,0.0,3,0.0,3,0.0,0,0.0,50.0,0.0,2024-02-23,-,0,-
1174,-49,Francesco_,-,1120.85,24.45,1421.11,4.57,100.09,-6.63,15,3.0,6,1.0,9,2.0,0,0.0,40.0,-1.67,2026-07-04,-,0,-
1175,-80,Romulus07,-,1120.78,-2.09,1355.55,0.0,78.26,0.7,30,0.0,13,0.0,16,0.0,1,0.0,43.33,0.0,2026-01-16,-,0,1065.0
-,-,PortugueseBandit,-,1119.99,-1.46,1456.43,0.0,112.15,0.49,12,0.0,6,0.0,6,0.0,0,0.0,50.0,0.0,2025-01-20,-,0,1118.0
-,-,tarmapas,-,1119.95,-1.75,1399.77,0.0,93.27,0.58,30,0.0,14,0.0,16,0.0,0,0.0,46.67,0.0,2023-01-15,-,0,-
-,-,fokos,-,1119.77,-2.06,1366.35,0.0,82.19,0.69,36,0.0,14,0.0,21,0.0,1,0.0,38.89,0.0,2021-09-05,-,0,-
-,-,Ayakonutty,-,1119.28,-1.87,1381.26,0.0,87.33,0.62,24,0.0,9,0.0,15,0.0,0,0.0,37.5,0.0,2025-01-19,-,0,780.0
-,-,RagingKozak,-,1119.06,-2.16,1348.07,0.0,76.34,0.72,60,0.0,26,0.0,34,0.0,0,0.0,43.33,0.0,2021-09-05,-,0,-
1176,-106,hbendeguz,-,1119.04,-23.16,1294.15,-25.25,58.37,-0.7,57,3.0,15,0.0,40,2.0,2,1.0,26.32,-1.46,2026-07-25,-,0,-
-,-,GomJabbar,CA,1118.4,-1.43,1461.49,0.0,114.36,0.48,15,0.0,8,0.0,7,0.0,0,0.0,53.33,0.0,2023-04-11,-,0,-
1177,-64,filgonfin,ES,1118.29,10.93,1241.42,13.48,41.04,0.85,240,3.0,67,2.0,172,1.0,1,0.0,27.92,0.49,2026-06-20,-,0,1280.0
-,-,Dies,-,1118.2,-1.97,1368.01,0.0,83.27,0.66,36,0.0,15,0.0,21,0.0,0,0.0,41.67,0.0,2021-06-02,-,0,-
1178,-141,haakonaugustus,-,1118.09,-51.76,1394.34,-119.29,92.08,-22.51,18,6.0,6,1.0,12,5.0,0,0.0,33.33,-8.34,2026-07-31,-,0,-
-,-,Warpfield,-,1118.05,-1.43,1461.52,0.0,114.49,0.48,12,0.0,5,0.0,7,0.0,0,0.0,41.67,0.0,2025-01-13,-,0,989.0
1179,-68,Ilyanep,-,1117.89,8.96,1233.48,8.55,38.53,-0.14,261,12.0,75,3.0,185,9.0,1,0.0,28.74,-0.18,2026-07-29,-,0,1271.0
1180,-80,Samantho,-,1117.81,-1.7,1221.54,-4.91,34.57,-1.07,318,18.0,82,5.0,236,13.0,0,0.0,25.79,0.12,2026-08-03,-,0,718.0
1181,-83,MartinCZE,CZ,1117.26,-4.09,1240.21,0.0,40.98,1.36,216,0.0,56,0.0,152,0.0,8,0.0,25.93,0.0,2026-01-17,-,0,915.0
1182,-202,Redders,-,1117.23,-88.98,1391.96,-140.88,91.58,-17.3,24,6.0,13,0.0,11,6.0,0,0.0,54.17,-18.05,2026-07-20,-,0,-
-,-,Ockham,-,1116.83,-1.67,1409.64,0.0,97.6,0.56,18,0.0,7,0.0,11,0.0,0,0.0,38.89,0.0,2024-04-04,-,0,-
-,-,thegruffalo,-,1116.75,-1.4,1467.3,0.0,116.85,0.47,12,0.0,5,0.0,7,0.0,0,0.0,41.67,0.0,2025-01-12,-,0,989.0
-,-,Roh,-,1115.94,-1.22,1515.91,0.0,133.33,0.41,12,0.0,8,0.0,4,0.0,0,0.0,66.67,0.0,2021-06-02,-,0,-
-,-,Scotty4s,-,1115.92,-1.41,1462.56,0.0,115.55,0.47,12,0.0,7,0.0,5,0.0,0,0.0,58.33,0.0,2025-01-16,-,0,1067.0
-,-,Oriane,-,1115.7,-1.76,1395.31,0.0,93.2,0.59,36,0.0,17,0.0,19,0.0,0,0.0,47.22,0.0,2020-12-06,-,0,-
1183,-80,tytw,-,1115.7,-0.72,1799.63,0.0,227.97,0.24,3,0.0,3,0.0,0,0.0,0,0.0,100.0,0.0,2026-05-05,-,0,-
-,-,e_townsend,-,1115.67,-2.25,1338.5,0.0,74.27,0.75,60,0.0,24,0.0,36,0.0,0,0.0,40.0,0.0,2021-06-02,-,0,-
-,-,prnv1992,-,1115.16,-1.59,1424.45,0.0,103.1,0.53,18,0.0,7,0.0,11,0.0,0,0.0,38.89,0.0,2024-04-04,-,0,-
-,-,LordEenon,-,1115.14,-1.58,1426.12,0.0,103.66,0.53,24,0.0,13,0.0,11,0.0,0,0.0,54.17,0.0,2021-03-02,-,0,-
-,-,Supergabibbo,-,1114.98,-1.27,1501.31,0.0,128.78,0.42,12,0.0,7,0.0,5,0.0,0,0.0,58.33,0.0,2020-12-06,-,0,-
1184,-65,Amarok,-,1114.96,14.01,1303.86,12.25,62.97,-0.59,51,3.0,14,1.0,37,2.0,0,0.0,27.45,0.37,2026-06-29,-,0,1067.0
-,-,dickhui,-,1114.75,-1.69,1404.79,0.0,96.68,0.56,24,0.0,10,0.0,14,0.0,0,0.0,41.67,0.0,2021-03-02,-,0,-
-,-,DislexicBigot,-,1114.36,-1.65,1411.85,0.0,99.17,0.55,24,0.0,13,0.0,11,0.0,0,0.0,54.17,0.0,2021-06-02,-,0,-
-,-,PietroLiVoti,-,1113.78,-2.01,1358.83,0.0,81.68,0.67,48,0.0,14,0.0,34,0.0,0,0.0,29.17,0.0,2020-09-27,G,4,-
1185,new,NateHiggersonJR,-,1113.53,663.53,1560.38,60.38,148.95,148.95,6,6.0,4,4.0,2,2.0,0,0.0,66.67,66.67,2026-08-01,-,0,-
1186,-15,Meklaurufen,-,1112.67,82.02,1405.59,13.37,97.64,-22.88,18,6.0,7,2.0,10,3.0,1,1.0,38.89,-2.78,2026-07-24,-,0,-
-,-,hippie,KR,1111.97,-1.14,1542.09,0.0,143.37,0.38,12,0.0,7,0.0,5,0.0,0,0.0,58.33,0.0,2020-06-14,-,0,-
1187,-80,Broens,-,1111.21,-1.91,1367.9,0.0,85.56,0.64,24,0.0,9,0.0,15,0.0,0,0.0,37.5,0.0,2026-01-16,-,0,1118.0
-,-,Martinp,-,1110.89,-1.3,1486.13,0.0,125.08,0.43,12,0.0,5,0.0,7,0.0,0,0.0,41.67,0.0,2020-09-27,-,0,-
-,-,soundfield,-,1110.54,-1.2,1518.55,0.0,136.0,0.4,12,0.0,7,0.0,5,0.0,0,0.0,58.33,0.0,2021-03-02,-,0,-
-,-,StudyCZ,-,1109.9,-2.17,1336.05,0.0,75.38,0.72,60,0.0,23,0.0,37,0.0,0,0.0,38.33,0.0,2021-03-02,-,0,-
-,-,cbend37,US,1109.88,-1.62,1412.18,0.0,100.77,0.54,21,0.0,5,0.0,16,0.0,0,0.0,23.81,0.0,2024-02-23,-,0,-
-,-,Moxielle,-,1109.54,-2.36,1320.15,0.0,70.2,0.79,39,0.0,14,0.0,23,0.0,2,0.0,35.9,0.0,2025-02-20,-,0,868.0
1188,-57,jormapa,-,1109.43,16.39,1327.19,-3.48,72.59,-6.62,30,6.0,10,2.0,20,4.0,0,0.0,33.33,0.0,2026-07-20,-,0,-
-,-,omegasun,-,1108.92,-1.65,1406.02,0.0,99.03,0.55,24,0.0,12,0.0,11,0.0,1,0.0,50.0,0.0,2020-12-06,-,0,-
-,-,PinkrAnger,-,1108.55,-3.1,1268.17,0.0,53.21,1.03,183,0.0,57,0.0,122,0.0,4,0.0,31.15,0.0,2023-06-04,-,0,-
-,-,Athelis,-,1108.27,-1.12,1546.96,0.0,146.23,0.37,6,0.0,3,0.0,3,0.0,0,0.0,50.0,0.0,2023-01-15,-,0,-
1189,-80,Vlasy,-,1108.21,-2.16,1337.84,0.0,76.54,0.72,36,0.0,11,0.0,25,0.0,0,0.0,30.56,0.0,2026-01-09,-,0,1184.0
1190,-80,Colorado,-,1108.17,-1.62,1410.64,0.0,100.83,0.54,18,0.0,9,0.0,9,0.0,0,0.0,50.0,0.0,2026-01-16,-,0,-
1191,-71,Athafil,-,1107.88,7.92,1366.45,-7.06,86.19,-4.99,24,3.0,9,0.0,14,2.0,1,1.0,37.5,-5.36,2026-06-23,-,0,-
-,-,nachof,-,1107.88,-1.88,1369.46,0.0,87.19,0.63,54,0.0,17,0.0,36,0.0,1,0.0,31.48,0.0,2018-10-14,-,0,-
-,-,Rutgers,-,1106.72,-1.97,1355.82,0.0,83.03,0.66,36,0.0,14,0.0,19,0.0,3,0.0,38.89,0.0,2021-12-05,-,0,-
1192,-80,Merclaw,-,1106.27,-1.83,1374.64,0.0,89.45,0.61,18,0.0,6,0.0,12,0.0,0,0.0,33.33,0.0,2025-12-01,-,0,928.0
-,-,Hanthelmor,BR,1105.58,-3.66,1244.2,0.0,46.21,1.22,237,0.0,61,0.0,171,0.0,5,0.0,25.74,0.0,2024-06-16,-,0,-
-,-,HollowKnight,-,1105.56,-1.32,1482.68,0.0,125.7,0.44,24,0.0,16,0.0,8,0.0,0,0.0,66.67,0.0,2019-12-30,-,0,-
1193,-79,SirHorse,-,1105.35,-1.87,1367.37,0.0,87.34,0.62,24,0.0,12,0.0,12,0.0,0,0.0,50.0,0.0,2026-01-16,-,0,1067.0
1194,unretired,FuManchu,-,1105.26,-26.34,1276.0,-52.75,56.91,-8.8,60,12.0,20,2.0,38,9.0,2,1.0,33.33,-4.17,2026-08-10,-,0,1051.0
-,-,warwick716,-,1105.2,-1.44,1445.99,0.0,113.6,0.48,12,0.0,6,0.0,6,0.0,0,0.0,50.0,0.0,2023-09-03,-,0,-
1195,-93,PatPunisher,-,1105.17,-13.46,1326.47,-34.5,73.77,-7.01,30,6.0,10,1.0,20,5.0,0,0.0,33.33,-4.17,2026-08-01,-,0,1067.0
-,-,Secretfool,-,1104.39,-1.8,1377.75,0.0,91.12,0.6,24,0.0,11,0.0,13,0.0,0,0.0,45.83,0.0,2022-06-05,-,0,-
-,-,alexruzzier,-,1103.87,-1.68,1396.76,0.0,97.63,0.56,18,0.0,6,0.0,11,0.0,1,0.0,33.33,0.0,2024-04-04,-,0,-
-,-,Zeclion,-,1103.04,-2.32,1316.58,0.0,71.18,0.77,84,0.0,21,0.0,60,0.0,3,0.0,25.0,0.0,2021-03-02,-,0,-
1196,-47,Dexray,-,1103.0,30.08,1404.7,-30.82,100.57,-20.3,18,6.0,8,2.0,10,4.0,0,0.0,44.44,-5.56,2026-08-01,-,0,-
1197,-164,Ladden,-,1102.42,-69.86,1345.38,-107.72,80.98,-12.62,24,6.0,8,0.0,16,6.0,0,0.0,33.33,-11.11,2026-08-01,-,0,-
1198,new,slinggtw,-,1100.99,650.99,1523.44,23.44,140.82,140.82,6,6.0,3,3.0,3,3.0,0,0.0,50.0,50.0,2026-08-05,-,0,-
-,-,IsleOfDick,-,1100.93,-1.27,1487.75,0.0,128.94,0.42,12,0.0,6,0.0,6,0.0,0,0.0,50.0,0.0,2024-02-23,-,0,-
1199,-73,Icarium,US,1100.86,4.93,1192.87,3.43,30.67,-0.5,432,24.0,114,8.0,314,16.0,4,0.0,26.39,0.41,2026-07-30,-,0,690.0
1200,-56,cultro,-,1100.64,20.63,1317.46,-5.0,72.27,-8.54,33,6.0,6,2.0,25,4.0,2,0.0,18.18,3.37,2026-08-04,-,0,1287.0
1201,-114,Krzolek,-,1100.62,-28.72,1354.44,-66.85,84.61,-12.71,24,6.0,6,0.0,16,6.0,2,0.0,25.0,-8.33,2026-07-23,-,0,1381.0
-,-,ivantz,-,1100.08,-1.87,1361.9,0.0,87.27,0.62,48,0.0,19,0.0,29,0.0,0,0.0,39.58,0.0,2019-09-29,-,0,-
-,-,Ivalice,-,1100.07,-1.51,1423.57,0.0,107.84,0.5,24,0.0,11,0.0,13,0.0,0,0.0,45.83,0.0,2019-12-30,-,0,-
1202,-103,Jocik,-,1100.01,-19.76,1255.06,-23.9,51.68,-1.38,75,6.0,24,1.0,51,5.0,0,0.0,32.0,-1.33,2026-07-30,-,0,757.0
-,-,LuisPerdomo,-,1099.76,-1.19,1511.54,0.0,137.26,0.4,12,0.0,6,0.0,6,0.0,0,0.0,50.0,0.0,2024-02-23,-,0,-
-,-,DeineMudda,-,1099.16,-1.42,1444.37,0.0,115.07,0.47,12,0.0,4,0.0,8,0.0,0,0.0,33.33,0.0,2023-03-01,-,0,-
1203,-43,Oso,-,1098.04,50.75,1319.61,29.17,73.85,-7.19,36,6.0,11,3.0,25,3.0,0,0.0,30.56,3.89,2026-07-22,-,0,926.0
1204,-83,Raystoneg,-,1097.65,-2.27,1315.63,0.0,72.66,0.76,42,0.0,12,0.0,30,0.0,0,0.0,28.57,0.0,2026-03-11,-,0,-
-,-,Gwyneraim,-,1097.47,-0.85,1672.46,0.0,191.67,0.28,3,0.0,3,0.0,0,0.0,0,0.0,100.0,0.0,2024-10-13,-,0,-
-,-,Purpleseven,-,1097.12,-1.28,1480.87,0.0,127.92,0.43,12,0.0,6,0.0,6,0.0,0,0.0,50.0,0.0,2020-12-06,-,0,-
-,-,Eduard69,-,1096.94,-1.36,1456.16,0.0,119.74,0.45,12,0.0,6,0.0,6,0.0,0,0.0,50.0,0.0,2025-01-12,-,0,1067.0
-,-,Bricks718,-,1096.61,-1.63,1397.91,0.0,100.43,0.54,18,0.0,7,0.0,11,0.0,0,0.0,38.89,0.0,2024-04-04,-,0,-
-,-,Arius,-,1096.19,-2.04,1338.79,0.0,80.87,0.68,36,0.0,12,0.0,24,0.0,0,0.0,33.33,0.0,2024-04-04,-,0,-
1205,-72,Kazan,-,1096.09,3.2,1253.74,0.55,52.55,-0.88,69,6.0,18,1.0,44,5.0,7,0.0,26.09,-0.89,2026-08-11,-,0,1184.0
-,-,Luedegast,-,1094.73,-1.59,1403.51,0.0,102.93,0.53,18,0.0,8,0.0,10,0.0,0,0.0,44.44,0.0,2024-04-04,-,0,-
1206,-79,MarsU-NL,-,1094.3,-1.56,1408.83,0.0,104.85,0.52,18,0.0,7,0.0,11,0.0,0,0.0,38.89,0.0,2026-03-11,-,0,-
-,-,alban,-,1094.25,-1.52,1415.47,0.0,107.07,0.51,12,0.0,5,0.0,7,0.0,0,0.0,41.67,0.0,2025-01-27,-,0,1118.0
-,-,Samut,-,1093.88,-1.27,1479.51,0.0,128.54,0.42,12,0.0,5,0.0,7,0.0,0,0.0,41.67,0.0,2024-02-23,-,0,-
1207,-79,SunGodREI,-,1093.87,-1.92,1348.39,0.0,84.84,0.64,24,0.0,10,0.0,14,0.0,0,0.0,41.67,0.0,2026-01-17,-,0,1184.0
1208,unretired,marcusesses1,CA,1093.4,20.81,1271.03,7.15,59.21,-4.56,66,9.0,19,3.0,47,6.0,0,0.0,28.79,0.72,2026-07-30,-,0,1184.0
1209,-80,jasondh10,AU,1091.63,-2.82,1267.79,0.0,58.72,0.94,51,0.0,17,0.0,34,0.0,0,0.0,33.33,0.0,2026-02-01,-,0,928.0
-,-,monsieurt,-,1091.55,-1.98,1339.05,0.0,82.5,0.66,27,0.0,9,0.0,18,0.0,0,0.0,33.33,0.0,2025-01-10,-,0,1067.0
1210,-78,ahr,-,1091.48,-1.54,1409.98,0.0,106.17,0.51,12,0.0,3,0.0,9,0.0,0,0.0,25.0,0.0,2026-01-19,-,0,-
1211,-77,BadEagle,-,1090.94,-1.84,1358.33,0.0,89.13,0.61,30,0.0,9,0.0,21,0.0,0,0.0,30.0,0.0,2026-03-18,-,0,1118.0
1212,-77,Yeoman,-,1090.74,-1.45,1428.86,0.0,112.71,0.48,12,0.0,6,0.0,5,0.0,1,0.0,50.0,0.0,2026-04-26,-,0,-
1213,-75,Qirgi,-,1090.61,4.16,1324.71,-28.5,78.03,-10.89,30,6.0,12,1.0,17,4.0,1,1.0,40.0,-5.83,2026-08-06,-,0,1067.0
1214,-78,Dunketelin,-,1089.93,-0.55,1183.99,-2.72,31.36,-0.72,420,24.0,104,7.0,316,17.0,0,0.0,24.76,0.27,2026-08-07,-,0,676.0
-,-,LeChuckichu,DK,1089.49,-1.57,1402.0,0.0,104.17,0.52,15,0.0,6,0.0,9,0.0,0,0.0,40.0,0.0,2023-12-03,-,0,-
-,-,opk,-,1089.42,-1.73,1375.77,0.0,95.45,0.58,24,0.0,8,0.0,16,0.0,0,0.0,33.33,0.0,2025-01-24,-,0,1118.0
-,-,Misio,-,1088.94,-1.37,1452.65,0.0,121.24,0.46,24,0.0,14,0.0,10,0.0,0,0.0,58.33,0.0,2020-09-27,-,0,-
-,-,Daliman13,-,1086.85,-1.16,1509.27,0.0,140.81,0.39,12,0.0,6,0.0,4,0.0,2,0.0,50.0,0.0,2020-06-28,-,0,1421.0
1215,-78,LMB,-,1086.85,-2.13,1318.26,0.0,77.14,0.71,24,0.0,8,0.0,16,0.0,0,0.0,33.33,0.0,2026-05-03,-,0,-
-,-,Sebix,-,1086.62,-1.63,1388.15,0.0,100.51,0.54,18,0.0,6,0.0,12,0.0,0,0.0,33.33,0.0,2025-03-09,-,0,872.0
-,-,Krill,-,1086.48,-1.55,1402.57,0.0,105.36,0.52,24,0.0,9,0.0,15,0.0,0,0.0,37.5,0.0,2020-09-27,-,0,-
-,-,CuteAnn,-,1086.38,-2.23,1306.48,0.0,73.37,0.74,36,0.0,12,0.0,24,0.0,0,0.0,33.33,0.0,2025-04-07,-,0,1114.0
-,-,Argent123,-,1086.26,-1.84,1352.76,0.0,88.83,0.61,24,0.0,10,0.0,14,0.0,0,0.0,41.67,0.0,2021-12-05,-,0,-
-,-,Math4u,-,1084.08,-2.79,1266.97,0.0,60.96,0.93,84,0.0,25,0.0,59,0.0,0,0.0,29.76,0.0,2024-01-16,-,0,-
-,-,lpoulter,GB,1084.06,-1.27,1470.33,0.0,128.76,0.42,12,0.0,4,0.0,8,0.0,0,0.0,33.33,0.0,2020-09-27,-,0,-
-,-,Quality_Jones,-,1084.0,-1.09,1534.95,0.0,150.32,0.36,6,0.0,4,0.0,2,0.0,0,0.0,66.67,0.0,2023-01-15,-,0,-
1216,new,tjreasoner,-,1083.95,633.95,1740.16,240.16,218.73,218.73,3,3.0,3,3.0,0,0.0,0,0.0,100.0,100.0,2026-07-18,-,0,-
1217,-101,janbandit,-,1083.39,-23.52,1314.75,-32.23,77.12,-2.9,27,3.0,8,0.0,19,3.0,0,0.0,29.63,-3.7,2026-06-22,-,0,1118.0
-,-,Diegaccio,IT,1082.78,-2.97,1250.04,0.0,55.76,0.99,132,0.0,38,0.0,93,0.0,1,0.0,28.79,0.0,2024-04-04,-,0,-
-,-,Hamsert,-,1082.55,-1.98,1330.44,0.0,82.63,0.66,36,0.0,12,0.0,24,0.0,0,0.0,33.33,0.0,2021-09-05,-,0,-
1218,-75,FabioMP,-,1082.29,1.85,1205.53,2.76,41.08,0.3,327,6.0,92,2.0,233,4.0,2,0.0,28.13,0.09,2026-07-27,-,0,1245.0
1219,-284,EdWARlock,-,1082.29,-152.64,1356.05,-207.38,91.26,-18.25,18,6.0,5,0.0,12,6.0,1,0.0,27.78,-13.89,2026-07-31,-,0,-
1220,-81,Rivendell,-,1082.09,-3.25,1236.86,0.0,51.59,1.08,180,0.0,54,0.0,125,0.0,1,0.0,30.0,0.0,2026-01-12,-,0,-
-,-,yoyo0507,-,1082.03,-1.19,1493.35,0.0,137.11,0.4,12,0.0,6,0.0,5,0.0,1,0.0,50.0,0.0,2020-09-27,-,0,-
1221,-59,sackn,-,1081.95,36.99,1353.63,-19.75,90.56,-18.91,18,6.0,5,2.0,12,4.0,1,0.0,27.78,2.78,2026-07-29,-,0,-
-,-,Durin_NL,NL,1081.91,-1.95,1334.1,0.0,84.06,0.65,30,0.0,10,0.0,20,0.0,0,0.0,33.33,0.0,2023-01-15,-,0,-
-,-,gxmarantes,-,1081.73,-1.13,1513.81,0.0,144.03,0.38,12,0.0,7,0.0,5,0.0,0,0.0,58.33,0.0,2019-09-29,-,0,-
1222,-98,johnboy,-,1081.61,-15.51,1324.11,-59.52,80.83,-14.67,24,6.0,8,1.0,16,5.0,0,0.0,33.33,-5.56,2026-08-03,-,0,989.0
-,-,logocentric,-,1080.12,-2.16,1307.09,0.0,75.66,0.72,48,0.0,17,0.0,30,0.0,1,0.0,35.42,0.0,2021-12-05,-,0,-
-,-,Krisztciii,-,1079.9,-2.89,1251.75,0.0,57.28,0.96,150,0.0,40,0.0,109,0.0,1,0.0,26.67,0.0,2023-02-05,-,0,-
-,-,18544415,-,1079.81,-1.4,1431.48,0.0,117.22,0.47,12,0.0,5,0.0,7,0.0,0,0.0,41.67,0.0,2025-01-06,-,0,989.0
-,-,Flamingpichu,-,1079.48,-2.15,1309.97,0.0,76.83,0.72,42,0.0,11,0.0,26,0.0,5,0.0,26.19,0.0,2023-01-15,-,0,-
-,-,Midkenium,-,1079.35,-1.54,1397.73,0.0,106.13,0.51,24,0.0,9,0.0,15,0.0,0,0.0,37.5,0.0,2020-09-27,-,0,-
-,-,lordofwales,DE,1079.13,-1.19,1490.72,0.0,137.2,0.4,12,0.0,7,0.0,5,0.0,0,0.0,58.33,0.0,2020-09-27,-,0,-
-,-,BoB94,-,1079.09,-1.67,1371.75,0.0,97.55,0.56,18,0.0,5,0.0,13,0.0,0,0.0,27.78,0.0,2024-07-01,-,0,-
-,-,MP87,-,1077.56,-1.68,1369.61,0.0,97.35,0.56,18,0.0,5,0.0,13,0.0,0,0.0,27.78,0.0,2024-02-23,-,0,-
-,-,Ringbearer,NL,1076.83,-2.7,1260.18,0.0,61.12,0.9,96,0.0,35,0.0,61,0.0,0,0.0,36.46,0.0,2022-09-04,-,0,-
1223,-55,Oleg787899,-,1076.57,44.45,1392.35,3.67,105.26,-13.59,15,3.0,4,1.0,11,2.0,0,0.0,26.67,1.67,2026-06-28,-,0,-
1224,-72,Warstoryteller,-,1076.5,7.24,1317.71,-10.69,80.4,-5.97,30,6.0,7,1.0,23,5.0,0,0.0,23.33,-1.67,2026-08-01,-,0,1118.0
-,-,Dreadpiratejosh,-,1076.15,-1.54,1395.16,0.0,106.34,0.51,24,0.0,12,0.0,12,0.0,0,0.0,50.0,0.0,2019-02-17,-,0,-
1225,unretired,samlives,-,1076.05,52.18,1321.93,41.25,81.96,-3.64,45,3.0,14,2.0,30,1.0,1,0.0,31.11,2.54,2026-06-30,-,0,1429.0
-,-,Prablemzzz,-,1075.48,-1.97,1324.34,0.0,82.95,0.66,36,0.0,16,0.0,20,0.0,0,0.0,44.44,0.0,2022-03-06,-,0,-
-,-,HHH,-,1075.06,-1.72,1360.66,0.0,95.2,0.57,24,0.0,12,0.0,11,0.0,1,0.0,50.0,0.0,2021-06-02,-,0,-
1226,-51,Execut0r,-,1074.79,48.03,1299.01,37.95,74.74,-3.36,30,6.0,8,2.0,22,4.0,0,0.0,26.67,1.67,2026-08-04,-,0,1118.0
1227,-13,clemy,-,1073.99,105.0,1379.5,36.53,101.84,-22.82,18,6.0,5,2.0,12,4.0,1,0.0,27.78,2.78,2026-07-17,-,0,-
-,-,Tomo,-,1073.93,-3.41,1225.49,0.0,50.52,1.14,216,0.0,57,0.0,157,0.0,2,0.0,26.39,0.0,2024-03-03,-,0,-
1228,-82,Tomek,-,1073.04,-1.41,1423.41,0.0,116.79,0.47,18,0.0,7,0.0,11,0.0,0,0.0,38.89,0.0,2026-01-10,-,0,1287.0
1229,-112,Msandry,-,1072.86,-30.58,1287.43,-40.07,71.52,-3.17,42,3.0,13,0.0,29,3.0,0,0.0,30.95,-2.38,2026-06-26,-,0,1287.0
-,-,deleted_user_1946622,-,1072.57,-2.46,1275.0,0.0,67.48,0.82,36,0.0,8,0.0,27,0.0,1,0.0,22.22,0.0,2024-10-01,-,0,-
1230,-134,gusanitocruz,-,1072.51,-49.51,1359.04,-114.84,95.51,-21.78,24,6.0,8,1.0,16,5.0,0,0.0,33.33,-5.56,2026-07-31,-,0,1109.0
1231,-84,Bruce.Twarze,-,1071.51,-2.11,1303.91,0.0,77.47,0.7,36,0.0,11,0.0,25,0.0,0,0.0,30.56,0.0,2026-01-18,-,0,1118.0
-,-,Vijaybabu,-,1071.32,-1.9,1329.44,0.0,86.04,0.63,36,0.0,13,0.0,23,0.0,0,0.0,36.11,0.0,2021-06-02,-,0,-
-,-,Mlhovan,-,1071.24,-3.21,1225.83,0.0,51.53,1.07,183,0.0,48,0.0,130,0.0,5,0.0,26.23,0.0,2024-10-13,-,0,-
-,-,Raphi,-,1071.07,-2.02,1314.61,0.0,81.18,0.67,27,0.0,8,0.0,19,0.0,0,0.0,29.63,0.0,2025-01-27,-,0,1184.0
1232,-82,vansmith3555,-,1070.49,-1.59,1378.13,0.0,102.55,0.53,18,0.0,6,0.0,12,0.0,0,0.0,33.33,0.0,2026-03-06,-,0,-
1233,-82,Serrapac,-,1069.0,-1.97,1317.94,0.0,82.98,0.66,24,0.0,9,0.0,15,0.0,0,0.0,37.5,0.0,2026-01-17,-,0,1118.0
-,-,JonJayJanyJanzn,-,1068.48,-2.09,1304.34,0.0,78.62,0.7,36,0.0,14,0.0,22,0.0,0,0.0,38.89,0.0,2025-01-10,-,0,1184.0
-,-,gameofstu,-,1068.13,-1.54,1386.91,0.0,106.26,0.51,24,0.0,10,0.0,14,0.0,0,0.0,41.67,0.0,2019-12-30,-,0,-
-,-,AmosCai,-,1067.89,-1.81,1338.87,0.0,90.32,0.6,24,0.0,9,0.0,15,0.0,0,0.0,37.5,0.0,2022-03-06,-,0,-
1234,-89,Tonino,-,1067.87,-7.6,1161.45,-5.86,31.19,0.58,417,12.0,96,3.0,306,9.0,15,0.0,23.02,0.06,2026-08-07,-,0,788.0
-,-,KuddelFA,-,1067.52,-1.13,1500.97,0.0,144.48,0.38,12,0.0,7,0.0,5,0.0,0,0.0,58.33,0.0,2020-06-28,-,0,-
-,-,Stupidstupidrat,-,1066.83,-1.61,1373.41,0.0,102.19,0.54,15,0.0,9,0.0,6,0.0,0,0.0,60.0,0.0,2025-05-23,-,0,1278.0
-,-,Yerdua,-,1066.38,-1.67,1362.0,0.0,98.54,0.56,36,0.0,13,0.0,22,0.0,1,0.0,36.11,0.0,2020-09-27,-,0,-
-,-,cord_red,-,1065.81,-1.05,1531.85,0.0,155.35,0.35,6,0.0,4,0.0,2,0.0,0,0.0,66.67,0.0,2024-12-02,-,0,1184.0
-,-,Graankoning,-,1065.1,-2.3,1281.04,0.0,71.98,0.77,69,0.0,15,0.0,48,0.0,6,0.0,21.74,0.0,2024-11-17,-,0,1287.0
-,-,Waxtax,-,1065.02,-1.56,1378.91,0.0,104.63,0.52,24,0.0,9,0.0,15,0.0,0,0.0,37.5,0.0,2020-09-27,G,2,-
1235,-94,Wing,-,1064.22,-17.29,1332.98,-37.73,89.59,-6.81,21,3.0,6,0.0,15,3.0,0,0.0,28.57,-4.76,2026-06-25,-,0,1118.0
-,-,Schlotzky,-,1064.02,-2.17,1292.04,0.0,76.01,0.72,72,0.0,23,0.0,49,0.0,0,0.0,31.94,0.0,2020-12-06,-,0,-
-,-,ferion,-,1063.66,-1.8,1336.52,0.0,90.95,0.6,36,0.0,14,0.0,21,0.0,1,0.0,38.89,0.0,2020-06-28,-,0,-
-,-,Darzic,-,1063.4,-1.17,1482.87,0.0,139.82,0.39,12,0.0,6,0.0,6,0.0,0,0.0,50.0,0.0,2020-09-27,-,0,-
-,-,maciejka,-,1063.02,-1.3,1439.94,0.0,125.64,0.43,12,0.0,4,0.0,8,0.0,0,0.0,33.33,0.0,2024-04-04,-,0,-
1236,101,Mister_Pazel,-,1062.79,545.62,1361.93,161.55,99.71,-128.02,15,12.0,7,7.0,7,4.0,1,1.0,46.67,46.67,2026-08-04,-,0,-
-,-,juancho1976,-,1062.42,-2.26,1280.11,0.0,72.56,0.75,60,0.0,19,0.0,40,0.0,1,0.0,31.67,0.0,2024-02-23,-,0,-
-,-,vladslavBR,-,1062.35,-1.65,1360.78,0.0,99.48,0.55,24,0.0,6,0.0,12,0.0,6,0.0,25.0,0.0,2019-12-30,-,0,-
1237,-84,Batallon,-,1062.26,-3.27,1215.92,0.0,51.22,1.09,87,0.0,29,0.0,57,0.0,1,0.0,33.33,0.0,2025-12-01,-,0,845.0
-,-,billymorph,-,1061.88,-1.23,1459.43,0.0,132.51,0.41,12,0.0,7,0.0,5,0.0,0,0.0,58.33,0.0,2021-06-02,-,0,-
-,-,RiccardoRaso,-,1061.32,-2.57,1254.69,0.0,64.46,0.86,66,0.0,19,0.0,47,0.0,0,0.0,28.79,0.0,2023-01-15,-,0,-
-,-,zeminith,-,1060.58,-1.56,1374.53,0.0,104.65,0.52,24,0.0,10,0.0,14,0.0,0,0.0,41.67,0.0,2020-06-28,-,0,-
1238,new,Alistair,-,1060.21,610.21,1363.01,-136.99,100.93,100.93,12,12.0,4,4.0,8,8.0,0,0.0,33.33,33.33,2026-07-30,-,0,-
-,-,Nardo,-,1059.97,-1.3,1437.98,0.0,126.0,0.43,12,0.0,7,0.0,4,0.0,1,0.0,58.33,0.0,2021-09-05,-,0,-
-,-,whiteraven,-,1059.12,-1.11,1500.0,0.0,146.96,0.37,12,0.0,6,0.0,6,0.0,0,0.0,50.0,0.0,2020-06-28,-,0,-
-,-,AlexGc,-,1059.12,-1.11,1500.0,0.0,146.96,0.37,12,0.0,6,0.0,6,0.0,0,0.0,50.0,0.0,2020-06-14,-,0,-
-,-,zaan,-,1059.12,-1.11,1500.0,0.0,146.96,0.37,12,0.0,6,0.0,6,0.0,0,0.0,50.0,0.0,2020-06-28,-,0,-
1239,-78,nchenche,-,1058.35,12.5,1293.72,-8.45,78.46,-6.98,30,6.0,4,0.0,24,4.0,2,2.0,13.33,-3.34,2026-07-28,-,0,939.0
1240,new,dellcan,-,1058.3,608.3,1486.77,-13.23,142.82,142.82,6,6.0,3,3.0,3,3.0,0,0.0,50.0,50.0,2026-07-28,-,0,852.0
-,-,linyan,-,1058.18,-0.99,1552.19,0.0,164.67,0.33,6,0.0,3,0.0,2,0.0,1,0.0,50.0,0.0,2023-01-15,-,0,-
-,-,nasing,-,1057.78,-1.97,1308.83,0.0,83.68,0.66,66,0.0,21,0.0,44,0.0,1,0.0,31.82,0.0,2023-01-15,-,0,-
1241,-85,OffDutyDad,-,1056.61,-1.82,1327.13,0.0,90.17,0.61,24,0.0,7,0.0,17,0.0,0,0.0,29.17,0.0,2025-12-01,-,0,1287.0
-,-,ReneTTA,-,1056.58,-1.02,1538.21,0.0,160.54,0.34,6,0.0,5,0.0,1,0.0,0,0.0,83.33,0.0,2024-09-01,-,0,-
-,-,Goozy_Sosa,-,1055.97,-0.96,1567.61,0.0,170.55,0.32,6,0.0,4,0.0,2,0.0,0,0.0,66.67,0.0,2024-12-20,-,0,-
-,-,krull007,-,1055.8,-1.1,1500.0,0.0,148.07,0.37,12,0.0,6,0.0,6,0.0,0,0.0,50.0,0.0,2019-09-29,-,0,-
1242,-100,MLucient,-,1055.76,-25.15,1372.89,-68.8,105.71,-14.55,15,3.0,5,0.0,10,3.0,0,0.0,33.33,-8.34,2026-06-23,-,0,-
-,-,RainyDay,-,1055.34,-2.31,1268.2,0.0,70.95,0.77,48,0.0,9,0.0,33,0.0,6,0.0,18.75,0.0,2024-04-04,-,0,-
-,-,paixhaine,-,1054.99,-1.82,1323.61,0.0,89.54,0.61,24,0.0,6,0.0,17,0.0,1,0.0,25.0,0.0,2022-06-05,-,0,-
-,-,mdross1,-,1054.6,-1.43,1396.17,0.0,113.86,0.48,24,0.0,9,0.0,15,0.0,0,0.0,37.5,0.0,2020-09-27,-,0,-
-,-,FLOW_OF_C_H,-,1054.43,-1.57,1367.24,0.0,104.27,0.52,18,0.0,7,0.0,10,0.0,1,0.0,38.89,0.0,2024-04-04,-,0,-
-,-,Rikelev,-,1053.9,-2.34,1263.97,0.0,70.02,0.78,60,0.0,21,0.0,39,0.0,0,0.0,35.0,0.0,2022-06-05,-,0,-
-,-,GBH_Grzegorz,-,1053.33,-1.37,1410.79,0.0,119.16,0.46,12,0.0,2,0.0,10,0.0,0,0.0,16.67,0.0,2025-03-09,-,0,757.0
1243,-85,madmanmatt666,-,1053.12,-1.56,1367.98,0.0,104.96,0.52,18,0.0,6,0.0,12,0.0,0,0.0,33.33,0.0,2026-01-23,-,0,1287.0
-,-,GeneralWaste,-,1052.78,-1.1,1498.89,0.0,148.7,0.37,6,0.0,3,0.0,3,0.0,0,0.0,50.0,0.0,2023-01-15,-,0,-
1244,-71,pj79,-,1052.76,24.67,1195.65,23.23,47.63,-0.48,108,6.0,28,3.0,76,3.0,4,0.0,25.93,1.42,2026-08-07,-,0,791.0
-,-,Gaulamos,-,1050.66,-2.64,1237.09,0.0,62.14,0.88,96,0.0,27,0.0,68,0.0,1,0.0,28.12,0.0,2023-03-01,-,0,1287.0
-,-,Grishnakk,-,1050.46,-1.26,1439.48,0.0,129.67,0.42,12,0.0,3,0.0,9,0.0,0,0.0,25.0,0.0,2024-04-04,-,0,-
1245,-97,PeskyGekko,-,1050.35,-23.23,1231.18,-30.58,60.27,-2.45,54,6.0,14,0.0,38,6.0,2,0.0,25.93,-3.24,2026-08-12,-,0,1118.0
-,-,badoomboom,-,1050.06,-0.98,1547.13,0.0,165.69,0.33,6,0.0,3,0.0,3,0.0,0,0.0,50.0,0.0,2024-11-20,-,0,1287.0
-,-,Martinsunbeam,-,1049.92,-2.62,1243.31,0.0,64.46,0.87,84,0.0,25,0.0,58,0.0,1,0.0,29.76,0.0,2022-06-05,-,0,-
-,-,Dariusz,-,1049.85,-1.53,1369.8,0.0,106.65,0.51,12,0.0,5,0.0,7,0.0,0,0.0,41.67,0.0,2025-01-18,-,0,1067.0
-,-,Ian357,-,1049.84,-2.12,1280.97,0.0,77.05,0.71,39,0.0,12,0.0,25,0.0,2,0.0,30.77,0.0,2024-10-13,-,0,-
-,-,AyllonRafa,-,1049.73,-1.53,1371.17,0.0,107.15,0.51,24,0.0,10,0.0,14,0.0,0,0.0,41.67,0.0,2020-09-27,-,0,-
1246,11,Kradmesor,-,1049.6,167.17,1356.69,137.73,102.36,-9.81,21,3.0,5,3.0,16,0.0,0,0.0,23.81,12.7,2026-07-04,-,0,1287.0
-,-,Piotr33,PL,1049.41,-1.61,1354.39,0.0,101.66,0.54,21,0.0,5,0.0,16,0.0,0,0.0,23.81,0.0,2024-02-23,-,0,-
-,-,ozzy666,-,1049.12,-2.88,1227.51,0.0,59.46,0.96,108,0.0,34,0.0,73,0.0,1,0.0,31.48,0.0,2024-03-03,-,0,-
-,-,cibernyam,-,1048.95,-1.57,1361.82,0.0,104.29,0.52,18,0.0,3,0.0,14,0.0,1,0.0,16.67,0.0,2024-02-23,-,0,-
-,-,pepinecko,-,1048.55,-1.94,1301.51,0.0,84.32,0.65,33,0.0,12,0.0,21,0.0,0,0.0,36.36,0.0,2024-11-23,-,0,1287.0
-,-,Rancho,-,1048.07,-1.53,1367.32,0.0,106.42,0.51,18,0.0,5,0.0,12,0.0,1,0.0,27.78,0.0,2024-02-23,-,0,-
-,-,DionysosKing,-,1047.85,-1.36,1407.1,0.0,119.75,0.45,12,0.0,6,0.0,6,0.0,0,0.0,50.0,0.0,2023-02-05,-,0,-
-,-,pyjamarama,-,1047.73,-1.59,1355.94,0.0,102.74,0.53,24,0.0,7,0.0,16,0.0,1,0.0,29.17,0.0,2020-09-27,-,0,-
-,-,roderigo,-,1047.43,-1.13,1479.51,0.0,144.03,0.38,12,0.0,6,0.0,5,0.0,1,0.0,50.0,0.0,2019-09-30,-,0,-
1247,unretired,ctcheung,-,1047.15,-16.26,1215.65,-20.91,56.17,-1.55,78,6.0,18,0.0,57,6.0,3,0.0,23.08,-1.92,2026-07-30,-,0,857.0
-,-,Gervais,IT,1046.6,-3.25,1198.89,0.0,50.76,1.08,156,0.0,43,0.0,110,0.0,3,0.0,27.56,0.0,2024-12-14,-,0,1287.0
-,-,Beru,-,1046.1,-1.85,1310.79,0.0,88.23,0.62,24,0.0,10,0.0,14,0.0,0,0.0,41.67,0.0,2021-12-05,-,0,-
-,-,Edge613,-,1045.71,-3.64,1183.16,0.0,45.82,1.21,180,0.0,50,0.0,128,0.0,2,0.0,27.78,0.0,2025-04-22,-,0,1433.0
-,-,Esraymuk,-,1045.47,-1.25,1436.46,0.0,130.33,0.42,12,0.0,6,0.0,5,0.0,1,0.0,50.0,0.0,2021-03-02,-,0,-
-,-,Naismith,-,1042.65,-1.3,1418.82,0.0,125.39,0.43,12,0.0,4,0.0,8,0.0,0,0.0,33.33,0.0,2020-09-27,-,0,-
-,-,ThonosP,BE,1040.42,-1.74,1322.13,0.0,93.9,0.58,18,0.0,4,0.0,11,0.0,3,0.0,22.22,0.0,2024-06-16,-,0,-
-,-,nima_msg,-,1040.09,-1.3,1416.58,0.0,125.5,0.43,12,0.0,7,0.0,5,0.0,0,0.0,58.33,0.0,2023-09-03,-,0,-
-,-,Vashek,-,1040.09,-1.3,1416.58,0.0,125.5,0.43,12,0.0,7,0.0,5,0.0,0,0.0,58.33,0.0,2023-09-03,-,0,-
1248,-83,Nomade,-,1039.93,-3.01,1205.7,0.0,55.26,1.0,93,0.0,27,0.0,66,0.0,0,0.0,29.03,0.0,2025-12-01,-,0,1118.0
-,-,Lnena,-,1039.14,-1.03,1513.01,0.0,157.95,0.34,6,0.0,4,0.0,2,0.0,0,0.0,66.67,0.0,2024-01-16,-,0,-
-,-,Four-Zero,-,1038.85,-1.34,1403.63,0.0,121.59,0.45,12,0.0,6,0.0,5,0.0,1,0.0,50.0,0.0,2022-06-05,-,0,-
-,-,toptheworld,-,1037.72,-1.81,1308.73,0.0,90.34,0.6,24,0.0,7,0.0,17,0.0,0,0.0,29.17,0.0,2025-01-14,-,0,1184.0
1249,-49,buso1705,-,1037.69,42.82,1244.4,-87.14,68.9,-43.32,30,18.0,8,4.0,21,14.0,1,0.0,26.67,-6.66,2026-07-22,-,0,1388.0
-,-,Kirill,-,1037.6,-2.15,1269.56,0.0,77.32,0.72,36,0.0,8,0.0,28,0.0,0,0.0,22.22,0.0,2022-03-06,-,0,-
-,-,Ben96,-,1037.41,-1.89,1296.89,0.0,86.49,0.63,48,0.0,17,0.0,31,0.0,0,0.0,35.42,0.0,2020-09-27,-,0,-
-,-,Friedthelt,-,1036.42,-1.49,1366.3,0.0,109.96,0.5,18,0.0,7,0.0,11,0.0,0,0.0,38.89,0.0,2025-01-23,-,0,1118.0
1250,-84,Caps,-,1036.0,-1.44,1376.01,0.0,113.34,0.48,12,0.0,4,0.0,7,0.0,1,0.0,33.33,0.0,2026-01-07,-,0,-
1251,-87,firstfloorfinest,BE,1035.7,-7.97,1172.12,-6.23,45.47,0.58,240,3.0,62,0.0,175,3.0,3,0.0,25.83,-0.33,2026-06-28,-,0,-
-,-,VesperDraco,-,1035.56,-1.74,1317.61,0.0,94.02,0.58,36,0.0,15,0.0,21,0.0,0,0.0,41.67,0.0,2020-09-27,-,0,-
-,-,biso,-,1035.38,-2.8,1214.43,0.0,59.68,0.93,102,0.0,32,0.0,68,0.0,2,0.0,31.37,0.0,2025-01-26,-,0,1416.0
-,-,SirTommoth,-,1034.77,-1.83,1304.11,0.0,89.78,0.61,24,0.0,8,0.0,15,0.0,1,0.0,33.33,0.0,2022-06-05,-,0,-
-,-,Devran,TR,1034.53,-1.7,1322.87,0.0,96.11,0.57,18,0.0,3,0.0,15,0.0,0,0.0,16.67,0.0,2025-01-09,-,0,989.0
1252,-82,omoi,-,1034.24,3.28,1311.95,-58.17,92.57,-20.48,18,6.0,7,2.0,11,4.0,0,0.0,38.89,-2.78,2026-07-22,-,0,-
-,-,liladre,-,1033.71,-3.24,1191.38,0.0,52.55,1.08,165,0.0,43,0.0,121,0.0,1,0.0,26.06,0.0,2023-11-17,-,0,-
1253,-51,Oyvind,-,1033.7,42.58,1263.09,18.3,76.46,-8.1,36,6.0,10,2.0,26,4.0,0,0.0,27.78,1.11,2026-07-27,-,0,1184.0
-,-,oginostok,-,1033.34,-1.52,1354.59,0.0,107.08,0.51,24,0.0,11,0.0,13,0.0,0,0.0,45.83,0.0,2020-12-06,-,0,-
-,-,drivebyrobot,-,1032.75,-1.08,1484.17,0.0,150.47,0.36,12,0.0,7,0.0,5,0.0,0,0.0,58.33,0.0,2020-06-28,-,0,-
-,-,DarthElendil,-,1032.59,-1.45,1370.02,0.0,112.48,0.48,12,0.0,5,0.0,7,0.0,0,0.0,41.67,0.0,2025-05-04,-,0,1388.0
-,-,mliszewski,-,1031.99,-1.55,1347.17,0.0,105.06,0.52,24,0.0,10,0.0,14,0.0,0,0.0,41.67,0.0,2020-12-06,-,0,-
-,-,BigAAA,-,1031.32,-1.32,1401.26,0.0,123.31,0.44,12,0.0,2,0.0,10,0.0,0,0.0,16.67,0.0,2024-04-04,-,0,-
1254,24,BuddhaBoost,-,1030.82,216.45,1243.44,131.29,70.87,-28.39,39,24.0,11,9.0,28,15.0,0,0.0,28.21,14.88,2026-07-28,-,0,-
-,-,Nanu,-,1030.74,-1.59,1338.1,0.0,102.45,0.53,18,0.0,3,0.0,15,0.0,0,0.0,16.67,0.0,2025-03-01,-,0,939.0
-,-,Macin,-,1030.58,-1.94,1283.55,0.0,84.32,0.65,24,0.0,6,0.0,18,0.0,0,0.0,25.0,0.0,2025-07-16,-,0,1259.0
-,-,szesophie,-,1030.54,-2.62,1218.77,0.0,62.75,0.87,60,0.0,18,0.0,42,0.0,0,0.0,30.0,0.0,2024-11-17,-,0,1287.0
-,-,Dharkan_Kaazar,-,1030.3,-1.15,1456.54,0.0,142.08,0.38,6,0.0,2,0.0,4,0.0,0,0.0,33.33,0.0,2024-02-23,-,0,-
-,-,Richy_Doulares,-,1029.84,-1.32,1400.04,0.0,123.4,0.44,12,0.0,5,0.0,6,0.0,1,0.0,41.67,0.0,2024-03-03,-,0,-
-,-,Namian,-,1029.6,-1.81,1300.77,0.0,90.39,0.6,36,0.0,12,0.0,24,0.0,0,0.0,33.33,0.0,2024-04-04,-,0,-
-,-,forthetop,-,1029.42,-1.53,1349.83,0.0,106.8,0.51,24,0.0,7,0.0,17,0.0,0,0.0,29.17,0.0,2020-09-27,-,0,-
1255,-86,rubenman,-,1029.18,-1.94,1282.81,0.0,84.54,0.65,30,0.0,8,0.0,22,0.0,0,0.0,26.67,0.0,2026-01-10,-,0,-
1256,-68,RAKoS,-,1028.33,23.69,1223.64,10.55,65.1,-4.38,51,6.0,14,2.0,36,4.0,1,0.0,27.45,0.78,2026-08-12,-,0,1067.0
-,-,ludnunes,-,1028.21,-1.95,1279.42,0.0,83.73,0.65,42,0.0,13,0.0,28,0.0,1,0.0,30.95,0.0,2023-01-15,-,0,-
-,-,Cormcolash,-,1027.24,-1.36,1386.74,0.0,119.83,0.45,12,0.0,7,0.0,5,0.0,0,0.0,58.33,0.0,2025-04-18,-,0,1373.0
-,-,Mochi1214,-,1026.7,-1.34,1390.91,0.0,121.4,0.45,12,0.0,5,0.0,7,0.0,0,0.0,41.67,0.0,2024-02-23,-,0,-
-,-,janneskoehler,-,1026.28,-0.68,1740.55,0.0,238.09,0.23,3,0.0,3,0.0,0,0.0,0,0.0,100.0,0.0,2025-05-04,-,0,1421.0
1257,-83,Decontest,-,1025.35,-1.72,1309.72,0.0,94.79,0.57,18,0.0,6,0.0,12,0.0,0,0.0,33.33,0.0,2026-01-15,-,0,1287.0
-,-,JoeBa,-,1025.2,-2.35,1235.24,0.0,70.01,0.78,48,0.0,12,0.0,35,0.0,1,0.0,25.0,0.0,2024-03-03,-,0,-
1258,-10,vekijo,-,1024.97,119.76,1303.84,73.34,92.95,-15.47,18,6.0,6,3.0,12,3.0,0,0.0,33.33,8.33,2026-08-01,-,0,-
1259,-74,Dolling,-,1024.63,16.31,1254.81,-0.53,76.73,-5.61,36,6.0,11,1.0,25,5.0,0,0.0,30.56,-2.77,2026-07-27,-,0,1118.0
-,-,Rodraca,-,1024.31,-1.09,1473.69,0.0,149.79,0.36,6,0.0,3,0.0,3,0.0,0,0.0,50.0,0.0,2023-01-15,-,0,-
-,-,MadsB,-,1023.66,-2.24,1244.14,0.0,73.49,0.75,42,0.0,12,0.0,30,0.0,0,0.0,28.57,0.0,2023-09-03,-,0,-
-,-,zyx19951124,-,1022.84,-1.69,1313.51,0.0,96.89,0.56,36,0.0,11,0.0,24,0.0,1,0.0,30.56,0.0,2020-09-27,-,0,-
-,-,Penisbursche,-,1022.8,-1.55,1343.51,0.0,106.9,0.52,24,0.0,10,0.0,14,0.0,0,0.0,41.67,0.0,2020-06-28,-,0,-
1260,-84,Maximouse,-,1022.59,-0.99,1515.0,0.0,164.13,0.33,6,0.0,2,0.0,4,0.0,0,0.0,33.33,0.0,2025-12-01,-,0,-
1261,-102,RodaxIII,-,1022.34,-25.5,1160.95,-34.74,46.2,-3.08,105,15.0,30,0.0,67,14.0,8,1.0,28.57,-4.76,2026-07-15,-,0,1270.0
-,-,wkawkfl,-,1021.54,-1.43,1363.42,0.0,113.96,0.48,24,0.0,9,0.0,14,0.0,1,0.0,37.5,0.0,2020-09-27,-,0,-
1262,-84,Kaputsky,-,1021.28,-1.31,1395.2,0.0,124.64,0.44,12,0.0,3,0.0,9,0.0,0,0.0,25.0,0.0,2026-01-20,-,0,-
-,-,pearh,-,1021.08,-1.14,1449.1,0.0,142.68,0.38,12,0.0,7,0.0,5,0.0,0,0.0,58.33,0.0,2020-09-27,-,0,-
-,-,theblender,-,1021.07,-1.81,1295.76,0.0,91.56,0.6,42,0.0,15,0.0,25,0.0,2,0.0,35.71,0.0,2023-01-15,-,0,-
1263,-86,jurgen18,-,1021.04,-1.81,1291.24,0.0,90.07,0.6,18,0.0,5,0.0,13,0.0,0,0.0,27.78,0.0,2026-01-21,-,0,1287.0
1264,-80,Clarinachos,-,1020.49,11.63,1171.04,5.95,50.18,-1.89,99,15.0,21,2.0,78,13.0,0,0.0,21.21,-1.41,2026-07-21,-,0,1271.0
-,-,funkenschlag,-,1020.46,-2.83,1198.24,0.0,59.26,0.94,192,0.0,45,0.0,143,0.0,4,0.0,23.44,0.0,2023-01-15,-,0,-
-,-,LucaDiGennaro,-,1020.02,-1.14,1448.97,0.0,142.98,0.38,12,0.0,6,0.0,6,0.0,0,0.0,50.0,0.0,2018-10-14,-,0,-
1265,-55,Moshmir,-,1019.58,43.69,1341.79,14.31,107.4,-9.79,15,3.0,6,1.0,9,2.0,0,0.0,40.0,-1.67,2026-06-11,-,0,-
-,-,SatoruGojo,-,1019.41,-1.26,1409.45,0.0,130.01,0.42,12,0.0,4,0.0,7,0.0,1,0.0,33.33,0.0,2024-02-23,-,0,-
-,-,Ralpher,-,1019.24,-1.14,1448.39,0.0,143.05,0.38,12,0.0,7,0.0,5,0.0,0,0.0,58.33,0.0,2020-06-28,-,0,-
-,-,CharlieFish,-,1017.71,-1.4,1368.16,0.0,116.82,0.47,12,0.0,5,0.0,7,0.0,0,0.0,41.67,0.0,2025-01-09,-,0,1118.0
-,-,CefreBunda,-,1017.14,-1.68,1307.92,0.0,96.93,0.56,42,0.0,11,0.0,30,0.0,1,0.0,26.19,0.0,2018-06-17,-,0,-
1266,-85,Lint,-,1016.9,-1.57,1329.66,0.0,104.25,0.52,18,0.0,4,0.0,14,0.0,0,0.0,22.22,0.0,2026-01-19,-,0,-
-,-,Saish,ES,1016.41,-3.18,1173.3,0.0,52.3,1.06,156,0.0,37,0.0,119,0.0,0,0.0,23.72,0.0,2024-12-17,-,0,1173.0
1267,-81,gutibudoka,-,1015.88,10.14,1162.59,2.02,48.9,-2.71,93,12.0,27,3.0,66,9.0,0,0.0,29.03,-0.6,2026-08-01,-,0,915.0
-,-,checkmate4200,-,1015.83,-1.65,1311.95,0.0,98.7,0.55,42,0.0,13,0.0,29,0.0,0,0.0,30.95,0.0,2018-06-10,-,0,-
-,-,Signor_Darcy,-,1015.64,-2.73,1197.72,0.0,60.69,0.91,120,0.0,29,0.0,91,0.0,0,0.0,24.17,0.0,2024-01-16,-,0,-
1268,unretired,LMH,-,1014.81,48.76,1300.57,-0.53,95.25,-16.43,24,6.0,8,2.0,16,4.0,0,0.0,33.33,0.0,2026-07-22,-,0,939.0
1269,-68,ViznessDaBizness,-,1014.7,20.35,1300.72,-34.86,95.34,-18.41,18,6.0,6,1.0,12,5.0,0,0.0,33.33,-8.34,2026-07-31,-,0,-
-,-,Rona_the_Terrible,-,1014.62,-1.37,1373.04,0.0,119.47,0.46,12,0.0,6,0.0,6,0.0,0,0.0,50.0,0.0,2024-03-03,-,0,-
-,-,Gadgame,-,1014.61,-1.59,1323.77,0.0,103.05,0.53,18,0.0,6,0.0,12,0.0,0,0.0,33.33,0.0,2024-04-04,-,0,-
1270,-88,kulho,-,1014.47,-1.43,1357.46,0.0,114.33,0.48,12,0.0,5,0.0,7,0.0,0,0.0,41.67,0.0,2026-01-19,-,0,-
-,-,Adunak,-,1013.08,-1.66,1308.45,0.0,98.46,0.55,24,0.0,9,0.0,14,0.0,1,0.0,37.5,0.0,2021-06-02,-,0,-
-,-,DaMeager,-,1012.77,-1.74,1295.21,0.0,94.15,0.58,24,0.0,8,0.0,16,0.0,0,0.0,33.33,0.0,2021-12-05,-,0,-
1271,-92,Nitrosaurus24,US,1012.46,-8.17,1124.05,-9.5,37.2,-0.44,306,12.0,59,2.0,237,9.0,10,1.0,19.28,-0.11,2026-08-07,-,0,844.0
1272,new,dragonst33d,-,1011.9,561.9,1316.09,-183.91,101.4,101.4,12,12.0,3,3.0,9,9.0,0,0.0,25.0,25.0,2026-07-24,-,0,-
1273,-118,Irmo,-,1011.89,-48.36,1278.84,-104.08,88.98,-18.57,18,6.0,3,0.0,15,6.0,0,0.0,16.67,-8.33,2026-08-03,-,0,-
1274,-91,Devonia,-,1011.85,-2.03,1254.1,0.0,80.75,0.68,30,0.0,7,0.0,23,0.0,0,0.0,23.33,0.0,2026-01-19,-,0,1118.0
-,-,MBK,-,1011.79,-1.35,1374.83,0.0,121.01,0.45,12,0.0,4,0.0,8,0.0,0,0.0,33.33,0.0,2024-02-23,-,0,-
-,-,Mandrillus,-,1010.17,-2.05,1250.03,0.0,79.95,0.68,36,0.0,8,0.0,27,0.0,1,0.0,22.22,0.0,2023-03-01,-,0,-
-,-,nge,-,1010.15,-1.74,1293.09,0.0,94.31,0.58,24,0.0,6,0.0,18,0.0,0,0.0,25.0,0.0,2025-01-17,-,0,1184.0
-,-,Billtje,-,1009.5,-1.22,1409.64,0.0,133.38,0.41,12,0.0,7,0.0,5,0.0,0,0.0,58.33,0.0,2021-03-02,-,0,-
-,-,SpillisWillis,-,1008.85,-1.36,1368.0,0.0,119.72,0.45,12,0.0,5,0.0,7,0.0,0,0.0,41.67,0.0,2025-01-12,-,0,1177.0
-,-,Xela1988,-,1007.98,-1.94,1262.15,0.0,84.72,0.65,27,0.0,9,0.0,18,0.0,0,0.0,33.33,0.0,2025-01-19,-,0,1184.0
1275,unretired,Monty1979,-,1007.88,105.58,1263.01,79.54,85.04,-8.68,30,6.0,10,3.0,20,3.0,0,0.0,33.33,4.16,2026-08-01,-,0,1183.0
1276,-69,TarisI,-,1007.44,28.81,1313.55,-15.3,102.03,-14.7,15,3.0,5,1.0,10,2.0,0,0.0,33.33,0.0,2026-06-17,-,0,-
1277,-62,justnomame,VN,1006.29,39.59,1245.1,3.11,79.6,-12.16,27,6.0,10,2.0,17,4.0,0,0.0,37.04,-1.06,2026-07-22,-,0,-
-,-,Sabastapul,-,1005.82,-1.26,1396.79,0.0,130.32,0.42,18,0.0,6,0.0,12,0.0,0,0.0,33.33,0.0,2025-01-12,-,0,1118.0
1278,-82,Marchely,-,1004.58,8.16,1252.44,-25.99,82.62,-11.38,30,6.0,9,1.0,21,5.0,0,0.0,30.0,-3.33,2026-07-30,-,0,1118.0
-,-,Jiggling,-,1004.31,-1.46,1339.6,0.0,111.76,0.49,24,0.0,8,0.0,16,0.0,0,0.0,33.33,0.0,2020-09-27,-,0,-
1279,-90,Bafbeer,-,1003.15,-1.37,1359.85,0.0,118.9,0.46,12,0.0,4,0.0,8,0.0,0,0.0,33.33,0.0,2026-01-11,-,0,-
-,-,Jbob2626,-,1002.56,-1.45,1340.92,0.0,112.78,0.48,12,0.0,5,0.0,7,0.0,0,0.0,41.67,0.0,2025-01-09,-,0,1118.0
1280,-90,GoodThoughtRhythm,-,1002.41,-1.43,1344.37,0.0,113.99,0.48,12,0.0,4,0.0,8,0.0,0,0.0,33.33,0.0,2026-01-27,-,0,-
1281,-90,Pieter_NL,-,1002.32,-1.37,1360.36,0.0,119.35,0.46,12,0.0,5,0.0,7,0.0,0,0.0,41.67,0.0,2026-01-18,-,0,-
-,-,Kykelodeon,-,1002.22,-1.9,1262.79,0.0,86.86,0.63,36,0.0,11,0.0,25,0.0,0,0.0,30.56,0.0,2021-03-02,-,0,-
-,-,Nyalala,-,1002.22,-1.15,1428.37,0.0,142.05,0.38,12,0.0,6,0.0,6,0.0,0,0.0,50.0,0.0,2020-03-30,-,0,-
-,-,Swingles,-,1001.91,-1.69,1292.13,0.0,96.74,0.56,24,0.0,11,0.0,13,0.0,0,0.0,45.83,0.0,2022-06-05,-,0,-
1282,-110,XRipper,-,1001.72,-28.66,1268.8,-90.3,89.03,-20.55,18,6.0,3,0.0,14,5.0,1,1.0,16.67,-8.33,2026-08-04,-,0,-
-,-,Master_Nodu,-,1000.56,-2.13,1230.98,0.0,76.81,0.71,36,0.0,12,0.0,24,0.0,0,0.0,33.33,0.0,2023-02-05,-,0,-
-,-,Krucik,-,999.2,-1.93,1256.53,0.0,85.78,0.64,48,0.0,12,0.0,33,0.0,3,0.0,25.0,0.0,2023-03-01,-,0,-
-,-,Richy_DNF,-,998.95,-1.43,1341.37,0.0,114.14,0.48,24,0.0,9,0.0,15,0.0,0,0.0,37.5,0.0,2020-09-27,-,0,-
-,-,MadAvenger,-,998.84,-2.77,1176.57,0.0,59.24,0.92,114,0.0,29,0.0,83,0.0,2,0.0,25.44,0.0,2023-01-15,-,0,-
-,-,RELandREL,-,997.72,-1.04,1466.02,0.0,156.1,0.35,6,0.0,3,0.0,3,0.0,0,0.0,50.0,0.0,2023-01-15,-,0,-
-,-,Jinster99,-,997.26,-2.11,1230.74,0.0,77.83,0.7,72,0.0,17,0.0,54,0.0,1,0.0,23.61,0.0,2020-12-06,-,0,-
1283,-91,Frabac,-,997.04,-4.01,1119.98,0.0,40.98,1.34,261,0.0,42,0.0,217,0.0,2,0.0,16.09,0.0,2026-04-19,-,0,711.0
-,-,ouTlier,-,996.92,-1.37,1353.16,0.0,118.75,0.46,12,0.0,2,0.0,10,0.0,0,0.0,16.67,0.0,2025-01-04,-,0,989.0
-,-,vince_ma,-,996.71,-1.35,1359.86,0.0,121.05,0.45,12,0.0,6,0.0,6,0.0,0,0.0,50.0,0.0,2022-03-06,-,0,-
-,-,Jakuu,-,995.72,-1.74,1278.28,0.0,94.19,0.58,24,0.0,5,0.0,19,0.0,0,0.0,20.83,0.0,2025-01-16,-,0,1184.0
1284,-91,Atomtomate,DE,994.99,-2.75,1174.01,0.0,59.68,0.92,66,0.0,12,0.0,52,0.0,2,0.0,18.18,0.0,2025-12-01,-,0,932.0
1285,-72,Redda,-,994.82,25.44,1197.17,8.29,67.45,-5.72,36,6.0,10,2.0,25,4.0,1,0.0,27.78,1.11,2026-08-03,-,0,939.0
1286,-88,EbaN,-,994.57,-1.37,1352.84,0.0,119.42,0.46,12,0.0,3,0.0,9,0.0,0,0.0,25.0,0.0,2026-01-23,-,0,-
-,-,greatscotttch,-,992.5,-1.81,1264.19,0.0,90.56,0.6,36,0.0,9,0.0,25,0.0,2,0.0,25.0,0.0,2020-12-06,-,0,-
-,-,ghudbishs,-,992.12,-1.12,1428.11,0.0,145.33,0.37,6,0.0,3,0.0,3,0.0,0,0.0,50.0,0.0,2024-12-01,-,0,1287.0
-,-,dongz,-,991.86,-1.43,1334.12,0.0,114.09,0.48,12,0.0,5,0.0,7,0.0,0,0.0,41.67,0.0,2022-03-06,-,0,-
-,-,cvetopluk,-,991.56,-1.48,1322.6,0.0,110.35,0.49,30,0.0,9,0.0,20,0.0,1,0.0,30.0,0.0,2017-11-10,-,0,-
-,-,cymerdown,-,991.52,-1.41,1338.04,0.0,115.51,0.47,12,0.0,3,0.0,6,0.0,3,0.0,25.0,0.0,2025-02-03,-,0,1287.0
1287,9,OblongOrange,-,991.03,212.33,1291.34,158.28,100.1,-18.02,18,6.0,7,4.0,10,2.0,1,0.0,38.89,13.89,2026-07-30,-,0,-
1288,-93,Mighke,-,990.96,-6.51,1236.16,-13.14,81.73,-2.21,27,3.0,6,0.0,21,3.0,0,0.0,22.22,-2.78,2026-06-23,-,0,1118.0
-,-,Sukhjit,-,990.24,-1.23,1387.77,0.0,132.51,0.41,12,0.0,5,0.0,7,0.0,0,0.0,41.67,0.0,2020-09-27,-,0,-
-,-,Dr.MilkDuck,-,989.36,-1.25,1382.17,0.0,130.94,0.42,12,0.0,5,0.0,7,0.0,0,0.0,41.67,0.0,2020-12-06,-,0,-
1289,-12,jjk,-,989.02,174.39,1321.62,107.43,110.87,-22.32,18,6.0,3,3.0,11,3.0,4,0.0,16.67,16.67,2026-07-31,-,0,-
-,-,SpectralB4dger,-,988.91,-1.44,1329.67,0.0,113.59,0.48,12,0.0,3,0.0,9,0.0,0,0.0,25.0,0.0,2025-01-08,-,0,1184.0
-,-,Xioph,-,986.33,-1.86,1254.8,0.0,89.49,0.62,36,0.0,13,0.0,23,0.0,0,0.0,36.11,0.0,2021-03-02,-,0,-
-,-,Legolukadad,-,985.98,-1.11,1426.86,0.0,146.96,0.37,12,0.0,5,0.0,7,0.0,0,0.0,41.67,0.0,2020-06-28,-,0,-
-,-,vosos,-,985.98,-1.11,1426.86,0.0,146.96,0.37,12,0.0,5,0.0,7,0.0,0,0.0,41.67,0.0,2020-06-28,-,0,-
-,-,NomadicPpl,-,985.98,-1.11,1426.86,0.0,146.96,0.37,12,0.0,5,0.0,7,0.0,0,0.0,41.67,0.0,2020-06-28,-,0,-
-,-,UrbanSammie,-,985.98,-1.11,1426.86,0.0,146.96,0.37,12,0.0,5,0.0,7,0.0,0,0.0,41.67,0.0,2020-06-28,-,0,-
-,-,MythMoth,-,985.06,-1.63,1286.52,0.0,100.49,0.54,18,0.0,5,0.0,13,0.0,0,0.0,27.78,0.0,2023-02-05,-,0,-
1290,-87,Trek,-,984.18,-1.83,1252.54,0.0,89.45,0.61,24,0.0,6,0.0,18,0.0,0,0.0,25.0,0.0,2026-01-16,-,0,1118.0
1291,-104,Gigot,-,983.21,-21.67,1213.1,-40.2,76.63,-6.17,30,6.0,6,0.0,23,6.0,1,0.0,20.0,-5.0,2026-07-15,-,0,1184.0
-,-,Pir4t,-,982.58,-1.38,1336.92,0.0,118.11,0.46,24,0.0,7,0.0,16,0.0,1,0.0,29.17,0.0,2020-09-27,-,0,-
1292,-41,AvanAgornin,-,982.13,87.4,1280.77,52.5,99.55,-11.63,18,6.0,3,2.0,15,4.0,0,0.0,16.67,8.34,2026-08-10,-,0,-
-,-,Lopesllm,-,981.1,-1.86,1246.63,0.0,88.51,0.62,48,0.0,10,0.0,36,0.0,2,0.0,20.83,0.0,2020-09-27,G,2,-
-,-,PocketAmazing,-,980.79,-1.67,1275.21,0.0,98.14,0.56,36,0.0,10,0.0,26,0.0,0,0.0,27.78,0.0,2024-02-23,-,0,-
-,-,aramaic,-,980.76,-2.06,1220.1,0.0,79.78,0.69,48,0.0,13,0.0,34,0.0,1,0.0,27.08,0.0,2024-02-23,-,0,-
-,-,Tasslehoff,-,980.19,-1.56,1295.14,0.0,104.98,0.52,24,0.0,9,0.0,15,0.0,0,0.0,37.5,0.0,2020-12-06,-,0,-
-,-,Sonalator,-,979.42,-2.27,1195.95,0.0,72.18,0.76,39,0.0,9,0.0,30,0.0,0,0.0,23.08,0.0,2025-02-04,-,0,932.0
1293,-88,Koberski,-,977.93,-1.42,1322.7,0.0,114.92,0.47,12,0.0,3,0.0,9,0.0,0,0.0,25.0,0.0,2026-01-16,-,0,-
-,-,Apriori1,-,977.56,-1.42,1323.3,0.0,115.25,0.47,12,0.0,4,0.0,8,0.0,0,0.0,33.33,0.0,2025-01-09,-,0,1184.0
1294,new,anonaki,-,976.96,526.96,1464.87,-35.13,162.63,162.63,6,6.0,3,3.0,3,3.0,0,0.0,50.0,50.0,2026-07-28,-,0,-
-,-,Mikio,-,976.6,-1.31,1349.75,0.0,124.38,0.44,12,0.0,2,0.0,10,0.0,0,0.0,16.67,0.0,2020-12-06,-,0,-
-,-,maurice986,-,976.58,-1.39,1330.05,0.0,117.82,0.46,12,0.0,3,0.0,9,0.0,0,0.0,25.0,0.0,2025-01-06,-,0,1118.0
-,-,henk,-,975.7,-1.71,1264.38,0.0,96.23,0.57,24,0.0,7,0.0,13,0.0,4,0.0,29.17,0.0,2021-06-02,-,0,-
-,-,Michael1101,DE,975.69,-1.39,1329.21,0.0,117.84,0.46,12,0.0,3,0.0,9,0.0,0,0.0,25.0,0.0,2023-04-11,-,0,-
-,-,jobe,-,975.69,-1.26,1362.95,0.0,129.09,0.42,12,0.0,7,0.0,5,0.0,0,0.0,58.33,0.0,2023-09-03,-,0,1421.0
1295,7,Vojvoda_Micko,-,975.46,206.42,1317.29,103.58,113.94,-34.28,12,6.0,3,3.0,9,3.0,0,0.0,25.0,25.0,2026-07-22,-,0,-
-,-,Nognix,-,974.72,-1.27,1361.2,0.0,128.83,0.42,12,0.0,4,0.0,8,0.0,0,0.0,33.33,0.0,2024-02-23,-,0,-
1296,-87,Gregoriocasa,-,974.44,-1.52,1296.21,0.0,107.26,0.51,12,0.0,4,0.0,8,0.0,0,0.0,33.33,0.0,2026-01-16,-,0,-
1297,-91,Xirf,-,973.84,-5.5,1277.31,-22.13,101.15,-5.54,15,3.0,4,0.0,11,3.0,0,0.0,26.67,-6.66,2026-07-05,-,0,-
-,-,lolcese,-,973.33,-2.56,1165.63,0.0,64.1,0.85,96,0.0,23,0.0,73,0.0,0,0.0,23.96,0.0,2022-06-05,-,0,-
-,-,T_error,-,973.12,-2.56,1167.89,0.0,64.92,0.85,90,0.0,22,0.0,66,0.0,2,0.0,24.44,0.0,2023-01-15,-,0,-
-,-,wejejeei,-,972.77,-1.56,1286.86,0.0,104.7,0.52,24,0.0,6,0.0,18,0.0,0,0.0,25.0,0.0,2024-04-04,-,0,-
1298,-87,captainparadise,FR,972.66,-2.87,1145.1,0.0,57.48,0.96,57,0.0,8,0.0,42,0.0,7,0.0,14.04,0.0,2025-11-12,-,0,1415.0
1299,-100,sparkyal,-,972.45,-22.85,1218.35,-54.21,81.97,-10.45,30,6.0,6,0.0,24,6.0,0,0.0,20.0,-5.0,2026-07-25,-,0,-
1300,-92,Seabrook,-,972.23,-3.97,1099.91,0.0,42.56,1.32,153,0.0,20,0.0,119,0.0,14,0.0,13.07,0.0,2025-11-30,-,0,1060.0
-,-,Abssalom,-,972.05,-1.93,1226.83,0.0,84.93,0.64,30,0.0,8,0.0,22,0.0,0,0.0,26.67,0.0,2024-01-16,-,0,-
-,-,SunTiger,-,972.02,-1.31,1346.13,0.0,124.7,0.44,12,0.0,4,0.0,8,0.0,0,0.0,33.33,0.0,2025-01-09,-,0,1184.0
1301,new,verbalg,-,971.58,521.58,1400.68,-99.32,143.03,143.03,6,6.0,2,2.0,4,4.0,0,0.0,33.33,33.33,2026-07-29,-,0,720.0
-,-,kunayala,-,971.48,-1.51,1296.01,0.0,108.18,0.5,24,0.0,8,0.0,16,0.0,0,0.0,33.33,0.0,2020-09-27,-,0,-
-,-,Pastiness,-,971.31,-1.42,1317.25,0.0,115.31,0.47,12,0.0,2,0.0,10,0.0,0,0.0,16.67,0.0,2024-04-04,-,0,-
-,-,KytteKatte,-,971.02,-0.98,1467.98,0.0,165.65,0.33,6,0.0,2,0.0,4,0.0,0,0.0,33.33,0.0,2023-01-15,-,0,-
-,-,ergates,-,970.52,-1.15,1396.2,0.0,141.89,0.38,12,0.0,5,0.0,6,0.0,1,0.0,41.67,0.0,2018-10-14,-,0,-
1302,-90,beny85,IT,970.27,-3.31,1123.99,0.0,51.24,1.1,132,0.0,20,0.0,104,0.0,8,0.0,15.15,0.0,2026-04-28,-,0,796.0
-,-,gregg900,-,970.08,-1.57,1283.8,0.0,104.57,0.52,24,0.0,7,0.0,17,0.0,0,0.0,29.17,0.0,2020-09-27,-,0,-
-,-,Hot.Cocoa,-,969.67,-1.73,1254.59,0.0,94.97,0.58,30,0.0,10,0.0,19,0.0,1,0.0,33.33,0.0,2024-09-04,-,0,-
1303,8,Dolio,-,967.8,264.83,1333.14,141.59,121.78,-41.08,12,6.0,3,3.0,9,3.0,0,0.0,25.0,25.0,2026-08-08,-,0,-
-,-,mythianan,-,967.24,-1.42,1312.45,0.0,115.07,0.47,18,0.0,5,0.0,13,0.0,0,0.0,27.78,0.0,2024-04-04,-,0,-
-,-,anyhotcountry,-,966.36,-1.15,1392.04,0.0,141.89,0.38,12,0.0,6,0.0,6,0.0,0,0.0,50.0,0.0,2018-10-14,-,0,-
1304,new,Karmoth,-,964.73,514.73,1394.03,-105.97,143.1,143.1,6,6.0,2,2.0,4,4.0,0,0.0,33.33,33.33,2026-08-01,-,0,-
-,-,meeplematero,-,964.26,-1.92,1219.46,0.0,85.07,0.64,36,0.0,9,0.0,27,0.0,0,0.0,25.0,0.0,2024-10-01,-,0,-
-,-,Dashing,-,963.9,-1.8,1235.26,0.0,90.45,0.6,48,0.0,14,0.0,34,0.0,0,0.0,29.17,0.0,2020-09-27,-,0,-
1305,-83,Moskbnea,-,963.62,4.44,1091.97,-0.41,42.79,-1.62,120,12.0,28,3.0,92,9.0,0,0.0,23.33,0.18,2026-08-07,-,0,1057.0
-,-,RyGuy123,-,963.23,-1.22,1363.92,0.0,133.56,0.41,12,0.0,4,0.0,8,0.0,0,0.0,33.33,0.0,2024-02-23,-,0,-
1306,-90,Azami,-,962.82,-1.58,1272.52,0.0,103.23,0.53,18,0.0,4,0.0,14,0.0,0,0.0,22.22,0.0,2026-01-23,-,0,1287.0
-,-,Jusaz,-,961.68,-2.68,1146.07,0.0,61.46,0.89,90,0.0,22,0.0,67,0.0,1,0.0,24.44,0.0,2024-11-20,-,0,1287.0
1307,-90,T.KAZ3-1,-,960.47,-2.03,1201.6,0.0,80.38,0.68,36,0.0,12,0.0,24,0.0,0,0.0,33.33,0.0,2026-01-16,-,0,-
-,-,thundermain,-,960.39,-1.27,1346.62,0.0,128.74,0.42,12,0.0,5,0.0,7,0.0,0,0.0,41.67,0.0,2024-02-23,-,0,-
-,-,aigarsgaa,-,959.81,-1.58,1270.67,0.0,103.62,0.53,24,0.0,8,0.0,16,0.0,0,0.0,33.33,0.0,2021-03-02,-,0,-
1308,-89,mkuz18,-,959.42,-1.96,1210.91,0.0,83.83,0.65,24,0.0,4,0.0,18,0.0,2,0.0,16.67,0.0,2026-01-14,-,0,1118.0
-,-,Wirbin,-,958.82,-1.52,1282.05,0.0,107.74,0.51,24,0.0,8,0.0,16,0.0,0,0.0,33.33,0.0,2020-09-27,-,0,-
-,-,Sephiroth83,-,958.75,-2.22,1182.2,0.0,74.48,0.74,60,0.0,14,0.0,44,0.0,2,0.0,23.33,0.0,2021-09-05,-,0,-
1309,-91,Vaibhavaiyar,-,958.53,-3.21,1113.42,0.0,51.63,1.07,168,0.0,33,0.0,130,0.0,5,0.0,19.64,0.0,2026-01-11,-,0,1184.0
-,-,OxyGee,-,958.15,-1.54,1276.78,0.0,106.21,0.51,24,0.0,7,0.0,16,0.0,1,0.0,29.17,0.0,2020-12-06,-,0,-
-,-,scalp,-,957.9,-1.63,1259.98,0.0,100.7,0.54,24,0.0,6,0.0,16,0.0,2,0.0,25.0,0.0,2021-03-02,-,0,-
1310,-90,NerAlgert,-,957.77,-2.1,1193.61,0.0,78.61,0.7,24,0.0,7,0.0,16,0.0,1,0.0,29.17,0.0,2025-10-01,-,0,1385.0
1311,-90,Dani91,-,957.36,-2.0,1203.64,0.0,82.09,0.67,24,0.0,6,0.0,14,0.0,4,0.0,25.0,0.0,2025-11-30,-,0,932.0
-,-,Adrianucho,-,957.21,-1.34,1323.08,0.0,121.96,0.45,12,0.0,5,0.0,7,0.0,0,0.0,41.67,0.0,2024-02-23,-,0,-
-,-,Nieva,-,956.67,-1.1,1402.05,0.0,148.46,0.37,6,0.0,2,0.0,4,0.0,0,0.0,33.33,0.0,2023-01-15,-,0,-
-,-,machalCZ,-,956.54,-1.52,1280.58,0.0,108.01,0.51,24,0.0,6,0.0,18,0.0,0,0.0,25.0,0.0,2020-09-27,-,0,-
-,-,Kubenboa,-,956.44,-2.06,1194.72,0.0,79.43,0.69,42,0.0,11,0.0,30,0.0,1,0.0,26.19,0.0,2023-01-15,-,0,-
-,-,ywgmth,-,956.0,-1.27,1341.6,0.0,128.53,0.42,12,0.0,5,0.0,6,0.0,1,0.0,41.67,0.0,2021-12-05,-,0,-
1312,-89,Axius9,-,955.44,-2.57,1204.45,-29.34,83.0,-8.92,24,6.0,5,0.0,18,5.0,1,1.0,20.83,-6.95,2026-07-22,-,0,1184.0
-,-,pollitis,-,952.62,-1.82,1222.46,0.0,89.94,0.61,36,0.0,9,0.0,26,0.0,1,0.0,25.0,0.0,2019-09-30,-,0,-
-,-,Campanulas,-,952.37,-2.68,1136.94,0.0,61.52,0.89,69,0.0,13,0.0,55,0.0,1,0.0,18.84,0.0,2024-10-13,-,0,-
-,-,mowglee,-,951.89,-1.57,1265.36,0.0,104.49,0.52,24,0.0,7,0.0,17,0.0,0,0.0,29.17,0.0,2019-12-30,-,0,-
-,-,Nele,-,951.59,-1.72,1236.45,0.0,94.96,0.57,18,0.0,3,0.0,15,0.0,0,0.0,16.67,0.0,2023-07-15,-,0,-
-,-,PikaSex,-,950.38,-1.58,1260.22,0.0,103.28,0.53,24,0.0,6,0.0,18,0.0,0,0.0,25.0,0.0,2020-06-28,-,0,-
-,-,Ramoneror,-,950.34,-1.39,1303.88,0.0,117.85,0.46,12,0.0,4,0.0,8,0.0,0,0.0,33.33,0.0,2022-03-06,-,0,-
-,-,Maraxus,-,950.27,-1.59,1258.39,0.0,102.71,0.53,24,0.0,6,0.0,18,0.0,0,0.0,25.0,0.0,2020-12-06,-,0,-
1313,-88,ToSt,PL,949.94,-2.12,1181.35,0.0,77.14,0.71,48,0.0,9,0.0,39,0.0,0,0.0,18.75,0.0,2026-01-22,-,0,-
-,-,gengelstein,-,949.78,-1.91,1207.34,0.0,85.85,0.64,48,0.0,14,0.0,34,0.0,0,0.0,29.17,0.0,2021-03-02,-,0,-
1314,new,Marinheiro,-,949.76,499.76,1263.53,-236.47,104.59,104.59,12,12.0,2,2.0,10,10.0,0,0.0,16.67,16.67,2026-07-25,-,0,-
-,-,bach0910,-,949.4,-1.11,1390.29,0.0,146.96,0.37,12,0.0,4,0.0,7,0.0,1,0.0,33.33,0.0,2020-06-28,-,0,-
1315,-88,Rox123,-,949.36,-1.14,1378.75,0.0,143.13,0.38,6,0.0,2,0.0,4,0.0,0,0.0,33.33,0.0,2025-12-01,-,0,-
-,-,JohnMarc,-,948.27,-2.72,1132.87,0.0,61.53,0.91,120,0.0,24,0.0,94,0.0,2,0.0,20.0,0.0,2022-09-04,-,0,-
-,-,DecMoon,FR,948.17,-3.19,1105.17,0.0,52.33,1.06,156,0.0,31,0.0,125,0.0,0,0.0,19.87,0.0,2024-03-03,-,0,-
-,-,mitroCZECH,-,946.63,-1.29,1325.46,0.0,126.28,0.43,12,0.0,5,0.0,7,0.0,0,0.0,41.67,0.0,2020-12-06,-,0,-
-,-,Kefka,-,946.1,-1.22,1348.17,0.0,134.02,0.41,12,0.0,5,0.0,7,0.0,0,0.0,41.67,0.0,2019-12-22,-,0,-
-,-,Naawi,-,944.44,-1.45,1283.41,0.0,112.99,0.48,12,0.0,4,0.0,8,0.0,0,0.0,33.33,0.0,2022-06-05,-,0,-
-,-,al_boev,RU,944.31,-1.59,1255.81,0.0,103.83,0.53,18,0.0,4,0.0,13,0.0,1,0.0,22.22,0.0,2024-09-01,-,0,-
-,-,Pampio,-,943.2,-1.18,1358.1,0.0,138.3,0.39,12,0.0,5,0.0,7,0.0,0,0.0,41.67,0.0,2020-09-27,-,0,-
-,-,rakimmitt,-,943.09,-1.24,1338.66,0.0,131.86,0.41,12,0.0,3,0.0,8,0.0,1,0.0,25.0,0.0,2020-09-27,-,0,-
-,-,Wookiebutcher,-,941.65,-2.16,1168.45,0.0,75.6,0.72,48,0.0,11,0.0,37,0.0,0,0.0,22.92,0.0,2022-03-06,-,0,-
-,-,Werlix,-,941.36,-1.46,1275.55,0.0,111.4,0.49,24,0.0,7,0.0,17,0.0,0,0.0,29.17,0.0,2018-10-14,-,0,-
1316,-92,wheelerruss,GB,941.2,-14.78,1059.49,-13.35,39.43,0.48,324,6.0,55,0.0,265,6.0,4,0.0,16.98,-0.32,2026-08-09,-,0,1111.0
-,-,KaiMorten,-,940.06,-1.29,1318.11,0.0,126.01,0.43,9,0.0,3,0.0,6,0.0,0,0.0,33.33,0.0,2025-01-07,-,0,1184.0
-,-,mdscolour,-,939.98,-1.54,1260.22,0.0,106.75,0.51,24,0.0,7,0.0,17,0.0,0,0.0,29.17,0.0,2020-09-27,-,0,-
1317,-43,DaddySparky,-,939.7,112.84,1170.6,7.06,76.96,-35.26,30,18.0,6,4.0,24,14.0,0,0.0,20.0,3.33,2026-07-24,-,0,-
-,-,iLuden,-,939.33,-1.48,1270.04,0.0,110.23,0.49,24,0.0,6,0.0,15,0.0,3,0.0,25.0,0.0,2020-12-06,-,0,-
1318,-48,landrew,-,939.3,93.22,1177.09,81.65,79.26,-3.86,30,6.0,8,3.0,22,3.0,0,0.0,26.67,5.84,2026-07-31,-,0,-
1319,-89,I-Y-T,TR,938.79,-1.71,1225.85,0.0,95.69,0.57,18,0.0,2,0.0,16,0.0,0,0.0,11.11,0.0,2026-01-17,-,0,-
1320,-94,SCN,-,938.71,-13.27,1157.54,-23.15,72.94,-3.29,36,6.0,6,0.0,30,6.0,0,0.0,16.67,-3.33,2026-08-01,-,0,1184.0
1321,-65,kackajoni,-,938.43,55.32,1208.45,27.56,90.01,-9.25,30,6.0,9,2.0,21,4.0,0,0.0,30.0,0.83,2026-07-21,-,0,1118.0
-,-,Drako,-,937.48,-1.33,1306.25,0.0,122.92,0.44,12,0.0,4,0.0,8,0.0,0,0.0,33.33,0.0,2024-02-23,-,0,-
-,-,HnNAdventures,-,937.46,-2.54,1131.22,0.0,64.58,0.85,114,0.0,21,0.0,93,0.0,0,0.0,18.42,0.0,2024-02-23,-,0,-
1322,new,LoreNacho,-,937.18,487.18,1238.67,-261.33,100.5,100.5,12,12.0,0,0.0,9,9.0,3,3.0,0.0,0.0,2026-07-29,-,0,-
1323,-95,babaganoosh,-,936.45,-12.83,1210.3,-29.95,91.28,-5.71,27,3.0,7,0.0,20,3.0,0,0.0,25.93,-3.24,2026-06-16,-,0,1067.0
1324,-81,VladBenez,IT,936.16,18.15,1158.38,8.72,74.07,-3.15,54,6.0,7,1.0,47,5.0,0,0.0,12.96,0.46,2026-08-06,-,0,861.0
-,-,Wicked_Liz,-,935.17,-0.97,1439.87,0.0,168.24,0.32,6,0.0,3,0.0,3,0.0,0,0.0,50.0,0.0,2024-01-16,-,0,-
-,-,CapraTriada,-,934.26,-1.81,1206.49,0.0,90.74,0.6,24,0.0,9,0.0,15,0.0,0,0.0,37.5,0.0,2022-09-04,-,0,-
-,-,ZguZimZguZa,-,934.26,-1.03,1408.97,0.0,158.24,0.34,6,0.0,2,0.0,4,0.0,0,0.0,33.33,0.0,2023-01-15,-,0,-
1325,-84,thebigcheese,-,932.96,12.39,1166.76,-6.14,77.94,-6.18,36,6.0,7,1.0,29,5.0,0,0.0,19.44,-0.56,2026-07-26,-,0,1287.0
-,-,PixiePete,-,932.87,-1.47,1267.31,0.0,111.48,0.49,24,0.0,7,0.0,17,0.0,0,0.0,29.17,0.0,2020-09-27,-,0,-
1326,-95,monorator,-,932.31,-2.66,1118.03,0.0,61.91,0.89,84,0.0,13,0.0,69,0.0,2,0.0,15.48,0.0,2025-12-01,-,0,1184.0
-,-,TbeDataGuy,-,932.02,-1.35,1294.1,0.0,120.69,0.45,12,0.0,2,0.0,10,0.0,0,0.0,16.67,0.0,2024-04-04,-,0,-
1327,-95,Kuraiite,-,932.02,-1.12,1368.08,0.0,145.35,0.37,6,0.0,1,0.0,5,0.0,0,0.0,16.67,0.0,2025-12-01,-,0,-
-,-,FSY,-,931.05,-1.07,1390.29,0.0,153.08,0.36,6,0.0,3,0.0,3,0.0,0,0.0,50.0,0.0,2024-12-04,-,0,1063.0
1328,-95,FeroDigital,-,929.74,-1.09,1380.3,0.0,150.19,0.36,6,0.0,1,0.0,4,0.0,1,0.0,16.67,0.0,2025-12-01,-,0,-
-,-,valvonauta,IT,929.5,-2.21,1152.82,0.0,74.44,0.74,39,0.0,6,0.0,31,0.0,2,0.0,15.38,0.0,2024-09-01,-,0,-
1329,-95,qman,-,929.01,-1.77,1207.03,0.0,92.67,0.59,18,0.0,3,0.0,15,0.0,0,0.0,16.67,0.0,2025-12-01,-,0,1184.0
-,-,Chuie,-,928.55,-1.13,1363.36,0.0,144.94,0.38,12,0.0,5,0.0,7,0.0,0,0.0,41.67,0.0,2019-12-30,-,0,-
-,-,nchoong,MY,928.32,-1.15,1354.06,0.0,141.91,0.38,6,0.0,1,0.0,5,0.0,0,0.0,16.67,0.0,2024-09-01,-,0,-
-,-,Seif,-,928.08,-1.16,1351.56,0.0,141.16,0.39,12,0.0,5,0.0,7,0.0,0,0.0,41.67,0.0,2020-03-30,-,0,-
1330,-94,LordMichaelDerGrosse,-,927.93,-1.82,1196.49,0.0,89.52,0.61,24,0.0,5,0.0,19,0.0,0,0.0,20.83,0.0,2026-01-09,-,0,1118.0
-,-,torang_ei,-,927.85,-1.1,1371.52,0.0,147.89,0.37,6,0.0,2,0.0,4,0.0,0,0.0,33.33,0.0,2024-02-23,-,0,-
1331,-96,Less5,-,927.24,-3.22,1080.6,0.0,51.12,1.07,90,0.0,18,0.0,72,0.0,0,0.0,20.0,0.0,2026-01-22,-,0,987.0
1332,-95,weide,-,925.88,-1.48,1257.81,0.0,110.64,0.49,12,0.0,3,0.0,9,0.0,0,0.0,25.0,0.0,2026-01-05,-,0,-
1333,new,Hetman,-,925.84,475.84,1375.45,-124.55,149.87,149.87,6,6.0,2,2.0,4,4.0,0,0.0,33.33,33.33,2026-07-28,-,0,-
-,-,Weston,-,925.63,-1.63,1227.37,0.0,100.58,0.54,24,0.0,6,0.0,17,0.0,1,0.0,25.0,0.0,2020-12-06,G,2,-
-,-,Althaj,SK,923.75,-1.85,1188.79,0.0,88.35,0.62,24,0.0,3,0.0,21,0.0,0,0.0,12.5,0.0,2024-09-01,-,0,-
-,-,CleanerCode,-,923.67,-1.52,1252.59,0.0,109.64,0.51,24,0.0,9,0.0,15,0.0,0,0.0,37.5,0.0,2020-12-06,-,0,-
1334,-96,Papella,-,923.38,-1.48,1255.23,0.0,110.62,0.49,12,0.0,2,0.0,10,0.0,0,0.0,16.67,0.0,2026-01-18,-,0,-
-,-,Walleywalker,-,922.71,-1.19,1333.87,0.0,137.06,0.4,12,0.0,5,0.0,7,0.0,0,0.0,41.67,0.0,2021-03-02,-,0,-
-,-,Dim_,-,922.25,-1.7,1210.05,0.0,95.93,0.57,18,0.0,4,0.0,14,0.0,0,0.0,22.22,0.0,2023-01-15,-,0,-
1335,-96,greslack,-,921.3,-1.33,1291.47,0.0,123.39,0.44,18,0.0,6,0.0,12,0.0,0,0.0,33.33,0.0,2026-01-11,-,0,-
1336,-54,Tapio,-,920.63,110.31,1228.82,67.85,102.73,-14.15,30,6.0,6,2.0,24,4.0,0,0.0,20.0,3.33,2026-07-19,-,0,1287.0
-,-,Dleco,-,919.8,-1.41,1266.94,0.0,115.71,0.47,12,0.0,3,0.0,9,0.0,0,0.0,25.0,0.0,2021-12-05,-,0,-
-,-,Judiot,-,919.78,-1.21,1325.5,0.0,135.24,0.4,12,0.0,4,0.0,8,0.0,0,0.0,33.33,0.0,2024-02-23,-,0,-
-,-,Finch,-,918.83,-1.17,1337.97,0.0,139.71,0.39,12,0.0,4,0.0,8,0.0,0,0.0,33.33,0.0,2020-06-28,-,0,-
-,-,Alexd,-,918.79,-1.23,1317.27,0.0,132.82,0.41,12,0.0,5,0.0,7,0.0,0,0.0,41.67,0.0,2020-12-06,-,0,-
-,-,Ruthless741,-,918.54,-1.11,1358.8,0.0,146.75,0.37,12,0.0,5,0.0,7,0.0,0,0.0,41.67,0.0,2020-06-28,-,0,-
1337,-95,PandaofSooth,-,918.52,-1.09,1366.81,0.0,149.43,0.36,6,0.0,4,0.0,2,0.0,0,0.0,66.67,0.0,2026-03-11,-,0,-
-,-,halbsodoppelt,-,918.42,-0.88,1471.56,0.0,184.38,0.29,6,0.0,4,0.0,2,0.0,0,0.0,66.67,0.0,2024-09-01,-,0,-
-,-,Emir,-,918.36,-0.92,1451.33,0.0,177.66,0.31,6,0.0,3,0.0,2,0.0,1,0.0,50.0,0.0,2024-02-25,-,0,-
1338,-76,Fifagi,-,917.97,47.86,1220.73,27.76,100.92,-6.7,15,3.0,2,1.0,11,2.0,2,0.0,13.33,5.0,2026-06-10,-,0,-
1339,-110,woogi,-,916.85,-27.8,1306.65,-97.91,129.93,-23.37,9,3.0,2,0.0,7,3.0,0,0.0,22.22,-11.11,2026-06-11,-,0,-
1340,new,Argionelite,-,916.67,466.67,1599.88,99.88,227.74,227.74,3,3.0,2,2.0,1,1.0,0,0.0,66.67,66.67,2026-07-25,-,0,-
-,-,Graffuh,-,914.75,-1.36,1275.86,0.0,120.37,0.45,12,0.0,4,0.0,8,0.0,0,0.0,33.33,0.0,2022-06-05,-,0,-
-,-,apobel,-,913.76,-1.87,1177.52,0.0,87.92,0.62,36,0.0,7,0.0,28,0.0,1,0.0,19.44,0.0,2020-12-06,-,0,-
1341,-91,lengesses,-,912.94,17.89,1168.46,6.04,85.17,-3.95,27,3.0,3,1.0,24,2.0,0,0.0,11.11,2.78,2026-07-14,-,0,1184.0
1342,-98,deleted_user_6305131,-,911.74,-1.16,1333.62,0.0,140.63,0.39,6,0.0,0,0.0,4,0.0,2,0.0,0.0,0.0,2026-01-18,-,0,-
-,-,snoozefest,-,911.64,-1.51,1237.24,0.0,108.54,0.5,24,0.0,5,0.0,19,0.0,0,0.0,20.83,0.0,2020-09-27,-,0,-
-,-,Gyrocopter,-,910.43,-1.27,1297.45,0.0,129.01,0.42,12,0.0,5,0.0,7,0.0,0,0.0,41.67,0.0,2021-03-02,-,0,-
1343,-98,yourdearbrother,-,909.32,-1.66,1204.41,0.0,98.37,0.55,18,0.0,2,0.0,16,0.0,0,0.0,11.11,0.0,2026-03-09,-,0,-
1344,-98,NixonSparrow,-,909.1,-1.45,1248.0,0.0,112.97,0.48,12,0.0,4,0.0,8,0.0,0,0.0,33.33,0.0,2026-04-25,-,0,-
-,-,Toniolamachine,-,908.75,-2.36,1117.9,0.0,69.72,0.79,60,0.0,12,0.0,48,0.0,0,0.0,20.0,0.0,2022-09-04,-,0,-
1345,-60,andregois,-,907.55,108.38,1248.22,12.55,113.56,-31.94,18,6.0,5,1.0,12,4.0,1,1.0,27.78,-5.55,2026-07-31,-,0,-
-,-,Anchy,-,906.6,-1.94,1159.45,0.0,84.28,0.65,36,0.0,10,0.0,26,0.0,0,0.0,27.78,0.0,2022-06-05,-,0,-
-,-,funpaul66,-,906.13,-2.76,1085.88,0.0,59.92,0.92,114,0.0,19,0.0,91,0.0,4,0.0,16.67,0.0,2023-06-04,-,0,-
-,-,aboadaa,-,905.8,-1.27,1292.75,0.0,128.98,0.42,12,0.0,4,0.0,8,0.0,0,0.0,33.33,0.0,2021-03-02,-,0,-
-,-,blubeck,-,905.52,-2.18,1130.7,0.0,75.06,0.73,60,0.0,15,0.0,45,0.0,0,0.0,25.0,0.0,2022-06-05,-,0,-
-,-,Badavan,-,903.82,-1.32,1274.94,0.0,123.71,0.44,12,0.0,3,0.0,8,0.0,1,0.0,25.0,0.0,2024-02-23,-,0,-
-,-,MarryMeVlaada,-,903.62,-1.37,1262.21,0.0,119.53,0.46,12,0.0,5,0.0,7,0.0,0,0.0,41.67,0.0,2023-12-03,-,0,-
-,-,hors7,-,903.19,-2.07,1140.82,0.0,79.21,0.69,30,0.0,2,0.0,25,0.0,3,0.0,6.67,0.0,2023-11-15,-,0,-
-,-,williamtywong,-,902.73,-1.67,1197.87,0.0,98.38,0.56,24,0.0,6,0.0,15,0.0,3,0.0,25.0,0.0,2021-03-02,-,0,-
-,-,PandaJJ,-,902.03,-1.83,1170.83,0.0,89.6,0.61,24,0.0,4,0.0,20,0.0,0,0.0,16.67,0.0,2025-01-21,-,0,1112.0
-,-,IndianaJones,-,901.14,-1.58,1210.79,0.0,103.22,0.53,18,0.0,4,0.0,12,0.0,2,0.0,22.22,0.0,2023-01-15,-,0,-
-,-,Xayide,-,901.06,-1.19,1314.13,0.0,137.69,0.4,12,0.0,5,0.0,7,0.0,0,0.0,41.67,0.0,2020-03-22,-,0,-
1346,-79,Titiman,-,900.83,50.95,1144.64,37.92,81.27,-4.34,36,6.0,7,2.0,28,4.0,1,0.0,19.44,2.77,2026-08-02,-,0,1287.0
-,-,ElArchitekto,-,900.02,-1.34,1265.45,0.0,121.81,0.45,12,0.0,3,0.0,9,0.0,0,0.0,25.0,0.0,2025-01-23,-,0,1184.0
1347,-98,Smithereens,-,899.9,-1.44,1241.14,0.0,113.74,0.48,12,0.0,2,0.0,9,0.0,1,0.0,16.67,0.0,2026-01-11,-,0,-
1348,new,Herminio,-,899.68,449.68,1555.89,55.89,218.73,218.73,3,3.0,2,2.0,1,1.0,0,0.0,66.67,66.67,2026-07-18,-,0,-
-,-,Aghamin,-,898.36,-3.01,1064.07,0.0,55.24,1.0,174,0.0,27,0.0,146,0.0,1,0.0,15.52,0.0,2023-07-15,-,0,-
-,-,Marthy,-,898.3,-1.19,1309.95,0.0,137.22,0.4,12,0.0,1,0.0,7,0.0,4,0.0,8.33,0.0,2024-02-23,-,0,-
-,-,HumptyMonkey,-,898.24,-1.86,1162.51,0.0,88.09,0.62,36,0.0,9,0.0,26,0.0,1,0.0,25.0,0.0,2021-06-02,-,0,-
1349,new,PunchHorse,-,896.8,446.8,1362.26,-137.74,155.15,155.15,6,6.0,3,3.0,3,3.0,0,0.0,50.0,50.0,2026-07-21,-,0,-
1350,-103,Igordol,-,895.82,-10.36,1058.78,-9.96,54.32,0.13,78,3.0,9,0.0,67,3.0,2,0.0,11.54,-0.46,2026-07-13,-,0,1174.0
-,-,Proximo,-,894.74,-1.45,1233.92,0.0,113.06,0.48,12,0.0,2,0.0,10,0.0,0,0.0,16.67,0.0,2025-01-12,-,0,1184.0
-,-,FRadar,-,892.98,-1.37,1251.4,0.0,119.47,0.46,12,0.0,2,0.0,10,0.0,0,0.0,16.67,0.0,2024-02-23,-,0,-
-,-,captpirat,-,892.61,-1.24,1286.45,0.0,131.28,0.41,12,0.0,3,0.0,9,0.0,0,0.0,25.0,0.0,2024-01-16,-,0,-
1351,-78,FabioFurious,-,891.17,56.71,1224.15,-37.28,110.99,-31.33,12,6.0,1,1.0,11,5.0,0,0.0,8.33,8.33,2026-07-15,-,0,-
1352,-100,K0ncept,-,891.15,-1.98,1139.82,0.0,82.89,0.66,24,0.0,4,0.0,19,0.0,1,0.0,16.67,0.0,2025-10-09,-,0,1429.0
1353,-100,Saginse,-,890.61,-2.09,1125.27,0.0,78.22,0.7,54,0.0,10,0.0,44,0.0,0,0.0,18.52,0.0,2025-12-01,-,0,-
1354,-96,Podrik,-,890.43,9.31,1141.45,-4.11,83.67,-4.47,33,6.0,6,1.0,27,5.0,0,0.0,18.18,-0.34,2026-07-03,-,0,-
-,-,GullyRiddims,-,889.68,-1.67,1183.3,0.0,97.87,0.56,24,0.0,7,0.0,17,0.0,0,0.0,29.17,0.0,2021-09-05,-,0,-
-,-,Lara13,-,888.33,-1.4,1237.74,0.0,116.47,0.47,12,0.0,1,0.0,11,0.0,0,0.0,8.33,0.0,2024-06-02,-,0,-
1355,-58,Alex2297,-,887.91,114.82,1147.11,34.98,86.4,-26.61,24,12.0,5,3.0,19,9.0,0,0.0,20.83,4.16,2026-07-22,-,0,-
-,-,Mustarda,PT,887.47,-1.1,1332.26,0.0,148.27,0.37,6,0.0,1,0.0,5,0.0,0,0.0,16.67,0.0,2024-06-16,-,0,-
1356,new,Seiza,-,887.32,437.32,1203.53,-296.47,105.4,105.4,12,12.0,0,0.0,10,10.0,2,2.0,0.0,0.0,2026-08-10,-,0,-
-,-,kamilya,-,887.19,-1.12,1322.79,0.0,145.2,0.37,6,0.0,1,0.0,4,0.0,1,0.0,16.67,0.0,2024-11-30,-,0,1287.0
1357,-103,vulinhchelsea,-,886.73,-0.95,1403.47,0.0,172.25,0.32,6,0.0,4,0.0,2,0.0,0,0.0,66.67,0.0,2026-03-17,-,0,-
-,-,balarithon,-,886.01,-2.62,1075.51,0.0,63.17,0.87,99,0.0,17,0.0,80,0.0,2,0.0,17.17,0.0,2023-06-04,-,0,-
-,-,Soiled_Undercrackers,-,885.56,-1.31,1260.65,0.0,125.03,0.44,12,0.0,4,0.0,7,0.0,1,0.0,33.33,0.0,2021-06-02,-,0,-
-,-,Lindoro,-,885.38,-1.21,1291.56,0.0,135.39,0.4,12,0.0,7,0.0,5,0.0,0,0.0,58.33,0.0,2024-06-02,-,0,-
-,-,DeNnY0810,-,885.26,-2.32,1096.89,0.0,70.54,0.77,60,0.0,10,0.0,48,0.0,2,0.0,16.67,0.0,2024-03-03,-,0,-
-,-,DrunkenPete,-,885.15,-1.36,1245.82,0.0,120.22,0.45,12,0.0,2,0.0,10,0.0,0,0.0,16.67,0.0,2025-01-18,-,0,1184.0
1358,-103,Rius,-,884.82,-1.01,1367.28,0.0,160.82,0.34,6,0.0,3,0.0,3,0.0,0,0.0,50.0,0.0,2026-01-28,-,0,-
-,-,Cubeec,-,884.09,-1.17,1303.29,0.0,139.74,0.39,12,0.0,4,0.0,8,0.0,0,0.0,33.33,0.0,2020-06-28,-,0,-
-,-,Mmcgo2,-,883.84,-1.36,1242.95,0.0,119.7,0.45,12,0.0,3,0.0,9,0.0,0,0.0,25.0,0.0,2022-03-06,-,0,-
-,-,Flam3ister,-,882.88,-1.13,1314.41,0.0,143.84,0.38,6,0.0,1,0.0,5,0.0,0,0.0,16.67,0.0,2023-01-15,-,0,-
-,-,chizcw,-,882.17,-1.78,1156.93,0.0,91.59,0.59,36,0.0,8,0.0,27,0.0,1,0.0,22.22,0.0,2021-03-02,-,0,-
-,-,jdl,-,881.52,-1.23,1278.78,0.0,132.42,0.41,12,0.0,2,0.0,10,0.0,0,0.0,16.67,0.0,2024-01-16,-,0,-
1359,-75,Sopelek,-,881.23,78.24,1099.57,67.6,72.78,-3.55,45,6.0,7,2.0,35,2.0,3,2.0,15.56,2.74,2026-08-12,-,0,912.0
-,-,Miir,-,881.08,-1.14,1311.51,0.0,143.48,0.38,12,0.0,5,0.0,7,0.0,0,0.0,41.67,0.0,2020-09-27,-,0,-
-,-,Melo0,-,881.06,-1.12,1317.38,0.0,145.44,0.37,6,0.0,0,0.0,5,0.0,1,0.0,0.0,0.0,2023-01-15,-,0,-
-,-,Sultos,-,878.52,-1.32,1250.27,0.0,123.92,0.44,12,0.0,3,0.0,8,0.0,1,0.0,25.0,0.0,2020-12-06,-,0,-
-,-,Golgotha,-,878.5,-1.15,1304.19,0.0,141.9,0.38,12,0.0,5,0.0,7,0.0,0,0.0,41.67,0.0,2020-09-27,-,0,-
1360,-101,paroova,-,877.89,-1.06,1337.66,0.0,153.26,0.35,6,0.0,1,0.0,5,0.0,0,0.0,16.67,0.0,2025-12-01,-,0,-
-,-,Chris_Bray,-,876.47,-1.6,1182.09,0.0,101.87,0.53,24,0.0,6,0.0,18,0.0,0,0.0,25.0,0.0,2021-03-02,-,0,-
-,-,VOLDO1989,-,876.26,-1.11,1317.15,0.0,146.96,0.37,12,0.0,3,0.0,8,0.0,1,0.0,25.0,0.0,2020-06-28,-,0,-
-,-,denguny,-,876.26,-1.11,1317.15,0.0,146.96,0.37,12,0.0,3,0.0,8,0.0,1,0.0,25.0,0.0,2020-06-28,-,0,-
-,-,NICKnACK,-,876.26,-1.11,1317.15,0.0,146.96,0.37,12,0.0,3,0.0,8,0.0,1,0.0,25.0,0.0,2020-06-28,-,0,-
1361,-37,Paajosh,-,874.89,201.97,1210.74,168.07,111.95,-11.3,30,6.0,6,3.0,24,3.0,0,0.0,20.0,7.5,2026-07-25,-,0,1118.0
1362,-122,BennyV,-,874.6,-47.38,1185.64,-140.08,103.68,-30.9,12,6.0,1,0.0,11,6.0,0,0.0,8.33,-8.34,2026-07-31,-,0,-
1363,-103,ZeroMaximus,-,873.97,-1.31,1248.39,0.0,124.8,0.44,18,0.0,4,0.0,14,0.0,0,0.0,22.22,0.0,2026-01-16,-,0,-
-,-,Blahu,-,871.05,-1.26,1259.76,0.0,129.57,0.42,12,0.0,3,0.0,9,0.0,0,0.0,25.0,0.0,2024-02-23,-,0,-
-,-,Calamar,-,870.16,-1.33,1239.42,0.0,123.09,0.44,12,0.0,3,0.0,9,0.0,0,0.0,25.0,0.0,2024-02-23,-,0,-
1364,-103,S.C.U.D.,-,869.93,-1.7,1159.05,0.0,96.37,0.57,18,0.0,0,0.0,13,0.0,5,0.0,0.0,0.0,2025-12-01,-,0,1067.0
-,-,SwedishFish,-,869.62,-1.42,1215.77,0.0,115.38,0.47,12,0.0,2,0.0,10,0.0,0,0.0,16.67,0.0,2025-01-19,-,0,1184.0
-,-,hongcha,-,866.07,-1.09,1316.14,0.0,150.02,0.36,6,0.0,0,0.0,4,0.0,2,0.0,0.0,0.0,2023-01-15,-,0,-
-,-,O.K.,-,865.88,-1.76,1145.36,0.0,93.16,0.59,27,0.0,3,0.0,24,0.0,0,0.0,11.11,0.0,2025-01-19,-,0,1118.0
-,-,Alpha.K,-,865.67,-1.08,1316.91,0.0,150.41,0.36,6,0.0,0,0.0,5,0.0,1,0.0,0.0,0.0,2023-03-01,-,0,-
-,-,Inco,-,865.36,-1.39,1217.5,0.0,117.38,0.46,24,0.0,5,0.0,18,0.0,1,0.0,20.83,0.0,2019-12-30,-,0,-
-,-,Vv_Sazer,-,862.64,-1.65,1159.94,0.0,99.1,0.55,24,0.0,3,0.0,16,0.0,5,0.0,12.5,0.0,2021-06-02,-,0,-
-,-,RockStar3AG,-,862.28,-1.67,1154.98,0.0,97.57,0.56,24,0.0,4,0.0,19,0.0,1,0.0,16.67,0.0,2021-06-02,-,0,-
-,-,Petoss,-,860.76,-0.89,1412.18,0.0,183.81,0.3,3,0.0,1,0.0,2,0.0,0,0.0,33.33,0.0,2023-04-11,-,0,-
-,-,F1087,-,859.77,-1.74,1142.24,0.0,94.16,0.58,24,0.0,5,0.0,18,0.0,1,0.0,20.83,0.0,2022-03-06,-,0,-
-,-,omniswitcher,-,859.76,-1.94,1112.52,0.0,84.25,0.65,48,0.0,10,0.0,38,0.0,0,0.0,20.83,0.0,2021-06-02,-,0,-
1365,-102,paul7xyz,-,858.72,-1.53,1179.46,0.0,106.91,0.51,12,0.0,1,0.0,11,0.0,0,0.0,8.33,0.0,2026-04-22,-,0,-
-,-,CaveMan8683,-,857.87,-1.09,1306.52,0.0,149.55,0.36,6,0.0,1,0.0,5,0.0,0,0.0,16.67,0.0,2024-11-12,-,0,1287.0
1366,-102,Soul_Viper,-,857.44,-1.11,1296.82,0.0,146.46,0.37,6,0.0,0,0.0,4,0.0,2,0.0,0.0,0.0,2025-12-01,-,0,-
-,-,meni,-,855.82,-0.89,1404.89,0.0,183.02,0.3,3,0.0,1,0.0,2,0.0,0,0.0,33.33,0.0,2023-02-05,-,0,-
-,-,MartyParty,-,855.01,-1.1,1298.86,0.0,147.95,0.37,6,0.0,1,0.0,5,0.0,0,0.0,16.67,0.0,2023-01-15,-,0,-
-,-,dra49,-,854.38,-1.9,1113.12,0.0,86.25,0.63,42,0.0,7,0.0,35,0.0,0,0.0,16.67,0.0,2023-01-15,-,0,-
-,-,Aluc4rd,-,854.19,-1.69,1145.04,0.0,96.95,0.56,24,0.0,3,0.0,19,0.0,2,0.0,12.5,0.0,2021-06-02,-,0,-
-,-,DPRK,-,851.81,-1.31,1226.38,0.0,124.86,0.44,12,0.0,2,0.0,10,0.0,0,0.0,16.67,0.0,2025-01-14,-,0,989.0
-,-,SrLantes,-,851.8,-1.18,1267.74,0.0,138.65,0.39,12,0.0,3,0.0,8,0.0,1,0.0,25.0,0.0,2019-12-29,-,0,-
-,-,Furlan,-,848.98,-1.02,1330.79,0.0,160.6,0.34,6,0.0,1,0.0,5,0.0,0,0.0,16.67,0.0,2023-01-15,-,0,-
-,-,Yannis,-,848.89,-1.5,1175.28,0.0,108.8,0.5,24,0.0,3,0.0,19,0.0,2,0.0,12.5,0.0,2020-09-27,-,0,-
-,-,popdragon,-,848.76,-1.18,1264.25,0.0,138.5,0.39,12,0.0,3,0.0,9,0.0,0,0.0,25.0,0.0,2024-01-16,-,0,-
1367,-99,Estia,-,848.45,-1.14,1279.4,0.0,143.65,0.38,6,0.0,0,0.0,6,0.0,0,0.0,0.0,0.0,2025-12-01,-,0,-
-,-,hsss,-,847.25,-1.28,1229.73,0.0,127.5,0.43,12,0.0,2,0.0,10,0.0,0,0.0,16.67,0.0,2025-01-11,-,0,1118.0
-,-,CanisLupus,-,845.73,-1.13,1277.57,0.0,143.95,0.38,6,0.0,0,0.0,4,0.0,2,0.0,0.0,0.0,2024-11-18,-,0,1287.0
1368,-99,majin,-,845.49,-1.06,1305.28,0.0,153.26,0.35,6,0.0,0,0.0,6,0.0,0,0.0,0.0,0.0,2025-12-01,-,0,-
-,-,Millership,-,845.07,-2.34,1056.98,0.0,70.64,0.78,66,0.0,7,0.0,58,0.0,1,0.0,10.61,0.0,2024-01-16,-,0,-
-,-,SPEEDOWAGON,-,844.9,-1.87,1107.26,0.0,87.45,0.62,30,0.0,4,0.0,25,0.0,1,0.0,13.33,0.0,2024-11-19,-,0,1287.0
1369,new,Teadiddy14,-,844.19,394.19,1110.03,-389.97,88.61,88.61,18,18.0,0,0.0,17,17.0,1,1.0,0.0,0.0,2026-07-17,-,0,-
-,-,hbattosai83,-,843.3,-1.61,1148.47,0.0,101.72,0.54,24,0.0,6,0.0,18,0.0,0,0.0,25.0,0.0,2021-06-02,-,0,-
1370,-99,Etro,-,842.04,-1.18,1257.2,0.0,138.39,0.39,6,0.0,0,0.0,6,0.0,0,0.0,0.0,0.0,2025-12-01,-,0,-
-,-,BlueJay,-,841.98,-1.48,1173.85,0.0,110.62,0.49,12,0.0,2,0.0,10,0.0,0,0.0,16.67,0.0,2025-01-24,-,0,1184.0
1371,-106,JackoKun,-,841.71,-15.68,1099.36,-46.88,85.88,-10.4,24,6.0,1,0.0,21,5.0,2,1.0,4.17,-1.39,2026-08-06,-,0,1287.0
-,-,Zosia,-,841.71,-1.71,1128.23,0.0,95.51,0.57,24,0.0,6,0.0,18,0.0,0,0.0,25.0,0.0,2023-06-04,-,0,-
-,-,Nyita,-,841.64,-1.07,1298.58,0.0,152.31,0.36,6,0.0,1,0.0,5,0.0,0,0.0,16.67,0.0,2023-01-15,-,0,-
-,-,Baseballbob,-,839.69,-1.11,1280.57,0.0,146.96,0.37,12,0.0,3,0.0,9,0.0,0,0.0,25.0,0.0,2020-06-28,-,0,-
-,-,xoiben,-,839.69,-1.11,1280.57,0.0,146.96,0.37,12,0.0,3,0.0,9,0.0,0,0.0,25.0,0.0,2020-06-28,-,0,-
-,-,Jagophile,-,839.6,-1.25,1231.3,0.0,130.57,0.42,12,0.0,2,0.0,10,0.0,0,0.0,16.67,0.0,2024-02-23,-,0,-
1372,-106,TomaszW,-,839.54,-11.47,1161.56,-105.88,107.34,-31.47,12,6.0,1,1.0,11,5.0,0,0.0,8.33,8.33,2026-07-30,-,0,-
-,-,MrDosu,-,839.23,-1.15,1264.48,0.0,141.75,0.38,12,0.0,3,0.0,9,0.0,0,0.0,25.0,0.0,2020-03-30,-,0,-
-,-,kivirowei,-,838.88,-1.48,1169.71,0.0,110.28,0.49,15,0.0,2,0.0,13,0.0,0,0.0,13.33,0.0,2025-03-26,-,0,1174.0
-,-,rvanloon,-,838.52,-1.47,1170.52,0.0,110.67,0.49,24,0.0,5,0.0,19,0.0,0,0.0,20.83,0.0,2020-12-06,-,0,-
-,-,GreyFrog,-,837.47,-1.07,1293.39,0.0,151.97,0.36,12,0.0,4,0.0,8,0.0,0,0.0,33.33,0.0,2018-09-30,-,0,-
-,-,Flynn,-,836.16,-1.75,1116.43,0.0,93.42,0.58,54,0.0,8,0.0,45,0.0,1,0.0,14.81,0.0,2018-10-07,-,0,-
-,-,Stefanos,-,835.58,-1.88,1098.17,0.0,87.53,0.63,36,0.0,5,0.0,31,0.0,0,0.0,13.89,0.0,2021-12-05,-,0,-
-,-,Moon2g,-,834.95,-1.15,1261.34,0.0,142.13,0.38,12,0.0,3,0.0,9,0.0,0,0.0,25.0,0.0,2020-06-28,-,0,-
-,-,Ronald1,-,834.72,-0.98,1336.52,0.0,167.27,0.33,6,0.0,3,0.0,3,0.0,0,0.0,50.0,0.0,2024-01-16,-,0,-
1373,-101,Marabu.,-,834.51,-1.19,1244.95,0.0,136.81,0.4,6,0.0,0,0.0,5,0.0,1,0.0,0.0,0.0,2025-12-01,-,0,-
-,-,marcelodadf,-,834.46,-1.02,1314.0,0.0,159.85,0.34,6,0.0,1,0.0,5,0.0,0,0.0,16.67,0.0,2024-02-23,-,0,-
-,-,Imperator_Europy,-,833.99,-1.18,1249.38,0.0,138.46,0.39,12,0.0,3,0.0,8,0.0,1,0.0,25.0,0.0,2020-09-27,-,0,-
-,-,KingBilly,-,833.46,-1.38,1189.34,0.0,118.63,0.46,12,0.0,1,0.0,11,0.0,0,0.0,8.33,0.0,2024-02-23,-,0,-
-,-,thokk,-,833.05,-1.53,1153.01,0.0,106.65,0.51,12,0.0,0,0.0,10,0.0,2,0.0,0.0,0.0,2024-06-02,-,0,-
1374,-62,psztika,-,830.99,132.09,1258.57,59.1,142.53,-24.33,12,6.0,1,1.0,11,5.0,0,0.0,8.33,8.33,2026-07-25,-,0,-
-,-,NicolasJavier,-,830.43,-1.45,1169.57,0.0,113.05,0.48,12,0.0,1,0.0,11,0.0,0,0.0,8.33,0.0,2025-01-12,-,0,1184.0
-,-,bigshotrob,-,830.22,-1.17,1247.55,0.0,139.11,0.39,12,0.0,4,0.0,8,0.0,0,0.0,33.33,0.0,2020-09-27,-,0,-
-,-,Tikki,US,828.63,-2.24,1048.54,0.0,73.31,0.75,72,0.0,8,0.0,62,0.0,2,0.0,11.11,0.0,2022-06-05,-,0,-
-,-,Majunior,-,828.39,-1.06,1289.43,0.0,153.68,0.35,6,0.0,0,0.0,4,0.0,2,0.0,0.0,0.0,2024-11-21,-,0,1287.0
-,-,FidelC,-,827.65,-2.4,1033.53,0.0,68.63,0.8,84,0.0,12,0.0,72,0.0,0,0.0,14.29,0.0,2022-09-04,-,0,-
-,-,Claudio,-,827.08,-1.16,1248.15,0.0,140.35,0.39,12,0.0,3,0.0,9,0.0,0,0.0,25.0,0.0,2019-09-30,-,0,-
-,-,__Alex__,-,826.97,-1.97,1078.0,0.0,83.67,0.66,42,0.0,8,0.0,32,0.0,2,0.0,19.05,0.0,2024-10-01,-,0,-
-,-,Vee,IN,824.91,-0.79,1445.17,0.0,206.75,0.26,3,0.0,2,0.0,1,0.0,0,0.0,66.67,0.0,2023-11-17,-,0,-
-,-,Neyragrat,-,824.41,-1.13,1258.59,0.0,144.73,0.38,6,0.0,1,0.0,5,0.0,0,0.0,16.67,0.0,2023-01-15,-,0,-
-,-,HectorDart,-,823.56,-1.39,1174.95,0.0,117.13,0.46,12,0.0,2,0.0,10,0.0,0,0.0,16.67,0.0,2023-06-04,-,0,-
-,-,Beldaran10,-,822.67,-1.34,1189.28,0.0,122.2,0.45,24,0.0,4,0.0,20,0.0,0,0.0,16.67,0.0,2020-09-27,-,0,-
-,-,Malekith,-,822.63,-1.33,1191.88,0.0,123.08,0.44,12,0.0,1,0.0,11,0.0,0,0.0,8.33,0.0,2025-01-20,-,0,1184.0
-,-,denwiller,-,822.46,-1.17,1240.41,0.0,139.31,0.39,12,0.0,1,0.0,10,0.0,1,0.0,8.33,0.0,2024-11-20,-,0,1287.0
-,-,fader_master,-,822.05,-2.3,1036.04,0.0,71.33,0.77,84,0.0,10,0.0,74,0.0,0,0.0,11.9,0.0,2022-03-06,-,0,-
-,-,Agathon,TR,821.34,-1.15,1245.92,0.0,141.53,0.38,9,0.0,1,0.0,8,0.0,0,0.0,11.11,0.0,2025-04-05,-,0,-
-,-,Sleepwalker,-,820.95,-1.16,1241.82,0.0,140.29,0.39,12,0.0,4,0.0,8,0.0,0,0.0,33.33,0.0,2019-12-29,-,0,-
-,-,Demianv,-,819.53,-1.73,1103.29,0.0,94.59,0.58,54,0.0,6,0.0,47,0.0,1,0.0,11.11,0.0,2019-02-17,-,0,-
-,-,TomaszWielki,-,818.03,-1.11,1258.29,0.0,146.75,0.37,12,0.0,4,0.0,8,0.0,0,0.0,33.33,0.0,2020-06-28,-,0,-
-,-,bigbird85,-,818.02,-1.36,1178.7,0.0,120.23,0.45,12,0.0,3,0.0,8,0.0,1,0.0,25.0,0.0,2022-03-06,-,0,-
-,-,Mochiman,-,817.67,-1.12,1256.65,0.0,146.32,0.37,12,0.0,3,0.0,8,0.0,1,0.0,25.0,0.0,2019-09-30,-,0,-
1375,-100,Czechlands,-,815.45,-1.36,1175.51,0.0,120.02,0.45,18,0.0,5,0.0,13,0.0,0,0.0,27.78,0.0,2026-03-05,-,0,-
-,-,Pachuca74,-,815.13,-2.54,1009.13,0.0,64.67,0.85,156,0.0,17,0.0,139,0.0,0,0.0,10.9,0.0,2022-09-04,-,0,-
-,-,intelligentskeleton,VN,814.63,-1.17,1231.85,0.0,139.07,0.39,6,0.0,0,0.0,6,0.0,0,0.0,0.0,0.0,2024-06-16,-,0,-
1376,-100,ScubaPig,-,814.33,-1.19,1226.29,0.0,137.32,0.4,6,0.0,0,0.0,6,0.0,0,0.0,0.0,0.0,2025-12-01,-,0,-
-,-,Khimbo,-,814.15,-1.48,1145.2,0.0,110.35,0.49,30,0.0,4,0.0,26,0.0,0,0.0,13.33,0.0,2017-11-10,-,0,-
-,-,Fembrosia,-,813.3,-1.32,1184.86,0.0,123.85,0.44,12,0.0,3,0.0,9,0.0,0,0.0,25.0,0.0,2022-03-06,-,0,-
-,-,RayBird,-,812.75,-1.07,1271.61,0.0,152.95,0.36,6,0.0,0,0.0,6,0.0,0,0.0,0.0,0.0,2023-03-01,-,0,-
-,-,lulligator,-,812.47,-1.35,1176.09,0.0,121.21,0.45,12,0.0,0,0.0,12,0.0,0,0.0,0.0,0.0,2020-06-14,-,0,-
1377,-98,Shuvo2406,-,812.09,-1.4,1162.09,0.0,116.67,0.47,12,0.0,0,0.0,10,0.0,2,0.0,0.0,0.0,2025-10-06,-,0,1435.0
-,-,welchi,-,811.94,-1.21,1217.86,0.0,135.31,0.4,12,0.0,2,0.0,9,0.0,1,0.0,16.67,0.0,2020-09-27,-,0,-
-,-,PIRCSUPREME,-,811.73,-1.92,1068.03,0.0,85.43,0.64,24,0.0,2,0.0,20,0.0,2,0.0,8.33,0.0,2025-07-14,-,0,852.0
1378,-98,Mewunit,-,811.34,-1.21,1216.18,0.0,134.94,0.4,6,0.0,0,0.0,6,0.0,0,0.0,0.0,0.0,2025-12-01,-,0,-
-,-,sirivanhoe,-,811.07,-1.18,1225.73,0.0,138.22,0.39,12,0.0,2,0.0,10,0.0,0,0.0,16.67,0.0,2020-06-28,-,0,-
-,-,Jammykins,-,810.18,-1.18,1224.31,0.0,138.04,0.39,12,0.0,3,0.0,9,0.0,0,0.0,25.0,0.0,2020-06-28,-,0,-
1379,-98,Ivan_A_Destructalot,-,809.91,-1.46,1144.37,0.0,111.49,0.49,12,0.0,1,0.0,11,0.0,0,0.0,8.33,0.0,2026-01-15,-,0,-
1380,-87,Giulio_GC,-,809.43,28.25,1131.96,8.59,107.51,-6.55,15,3.0,0,0.0,14,2.0,1,1.0,0.0,0.0,2026-06-25,-,0,-
1381,-98,PriestCthulhu,-,808.62,-1.19,1221.18,0.0,137.52,0.4,6,0.0,0,0.0,6,0.0,0,0.0,0.0,0.0,2025-12-01,-,0,-
-,-,noppi,-,807.49,-1.13,1242.3,0.0,144.94,0.38,12,0.0,4,0.0,8,0.0,0,0.0,33.33,0.0,2019-12-30,-,0,-
-,-,AlbertoMCS,-,807.31,-1.3,1184.78,0.0,125.83,0.43,12,0.0,4,0.0,8,0.0,0,0.0,33.33,0.0,2021-12-05,-,0,-
-,-,DrDuff,-,806.0,-1.29,1186.35,0.0,126.78,0.43,12,0.0,2,0.0,10,0.0,0,0.0,16.67,0.0,2024-02-23,-,0,-
-,-,antonfstam,-,804.91,-1.29,1183.29,0.0,126.13,0.43,12,0.0,1,0.0,11,0.0,0,0.0,8.33,0.0,2020-09-27,-,0,-
-,-,Jonasmeister,-,804.55,-1.49,1133.71,0.0,109.72,0.5,12,0.0,1,0.0,10,0.0,1,0.0,8.33,0.0,2023-12-03,-,0,-
-,-,Conor_Osullivan,-,802.52,-1.16,1224.21,0.0,140.56,0.39,12,0.0,3,0.0,9,0.0,0,0.0,25.0,0.0,2020-03-30,-,0,-
-,-,Roybocop,-,802.26,-1.59,1110.15,0.0,102.63,0.53,24,0.0,3,0.0,19,0.0,2,0.0,12.5,0.0,2022-03-06,-,0,-
-,-,SoupyDan,-,800.6,-1.08,1254.02,0.0,151.14,0.36,12,0.0,3,0.0,7,0.0,2,0.0,25.0,0.0,2020-06-28,-,0,-
-,-,shall7,-,800.55,-1.34,1167.11,0.0,122.19,0.45,12,0.0,0,0.0,12,0.0,0,0.0,0.0,0.0,2020-06-28,-,0,-
-,-,deaddams,-,798.62,-1.49,1128.16,0.0,109.85,0.5,24,0.0,5,0.0,19,0.0,0,0.0,20.83,0.0,2021-03-02,-,0,-
-,-,Melonduck4000,-,798.39,-1.02,1279.86,0.0,160.49,0.34,6,0.0,1,0.0,5,0.0,0,0.0,16.67,0.0,2024-02-23,-,0,-
-,-,Maghda,-,797.81,-1.27,1184.15,0.0,128.78,0.42,12,0.0,0,0.0,8,0.0,4,0.0,0.0,0.0,2020-12-06,-,0,-
-,-,Edenys,-,797.78,-1.06,1259.77,0.0,154.0,0.35,6,0.0,1,0.0,5,0.0,0,0.0,16.67,0.0,2023-01-15,-,0,-
-,-,gaberosser,-,796.64,-1.28,1180.43,0.0,127.93,0.43,12,0.0,1,0.0,11,0.0,0,0.0,8.33,0.0,2024-01-16,-,0,-
-,-,WulfstanCyning,-,796.57,-1.43,1138.51,0.0,113.98,0.48,24,0.0,4,0.0,20,0.0,0,0.0,16.67,0.0,2020-09-27,-,0,-
-,-,S0neca_,-,794.79,-0.83,1383.41,0.0,196.21,0.28,3,0.0,1,0.0,2,0.0,0,0.0,33.33,0.0,2024-11-13,-,0,1287.0
-,-,win021795,-,794.39,-1.28,1177.13,0.0,127.58,0.43,12,0.0,4,0.0,8,0.0,0,0.0,33.33,0.0,2021-03-02,-,0,-
-,-,fuxio82,-,794.2,-2.18,1019.71,0.0,75.17,0.73,72,0.0,8,0.0,62,0.0,2,0.0,11.11,0.0,2021-12-05,-,0,-
1382,-95,BubaTwenty4,-,790.15,-1.15,1215.3,0.0,141.72,0.38,6,0.0,0,0.0,6,0.0,0,0.0,0.0,0.0,2025-12-01,-,0,-
-,-,jacobmaster,-,790.09,-1.06,1252.14,0.0,154.02,0.35,6,0.0,1,0.0,5,0.0,0,0.0,16.67,0.0,2023-01-15,-,0,-
-,-,XiePei,-,789.97,-1.37,1146.31,0.0,118.78,0.46,12,0.0,1,0.0,11,0.0,0,0.0,8.33,0.0,2020-06-28,-,0,-
-,-,Spip74,-,789.42,-1.66,1084.76,0.0,98.45,0.55,24,0.0,3,0.0,21,0.0,0,0.0,12.5,0.0,2022-06-05,-,0,-
-,-,Cespac,-,789.41,-1.7,1078.43,0.0,96.34,0.57,36,0.0,5,0.0,29,0.0,2,0.0,13.89,0.0,2024-01-16,-,0,-
-,-,Gelsomiina,-,789.16,-1.47,1123.33,0.0,111.39,0.49,12,0.0,1,0.0,11,0.0,0,0.0,8.33,0.0,2025-01-09,-,0,1184.0
-,-,Borewitsch,-,788.63,-1.23,1186.16,0.0,132.51,0.41,12,0.0,2,0.0,10,0.0,0,0.0,16.67,0.0,2020-09-27,-,0,-
-,-,BartoszN,-,788.27,-1.34,1155.14,0.0,122.29,0.45,12,0.0,1,0.0,10,0.0,1,0.0,8.33,0.0,2021-03-02,-,0,-
1383,-95,Readicculus,-,786.52,-1.1,1230.49,0.0,147.99,0.37,6,0.0,0,0.0,6,0.0,0,0.0,0.0,0.0,2025-12-01,-,0,-
-,-,Cesaras,-,786.07,-1.13,1219.53,0.0,144.48,0.38,12,0.0,3,0.0,9,0.0,0,0.0,25.0,0.0,2020-06-28,-,0,-
1384,-95,Mathilda,-,785.76,-1.17,1204.75,0.0,139.66,0.39,6,0.0,0,0.0,6,0.0,0,0.0,0.0,0.0,2025-12-01,-,0,-
-,-,Apofis,BG,785.68,-1.17,1205.08,0.0,139.8,0.39,6,0.0,0,0.0,6,0.0,0,0.0,0.0,0.0,2023-01-15,-,0,-
-,-,12thManStanding,-,785.64,-1.12,1221.26,0.0,145.21,0.37,12,0.0,2,0.0,10,0.0,0,0.0,16.67,0.0,2018-06-10,-,0,-
-,-,pasin11,-,785.1,-1.26,1173.78,0.0,129.56,0.42,12,0.0,2,0.0,10,0.0,0,0.0,16.67,0.0,2024-01-16,-,0,-
1385,-95,Vroshnak,-,785.06,-1.09,1236.08,0.0,150.34,0.36,6,0.0,0,0.0,6,0.0,0,0.0,0.0,0.0,2025-12-01,-,0,-
1386,-95,Monken,-,782.69,-1.36,1142.67,0.0,119.99,0.45,18,0.0,3,0.0,15,0.0,0,0.0,16.67,0.0,2025-12-01,-,0,1287.0
-,-,budi,-,782.64,-1.27,1169.66,0.0,129.01,0.42,12,0.0,2,0.0,10,0.0,0,0.0,16.67,0.0,2021-03-02,-,0,-
-,-,Rusticista,-,782.27,-1.05,1247.16,0.0,154.96,0.35,6,0.0,1,0.0,5,0.0,0,0.0,16.67,0.0,2023-01-15,-,0,-
-,-,Pascalculate,VN,781.32,-2.08,1017.66,0.0,78.78,0.69,72,0.0,6,0.0,63,0.0,3,0.0,8.33,0.0,2023-06-04,-,0,-
1387,-93,Captain_Alex,-,779.74,-1.38,1135.51,0.0,118.59,0.46,12,0.0,1,0.0,11,0.0,0,0.0,8.33,0.0,2025-12-01,-,0,-
-,-,dudurban,-,777.86,-1.0,1267.83,0.0,163.32,0.33,6,0.0,2,0.0,4,0.0,0,0.0,33.33,0.0,2024-01-16,-,0,-
-,-,Drenteller,-,775.46,-1.12,1214.06,0.0,146.2,0.37,12,0.0,4,0.0,7,0.0,1,0.0,33.33,0.0,2020-09-27,-,0,-
-,-,danjoy72,-,775.16,-1.31,1148.36,0.0,124.4,0.44,12,0.0,2,0.0,10,0.0,0,0.0,16.67,0.0,2024-02-23,-,0,-
-,-,midr,-,774.61,-1.04,1246.26,0.0,157.22,0.35,6,0.0,0,0.0,6,0.0,0,0.0,0.0,0.0,2024-02-23,-,0,-
1388,-70,kynj,-,774.47,86.24,1209.99,27.77,145.17,-19.49,9,3.0,2,1.0,7,2.0,0,0.0,22.22,5.55,2026-06-28,-,0,-
-,-,Toledator,-,773.04,-1.13,1205.12,0.0,144.03,0.38,12,0.0,1,0.0,8,0.0,3,0.0,8.33,0.0,2019-09-30,-,0,-
-,-,ancientmagellan,-,772.62,-1.49,1102.29,0.0,109.89,0.5,24,0.0,4,0.0,19,0.0,1,0.0,16.67,0.0,2020-12-06,-,0,-
-,-,ralba,-,772.6,-1.7,1060.74,0.0,96.05,0.57,24,0.0,2,0.0,22,0.0,0,0.0,8.33,0.0,2022-06-05,-,0,-
1389,-91,Sexyboy,-,771.88,-1.09,1219.56,0.0,149.22,0.36,6,0.0,0,0.0,6,0.0,0,0.0,0.0,0.0,2025-12-01,-,0,-
1390,-95,pjorge,-,771.67,-9.16,1028.96,-22.88,85.76,-4.57,36,6.0,2,0.0,34,6.0,0,0.0,5.56,-1.11,2026-07-30,-,0,1184.0
1391,-92,MATADORDELMAR,-,770.9,-1.93,1024.81,0.0,84.64,0.64,30,0.0,1,0.0,28,0.0,1,0.0,3.33,0.0,2026-01-12,-,0,1287.0
-,-,Sislar,-,770.15,-1.09,1219.61,0.0,149.82,0.36,6,0.0,0,0.0,6,0.0,0,0.0,0.0,0.0,2024-11-29,-,0,1287.0
1392,-100,Castanicus,-,769.9,-12.75,1052.03,-30.44,94.04,-5.9,30,6.0,2,0.0,28,6.0,0,0.0,6.67,-1.66,2026-08-07,-,0,1184.0
-,-,Grobir,-,769.82,-1.05,1233.93,0.0,154.71,0.35,6,0.0,0,0.0,6,0.0,0,0.0,0.0,0.0,2024-02-23,-,0,-
-,-,kuatz,-,769.53,-1.1,1213.63,0.0,148.03,0.37,6,0.0,1,0.0,5,0.0,0,0.0,16.67,0.0,2023-01-15,-,0,-
1393,-93,Rocodo,-,769.52,-1.12,1206.83,0.0,145.77,0.37,9,0.0,2,0.0,6,0.0,1,0.0,22.22,0.0,2025-09-25,-,0,1413.0
-,-,Ev85,-,769.12,-1.46,1103.98,0.0,111.62,0.49,12,0.0,1,0.0,11,0.0,0,0.0,8.33,0.0,2025-05-05,-,0,1429.0
1394,-93,Telanis,-,768.76,-1.1,1215.47,0.0,148.9,0.37,6,0.0,0,0.0,6,0.0,0,0.0,0.0,0.0,2025-12-01,-,0,-
-,-,DukeofCarniola,-,768.07,-1.14,1196.02,0.0,142.65,0.38,6,0.0,0,0.0,6,0.0,0,0.0,0.0,0.0,2024-11-11,-,0,1287.0
-,-,JaneHatke,-,767.7,-2.1,1002.24,0.0,78.18,0.7,72,0.0,8,0.0,64,0.0,0,0.0,11.11,0.0,2021-09-05,-,0,-
-,-,whitepand,-,767.19,-1.42,1112.84,0.0,115.22,0.47,12,0.0,0,0.0,12,0.0,0,0.0,0.0,0.0,2021-09-05,-,0,-
1395,-92,CJcj,-,767.17,-1.1,1210.34,0.0,147.72,0.37,6,0.0,0,0.0,6,0.0,0,0.0,0.0,0.0,2025-12-01,-,0,-
-,-,tbrofromspace,-,766.67,-1.17,1192.38,0.0,141.9,0.39,12,0.0,4,0.0,8,0.0,0,0.0,33.33,0.0,2025-01-13,-,0,1184.0
-,-,Jaydash808,-,766.55,-1.11,1207.43,0.0,146.96,0.37,12,0.0,2,0.0,10,0.0,0,0.0,16.67,0.0,2020-06-28,-,0,-
-,-,Kangaroodi,-,766.55,-1.11,1207.43,0.0,146.96,0.37,12,0.0,2,0.0,10,0.0,0,0.0,16.67,0.0,2020-06-28,-,0,-
-,-,FLIIIPER,-,766.55,-1.11,1207.43,0.0,146.96,0.37,12,0.0,2,0.0,10,0.0,0,0.0,16.67,0.0,2020-06-28,-,0,-
-,-,alanbateman,-,766.55,-1.11,1207.43,0.0,146.96,0.37,12,0.0,2,0.0,10,0.0,0,0.0,16.67,0.0,2020-06-14,-,0,-
-,-,Rikitiki,-,766.25,-1.13,1200.22,0.0,144.66,0.38,6,0.0,0,0.0,6,0.0,0,0.0,0.0,0.0,2024-11-24,-,0,1287.0
-,-,Igrokratiya,-,765.68,-1.18,1181.08,0.0,138.47,0.39,12,0.0,0,0.0,12,0.0,0,0.0,0.0,0.0,2025-01-10,-,0,1184.0
-,-,bananarepublic,-,765.11,-1.35,1128.57,0.0,121.15,0.45,12,0.0,2,0.0,10,0.0,0,0.0,16.67,0.0,2021-06-02,-,0,-
-,-,loggum,-,764.76,-1.24,1158.93,0.0,131.39,0.41,12,0.0,2,0.0,9,0.0,1,0.0,16.67,0.0,2020-03-29,-,0,-
-,-,Tsu,-,763.46,-1.35,1126.76,0.0,121.1,0.45,21,0.0,3,0.0,16,0.0,2,0.0,14.29,0.0,2020-09-27,-,0,-
-,-,postalrat,-,763.21,-1.19,1173.54,0.0,136.78,0.4,12,0.0,3,0.0,9,0.0,0,0.0,25.0,0.0,2024-02-23,-,0,-
-,-,ukjohnboy,-,763.11,-1.58,1073.49,0.0,103.46,0.53,24,0.0,3,0.0,17,0.0,4,0.0,12.5,0.0,2021-09-05,-,0,-
-,-,CharmingP,-,762.74,-1.35,1124.68,0.0,120.65,0.45,12,0.0,3,0.0,9,0.0,0,0.0,25.0,0.0,2023-06-04,-,0,-
-,-,davidx,-,762.64,-0.78,1393.54,0.0,210.3,0.26,3,0.0,2,0.0,1,0.0,0,0.0,66.67,0.0,2025-08-26,-,0,-
-,-,Sooroosh,-,762.11,-1.06,1225.07,0.0,154.32,0.35,6,0.0,0,0.0,6,0.0,0,0.0,0.0,0.0,2024-11-18,-,0,-
-,-,jineegood,-,761.66,-1.15,1188.05,0.0,142.13,0.38,6,0.0,0,0.0,6,0.0,0,0.0,0.0,0.0,2023-01-15,-,0,-
-,-,dyz,-,760.52,-1.03,1235.24,0.0,158.24,0.34,6,0.0,0,0.0,6,0.0,0,0.0,0.0,0.0,2023-01-15,-,0,-
-,-,JurisII,-,759.97,-1.65,1057.7,0.0,99.24,0.55,18,0.0,1,0.0,17,0.0,0,0.0,5.56,0.0,2023-01-15,-,0,-
-,-,PennyOrange,-,759.8,-1.3,1137.11,0.0,125.77,0.43,12,0.0,0,0.0,12,0.0,0,0.0,0.0,0.0,2024-11-16,-,0,1287.0
-,-,MikeyB,-,759.58,-1.25,1152.79,0.0,131.07,0.42,12,0.0,1,0.0,11,0.0,0,0.0,8.33,0.0,2024-02-23,-,0,-
-,-,Goatonhillside,-,759.58,-1.19,1171.31,0.0,137.24,0.4,6,0.0,0,0.0,6,0.0,0,0.0,0.0,0.0,2024-11-17,-,0,1287.0
-,-,Dipac,-,758.71,-1.31,1132.85,0.0,124.72,0.44,12,0.0,2,0.0,10,0.0,0,0.0,16.67,0.0,2025-01-15,-,0,1184.0
-,-,mehanik,-,758.47,-1.08,1210.68,0.0,150.74,0.36,6,0.0,0,0.0,6,0.0,0,0.0,0.0,0.0,2023-01-15,-,0,-
-,-,Asturia,-,758.27,-1.06,1218.58,0.0,153.44,0.35,6,0.0,0,0.0,6,0.0,0,0.0,0.0,0.0,2023-01-15,-,0,-
-,-,Totox,-,758.22,-0.84,1337.74,0.0,193.17,0.28,3,0.0,1,0.0,2,0.0,0,0.0,33.33,0.0,2023-02-05,-,0,-
-,-,Toreander,-,757.38,-1.26,1145.46,0.0,129.36,0.42,12,0.0,0,0.0,10,0.0,2,0.0,0.0,0.0,2021-03-02,-,0,-
-,-,Kaspipos,-,757.1,-1.08,1211.87,0.0,151.59,0.36,6,0.0,0,0.0,6,0.0,0,0.0,0.0,0.0,2024-11-27,-,0,1287.0
-,-,Chatir,-,756.71,-1.71,1044.57,0.0,95.95,0.57,36,0.0,6,0.0,30,0.0,0,0.0,16.67,0.0,2021-06-02,-,0,-
1396,unretired,Noa1,-,756.68,113.82,1075.27,89.42,106.2,-8.14,18,6.0,3,2.0,15,4.0,0,0.0,16.67,8.34,2026-08-09,-,0,-
-,-,MacBad,-,755.64,-1.33,1122.62,0.0,122.33,0.44,12,0.0,0,0.0,12,0.0,0,0.0,0.0,0.0,2020-06-14,-,0,-
-,-,Yahtzee12,-,755.33,-1.89,1014.41,0.0,86.36,0.63,75,0.0,8,0.0,65,0.0,2,0.0,10.67,0.0,2023-11-17,-,0,-
-,-,DiegoCoelho,-,755.19,-1.54,1074.23,0.0,106.34,0.51,24,0.0,3,0.0,21,0.0,0,0.0,12.5,0.0,2022-06-05,-,0,-
-,-,Muzerious,-,754.72,-1.11,1196.67,0.0,147.32,0.37,6,0.0,0,0.0,6,0.0,0,0.0,0.0,0.0,2024-11-17,-,0,1287.0
-,-,Tapis_volant,-,754.46,-1.22,1155.07,0.0,133.54,0.41,12,0.0,3,0.0,9,0.0,0,0.0,25.0,0.0,2020-09-27,-,0,-
1397,-93,Pecheros,-,753.91,-3.6,981.63,-3.88,75.9,-0.1,63,3.0,1,0.0,58,3.0,4,0.0,1.59,-0.08,2026-06-18,-,0,-
-,-,Majinbuu,-,753.44,-1.66,1048.88,0.0,98.48,0.55,24,0.0,0,0.0,23,0.0,1,0.0,0.0,0.0,2024-01-16,-,0,-
-,-,rporrini,-,753.15,-2.05,993.73,0.0,80.2,0.68,102,0.0,11,0.0,90,0.0,1,0.0,10.78,0.0,2019-12-29,-,0,-
-,-,Svaldini,CA,752.93,-1.06,1215.3,0.0,154.12,0.35,6,0.0,1,0.0,5,0.0,0,0.0,16.67,0.0,2023-01-15,-,0,-
-,-,Eyswein,US,752.81,-1.14,1182.09,0.0,143.09,0.38,6,0.0,1,0.0,5,0.0,0,0.0,16.67,0.0,2024-09-01,-,0,-
-,-,Pietro,-,751.18,-1.05,1216.26,0.0,155.03,0.35,6,0.0,0,0.0,5,0.0,1,0.0,0.0,0.0,2023-01-15,-,0,1388.0
-,-,to118,-,750.41,-1.58,1062.11,0.0,103.9,0.53,24,0.0,4,0.0,19,0.0,1,0.0,16.67,0.0,2020-12-06,-,0,-
-,-,CaiChengzhi,-,749.9,-1.09,1197.28,0.0,149.13,0.36,6,0.0,0,0.0,6,0.0,0,0.0,0.0,0.0,2024-11-14,-,0,1287.0
1398,-83,Pancake1,-,748.77,54.48,1085.02,14.28,112.08,-13.4,18,6.0,2,1.0,16,5.0,0,0.0,11.11,2.78,2026-08-05,-,0,-
-,-,Sir_Jacob,-,748.7,-2.03,991.19,0.0,80.83,0.68,48,0.0,4,0.0,43,0.0,1,0.0,8.33,0.0,2021-12-05,-,0,-
-,-,James2at8,-,748.05,-1.09,1197.78,0.0,149.91,0.36,6,0.0,0,0.0,6,0.0,0,0.0,0.0,0.0,2024-02-23,-,0,-
1399,-94,William_Adama,-,747.6,-1.03,1222.4,0.0,158.27,0.34,6,0.0,0,0.0,6,0.0,0,0.0,0.0,0.0,2025-12-01,-,0,-
-,-,IndieErikJones,-,746.98,-1.35,1109.44,0.0,120.82,0.45,12,0.0,1,0.0,11,0.0,0,0.0,8.33,0.0,2024-02-23,-,0,-
-,-,alex20030190,-,745.48,-1.3,1121.44,0.0,125.32,0.43,12,0.0,0,0.0,12,0.0,0,0.0,0.0,0.0,2020-09-27,-,0,-
-,-,DannyTheKing,-,745.46,-1.32,1116.06,0.0,123.53,0.44,12,0.0,1,0.0,11,0.0,0,0.0,8.33,0.0,2021-09-05,-,0,-
-,-,BGMafia12,-,745.3,-1.21,1149.9,0.0,134.87,0.4,12,0.0,4,0.0,8,0.0,0,0.0,33.33,0.0,2021-06-02,-,0,-
-,-,Alain23,-,742.79,-1.48,1075.14,0.0,110.78,0.49,12,0.0,1,0.0,11,0.0,0,0.0,8.33,0.0,2025-01-09,-,0,1184.0
-,-,miberale,-,741.28,-2.03,983.36,0.0,80.7,0.68,36,0.0,0,0.0,34,0.0,2,0.0,0.0,0.0,2023-06-04,-,0,-
-,-,Rincy73,-,741.07,-1.12,1179.19,0.0,146.04,0.37,6,0.0,0,0.0,6,0.0,0,0.0,0.0,0.0,2023-01-15,-,0,-
1400,-70,Hengoroth,-,740.72,117.87,1058.25,96.48,105.84,-7.13,36,6.0,5,2.0,31,4.0,0,0.0,13.89,3.89,2026-07-31,-,0,1184.0
1401,-95,Natulya,-,740.44,-1.12,1178.77,0.0,146.11,0.37,6,0.0,1,0.0,5,0.0,0,0.0,16.67,0.0,2025-12-01,-,0,-
-,-,TwoFold,-,738.7,-1.33,1107.92,0.0,123.07,0.44,18,0.0,2,0.0,16,0.0,0,0.0,11.11,0.0,2025-01-11,-,0,1184.0
1402,-95,Durpan,-,737.59,-1.45,1075.63,0.0,112.68,0.48,18,0.0,1,0.0,17,0.0,0,0.0,5.56,0.0,2025-12-01,-,0,1184.0
-,-,Tohuwabohu,-,737.52,-1.03,1213.52,0.0,158.67,0.34,6,0.0,0,0.0,6,0.0,0,0.0,0.0,0.0,2023-01-15,-,0,-
-,-,OGWiseman,-,737.23,-1.4,1086.86,0.0,116.54,0.47,12,0.0,1,0.0,11,0.0,0,0.0,8.33,0.0,2024-02-23,-,0,-
1403,-83,Viceroy,-,736.14,54.13,1056.6,26.35,106.82,-9.26,18,6.0,1,0.0,15,4.0,2,2.0,5.56,-2.77,2026-07-21,-,0,-
-,-,john1325,-,736.02,-1.74,1017.64,0.0,93.87,0.58,48,0.0,5,0.0,43,0.0,0,0.0,10.42,0.0,2021-03-02,-,0,-
-,-,GuiStempelme,-,733.75,-1.1,1177.92,0.0,148.06,0.37,6,0.0,0,0.0,6,0.0,0,0.0,0.0,0.0,2023-01-15,-,0,-
-,-,ImPlayingN4K3D,-,731.96,-1.26,1121.97,0.0,130.0,0.42,12,0.0,1,0.0,9,0.0,2,0.0,8.33,0.0,2021-03-02,-,0,-
-,-,Anto-8080,-,730.19,-1.14,1159.88,0.0,143.23,0.38,12,0.0,3,0.0,9,0.0,0,0.0,25.0,0.0,2020-09-27,-,0,-
-,-,Mscislaw,-,729.97,-1.11,1170.86,0.0,146.96,0.37,12,0.0,1,0.0,10,0.0,1,0.0,8.33,0.0,2020-06-28,-,0,-
-,-,Frimandyr,-,729.97,-1.11,1170.86,0.0,146.96,0.37,12,0.0,1,0.0,10,0.0,1,0.0,8.33,0.0,2020-06-28,-,0,-
-,-,Nanozawr,-,728.56,-1.21,1134.48,0.0,135.31,0.4,12,0.0,1,0.0,10,0.0,1,0.0,8.33,0.0,2020-09-27,-,0,-
1404,-96,Neno011,-,728.28,-1.1,1175.08,0.0,148.93,0.37,6,0.0,0,0.0,6,0.0,0,0.0,0.0,0.0,2025-12-01,-,0,-
-,-,AmazingMrHedge,-,727.99,-0.94,1249.51,0.0,173.84,0.31,6,0.0,1,0.0,5,0.0,0,0.0,16.67,0.0,2024-02-23,-,0,-
-,-,jimlaughs64,-,727.52,-1.02,1209.22,0.0,160.57,0.34,6,0.0,2,0.0,4,0.0,0,0.0,33.33,0.0,2024-11-26,-,0,1287.0
-,-,jasdrakken,-,726.3,-1.42,1070.93,0.0,114.88,0.47,24,0.0,4,0.0,20,0.0,0,0.0,16.67,0.0,2019-05-26,-,0,-
-,-,SirBrandalot,-,724.19,-1.17,1141.64,0.0,139.15,0.39,12,0.0,2,0.0,10,0.0,0,0.0,16.67,0.0,2020-09-27,-,0,-
-,-,Zeti,-,722.06,-1.16,1144.5,0.0,140.81,0.39,12,0.0,0,0.0,9,0.0,3,0.0,0.0,0.0,2020-06-28,-,0,-
-,-,StefanOkrzeja,-,721.68,-1.06,1184.28,0.0,154.2,0.35,6,0.0,0,0.0,6,0.0,0,0.0,0.0,0.0,2024-12-03,-,0,1287.0
-,-,putritralala,-,721.36,-1.25,1111.72,0.0,130.12,0.42,12,0.0,3,0.0,9,0.0,0,0.0,25.0,0.0,2021-06-02,-,0,-
1405,-96,gmathes,-,721.23,-1.14,1149.76,0.0,142.85,0.38,6,0.0,0,0.0,6,0.0,0,0.0,0.0,0.0,2025-12-01,-,0,-
-,-,doodoo,-,720.5,-1.23,1118.98,0.0,132.83,0.41,12,0.0,2,0.0,10,0.0,0,0.0,16.67,0.0,2020-12-06,-,0,-
-,-,Sobain,-,719.82,-0.77,1351.23,0.0,210.47,0.26,3,0.0,0,0.0,2,0.0,1,0.0,0.0,0.0,2023-02-05,-,0,-
-,-,TheJamesBlake,-,719.18,-1.05,1184.76,0.0,155.19,0.35,6,0.0,0,0.0,6,0.0,0,0.0,0.0,0.0,2023-01-15,-,0,-
-,-,apricot,-,719.16,-1.43,1062.96,0.0,114.6,0.48,12,0.0,0,0.0,10,0.0,2,0.0,0.0,0.0,2022-09-04,-,0,-
-,-,fmfglkhk,-,718.43,-0.99,1212.29,0.0,164.62,0.33,6,0.0,0,0.0,5,0.0,1,0.0,0.0,0.0,2023-01-15,-,0,-
-,-,SMASH,-,718.42,-1.18,1132.56,0.0,138.05,0.39,12,0.0,2,0.0,10,0.0,0,0.0,16.67,0.0,2020-06-28,-,0,-
-,-,Cholismo89,-,717.83,-1.27,1104.78,0.0,128.98,0.42,12,0.0,0,0.0,10,0.0,2,0.0,0.0,0.0,2021-03-02,-,0,-
-,-,Tippin,-,717.78,-1.0,1209.01,0.0,163.75,0.33,6,0.0,0,0.0,6,0.0,0,0.0,0.0,0.0,2024-02-23,-,0,-
1406,new,chessmonster,-,716.92,266.92,1400.12,-99.88,227.74,227.74,3,3.0,1,1.0,2,2.0,0,0.0,33.33,33.33,2026-07-25,-,0,-
1407,-97,TheRobe,-,716.2,-0.72,1400.12,0.0,227.97,0.24,3,0.0,1,0.0,2,0.0,0,0.0,33.33,0.0,2026-05-05,-,0,-
-,-,Hectek,-,715.71,-1.68,1006.82,0.0,97.04,0.56,24,0.0,0,0.0,24,0.0,0,0.0,0.0,0.0,2025-04-18,-,0,1433.0
-,-,cassini23,-,715.66,-1.43,1057.25,0.0,113.86,0.48,12,0.0,0,0.0,12,0.0,0,0.0,0.0,0.0,2023-06-04,-,0,-
-,-,Brzoza,-,713.91,-1.28,1095.23,0.0,127.11,0.43,12,0.0,2,0.0,10,0.0,0,0.0,16.67,0.0,2020-12-06,-,0,-
-,-,FalcoFernandes,-,711.13,-1.39,1063.71,0.0,117.53,0.46,24,0.0,3,0.0,21,0.0,0,0.0,12.5,0.0,2019-12-30,-,0,-
-,-,defazze,-,710.39,-1.11,1152.52,0.0,147.38,0.37,6,0.0,0,0.0,6,0.0,0,0.0,0.0,0.0,2023-01-15,-,0,-
-,-,Igor_TheGreatest,-,708.51,-1.4,1058.7,0.0,116.73,0.47,12,0.0,0,0.0,11,0.0,1,0.0,0.0,0.0,2022-06-05,-,0,-
-,-,Zembo,-,708.22,-1.06,1169.07,0.0,153.61,0.35,6,0.0,0,0.0,6,0.0,0,0.0,0.0,0.0,2024-12-05,-,0,1287.0
-,-,Elionoir,-,708.19,-1.3,1083.58,0.0,125.13,0.43,12,0.0,4,0.0,8,0.0,0,0.0,33.33,0.0,2022-09-04,-,0,-
-,-,Kerrigan99,-,705.98,-1.31,1080.59,0.0,124.87,0.44,12,0.0,0,0.0,9,0.0,3,0.0,0.0,0.0,2025-01-28,-,0,1435.0
-,-,Vxn,-,705.54,-1.14,1134.29,0.0,142.92,0.38,9,0.0,2,0.0,7,0.0,0,0.0,22.22,0.0,2023-06-04,-,0,-
-,-,xinjv,-,704.14,-1.39,1055.84,0.0,117.23,0.46,12,0.0,0,0.0,12,0.0,0,0.0,0.0,0.0,2021-12-05,-,0,-
-,-,suburbius,-,703.72,-1.48,1033.9,0.0,110.06,0.49,24,0.0,1,0.0,23,0.0,0,0.0,4.17,0.0,2020-12-06,-,0,-
-,-,Strange,-,702.17,-1.32,1073.3,0.0,123.71,0.44,24,0.0,4,0.0,20,0.0,0,0.0,16.67,0.0,2020-03-29,-,0,-
-,-,fedevet86,-,701.47,-1.4,1051.07,0.0,116.53,0.47,12,0.0,0,0.0,10,0.0,2,0.0,0.0,0.0,2022-06-05,-,0,-
-,-,CuteMiner,-,700.41,-1.3,1077.89,0.0,125.83,0.43,12,0.0,2,0.0,10,0.0,0,0.0,16.67,0.0,2021-12-05,-,0,-
-,-,Bethesda,-,700.26,-1.27,1086.07,0.0,128.6,0.42,12,0.0,0,0.0,10,0.0,2,0.0,0.0,0.0,2021-06-02,-,0,-
-,-,Adas,-,700.2,-1.17,1117.65,0.0,139.15,0.39,12,0.0,2,0.0,10,0.0,0,0.0,16.67,0.0,2020-09-27,-,0,-
1408,new,Rickanchamun,-,696.89,246.89,1144.47,-355.53,149.19,149.19,6,6.0,1,1.0,5,5.0,0,0.0,16.67,16.67,2026-07-27,-,0,1381.0
1409,-84,emifon90,-,696.28,44.54,1077.32,-5.28,127.01,-16.61,12,6.0,0,0.0,11,5.0,1,1.0,0.0,0.0,2026-07-31,-,0,1421.0
1410,-97,Shary,-,695.43,-1.01,1179.16,0.0,161.24,0.34,6,0.0,0,0.0,6,0.0,0,0.0,0.0,0.0,2025-12-01,-,0,-
-,-,Hubcap4x4,-,695.42,-1.09,1143.25,0.0,149.28,0.36,12,0.0,4,0.0,8,0.0,0,0.0,33.33,0.0,2019-05-12,-,0,-
-,-,Inteq,-,694.96,-1.28,1076.54,0.0,127.19,0.43,12,0.0,0,0.0,12,0.0,0,0.0,0.0,0.0,2020-09-27,-,0,-
-,-,TwoJay,-,693.92,-1.17,1113.07,0.0,139.72,0.39,12,0.0,1,0.0,11,0.0,0,0.0,8.33,0.0,2020-06-14,-,0,-
-,-,LeoLeo,-,693.4,-1.11,1134.29,0.0,146.96,0.37,12,0.0,0,0.0,10,0.0,2,0.0,0.0,0.0,2020-06-28,-,0,-
-,-,Nordenwatch,-,693.4,-1.11,1134.29,0.0,146.96,0.37,12,0.0,0,0.0,10,0.0,2,0.0,0.0,0.0,2020-06-28,-,0,-
-,-,burnedPotato,-,693.4,-1.11,1134.29,0.0,146.96,0.37,12,0.0,1,0.0,11,0.0,0,0.0,8.33,0.0,2020-06-28,-,0,-
1411,-97,SnoopyC4,-,693.36,-0.99,1185.85,0.0,164.16,0.33,6,0.0,0,0.0,6,0.0,0,0.0,0.0,0.0,2025-12-01,-,0,-
-,-,astrostl,-,693.12,-1.06,1154.74,0.0,153.87,0.35,12,0.0,3,0.0,9,0.0,0,0.0,25.0,0.0,2019-09-22,-,0,-
-,-,Dunedrain,-,692.96,-1.68,985.18,0.0,97.41,0.56,24,0.0,1,0.0,23,0.0,0,0.0,4.17,0.0,2025-07-31,-,0,1435.0
-,-,Sorio,-,692.04,-1.1,1138.01,0.0,148.66,0.37,6,0.0,0,0.0,6,0.0,0,0.0,0.0,0.0,2023-01-15,-,0,-
-,-,LordCreed,-,691.95,-1.17,1109.11,0.0,139.05,0.39,12,0.0,1,0.0,11,0.0,0,0.0,8.33,0.0,2020-09-27,-,0,-
-,-,Fakkus,-,690.81,-1.22,1091.11,0.0,133.43,0.41,9,0.0,1,0.0,8,0.0,0,0.0,11.11,0.0,2023-06-04,-,0,-
1412,-96,OBILIC,-,688.48,-1.07,1145.21,0.0,152.24,0.36,6,0.0,0,0.0,6,0.0,0,0.0,0.0,0.0,2025-12-01,-,0,-
-,-,Moncop,-,688.04,-1.38,1043.6,0.0,118.52,0.46,12,0.0,0,0.0,11,0.0,1,0.0,0.0,0.0,2021-12-05,-,0,-
-,-,machine_elf,-,688.03,-1.07,1144.52,0.0,152.16,0.36,12,0.0,5,0.0,7,0.0,0,0.0,41.67,0.0,2019-05-26,-,0,-
1413,-96,deleted_user_5614334,-,687.23,-1.02,1167.74,0.0,160.17,0.34,6,0.0,0,0.0,6,0.0,0,0.0,0.0,0.0,2025-12-01,-,0,-
-,-,hkl,-,686.5,-1.03,1162.5,0.0,158.67,0.34,6,0.0,0,0.0,6,0.0,0,0.0,0.0,0.0,2023-01-15,-,0,-
-,-,lolowest,-,686.48,-1.09,1137.28,0.0,150.27,0.36,6,0.0,0,0.0,6,0.0,0,0.0,0.0,0.0,2023-01-15,-,0,-
-,-,Overmindless,-,686.42,-1.35,1049.52,0.0,121.03,0.45,12,0.0,0,0.0,12,0.0,0,0.0,0.0,0.0,2021-09-05,-,0,-
-,-,SagYer,-,685.95,-0.99,1178.73,0.0,164.26,0.33,6,0.0,1,0.0,5,0.0,0,0.0,16.67,0.0,2023-01-15,-,0,-
-,-,matrozrabbi,-,685.13,-1.48,1016.19,0.0,110.35,0.49,30,0.0,0,0.0,30,0.0,0,0.0,0.0,0.0,2017-11-17,-,0,-
1414,-95,FabienB,-,685.12,-1.03,1160.24,0.0,158.37,0.34,6,0.0,0,0.0,6,0.0,0,0.0,0.0,0.0,2025-12-01,-,0,-
-,-,StartPlayer,GB,684.72,-1.09,1134.68,0.0,149.99,0.36,6,0.0,0,0.0,6,0.0,0,0.0,0.0,0.0,2023-01-15,-,0,-
-,-,rachpablo182,-,683.27,-1.04,1154.18,0.0,156.97,0.35,6,0.0,1,0.0,5,0.0,0,0.0,16.67,0.0,2024-11-23,-,0,1287.0
1415,-94,Tietzsche,-,680.47,-1.36,1040.75,0.0,120.09,0.45,30,0.0,3,0.0,27,0.0,0,0.0,10.0,0.0,2026-01-18,-,0,1109.0
-,-,alanala,-,678.73,-1.12,1117.0,0.0,146.09,0.37,12,0.0,3,0.0,8,0.0,1,0.0,25.0,0.0,2018-10-14,-,0,-
-,-,Zurabman,-,678.7,-1.3,1054.42,0.0,125.24,0.43,12,0.0,0,0.0,12,0.0,0,0.0,0.0,0.0,2020-12-06,-,0,-
-,-,Danilo0h,-,675.73,-1.05,1140.32,0.0,154.86,0.35,6,0.0,0,0.0,6,0.0,0,0.0,0.0,0.0,2024-11-10,-,0,1287.0
-,-,Donnin,-,675.65,-1.26,1065.67,0.0,130.0,0.42,12,0.0,0,0.0,10,0.0,2,0.0,0.0,0.0,2021-03-02,-,0,-
-,-,Rwhite88,-,673.61,-1.19,1085.38,0.0,137.26,0.4,12,0.0,1,0.0,11,0.0,0,0.0,8.33,0.0,2019-12-30,-,0,-
1416,-94,Gandalf86,-,673.41,-1.02,1153.41,0.0,160.0,0.34,6,0.0,0,0.0,6,0.0,0,0.0,0.0,0.0,2025-12-01,-,0,-
-,-,xqcjfway,-,672.22,-1.35,1036.28,0.0,121.35,0.45,12,0.0,0,0.0,11,0.0,1,0.0,0.0,0.0,2023-02-05,-,0,-
-,-,DEATH,-,672.03,-0.85,1246.67,0.0,191.55,0.28,6,0.0,1,0.0,5,0.0,0,0.0,16.67,0.0,2017-10-27,-,0,-
-,-,SumbuddyStopMe,-,671.93,-1.07,1128.06,0.0,152.05,0.36,6,0.0,0,0.0,6,0.0,0,0.0,0.0,0.0,2024-11-24,-,0,1287.0
1417,-94,mariyka,RU,671.56,-1.65,968.29,0.0,98.91,0.55,36,0.0,4,0.0,32,0.0,0,0.0,11.11,0.0,2025-12-01,-,0,1287.0
-,-,pidzi,-,671.26,-1.36,1032.38,0.0,120.37,0.45,12,0.0,0,0.0,12,0.0,0,0.0,0.0,0.0,2022-06-05,-,0,-
-,-,amaze,-,669.9,-1.57,982.59,0.0,104.23,0.52,18,0.0,3,0.0,13,0.0,2,0.0,16.67,0.0,2025-02-28,-,0,1435.0
-,-,Kittyclaws,-,668.77,-1.35,1032.24,0.0,121.16,0.45,12,0.0,0,0.0,12,0.0,0,0.0,0.0,0.0,2021-06-02,-,0,-
-,-,ZappBranigan,-,667.33,-1.28,1049.91,0.0,127.53,0.43,12,0.0,0,0.0,12,0.0,0,0.0,0.0,0.0,2024-02-23,-,0,-
-,-,PeaceAndProsperity,-,663.24,-1.16,1086.44,0.0,141.07,0.39,12,0.0,0,0.0,11,0.0,1,0.0,0.0,0.0,2020-09-27,-,0,-
-,-,Paakit,AR,663.08,-1.63,963.18,0.0,100.03,0.54,18,0.0,0,0.0,17,0.0,1,0.0,0.0,0.0,2023-01-15,-,0,-
-,-,neomore,-,661.28,-1.4,1012.36,0.0,117.03,0.47,12,0.0,0,0.0,12,0.0,0,0.0,0.0,0.0,2021-09-05,-,0,-
-,-,Joshweiss789,-,657.15,-1.27,1042.55,0.0,128.47,0.42,12,0.0,2,0.0,9,0.0,1,0.0,16.67,0.0,2024-09-04,-,0,-
-,-,Oanti,-,656.83,-1.11,1097.72,0.0,146.96,0.37,12,0.0,0,0.0,11,0.0,1,0.0,0.0,0.0,2020-06-28,-,0,-
-,-,ducos,-,656.83,-1.11,1097.72,0.0,146.96,0.37,12,0.0,0,0.0,11,0.0,1,0.0,0.0,0.0,2020-06-28,-,0,-
-,-,Starflower,-,656.83,-1.11,1097.72,0.0,146.96,0.37,12,0.0,0,0.0,11,0.0,1,0.0,0.0,0.0,2020-06-28,-,0,-
-,-,Johnthemilkman,-,656.83,-1.11,1097.72,0.0,146.96,0.37,12,0.0,0,0.0,11,0.0,1,0.0,0.0,0.0,2020-06-28,-,0,-
-,-,timmypolilla92,-,656.83,-1.11,1097.72,0.0,146.96,0.37,12,0.0,0,0.0,11,0.0,1,0.0,0.0,0.0,2020-06-28,-,0,-
-,-,VeniVidiVindi,-,655.21,-1.21,1059.81,0.0,134.87,0.4,12,0.0,3,0.0,9,0.0,0,0.0,25.0,0.0,2021-06-02,-,0,-
-,-,Xanpat,-,653.69,-1.28,1035.78,0.0,127.37,0.43,21,0.0,2,0.0,18,0.0,1,0.0,9.52,0.0,2020-09-27,-,0,-
-,-,diverhawks,-,652.36,-1.34,1018.82,0.0,122.15,0.45,12,0.0,0,0.0,12,0.0,0,0.0,0.0,0.0,2021-09-05,-,0,-
-,-,Galaxy_Rhino,-,651.97,-0.93,1176.67,0.0,174.9,0.31,6,0.0,1,0.0,5,0.0,0,0.0,16.67,0.0,2024-01-16,-,0,-
-,-,Orissai,-,650.09,-1.07,1106.47,0.0,152.13,0.36,6,0.0,0,0.0,6,0.0,0,0.0,0.0,0.0,2024-11-19,-,0,1287.0
1418,-92,chronos011,-,649.72,-1.16,1072.37,0.0,140.88,0.39,6,0.0,0,0.0,6,0.0,0,0.0,0.0,0.0,2025-12-01,-,0,-
-,-,Ms.QTPi,-,648.76,-0.71,1338.19,0.0,229.81,0.24,3,0.0,1,0.0,2,0.0,0,0.0,33.33,0.0,2025-02-20,-,0,1170.0
-,-,xyx,-,648.26,-0.88,1202.35,0.0,184.7,0.29,3,0.0,0,0.0,3,0.0,0,0.0,0.0,0.0,2024-10-13,-,0,-
1419,new,Djinges,-,645.88,195.88,1078.36,-421.64,144.16,144.16,6,6.0,0,0.0,6,6.0,0,0.0,0.0,0.0,2026-07-30,-,0,-
-,-,SanaRana,-,645.08,-1.17,1064.55,0.0,139.83,0.39,12,0.0,0,0.0,12,0.0,0,0.0,0.0,0.0,2020-09-27,-,0,-
-,-,CeeJ,-,643.73,-1.05,1108.74,0.0,155.0,0.35,12,0.0,1,0.0,11,0.0,0,0.0,8.33,0.0,2024-01-16,-,0,-
-,-,dub,-,643.47,-1.15,1069.17,0.0,141.9,0.38,12,0.0,1,0.0,11,0.0,0,0.0,8.33,0.0,2018-10-07,-,0,-
1420,-92,Rikard,-,643.35,-1.06,1105.03,0.0,153.89,0.35,6,0.0,0,0.0,6,0.0,0,0.0,0.0,0.0,2025-12-01,-,0,-
1421,-94,HolyOne,-,643.23,-1.27,1029.74,0.0,128.83,0.42,12,0.0,0,0.0,12,0.0,0,0.0,0.0,0.0,2025-12-01,-,0,1287.0
-,-,King11,-,642.92,-1.84,909.14,0.0,88.74,0.61,36,0.0,0,0.0,34,0.0,2,0.0,0.0,0.0,2023-06-04,-,0,-
-,-,tigeralleycat,-,640.68,-1.31,1014.47,0.0,124.6,0.44,12,0.0,1,0.0,11,0.0,0,0.0,8.33,0.0,2020-12-06,-,0,-
-,-,beeri,-,637.53,-1.36,998.45,0.0,120.31,0.45,12,0.0,0,0.0,12,0.0,0,0.0,0.0,0.0,2023-02-05,-,0,-
1422,new,araknid,ES,637.46,187.46,1212.55,-287.45,191.69,191.69,3,3.0,0,0.0,3,3.0,0,0.0,0.0,0.0,2026-06-23,-,0,1116.0
-,-,hs8127,-,635.3,-0.86,1204.15,0.0,189.62,0.29,3,0.0,0,0.0,3,0.0,0,0.0,0.0,0.0,2023-02-05,-,0,-
-,-,FOX23,-,633.38,-1.41,981.27,0.0,115.96,0.47,24,0.0,0,0.0,20,0.0,4,0.0,0.0,0.0,2021-06-02,-,0,1421.0
-,-,jeffcorrie,-,633.35,-1.16,1054.42,0.0,140.36,0.39,12,0.0,0,0.0,12,0.0,0,0.0,0.0,0.0,2019-09-29,-,0,-
-,-,eduarsu,-,633.04,-0.89,1183.34,0.0,183.43,0.3,6,0.0,0,0.0,5,0.0,1,0.0,0.0,0.0,2024-09-01,-,0,-
-,-,Masaka,-,631.49,-1.34,998.21,0.0,122.24,0.45,24,0.0,2,0.0,22,0.0,0,0.0,8.33,0.0,2021-03-02,-,0,-
-,-,Deect,-,630.37,-1.36,991.06,0.0,120.23,0.45,12,0.0,0,0.0,11,0.0,1,0.0,0.0,0.0,2022-03-06,-,0,-
1423,-94,ukrseaman,-,630.13,-1.66,925.99,0.0,98.62,0.55,24,0.0,0,0.0,24,0.0,0,0.0,0.0,0.0,2026-01-04,-,0,-
-,-,KingCarlos,-,629.33,-1.61,934.43,0.0,101.7,0.54,24,0.0,3,0.0,21,0.0,0,0.0,12.5,0.0,2022-09-04,-,0,-
-,-,Michael437,-,626.72,-1.24,1020.89,0.0,131.39,0.41,12,0.0,0,0.0,11,0.0,1,0.0,0.0,0.0,2020-03-29,-,0,-
-,-,Potti,-,625.71,-1.39,979.39,0.0,117.89,0.46,12,0.0,0,0.0,11,0.0,1,0.0,0.0,0.0,2021-12-05,-,0,-
-,-,Crazybrandon,-,625.43,-1.35,987.52,0.0,120.7,0.45,12,0.0,0,0.0,11,0.0,1,0.0,0.0,0.0,2023-02-05,-,0,-
-,-,thedayne,-,620.35,-1.03,1095.91,0.0,158.52,0.34,6,0.0,0,0.0,6,0.0,0,0.0,0.0,0.0,2023-01-15,-,0,-
-,-,gvasil,-,620.26,-1.11,1061.15,0.0,146.96,0.37,12,0.0,0,0.0,12,0.0,0,0.0,0.0,0.0,2020-06-28,-,0,-
-,-,dralbright,-,620.26,-1.11,1061.15,0.0,146.96,0.37,12,0.0,0,0.0,12,0.0,0,0.0,0.0,0.0,2020-06-14,-,0,-
-,-,Alfredo094,-,620.26,-1.11,1061.15,0.0,146.96,0.37,12,0.0,0,0.0,12,0.0,0,0.0,0.0,0.0,2020-06-14,-,0,-
-,-,joejones,-,618.46,-0.98,1117.69,0.0,166.41,0.33,6,0.0,0,0.0,6,0.0,0,0.0,0.0,0.0,2024-01-16,-,0,-
-,-,nihao,-,618.13,-1.36,977.42,0.0,119.76,0.45,12,0.0,0,0.0,12,0.0,0,0.0,0.0,0.0,2021-12-05,-,0,-
-,-,Roms90,-,617.5,-1.29,996.75,0.0,126.41,0.43,12,0.0,0,0.0,10,0.0,2,0.0,0.0,0.0,2021-03-02,-,0,-
-,-,simone.farina,-,615.08,-1.27,999.59,0.0,128.17,0.42,12,0.0,0,0.0,12,0.0,0,0.0,0.0,0.0,2020-06-14,-,0,-
-,-,saet1a,-,614.77,-0.91,1153.85,0.0,179.69,0.3,6,0.0,1,0.0,5,0.0,0,0.0,16.67,0.0,2024-01-16,-,0,-
-,-,lingdianyike,-,613.4,-1.18,1030.02,0.0,138.87,0.39,12,0.0,0,0.0,12,0.0,0,0.0,0.0,0.0,2024-01-16,-,0,-
-,-,Mazino,-,612.2,-0.8,1223.51,0.0,203.77,0.27,3,0.0,1,0.0,2,0.0,0,0.0,33.33,0.0,2023-02-05,-,0,-
-,-,BoMa85,-,611.11,-0.97,1113.2,0.0,167.36,0.32,6,0.0,0,0.0,6,0.0,0,0.0,0.0,0.0,2024-01-16,-,0,-
-,-,Xevi,-,610.66,-1.26,998.04,0.0,129.13,0.42,12,0.0,0,0.0,11,0.0,1,0.0,0.0,0.0,2020-12-06,-,0,-
-,-,issv,-,607.87,-1.37,966.3,0.0,119.48,0.46,12,0.0,0,0.0,12,0.0,0,0.0,0.0,0.0,2024-03-03,-,0,-
-,-,Simnel,-,606.49,-0.97,1109.94,0.0,167.82,0.32,6,0.0,0,0.0,6,0.0,0,0.0,0.0,0.0,2024-01-16,-,0,-
-,-,AoR,-,605.57,-1.09,1056.49,0.0,150.31,0.36,6,0.0,0,0.0,6,0.0,0,0.0,0.0,0.0,2023-01-15,-,0,-
-,-,uhujb,-,604.14,-1.34,970.54,0.0,122.13,0.45,12,0.0,0,0.0,11,0.0,1,0.0,0.0,0.0,2024-03-03,-,0,-
1424,-93,plamen,-,603.29,-1.59,910.94,0.0,102.55,0.53,24,0.0,0,0.0,24,0.0,0,0.0,0.0,0.0,2025-12-01,-,0,1287.0
-,-,greatestdecade,-,595.84,-1.44,936.6,0.0,113.59,0.48,12,0.0,0,0.0,12,0.0,0,0.0,0.0,0.0,2023-12-03,-,0,-
-,-,HostileApostle,-,595.06,-1.37,951.73,0.0,118.89,0.46,36,0.0,3,0.0,33,0.0,0,0.0,8.33,0.0,2020-03-30,-,0,-
-,-,BengtBapper,-,594.45,-1.33,962.58,0.0,122.71,0.44,12,0.0,0,0.0,12,0.0,0,0.0,0.0,0.0,2021-09-05,-,0,-
-,-,Arual,-,594.4,-1.41,942.73,0.0,116.11,0.47,24,0.0,2,0.0,22,0.0,0,0.0,8.33,0.0,2020-03-30,-,0,-
-,-,C4nt3r,-,590.3,-1.28,972.34,0.0,127.35,0.43,12,0.0,0,0.0,12,0.0,0,0.0,0.0,0.0,2020-12-06,-,0,-
-,-,jadeuk,-,587.52,-1.31,961.49,0.0,124.65,0.44,12,0.0,0,0.0,11,0.0,1,0.0,0.0,0.0,2021-06-02,-,0,-
-,-,Athenaios,-,585.38,-1.14,1013.7,0.0,142.77,0.38,12,0.0,0,0.0,12,0.0,0,0.0,0.0,0.0,2020-06-28,-,0,-
-,-,Bossland,-,577.82,-1.25,969.62,0.0,130.6,0.42,12,0.0,0,0.0,12,0.0,0,0.0,0.0,0.0,2020-12-06,-,0,-
-,-,AzzCark,-,577.56,-1.35,939.53,0.0,120.66,0.45,12,0.0,0,0.0,12,0.0,0,0.0,0.0,0.0,2024-09-04,-,0,-
-,-,Nemo233,-,576.68,-1.22,976.89,0.0,133.4,0.41,12,0.0,0,0.0,12,0.0,0,0.0,0.0,0.0,2020-12-06,-,0,-
-,-,-BARBAR-,-,575.36,-1.05,1042.79,0.0,155.81,0.35,6,0.0,0,0.0,6,0.0,0,0.0,0.0,0.0,2023-01-15,-,0,-
-,-,Ssimpson,-,575.18,-1.18,990.1,0.0,138.31,0.39,12,0.0,0,0.0,12,0.0,0,0.0,0.0,0.0,2020-09-27,-,0,-
-,-,SeThLaY,-,569.7,-0.89,1120.01,0.0,183.43,0.3,6,0.0,0,0.0,6,0.0,0,0.0,0.0,0.0,2024-11-28,-,0,1287.0
-,-,ppatrickme9,-,567.1,-1.26,954.39,0.0,129.1,0.42,12,0.0,2,0.0,10,0.0,0,0.0,16.67,0.0,2022-09-04,-,0,-
-,-,LavenderQueen,-,567.05,-0.88,1120.01,0.0,184.32,0.29,6,0.0,0,0.0,6,0.0,0,0.0,0.0,0.0,2024-01-16,-,0,-
-,-,jjmancini,-,567.05,-0.88,1120.01,0.0,184.32,0.29,6,0.0,0,0.0,6,0.0,0,0.0,0.0,0.0,2024-01-16,-,0,-
-,-,Srbak,-,567.05,-0.88,1120.01,0.0,184.32,0.29,6,0.0,0,0.0,6,0.0,0,0.0,0.0,0.0,2024-01-16,-,0,-
-,-,Utah7,-,566.53,-0.78,1191.55,0.0,208.34,0.26,3,0.0,0,0.0,3,0.0,0,0.0,0.0,0.0,2024-11-19,-,0,-
-,-,Fad23,-,566.01,-1.04,1036.87,0.0,156.95,0.35,12,0.0,1,0.0,11,0.0,0,0.0,8.33,0.0,2018-06-17,-,0,-
-,-,WhiteKnight1987,-,564.79,-1.38,918.94,0.0,118.05,0.46,12,0.0,0,0.0,12,0.0,0,0.0,0.0,0.0,2022-03-06,-,0,-
-,-,VerrueckterMax,-,563.35,-1.2,970.2,0.0,135.61,0.4,12,0.0,0,0.0,11,0.0,1,0.0,0.0,0.0,2021-03-02,-,0,-
-,-,Eroticus,-,561.82,-1.31,935.48,0.0,124.55,0.44,24,0.0,0,0.0,24,0.0,0,0.0,0.0,0.0,2018-10-07,-,0,-
-,-,dchampoy,-,557.66,-1.23,955.96,0.0,132.76,0.41,12,0.0,0,0.0,12,0.0,0,0.0,0.0,0.0,2020-12-06,-,0,-
1425,-93,ruben_san,-,556.46,-1.19,967.96,0.0,137.17,0.4,12,0.0,0,0.0,11,0.0,1,0.0,0.0,0.0,2025-12-01,-,0,-
-,-,red,-,553.74,-1.03,1027.68,0.0,157.98,0.34,6,0.0,0,0.0,6,0.0,0,0.0,0.0,0.0,2025-01-17,-,0,-
-,-,Reif,-,551.03,-1.22,951.65,0.0,133.54,0.41,12,0.0,0,0.0,12,0.0,0,0.0,0.0,0.0,2020-09-27,-,0,-
1426,-93,Viktoria301296,-,547.06,-1.25,939.23,0.0,130.72,0.42,12,0.0,2,0.0,10,0.0,0,0.0,16.67,0.0,2026-01-11,-,0,-
-,-,H4Y3K,-,540.17,-1.5,866.83,0.0,108.89,0.5,30,0.0,1,0.0,29,0.0,0,0.0,3.33,0.0,2024-01-16,-,0,-
-,-,Paeoc,BR,540.14,-0.84,1124.49,0.0,194.79,0.28,3,0.0,0,0.0,3,0.0,0,0.0,0.0,0.0,2023-04-11,-,0,-
-,-,syc8295,-,538.37,-1.12,975.76,0.0,145.8,0.37,12,0.0,0,0.0,12,0.0,0,0.0,0.0,0.0,2020-09-27,-,0,-
-,-,Narsil,-,537.4,-1.28,918.88,0.0,127.16,0.43,12,0.0,0,0.0,12,0.0,0,0.0,0.0,0.0,2020-12-06,-,0,-
-,-,Dantes2180,-,536.4,-0.88,1095.24,0.0,186.28,0.29,6,0.0,0,0.0,4,0.0,2,0.0,0.0,0.0,2024-01-16,-,0,-
1427,-93,luoxiaobai,-,531.92,-1.02,1012.2,0.0,160.09,0.34,6,0.0,0,0.0,5,0.0,1,0.0,0.0,0.0,2025-12-01,-,0,-
-,-,Calineczkaeu,-,530.96,-1.0,1021.53,0.0,163.52,0.33,6,0.0,0,0.0,6,0.0,0,0.0,0.0,0.0,2024-11-15,-,0,1287.0
-,-,lauch,DE,527.12,-0.93,1055.16,0.0,176.01,0.31,6,0.0,0,0.0,5,0.0,1,0.0,0.0,0.0,2024-01-16,-,0,-
-,-,Small_sips,-,520.55,-0.94,1039.43,0.0,172.96,0.31,6,0.0,0,0.0,6,0.0,0,0.0,0.0,0.0,2024-01-16,-,0,-
1428,-93,Benedonuss,-,519.93,-1.03,995.91,0.0,158.66,0.34,6,0.0,0,0.0,5,0.0,1,0.0,0.0,0.0,2026-05-09,-,0,-
1429,new,fengmufeng,-,517.17,67.17,1200.37,-299.63,227.74,227.74,3,3.0,0,0.0,3,3.0,0,0.0,0.0,0.0,2026-07-25,-,0,-
1430,-94,EnrySally,-,516.91,-0.93,1041.63,0.0,174.91,0.31,6,0.0,0,0.0,6,0.0,0,0.0,0.0,0.0,2025-12-01,-,0,-
-,-,Kaaz,-,514.66,-1.33,883.71,0.0,123.02,0.44,12,0.0,0,0.0,12,0.0,0,0.0,0.0,0.0,2023-02-05,-,0,-
-,-,onion777,-,514.31,-0.71,1200.37,0.0,228.69,0.24,3,0.0,0,0.0,3,0.0,0,0.0,0.0,0.0,2025-08-11,-,0,-
-,-,shuihan,-,513.77,-1.15,939.47,0.0,141.9,0.38,12,0.0,0,0.0,12,0.0,0,0.0,0.0,0.0,2020-09-27,-,0,-
-,-,skwaeron,-,513.59,-1.16,934.48,0.0,140.3,0.39,12,0.0,0,0.0,12,0.0,0,0.0,0.0,0.0,2019-12-30,-,0,-
-,-,deleted_user_4359608,-,511.06,-0.92,1044.03,0.0,177.66,0.31,6,0.0,0,0.0,5,0.0,1,0.0,0.0,0.0,2024-02-25,-,0,-
-,-,Levente1989,-,509.54,-1.07,968.13,0.0,152.86,0.36,6,0.0,0,0.0,6,0.0,0,0.0,0.0,0.0,2024-11-15,-,0,1287.0
-,-,gh1,-,508.64,-1.24,902.76,0.0,131.37,0.41,12,0.0,0,0.0,12,0.0,0,0.0,0.0,0.0,2021-06-02,-,0,-
-,-,Rouming,RU,499.61,-0.98,999.65,0.0,166.68,0.33,6,0.0,0,0.0,6,0.0,0,0.0,0.0,0.0,2024-01-16,-,0,-
-,-,hewb2006,-,496.98,-1.08,948.41,0.0,150.48,0.36,12,0.0,0,0.0,11,0.0,1,0.0,0.0,0.0,2020-06-14,-,0,-
-,-,Jeff_Ffej,-,495.94,-0.94,1017.34,0.0,173.8,0.31,6,0.0,0,0.0,6,0.0,0,0.0,0.0,0.0,2024-01-16,-,0,-
-,-,deleted_user_7683175,-,492.38,-0.92,1024.09,0.0,177.24,0.31,6,0.0,0,0.0,6,0.0,0,0.0,0.0,0.0,2024-01-16,-,0,-
-,-,dogrockbeeboy,-,485.42,-0.85,1061.76,0.0,192.11,0.28,6,0.0,0,0.0,4,0.0,2,0.0,0.0,0.0,2024-01-16,-,0,-
-,-,Topalogy,-,481.65,-0.92,1015.24,0.0,177.86,0.31,6,0.0,0,0.0,6,0.0,0,0.0,0.0,0.0,2024-01-16,-,0,-
-,-,KorE,US,478.23,-0.75,1132.25,0.0,218.01,0.25,3,0.0,0,0.0,3,0.0,0,0.0,0.0,0.0,2023-02-05,-,0,-
-,-,vrhpires,-,475.17,-1.13,907.98,0.0,144.27,0.38,12,0.0,0,0.0,12,0.0,0,0.0,0.0,0.0,2020-09-27,-,0,-
-,-,Mercury777,-,454.95,-0.92,989.25,0.0,178.1,0.31,6,0.0,0,0.0,6,0.0,0,0.0,0.0,0.0,2024-01-16,-,0,-
1431,new,CaNaLLA,-,441.28,-8.72,1097.49,-402.51,218.73,218.73,3,3.0,0,0.0,3,3.0,0,0.0,0.0,0.0,2026-07-18,-,0,-
-,-,Lordsmile,-,427.15,-0.91,965.35,0.0,179.4,0.3,6,0.0,0,0.0,6,0.0,0,0.0,0.0,0.0,2024-01-16,-,0,-
1432,-94,denatale,-,414.71,-0.9,956.19,0.0,180.49,0.3,6,0.0,0,0.0,4,0.0,2,0.0,0.0,0.0,2025-12-01,-,0,-
-,-,Lobbakak,-,413.77,-1.23,813.02,0.0,133.08,0.41,12,0.0,0,0.0,12,0.0,0,0.0,0.0,0.0,2020-12-06,-,0,-
-,-,or0b0to,-,397.59,-0.88,951.78,0.0,184.73,0.29,6,0.0,0,0.0,6,0.0,0,0.0,0.0,0.0,2024-01-16,-,0,-
1433,-94,KingMomo,-,379.69,-1.21,785.98,0.0,135.43,0.4,18,0.0,0,0.0,18,0.0,0,0.0,0.0,0.0,2025-12-01,-,0,1287.0
-,-,GameTroll,-,364.55,-0.95,881.08,0.0,172.18,0.32,6,0.0,0,0.0,6,0.0,0,0.0,0.0,0.0,2024-01-16,-,0,-
-,-,FilipDabrowski,-,352.17,-0.87,917.83,0.0,188.55,0.29,6,0.0,0,0.0,6,0.0,0,0.0,0.0,0.0,2024-01-16,-,0,-
-,-,9275835,-,334.92,-0.75,987.47,0.0,217.52,0.25,3,0.0,0,0.0,2,0.0,1,0.0,0.0,0.0,2024-12-31,-,0,-
1434,-94,UgoNuma,-,319.19,-0.86,885.37,0.0,188.73,0.29,6,0.0,0,0.0,6,0.0,0,0.0,0.0,0.0,2025-12-01,-,0,-
-,-,mladodoc,-,318.05,-0.86,884.05,0.0,188.67,0.29,6,0.0,0,0.0,6,0.0,0,0.0,0.0,0.0,2024-01-16,-,0,-
1435,-94,Spiderodra,-,311.96,-0.78,941.52,0.0,209.85,0.26,3,0.0,0,0.0,3,0.0,0,0.0,0.0,0.0,2026-04-24,-,0,-
1436,-94,JVCSC,-,287.74,-0.92,822.66,0.0,178.31,0.31,12,0.0,0,0.0,12,0.0,0,0.0,0.0,0.0,2025-12-01,-,0,-
-,-,wapper,-,189.24,-0.87,753.21,0.0,187.99,0.29,6,0.0,0,0.0,6,0.0,0,0.0,0.0,0.0,2024-06-16,-,0,-
-,-,Imperator,-,148.38,-0.72,827.04,0.0,226.22,0.24,3,0.0,0,0.0,3,0.0,0,0.0,0.0,0.0,2024-12-24,-,0,-
1437,-94,Szymon767,-,100.4,-0.91,636.44,0.0,178.68,0.3,12,0.0,0,0.0,11,0.0,1,0.0,0.0,0.0,2025-12-01,-,0,-
-,-,Phlegm,-,75.36,-0.84,658.54,0.0,194.39,0.28,6,0.0,0,0.0,6,0.0,0,0.0,0.0,0.0,2024-01-16,-,0,-
