Rank,Rank Δ,Player,Code,C Rating,C Rating Δ,Rating,Rating Δ,RD,RD Δ,Opps,Opps Δ,Ws,Ws Δ,Ls,Ls Δ,Ds,Ds Δ,W%,W% Δ,Last Played,Title,Title Count,Leaderboard Rank
1,0,DireNTropy,US,1894.73,-4.69,2006.82,-6.33,37.36,-0.55,284,10.0,220,6.0,63,4.0,1,0.0,77.46,-0.64,2026-08-15,GM,3,-
-,-,Airren,US,1887.54,-2.7,2069.52,0.0,60.66,0.9,96,0.0,85,0.0,11,0.0,0,0.0,88.54,0.0,2023-09-14,GM,5,622.0
2,2,Grozz,RU,1876.27,33.78,1951.37,33.43,25.03,-0.12,390,36.0,283,30.0,104,6.0,3,0.0,72.56,1.09,2026-08-28,M,1,6.0
3,0,Weidenbaum,DE,1868.71,-5.63,1945.15,-5.71,25.48,-0.03,750,32.0,503,18.0,236,13.0,11,1.0,67.07,-0.48,2026-08-28,GM,27,10.0
4,-2,Wawrzyniec,PL,1862.64,-18.1,1977.99,-22.02,38.45,-1.31,236,12.0,169,5.0,64,7.0,3,0.0,71.61,-1.6,2026-08-26,GM,8,94.0
5,0,wolvs,UA,1854.71,12.66,1926.04,13.92,23.77,0.42,734,38.0,500,27.0,229,11.0,5,0.0,68.12,0.16,2026-08-31,GM,3,5.0
6,7,a440,CA,1837.7,33.85,1950.03,30.34,37.45,-1.17,234,12.0,164,10.0,69,2.0,1,0.0,70.09,0.72,2026-08-26,-,0,26.0
7,-1,Martin_Pecheur,FR,1834.73,-3.24,1907.32,-2.85,24.19,0.13,798,34.0,512,17.0,280,17.0,6,0.0,64.16,-0.63,2026-08-28,GM,15,1.0
8,0,St4nkk,PL,1823.16,-3.57,1948.68,-1.28,41.84,0.76,194,2.0,153,1.0,40,1.0,1,0.0,78.87,-0.3,2026-07-04,M,1,265.0
9,0,mwi,PL,1821.93,-0.5,1903.2,0.85,27.09,0.45,352,20.0,251,13.0,99,7.0,2,0.0,71.31,-0.38,2026-07-29,M,1,13.0
10,-3,Genghisip,UA,1820.42,-10.96,1930.65,-10.35,36.74,0.2,224,6.0,146,2.0,78,4.0,0,0.0,65.18,-0.88,2026-07-25,GM,9,27.0
11,-1,whsvin,HK,1813.89,-4.55,1929.27,0.0,38.46,1.52,324,0.0,250,0.0,74,0.0,0,0.0,77.16,0.0,2026-05-15,GM,6,64.0
12,0,Palino,SK,1812.32,-0.01,1907.14,2.14,31.61,0.72,558,8.0,363,5.0,195,3.0,0,0.0,65.05,-0.04,2026-08-14,GM,5,77.0
13,2,Majondor,AU,1807.83,6.22,1885.08,7.22,25.75,0.33,534,24.0,341,15.0,187,9.0,6,0.0,63.86,-0.06,2026-08-24,GM,5,8.0
14,0,funestus,NO,1805.19,2.45,1895.01,6.07,29.94,1.21,342,6.0,231,4.0,109,2.0,2,0.0,67.54,-0.02,2026-07-25,GM,2,11.0
15,-4,pv4,BE,1800.71,-13.68,1885.33,-10.86,28.21,0.94,518,12.0,308,5.0,205,7.0,5,0.0,59.46,-0.42,2026-08-19,GM,14,3.0
16,0,totsilence,DE,1793.02,-6.14,1871.95,-4.64,26.31,0.5,662,22.0,436,12.0,221,10.0,5,0.0,65.86,-0.39,2026-08-31,GM,2,9.0
17,2,Arne,DE,1791.0,-1.44,1872.93,0.59,27.31,0.68,334,16.0,223,10.0,109,6.0,2,0.0,66.77,-0.21,2026-07-21,M,4,14.0
18,2,Lcfyx,FR,1790.98,4.21,1879.96,8.07,29.66,1.29,396,6.0,262,5.0,132,1.0,2,0.0,66.16,0.26,2026-07-10,M,5,16.0
-,-,Dirkules,DE,1790.51,-3.53,1937.33,0.0,48.94,1.18,126,0.0,93,0.0,33,0.0,0,0.0,73.81,0.0,2024-07-15,GM,3,-
-,-,Pascalotopia,CA,1786.95,-3.34,1933.73,0.0,48.93,1.11,116,0.0,79,0.0,37,0.0,0,0.0,68.1,0.0,2024-09-10,GM,5,-
19,-1,barboucha,FR,1786.42,-7.28,1881.48,-2.38,31.69,1.63,314,4.0,218,3.0,92,1.0,4,0.0,69.43,0.08,2026-07-20,GM,1,50.0
20,16,Kolo,IT,1780.78,32.53,1915.48,21.37,44.9,-3.72,132,12.0,107,9.0,24,3.0,1,0.0,81.06,-0.61,2026-07-16,M,2,607.0
21,5,dannyboy14,US,1777.8,5.77,1860.18,6.79,27.46,0.34,396,18.0,241,12.0,151,6.0,4,0.0,60.86,0.28,2026-08-31,GM,2,23.0
22,2,Eepogi,FI,1777.62,5.01,1856.34,9.51,26.24,1.5,640,10.0,383,7.0,254,3.0,3,0.0,59.84,0.16,2026-07-20,GM,1,2.0
23,2,DANeo,DE,1777.58,5.24,1866.61,6.8,29.68,0.52,316,12.0,189,7.0,124,5.0,3,0.0,59.81,-0.06,2026-08-30,GM,3,7.0
24,-2,Eske,DK,1777.32,0.67,1882.32,-1.1,35.0,-0.59,356,12.0,238,7.0,115,5.0,3,0.0,66.85,-0.3,2026-08-20,GM,4,110.0
-,-,Sandwhale,US,1777.06,-3.38,1925.3,0.0,49.41,1.13,152,0.0,109,0.0,43,0.0,0,0.0,71.71,0.0,2025-07-27,GM,2,82.0
25,-8,Vovka,UA,1776.92,-20.67,1870.36,-22.6,31.15,-0.64,188,18.0,130,6.0,57,12.0,1,0.0,69.15,-3.79,2026-08-19,-,0,43.0
-,-,silent_x111,US,1771.93,-3.17,1934.4,0.0,54.16,1.06,246,0.0,183,0.0,63,0.0,0,0.0,74.39,0.0,2022-07-06,GM,14,-
26,2,ERock37,CA,1765.33,2.97,1851.23,3.74,28.63,0.26,244,16.0,156,9.0,87,7.0,1,0.0,63.93,-0.54,2026-08-31,-,0,51.0
27,-6,zoldaria,US,1763.23,-20.55,1873.88,-30.45,36.89,-3.3,142,22.0,107,10.0,33,12.0,2,0.0,75.35,-5.48,2026-08-24,-,0,288.0
28,-1,AaronGreen,US,1760.79,-2.25,1857.51,-3.74,32.24,-0.5,578,16.0,331,8.0,243,8.0,4,0.0,57.27,-0.2,2026-08-24,GM,7,729.0
29,9,Dantes,US,1758.56,13.89,1839.05,12.73,26.83,-0.39,258,28.0,159,18.0,98,10.0,1,0.0,61.63,0.33,2026-08-31,P,1,36.0
30,0,Tamirys,US,1754.21,-5.44,1835.89,-1.48,27.23,1.32,700,10.0,406,5.0,287,5.0,7,0.0,58.0,-0.12,2026-07-20,GM,9,69.0
31,0,Gandin,CH,1753.88,-5.65,1838.92,-3.29,28.34,0.79,376,12.0,237,5.0,137,7.0,2,0.0,63.03,-0.71,2026-08-07,M,4,15.0
-,-,Binki,RU,1752.39,-3.8,1882.13,0.0,43.25,1.27,256,0.0,170,0.0,84,0.0,2,0.0,66.41,0.0,2023-12-03,GM,3,-
32,24,kyshantry,US,1749.94,26.14,1868.9,20.12,39.65,-2.01,170,12.0,100,8.0,70,4.0,0,0.0,58.82,0.59,2026-08-31,M,1,53.0
33,14,Jaracz,PL,1749.16,20.29,1853.32,19.18,34.72,-0.37,256,12.0,184,10.0,70,2.0,2,0.0,71.88,0.57,2026-08-24,P,6,258.0
34,-11,Tim248,-,1748.75,-24.97,1943.11,-29.06,64.79,-1.36,56,2.0,50,0.0,6,2.0,0,0.0,89.29,-3.3,2026-07-04,-,0,863.0
35,206,SandHippo,CN,1747.88,175.53,2026.14,-27.79,92.75,-67.77,18,12.0,13,8.0,5,4.0,0,0.0,72.22,-11.11,2026-08-26,-,0,238.0
36,3,Dots,DE,1747.78,4.83,1877.96,2.62,43.39,-0.74,162,6.0,110,4.0,52,2.0,0,0.0,67.9,-0.05,2026-07-09,GM,2,123.0
37,-3,Sektat,CH,1747.69,-3.85,1824.99,-1.53,25.76,0.78,458,18.0,282,9.0,174,9.0,2,0.0,61.57,-0.48,2026-07-21,M,11,18.0
38,-1,Sellux,IT,1747.24,2.3,1893.11,-9.68,48.63,-3.99,78,10.0,58,5.0,20,5.0,0,0.0,74.36,-3.58,2026-08-22,-,0,203.0
39,-10,pajada,CZ,1747.14,-12.74,1823.15,-9.74,25.34,1.0,904,20.0,508,8.0,386,12.0,10,0.0,56.19,-0.37,2026-07-28,GM,11,12.0
40,-5,Lambda,ES,1746.53,-4.08,1867.8,0.0,40.42,1.36,162,0.0,112,0.0,49,0.0,1,0.0,69.14,0.0,2026-04-14,GM,2,22.0
41,-8,Pitor,NL,1746.48,-5.98,1876.96,-27.61,43.49,-7.21,96,22.0,75,12.0,21,10.0,0,0.0,78.12,-7.02,2026-08-16,-,0,-
42,21,FCKAFD,DE,1737.92,27.69,1867.77,18.58,43.28,-3.04,90,12.0,67,9.0,23,3.0,0,0.0,74.44,0.08,2026-08-31,-,0,100.0
43,10,IdkIdcIdgaf,UA,1737.63,12.58,1856.8,2.39,39.72,-3.4,118,16.0,84,9.0,33,7.0,1,0.0,71.19,-2.34,2026-08-31,G,2,398.0
44,-4,Gutemetralla,FR,1737.03,-4.32,1828.85,-5.18,30.61,-0.29,238,16.0,167,7.0,70,9.0,1,0.0,70.17,-1.9,2026-08-31,-,0,24.0
45,10,Angor,RU,1736.51,12.43,1838.11,11.3,33.87,-0.38,288,12.0,191,8.0,94,4.0,3,0.0,66.32,0.02,2026-07-13,GM,1,104.0
-,-,Lemmingsplayer,GB,1735.79,-2.78,1915.38,0.0,59.86,0.93,96,0.0,79,0.0,17,0.0,0,0.0,82.29,0.0,2022-09-04,GM,1,-
46,-14,saru,CN,1735.6,-19.66,1812.13,-14.98,25.51,1.56,722,22.0,433,8.0,274,14.0,15,0.0,59.97,-0.74,2026-08-31,M,3,4.0
47,-6,Cogito3,US,1734.89,-5.02,1812.65,-4.83,25.92,0.06,316,26.0,204,14.0,109,12.0,3,0.0,64.56,-0.96,2026-08-30,G,1,34.0
48,23,maximpodg,-,1732.83,32.41,1870.56,18.96,45.91,-4.48,108,12.0,74,7.0,34,5.0,0,0.0,68.52,-1.27,2026-08-18,M,2,-
49,18,tianren4561367,-,1732.1,24.2,1891.24,-14.52,53.05,-12.9,54,18.0,43,10.0,10,7.0,1,1.0,79.63,-12.04,2026-08-30,-,0,-
50,-2,321letsjam,DE,1731.13,2.44,1823.35,7.22,30.74,1.59,304,6.0,197,4.0,105,2.0,2,0.0,64.8,0.03,2026-07-10,G,5,67.0
52,-9,Lech,PL,1730.98,-4.4,1812.03,-3.83,27.02,0.19,440,22.0,265,9.0,173,13.0,2,0.0,60.23,-1.01,2026-08-16,M,3,17.0
51,-9,iyakhoop,TH,1730.98,-4.47,1841.36,0.0,36.79,1.49,406,0.0,249,0.0,148,0.0,9,0.0,61.33,0.0,2025-11-30,GM,1,297.0
53,-2,Raffaello,DE,1729.68,2.99,1810.25,4.1,26.86,0.37,296,20.0,197,12.0,97,8.0,2,0.0,66.55,-0.48,2026-07-28,G,2,39.0
-,-,Sohoof,NL,1725.03,-3.64,1864.97,0.0,46.65,1.21,120,0.0,87,0.0,32,0.0,1,0.0,72.5,0.0,2025-08-18,-,0,218.0
54,-4,Spartan1337,NL,1724.25,-2.77,1803.37,-0.78,26.37,0.66,510,18.0,321,8.0,183,9.0,6,1.0,62.94,-0.68,2026-08-31,P,10,37.0
55,4,Fourierrr,BR,1723.65,6.41,1804.34,10.55,26.9,1.38,446,8.0,282,7.0,162,1.0,2,0.0,63.23,0.44,2026-07-26,M,2,49.0
56,-11,Lander90,BE,1722.28,-8.93,1805.25,-10.15,27.66,-0.41,248,26.0,166,11.0,80,15.0,2,0.0,66.94,-2.88,2026-08-31,-,0,80.0
57,-11,jezza101,AU,1721.09,-8.2,1807.02,-5.89,28.64,0.77,306,12.0,202,6.0,101,6.0,3,0.0,66.01,-0.66,2026-07-18,G,4,40.0
58,-14,scipio238,GB,1719.2,-13.17,1810.76,-9.63,30.52,1.18,282,6.0,173,1.0,109,5.0,0,0.0,61.35,-0.97,2026-07-09,P,3,41.0
59,-5,Boromir7,PL,1718.46,-5.79,1800.62,-0.96,27.39,1.61,560,6.0,342,3.0,215,3.0,3,0.0,61.07,-0.12,2026-08-03,M,8,31.0
60,-8,Allfather,US,1717.59,-8.9,1808.42,-5.52,30.27,1.13,226,6.0,143,2.0,81,4.0,2,0.0,63.27,-0.82,2026-07-15,-,0,30.0
61,0,Sylvain,FR,1716.92,1.05,1797.91,2.9,27.0,0.62,590,16.0,342,8.0,246,7.0,2,1.0,57.97,-0.22,2026-08-31,M,2,38.0
62,3,SpartacusImperator,DK,1715.56,6.21,1825.0,6.91,36.48,0.23,240,6.0,152,4.0,85,2.0,3,0.0,63.33,0.08,2026-07-02,P,6,133.0
63,34,DarKStyle,-,1714.13,39.34,1842.04,24.93,42.64,-4.8,88,18.0,70,14.0,17,4.0,1,0.0,79.55,-0.45,2026-07-29,-,0,-
64,26,lhrljr,SG,1714.12,35.5,1837.52,25.29,41.13,-3.4,98,16.0,76,13.0,21,3.0,1,0.0,77.55,0.72,2026-08-30,-,0,852.0
65,-8,Doughnut,GB,1712.92,-8.56,1824.35,-7.98,37.14,0.19,182,6.0,128,2.0,53,4.0,1,0.0,70.33,-1.26,2026-07-05,G,6,308.0
66,-4,FirstOfDao,CN,1710.9,-4.55,1787.98,-1.26,25.69,1.1,496,16.0,297,8.0,196,8.0,3,0.0,59.88,-0.33,2026-08-14,P,2,29.0
-,-,devilchn,-,1709.84,-2.27,1925.86,0.0,72.0,0.76,42,0.0,37,0.0,5,0.0,0,0.0,88.1,0.0,2025-07-04,-,0,496.0
-,-,Veivi,FI,1708.47,-2.86,1879.45,0.0,56.99,0.95,130,0.0,85,0.0,44,0.0,1,0.0,65.38,0.0,2022-03-06,GM,4,-
67,-18,Drikhen,EE,1707.47,-19.85,1820.81,-24.27,37.78,-1.47,142,12.0,108,3.0,33,8.0,1,1.0,76.06,-4.71,2026-08-07,-,0,226.0
68,54,Icallhimtest,-,1706.31,52.49,1908.37,30.04,67.35,-7.48,30,6.0,25,5.0,5,1.0,0,0.0,83.33,0.0,2026-07-04,-,0,-
69,3,jantteri,-,1706.1,6.27,1783.61,9.42,25.84,1.05,406,16.0,245,11.0,158,5.0,3,0.0,60.34,0.34,2026-08-07,G,5,46.0
-,-,Cleanbulk,NL,1705.18,-3.43,1846.56,0.0,47.13,1.14,204,0.0,131,0.0,72,0.0,1,0.0,64.22,0.0,2023-08-30,M,5,-
70,-10,Dazzy,CN,1705.01,-11.74,1789.52,-6.72,28.17,1.67,440,4.0,272,0.0,160,4.0,8,0.0,61.82,-0.57,2026-07-27,M,2,20.0
-,-,Andrethegiant,NO,1704.17,-3.36,1853.29,0.0,49.7,1.12,166,0.0,115,0.0,51,0.0,0,0.0,69.28,0.0,2023-07-18,GM,1,-
71,6,Nickeberg,-,1703.77,12.12,1826.67,11.14,40.97,-0.33,156,6.0,102,4.0,54,2.0,0,0.0,65.38,0.05,2026-07-10,P,2,216.0
72,-4,Magnetiseur,DE,1702.11,-5.27,1797.27,0.0,31.72,1.76,416,0.0,265,0.0,146,0.0,5,0.0,63.7,0.0,2026-05-19,P,10,57.0
73,0,tupper,CA,1701.34,6.19,1780.27,8.93,26.31,0.91,370,16.0,234,10.0,131,6.0,5,0.0,63.24,-0.04,2026-07-26,G,3,78.0
-,-,DJParson,DE,1699.77,-4.3,1814.53,0.0,38.25,1.43,464,0.0,262,0.0,201,0.0,1,0.0,56.47,0.0,2025-06-26,GM,8,321.0
74,-5,takusto_II,JP,1699.22,-5.93,1775.53,-4.25,25.44,0.56,860,22.0,459,9.0,396,13.0,5,0.0,53.37,-0.33,2026-08-30,M,3,59.0
75,-17,Momomillion,DE,1698.22,-19.14,1785.43,-18.52,29.07,0.21,224,16.0,142,4.0,81,12.0,1,0.0,63.39,-2.96,2026-08-02,-,0,83.0
76,15,Doobie,CN,1694.76,16.6,1775.2,19.34,26.81,0.91,518,18.0,294,12.0,222,6.0,2,0.0,56.76,0.36,2026-08-28,G,21,87.0
77,5,Huettengaudi,DE,1692.9,5.66,1769.78,9.34,25.63,1.23,534,14.0,310,8.0,222,6.0,2,0.0,58.05,-0.03,2026-07-26,P,6,71.0
78,81,bluecube,-,1691.7,62.74,1853.16,37.13,53.82,-8.53,54,12.0,41,7.0,12,4.0,1,1.0,75.93,-5.02,2026-08-28,-,0,1287.0
79,-9,GerisNezus,LT,1689.52,-15.39,1767.99,-13.24,26.15,0.72,550,26.0,328,10.0,218,16.0,4,0.0,59.64,-1.05,2026-08-24,P,3,45.0
80,-4,invalidName,NO,1688.61,-4.03,1815.26,0.0,42.22,1.34,272,0.0,178,0.0,93,0.0,1,0.0,65.44,0.0,2026-05-31,GM,2,-
81,-2,Gagic,CZ,1688.32,-2.09,1767.8,1.94,26.49,1.34,390,10.0,228,6.0,159,4.0,3,0.0,58.46,0.04,2026-08-07,G,5,73.0
82,-8,Phalanxx,US,1688.29,-4.84,1790.81,0.0,34.17,1.61,162,0.0,108,0.0,54,0.0,0,0.0,66.67,0.0,2026-05-20,-,0,95.0
-,-,gothark,PL,1687.82,-3.8,1818.52,0.0,43.57,1.27,128,0.0,97,0.0,30,0.0,1,0.0,75.78,0.0,2025-05-31,G,2,74.0
83,10,zoiedberg,BE,1687.68,10.9,1821.61,7.59,44.64,-1.1,84,6.0,55,4.0,29,2.0,0,0.0,65.48,0.1,2026-07-03,-,0,265.0
84,0,Brightfuture,RU,1687.41,2.68,1764.67,5.73,25.75,1.02,518,16.0,313,9.0,200,6.0,5,1.0,60.42,-0.14,2026-07-30,P,7,48.0
85,-5,drodriguez,-,1686.93,-1.83,1778.03,-2.56,30.36,-0.24,192,16.0,126,8.0,66,8.0,0,0.0,65.62,-1.43,2026-08-09,-,0,126.0
86,-8,Gilgamesh2,NL,1686.76,-4.67,1793.77,0.0,35.67,1.56,194,0.0,134,0.0,58,0.0,2,0.0,69.07,0.0,2026-03-22,G,2,32.0
87,32,Dethar,PL,1683.51,28.06,1794.92,23.3,37.13,-1.59,116,14.0,80,9.0,36,5.0,0,0.0,68.97,-0.64,2026-08-22,-,0,302.0
-,-,Rabbles,AU,1681.56,-2.97,1846.86,0.0,55.1,0.99,132,0.0,94,0.0,37,0.0,1,0.0,71.21,0.0,2023-09-03,M,1,-
88,-24,Vantablack,MO,1681.53,-28.49,1764.65,-25.14,27.71,1.12,558,12.0,324,0.0,229,12.0,5,0.0,58.06,-1.28,2026-07-16,GM,1,84.0
89,-6,yaba,PL,1680.98,-6.22,1766.07,0.0,28.36,2.07,480,0.0,272,0.0,203,0.0,5,0.0,56.67,0.0,2026-05-31,M,6,55.0
90,12,Turdle,AT,1680.35,8.63,1755.33,11.63,24.99,1.0,452,24.0,264,13.0,183,11.0,5,0.0,58.41,-0.23,2026-08-27,P,4,111.0
-,-,Himmelstosh,RU,1679.54,-3.93,1811.88,0.0,44.11,1.31,282,0.0,162,0.0,115,0.0,5,0.0,57.45,0.0,2024-07-15,GM,1,-
91,-3,BlixLT,LT,1679.41,-0.31,1751.12,4.43,23.9,1.58,1146,14.0,624,8.0,518,5.0,4,1.0,54.45,0.03,2026-08-07,P,18,56.0
92,3,CaesarSalah,US,1678.76,3.04,1754.0,6.76,25.08,1.24,728,16.0,404,9.0,318,7.0,6,0.0,55.49,0.01,2026-08-03,P,15,21.0
-,-,LeonC,TW,1676.13,-2.25,1895.29,0.0,73.05,0.75,78,0.0,58,0.0,20,0.0,0,0.0,74.36,0.0,2020-10-28,-,0,-
-,-,Draculade,-,1675.66,-3.96,1801.87,0.0,42.07,1.32,248,0.0,165,0.0,80,0.0,3,0.0,66.53,0.0,2024-12-04,P,2,653.0
93,-18,zadokk,BE,1675.37,-17.3,1760.39,-16.21,28.34,0.36,424,18.0,247,4.0,175,14.0,2,0.0,58.25,-1.6,2026-08-24,P,14,80.0
94,16,Obinger_Alphons,AT,1674.06,9.17,1782.16,10.38,36.03,0.41,158,6.0,109,5.0,48,1.0,1,0.0,68.99,0.57,2026-07-23,-,0,125.0
95,3,DrSniken,NO,1673.88,1.11,1820.4,-4.55,48.84,-1.88,72,6.0,51,3.0,21,3.0,0,0.0,70.83,-1.9,2026-07-15,-,0,72.0
-,-,Ktung,-,1672.78,-3.5,1816.31,0.0,47.84,1.17,228,0.0,143,0.0,84,0.0,1,0.0,62.72,0.0,2023-06-04,M,5,-
96,11,yaop,CN,1672.47,3.03,1753.04,5.8,26.85,0.92,300,16.0,173,8.0,124,8.0,3,0.0,57.67,-0.43,2026-07-28,G,1,28.0
97,-12,Tordread,US,1672.13,-10.5,1757.38,-7.72,28.42,0.93,582,12.0,336,4.0,242,8.0,4,0.0,57.73,-0.52,2026-08-03,GM,3,44.0
98,7,RestlessMe,US,1671.16,0.61,1749.0,4.91,25.95,1.44,602,10.0,343,6.0,254,4.0,5,0.0,56.98,0.05,2026-08-09,P,5,34.0
99,-3,gomensky,CZ,1670.91,-4.7,1777.38,0.0,35.49,1.57,210,0.0,144,0.0,66,0.0,0,0.0,68.57,0.0,2026-05-21,G,2,96.0
100,29,jhutc,GB,1670.52,21.43,1763.99,18.42,31.15,-1.0,196,20.0,132,14.0,64,6.0,0,0.0,67.35,0.3,2026-08-07,-,0,113.0
101,8,moemoe,DE,1670.44,5.15,1753.17,9.91,27.58,1.59,316,8.0,187,5.0,125,3.0,4,0.0,59.18,0.09,2026-08-22,-,0,65.0
-,-,Sjir,NL,1670.44,-3.92,1797.54,0.0,42.37,1.31,268,0.0,162,0.0,105,0.0,1,0.0,60.45,0.0,2024-07-15,M,5,-
102,-2,Plunderteig,CN,1669.32,-2.51,1867.38,0.0,66.02,0.84,42,0.0,30,0.0,12,0.0,0,0.0,71.43,0.0,2025-09-27,-,0,102.0
-,-,Hierostrafio,SE,1668.89,-2.95,1837.1,0.0,56.07,0.98,132,0.0,81,0.0,51,0.0,0,0.0,61.36,0.0,2022-05-28,GM,3,-
-,-,Veikka,FI,1667.5,-3.78,1804.84,0.0,45.78,1.26,274,0.0,172,0.0,100,0.0,2,0.0,62.77,0.0,2023-11-15,P,10,-
-,-,Zulda,-,1667.23,-2.94,1836.77,0.0,56.51,0.98,114,0.0,73,0.0,36,0.0,5,0.0,64.04,0.0,2022-05-23,M,1,-
103,-2,Raulone,ES,1667.04,-4.73,1772.39,0.0,35.12,1.58,222,0.0,144,0.0,78,0.0,0,0.0,64.86,0.0,2026-02-26,G,5,93.0
104,10,NFGM,DE,1666.43,3.11,1766.62,3.08,33.4,-0.01,146,10.0,98,6.0,45,4.0,3,0.0,67.12,-0.53,2026-08-07,-,0,306.0
105,-2,Oprah,DK,1665.73,-5.79,1758.53,0.0,30.94,1.93,556,0.0,315,0.0,238,0.0,3,0.0,56.65,0.0,2025-11-30,GM,2,60.0
-,-,SnailZane,CN,1665.41,-4.01,1791.6,0.0,42.06,1.34,210,0.0,120,0.0,90,0.0,0,0.0,57.14,0.0,2024-09-15,M,6,757.0
-,-,edan92,-,1665.34,-3.34,1816.94,0.0,50.53,1.11,258,0.0,176,0.0,81,0.0,1,0.0,68.22,0.0,2022-11-29,M,4,-
106,44,MrBiz,US,1664.41,29.87,1772.84,26.02,36.14,-1.29,128,14.0,92,10.0,35,3.0,1,1.0,71.88,-0.05,2026-07-26,-,0,480.0
107,5,WanderingWolf,AU,1664.36,0.17,1750.87,4.56,28.83,1.46,498,6.0,289,4.0,202,2.0,7,0.0,58.03,0.1,2026-07-22,M,1,115.0
108,-2,BoatyMcBoatface,US,1664.14,-6.41,1744.67,-4.26,26.84,0.72,414,16.0,250,7.0,162,8.0,2,1.0,60.39,-0.67,2026-07-29,P,2,88.0
109,-5,weisswurst,NL,1663.8,-7.11,1761.86,-4.62,32.69,0.83,380,6.0,233,2.0,143,4.0,4,0.0,61.32,-0.44,2026-07-11,M,4,120.0
110,102,W1TCH0R,-,1663.42,74.44,1885.3,35.68,73.96,-12.92,30,10.0,27,9.0,3,1.0,0,0.0,90.0,0.0,2026-08-06,-,0,-
111,-30,discodancer,-,1663.09,-24.92,1778.39,-24.97,38.43,-0.02,150,6.0,97,0.0,53,6.0,0,0.0,64.67,-2.69,2026-07-09,P,4,130.0
112,30,Kesterer,GB,1662.7,21.94,1839.2,8.27,58.83,-4.56,58,6.0,44,4.0,14,2.0,0,0.0,75.86,-1.06,2026-06-27,-,0,-
113,-5,heisenberg_97,IT,1662.24,-3.34,1752.81,-0.03,30.19,1.1,378,6.0,227,3.0,146,2.0,5,1.0,60.05,-0.17,2026-07-01,P,4,118.0
114,-20,DrRerNate,DE,1661.99,-14.23,1747.5,-10.94,28.5,1.1,742,10.0,414,2.0,320,8.0,8,0.0,55.8,-0.48,2026-08-07,GM,4,142.0
115,1,Shagrat,CZ,1661.56,3.88,1742.12,5.72,26.85,0.61,324,16.0,207,9.0,114,6.0,3,1.0,63.89,-0.4,2026-08-13,G,1,112.0
116,-5,gregt,-,1659.95,-4.76,1763.9,0.0,34.65,1.59,304,0.0,202,0.0,101,0.0,1,0.0,66.45,0.0,2026-05-21,P,4,321.0
117,-25,Fjantarik,-,1659.92,-17.73,1747.09,-15.27,29.06,0.82,300,12.0,179,3.0,120,9.0,1,0.0,59.67,-1.44,2026-07-21,P,2,58.0
118,194,FrenkDeTank,NL,1659.26,120.32,1867.25,81.52,69.33,-12.93,32,10.0,31,10.0,1,0.0,0,0.0,96.88,1.43,2026-08-09,-,0,-
119,-20,DiddleySquat,BE,1659.06,-12.91,1738.7,-9.47,26.55,1.15,540,12.0,319,3.0,217,9.0,4,0.0,59.07,-0.78,2026-08-31,GM,1,98.0
-,-,Sugoi,CA,1658.59,-2.91,1827.25,0.0,56.22,0.97,78,0.0,55,0.0,23,0.0,0,0.0,70.51,0.0,2024-07-01,P,2,-
-,-,ArtPlay,FR,1658.18,-3.27,1808.42,0.0,50.08,1.09,162,0.0,109,0.0,53,0.0,0,0.0,67.28,0.0,2023-11-15,P,4,-
120,-5,Footloop,CA,1657.47,-4.08,1785.16,0.0,42.56,1.36,248,0.0,143,0.0,99,0.0,6,0.0,57.66,0.0,2026-05-02,GM,7,-
-,-,DJLAODIE,CN,1656.82,-3.12,1815.31,0.0,52.83,1.04,78,0.0,56,0.0,21,0.0,1,0.0,71.79,0.0,2025-06-24,-,0,340.0
121,2,borz.zrob,HU,1654.76,1.2,1742.06,5.07,29.1,1.29,452,6.0,263,4.0,186,2.0,3,0.0,58.19,0.12,2026-07-06,P,4,85.0
122,-33,HCsquared,CA,1654.02,-25.41,1738.61,-22.62,28.2,0.93,476,12.0,289,1.0,184,11.0,3,0.0,60.71,-1.36,2026-07-14,P,6,66.0
-,-,e5582768,CN,1653.66,-2.91,1823.38,0.0,56.57,0.97,54,0.0,29,0.0,24,0.0,1,0.0,53.7,0.0,2025-08-17,-,0,238.0
123,-57,Michiel,BE,1653.48,-55.06,1816.87,-81.29,54.46,-8.74,48,12.0,29,2.0,19,10.0,0,0.0,60.42,-14.58,2026-08-30,-,0,176.0
124,-37,mlhibou,US,1653.18,-26.7,1775.48,-25.65,40.77,0.35,216,4.0,143,0.0,73,4.0,0,0.0,66.2,-1.25,2026-07-28,GM,1,-
125,-12,Reenter73,-,1652.99,-11.15,1744.97,-7.42,30.66,1.25,496,6.0,296,2.0,196,4.0,4,0.0,59.68,-0.32,2026-07-28,M,5,154.0
126,-6,Xterm,NO,1652.03,-2.94,1750.07,-0.55,32.68,0.8,362,6.0,224,3.0,134,3.0,4,0.0,61.88,-0.2,2026-07-17,G,10,167.0
127,-6,RudyRunner666,IT,1651.65,-3.17,1745.62,-0.16,31.32,1.01,312,6.0,192,3.0,115,3.0,5,0.0,61.54,-0.22,2026-07-10,G,4,220.0
128,-42,bobaboba,-,1651.27,-29.28,1822.14,-39.63,56.96,-3.45,62,6.0,45,2.0,17,4.0,0,0.0,72.58,-4.21,2026-07-06,-,0,-
129,-1,KarlThomas,NO,1649.7,0.4,1751.84,3.22,34.05,0.94,340,4.0,192,3.0,145,1.0,3,0.0,56.47,0.22,2026-07-27,M,4,-
130,-6,Snucka,US,1648.98,-3.69,1785.54,0.0,45.52,1.23,96,0.0,64,0.0,31,0.0,1,0.0,66.67,0.0,2025-10-13,-,0,128.0
131,10,funnytortoise,ID,1648.82,5.77,1729.94,9.81,27.04,1.34,562,10.0,321,7.0,238,3.0,3,0.0,57.12,0.24,2026-07-28,G,9,70.0
-,-,Cyphen,US,1648.61,-3.44,1793.34,0.0,48.25,1.15,290,0.0,182,0.0,105,0.0,3,0.0,62.76,0.0,2023-09-03,GM,3,-
132,-1,Rob_Stedman,AU,1648.27,-0.39,1724.88,4.96,25.54,1.78,688,6.0,389,5.0,295,1.0,4,0.0,56.54,0.24,2026-07-06,M,1,122.0
133,-7,occupied,-,1647.6,-3.44,1739.59,0.4,30.66,1.28,530,6.0,318,4.0,207,2.0,5,0.0,60.0,0.08,2026-07-15,M,2,161.0
-,-,mbbchess,US,1646.79,-3.67,1784.19,0.0,45.8,1.22,146,0.0,100,0.0,45,0.0,1,0.0,68.49,0.0,2025-06-26,P,2,398.0
134,-9,fugg,US,1646.39,-5.65,1740.95,0.0,31.52,1.88,362,0.0,245,0.0,113,0.0,4,0.0,67.68,0.0,2026-05-31,G,2,473.0
135,43,Raskonin,-,1645.65,27.93,1808.99,17.6,54.45,-3.44,54,6.0,34,4.0,19,2.0,1,0.0,62.96,0.46,2026-07-08,-,0,214.0
136,4,Straszyk,PL,1644.66,1.48,1764.54,0.77,39.96,-0.24,132,6.0,78,3.0,54,3.0,0,0.0,59.09,-0.43,2026-07-05,G,4,179.0
137,61,bryanckh,SG,1644.11,43.56,1772.13,33.43,42.67,-3.38,98,16.0,73,13.0,25,3.0,0,0.0,74.49,1.32,2026-08-13,-,0,1262.0
138,9,Hisbossness,US,1643.96,7.39,1734.88,8.59,30.3,0.4,218,12.0,135,7.0,81,5.0,2,0.0,61.93,-0.21,2026-07-10,-,0,135.0
139,13,Gyphon,DE,1643.87,10.11,1741.32,10.96,32.49,0.28,184,10.0,121,8.0,62,2.0,1,0.0,65.76,0.82,2026-08-06,-,0,104.0
140,-6,Kloef,-,1643.28,-4.25,1760.09,0.0,38.93,1.42,126,0.0,90,0.0,35,0.0,1,0.0,71.43,0.0,2026-05-31,-,0,922.0
141,-24,PlanarFreak,US,1643.2,-12.89,1726.28,-10.82,27.69,0.69,448,14.0,265,4.0,179,10.0,4,0.0,59.15,-0.99,2026-07-28,G,12,151.0
-,-,Straalberg,NO,1642.69,-3.09,1803.81,0.0,53.71,1.03,120,0.0,87,0.0,33,0.0,0,0.0,72.5,0.0,2023-08-21,G,4,-
142,-15,Zegs,-,1642.56,-7.73,1755.87,-10.66,37.77,-0.98,166,10.0,106,4.0,60,6.0,0,0.0,63.86,-1.52,2026-07-26,P,4,441.0
143,-8,brunoerwin,-,1641.9,-4.82,1726.17,-0.25,28.09,1.52,470,6.0,271,4.0,197,2.0,2,0.0,57.66,0.12,2026-07-16,P,2,119.0
144,-11,Praetorianer,DE,1641.52,-6.1,1719.06,-2.67,25.85,1.14,900,16.0,464,7.0,433,9.0,3,0.0,51.56,-0.14,2026-08-01,GM,1,33.0
145,-13,ElChupacabra,MK,1641.25,-6.46,1728.55,0.0,29.1,2.15,388,0.0,230,0.0,154,0.0,4,0.0,59.28,0.0,2026-04-22,M,1,42.0
146,34,Beebs,-,1640.96,25.98,1760.07,16.48,39.7,-3.17,92,16.0,59,10.0,31,6.0,2,0.0,64.13,-0.34,2026-08-07,-,0,463.0
147,-8,WhateverParsley,-,1640.83,-2.83,1727.94,-0.59,29.04,0.75,418,12.0,241,5.0,175,7.0,2,0.0,57.66,-0.47,2026-07-15,P,12,106.0
-,-,Olorin_,-,1640.38,-2.5,1838.04,0.0,65.89,0.83,72,0.0,57,0.0,14,0.0,1,0.0,79.17,0.0,2022-06-05,M,1,-
148,-10,Boyo,TW,1638.83,-5.56,1731.25,0.0,30.81,1.85,290,0.0,179,0.0,111,0.0,0,0.0,61.72,0.0,2026-04-01,G,2,54.0
149,2,Nightvayne,CH,1638.35,4.27,1724.8,8.12,28.82,1.29,382,6.0,225,4.0,152,1.0,5,1.0,58.9,0.12,2026-07-14,G,5,127.0
150,-7,GZ95,CN,1638.29,-2.17,1864.13,0.0,75.28,0.72,32,0.0,24,0.0,8,0.0,0,0.0,75.0,0.0,2026-05-23,-,0,1106.0
151,-21,daimx,-,1637.29,-11.68,1714.92,-7.5,25.88,1.39,544,10.0,286,2.0,256,8.0,2,0.0,52.57,-0.61,2026-08-03,P,4,63.0
152,-4,roverandom,HR,1636.97,1.11,1714.47,5.41,25.83,1.43,638,10.0,375,7.0,261,3.0,2,0.0,58.78,0.18,2026-07-29,P,10,121.0
-,-,GBH_Grzegorz,-,1636.63,-2.71,1818.13,0.0,60.5,0.9,72,0.0,55,0.0,17,0.0,0,0.0,76.39,0.0,2025-03-17,-,0,757.0
153,-17,Dread_84,DE,1636.47,-9.17,1741.42,-11.39,34.98,-0.74,140,12.0,93,4.0,47,8.0,0,0.0,66.43,-3.1,2026-07-22,-,0,384.0
154,-17,darwinian,GB,1636.35,-8.12,1730.39,-5.13,31.35,1.0,270,6.0,162,2.0,105,4.0,3,0.0,60.0,-0.61,2026-07-01,P,2,91.0
155,-11,Demetrius,UA,1634.72,-4.12,1754.45,0.0,39.91,1.37,140,0.0,93,0.0,47,0.0,0,0.0,66.43,0.0,2025-11-21,-,0,236.0
156,6,LittleBob,TW,1634.62,6.66,1722.24,10.83,29.21,1.39,512,6.0,293,6.0,217,0.0,2,0.0,57.23,0.51,2026-07-14,P,14,68.0
-,-,Benni,-,1634.25,-2.96,1800.97,0.0,55.57,0.99,108,0.0,85,0.0,23,0.0,0,0.0,78.7,0.0,2023-09-03,G,2,-
157,-12,Cmacu,-,1633.77,-3.12,1791.11,0.0,52.45,1.04,72,0.0,46,0.0,25,0.0,1,0.0,63.89,0.0,2026-03-16,-,0,321.0
-,-,Japhet,US,1633.49,-2.47,1834.47,0.0,66.99,0.82,98,0.0,70,0.0,28,0.0,0,0.0,71.43,0.0,2020-11-21,P,2,-
-,-,keizerCarel,-,1633.09,-2.14,1863.18,0.0,76.7,0.71,30,0.0,27,0.0,3,0.0,0,0.0,90.0,0.0,2025-03-07,-,0,684.0
158,0,Masox,DE,1630.45,1.14,1707.1,4.21,25.55,1.02,598,16.0,358,9.0,234,7.0,6,0.0,59.87,-0.1,2026-08-06,P,2,92.0
159,28,Malakesh,DE,1630.0,22.69,1735.13,19.71,35.04,-0.99,130,14.0,84,9.0,46,5.0,0,0.0,64.62,-0.04,2026-07-28,-,0,298.0
-,-,BeatrixAnd,PL,1628.79,-3.0,1794.66,0.0,55.29,1.0,72,0.0,58,0.0,14,0.0,0,0.0,80.56,0.0,2025-05-08,-,0,194.0
-,-,Crey,-,1627.44,-3.11,1786.7,0.0,53.09,1.04,98,0.0,73,0.0,25,0.0,0,0.0,74.49,0.0,2025-09-03,G,2,299.0
160,-6,HeirOfValyria,-,1627.17,-4.11,1714.21,0.79,29.01,1.63,556,4.0,312,2.0,239,2.0,5,0.0,56.12,-0.04,2026-07-28,P,14,190.0
161,-12,Unterjochen,DE,1626.56,-8.45,1711.43,-5.01,28.29,1.15,248,10.0,147,5.0,100,5.0,1,0.0,59.27,-0.39,2026-08-06,-,0,100.0
162,-6,Kimmo,FI,1626.26,-4.13,1702.01,-0.06,25.25,1.36,908,14.0,470,7.0,431,7.0,7,0.0,51.76,-0.03,2026-07-29,GM,1,124.0
163,-17,Ristey,GB,1626.09,-10.69,1704.8,-6.3,26.23,1.46,618,10.0,358,3.0,252,6.0,8,1.0,57.93,-0.46,2026-08-04,P,3,52.0
164,-7,Arcee,-,1624.87,-4.46,1717.05,-0.36,30.73,1.37,390,4.0,217,2.0,172,2.0,1,0.0,55.64,-0.06,2026-08-10,M,2,184.0
165,-10,Aranwar,IL,1624.64,-6.31,1714.19,-2.53,29.85,1.26,526,6.0,287,3.0,232,3.0,7,0.0,54.56,-0.06,2026-07-26,P,12,252.0
166,-5,Kay,HK,1624.57,-3.48,1707.71,-0.31,27.71,1.06,308,10.0,180,5.0,127,5.0,1,0.0,58.44,-0.28,2026-07-28,P,2,61.0
167,-4,Yookie,CN,1624.54,-2.65,1719.44,-1.33,31.63,0.44,194,10.0,134,6.0,60,4.0,0,0.0,69.07,-0.5,2026-08-01,-,0,201.0
168,-8,ben0728,KR,1623.26,-4.89,1727.01,0.0,34.58,1.63,226,0.0,139,0.0,85,0.0,2,0.0,61.5,0.0,2026-03-22,-,0,19.0
-,-,elo8000,-,1622.27,-2.5,1818.5,0.0,65.41,0.83,56,0.0,49,0.0,7,0.0,0,0.0,87.5,0.0,2024-09-04,-,0,1412.0
169,-3,jonswar,US,1621.45,-4.41,1739.26,0.0,39.27,1.47,252,0.0,150,0.0,102,0.0,0,0.0,59.52,0.0,2025-11-30,M,1,514.0
-,-,chumchu,-,1620.99,-3.26,1772.99,0.0,50.67,1.09,182,0.0,94,0.0,88,0.0,0,0.0,51.65,0.0,2024-02-06,-,0,-
170,-6,maiquelPS,ES,1620.73,-6.35,1707.58,0.0,28.95,2.12,506,0.0,277,0.0,228,0.0,1,0.0,54.74,0.0,2026-05-31,P,15,76.0
171,-4,ciufile,-,1620.41,-4.48,1731.98,0.0,37.19,1.49,128,0.0,82,0.0,43,0.0,3,0.0,64.06,0.0,2026-05-31,-,0,163.0
172,0,ed_vins,LV,1620.36,-0.3,1702.24,4.19,27.29,1.5,370,10.0,223,5.0,144,5.0,3,0.0,60.27,-0.29,2026-08-07,-,0,114.0
173,-3,errliu,-,1619.02,-3.35,1766.25,0.0,49.08,1.12,74,0.0,56,0.0,18,0.0,0,0.0,75.68,0.0,2026-04-04,-,0,619.0
174,1,maxolino,IT,1618.89,0.62,1701.07,5.01,27.39,1.47,524,6.0,309,4.0,210,2.0,5,0.0,58.97,0.09,2026-07-28,G,6,140.0
-,-,MruczekW,PL,1618.86,-3.25,1770.24,0.0,50.46,1.08,92,0.0,64,0.0,28,0.0,0,0.0,69.57,0.0,2024-10-01,G,4,1245.0
175,-22,Flackk,BG,1618.7,-14.3,1700.09,-11.01,27.13,1.1,460,12.0,257,4.0,198,8.0,5,0.0,55.87,-0.6,2026-07-13,P,5,47.0
176,-8,vaLfizzL,DE,1618.65,-5.64,1717.4,0.0,32.92,1.88,494,0.0,268,0.0,224,0.0,2,0.0,54.25,0.0,2025-11-30,M,4,109.0
177,-12,FreddyCrugerKiller,UA,1618.1,-8.44,1712.77,-5.68,31.56,0.92,462,6.0,248,2.0,206,4.0,8,0.0,53.68,-0.27,2026-07-14,M,6,164.0
178,39,Barnes,-,1617.93,31.59,1743.64,25.92,41.9,-1.89,96,10.0,69,8.0,26,2.0,1,0.0,71.88,0.95,2026-07-26,-,0,1287.0
179,16,Goldfinger_,-,1617.86,15.74,1754.04,11.78,45.39,-1.32,74,6.0,51,4.0,23,2.0,0,0.0,68.92,-0.2,2026-07-20,-,0,1287.0
180,52,GrandHedgehog,RU,1617.28,37.33,1756.29,27.27,46.34,-3.35,78,10.0,57,7.0,20,3.0,1,0.0,73.08,-0.45,2026-08-10,-,0,-
181,-63,Silvester,-,1616.96,-38.98,1800.89,-70.48,61.31,-10.5,46,10.0,35,3.0,11,7.0,0,0.0,76.09,-12.8,2026-08-07,-,0,-
182,0,condemor,-,1616.24,3.48,1867.98,-12.58,83.91,-5.35,30,4.0,25,3.0,5,1.0,0,0.0,83.33,-1.29,2026-07-26,-,0,-
183,-2,Vangelisb,GR,1616.12,1.68,1699.66,6.2,27.85,1.51,444,6.0,261,5.0,181,1.0,2,0.0,58.78,0.33,2026-07-08,G,6,142.0
184,129,Technicolourism,CA,1615.84,77.67,1785.2,66.95,56.45,-3.57,48,6.0,32,6.0,15,0.0,1,0.0,66.67,4.77,2026-07-01,-,0,662.0
-,-,FoLKeN91,FR,1615.73,-3.94,1744.48,0.0,42.92,1.31,192,0.0,119,0.0,71,0.0,2,0.0,61.98,0.0,2025-05-12,M,2,578.0
-,-,VikingLeif,-,1615.67,-3.69,1751.05,0.0,45.13,1.23,230,0.0,132,0.0,97,0.0,1,0.0,57.39,0.0,2023-12-03,P,8,-
185,11,nerficya,US,1614.43,13.72,1715.92,14.81,33.83,0.36,150,10.0,88,9.0,62,1.0,0,0.0,58.67,2.24,2026-08-01,-,0,157.0
186,-9,fathope,SK,1613.87,-3.92,1696.34,0.67,27.49,1.53,532,6.0,303,3.0,224,2.0,5,1.0,56.95,-0.08,2026-07-17,P,2,168.0
187,-11,GerionLannister,CZ,1613.86,-4.03,1736.78,0.0,40.97,1.34,106,0.0,72,0.0,34,0.0,0,0.0,67.92,0.0,2026-02-23,-,0,231.0
-,-,Vorbrock,-,1612.43,-3.92,1738.94,0.0,42.17,1.31,158,0.0,89,0.0,67,0.0,2,0.0,56.33,0.0,2025-07-08,P,12,247.0
188,9,MidnightFox,SE,1612.03,11.36,1706.97,14.25,31.65,0.96,220,6.0,130,5.0,87,1.0,3,0.0,59.09,0.68,2026-07-21,G,2,62.0
-,-,Isaia,KR,1611.35,-3.27,1764.5,0.0,51.05,1.09,122,0.0,78,0.0,43,0.0,1,0.0,63.93,0.0,2024-02-23,M,3,-
189,2,Dvale112,US,1611.3,5.94,1695.99,10.73,28.23,1.6,488,6.0,270,6.0,215,0.0,3,0.0,55.33,0.56,2026-07-15,G,12,148.0
-,-,lukaszt,-,1610.73,-2.97,1779.03,0.0,56.1,0.99,150,0.0,105,0.0,45,0.0,0,0.0,70.0,0.0,2023-04-16,M,1,-
190,-17,mikechike,US,1610.67,-8.6,1771.21,-17.98,53.52,-3.13,56,6.0,36,2.0,20,4.0,0,0.0,64.29,-3.71,2026-06-30,-,0,480.0
-,-,Shorty55,-,1610.31,-2.9,1782.14,0.0,57.28,0.97,144,0.0,95,0.0,49,0.0,0,0.0,65.97,0.0,2022-05-31,M,3,-
191,-22,Amorin,ES,1609.23,-14.21,1695.05,-9.06,28.61,1.72,588,4.0,340,0.0,243,4.0,5,0.0,57.82,-0.4,2026-08-13,-,0,212.0
-,-,jmamos,-,1609.21,-3.54,1747.98,0.0,46.26,1.18,132,0.0,88,0.0,44,0.0,0,0.0,66.67,0.0,2025-05-27,G,4,380.0
-,-,RutgerHauer,SE,1608.11,-4.35,1720.92,0.0,37.6,1.45,222,0.0,132,0.0,89,0.0,1,0.0,59.46,0.0,2025-08-17,M,2,75.0
192,-9,delonecarter,GB,1607.84,-2.67,1699.99,1.45,30.72,1.37,450,4.0,260,2.0,185,2.0,5,0.0,57.78,-0.07,2026-07-29,G,15,243.0
-,-,sqwndw,CN,1606.51,-5.25,1731.72,0.0,41.74,1.75,438,0.0,253,0.0,182,0.0,3,0.0,57.76,0.0,2024-10-01,GM,2,-
193,-14,Olesch,DE,1606.07,-10.85,1694.69,-6.65,29.54,1.4,482,6.0,269,2.0,209,4.0,4,0.0,55.81,-0.28,2026-07-27,P,2,207.0
194,-9,Wanderlust,CN,1605.36,-3.86,1735.09,0.0,43.24,1.29,96,0.0,54,0.0,42,0.0,0,0.0,56.25,0.0,2025-10-14,-,0,25.0
195,-11,speedstone,PL,1605.0,-4.61,1712.24,0.0,35.75,1.54,160,0.0,96,0.0,63,0.0,1,0.0,60.0,0.0,2026-05-31,-,0,108.0
-,-,Arnaud,CH,1604.91,-2.59,1796.68,0.0,63.92,0.86,60,0.0,42,0.0,18,0.0,0,0.0,70.0,0.0,2023-04-16,P,6,-
196,-2,FunkyLere,-,1602.84,0.58,1696.37,5.24,31.18,1.55,246,2.0,142,2.0,103,0.0,1,0.0,57.72,0.34,2026-06-19,G,8,259.0
197,-9,PhiTrigger,US,1602.29,-3.53,1679.45,0.81,25.72,1.45,912,10.0,465,5.0,441,5.0,6,0.0,50.99,-0.01,2026-07-27,M,7,102.0
198,-27,holy834,CN,1602.23,-19.99,1685.69,-18.03,27.82,0.65,252,16.0,144,4.0,108,12.0,0,0.0,57.14,-2.18,2026-07-27,-,0,146.0
-,-,Fizi,GB,1602.22,-2.42,1809.08,0.0,68.95,0.81,58,0.0,39,0.0,19,0.0,0,0.0,67.24,0.0,2024-07-07,GM,3,-
199,-9,MattM,-,1601.85,-3.64,1737.45,0.0,45.2,1.21,112,0.0,78,0.0,32,0.0,2,0.0,69.64,0.0,2026-04-15,-,0,1245.0
200,-26,jingjing123,CN,1601.65,-17.19,1681.34,-11.31,26.56,1.96,388,8.0,224,0.0,156,6.0,8,2.0,57.73,-1.22,2026-07-03,-,0,147.0
-,-,chrroom,-,1601.53,-2.82,1775.11,0.0,57.86,0.94,120,0.0,81,0.0,38,0.0,1,0.0,67.5,0.0,2022-03-06,P,2,-
201,-8,laozhou,-,1601.27,-1.82,1870.9,0.0,89.87,0.61,18,0.0,16,0.0,2,0.0,0,0.0,88.89,0.0,2026-03-20,-,0,-
-,-,gorozei-12ans,CH,1599.64,-2.6,1789.44,0.0,63.27,0.87,66,0.0,47,0.0,19,0.0,0,0.0,71.21,0.0,2023-06-06,G,2,-
-,-,kuchjir,CZ,1599.52,-2.84,1775.97,0.0,58.82,0.95,186,0.0,114,0.0,71,0.0,1,0.0,61.29,0.0,2021-05-07,GM,2,-
-,-,xRen1101,LT,1599.5,-3.1,1757.53,0.0,52.67,1.03,184,0.0,126,0.0,57,0.0,1,0.0,68.48,0.0,2023-06-06,P,4,-
202,-10,Garlett,-,1599.47,-4.51,1715.43,0.0,38.65,1.5,230,0.0,144,0.0,86,0.0,0,0.0,62.61,0.0,2026-04-19,P,4,389.0
203,-17,Dragonite,US,1599.01,-8.43,1676.27,-4.04,25.76,1.46,524,10.0,302,4.0,214,6.0,8,0.0,57.63,-0.35,2026-08-10,G,4,181.0
-,-,Musan,US,1598.0,-4.42,1710.52,0.0,37.51,1.47,370,0.0,225,0.0,145,0.0,0,0.0,60.81,0.0,2025-03-16,P,4,291.0
-,-,Bram,-,1597.39,-3.17,1752.27,0.0,51.63,1.06,150,0.0,85,0.0,64,0.0,1,0.0,56.67,0.0,2023-06-06,M,3,-
204,42,Budde,DE,1596.92,27.18,1694.51,25.51,32.53,-0.56,172,16.0,114,12.0,58,4.0,0,0.0,66.28,0.9,2026-07-30,-,0,352.0
205,3,kenchan,HK,1596.16,4.37,1674.23,7.7,26.02,1.11,618,14.0,352,8.0,259,6.0,7,0.0,56.96,0.01,2026-08-07,G,8,170.0
206,81,Sonder.,-,1595.61,45.27,1819.74,25.46,74.71,-6.6,28,4.0,23,3.0,5,1.0,0,0.0,82.14,-1.19,2026-07-30,-,0,-
207,-1,MiloslavIII,CA,1595.38,3.07,1749.02,-3.78,51.21,-2.28,56,6.0,31,2.0,25,4.0,0,0.0,55.36,-2.64,2026-07-04,-,0,398.0
-,-,mushan,CN,1594.83,-2.78,1772.56,0.0,59.24,0.93,88,0.0,48,0.0,40,0.0,0,0.0,54.55,0.0,2025-02-07,GM,1,558.0
208,13,FenPlays,RU,1593.99,8.89,1686.62,10.49,30.88,0.54,230,10.0,144,7.0,83,3.0,3,0.0,62.61,0.34,2026-08-07,-,0,221.0
-,-,Raistlin3m,IT,1593.32,-4.09,1717.73,0.0,41.47,1.36,320,0.0,178,0.0,139,0.0,3,0.0,55.62,0.0,2024-10-01,M,2,-
-,-,Covfefe,US,1592.34,-3.68,1724.18,0.0,43.95,1.23,290,0.0,163,0.0,125,0.0,2,0.0,56.21,0.0,2024-12-04,GM,2,-
-,-,WDD,CN,1591.71,-2.52,1787.72,0.0,65.34,0.84,40,0.0,25,0.0,14,0.0,1,0.0,62.5,0.0,2025-06-28,-,0,224.0
209,-20,belowfox,CN,1590.99,-14.59,1691.01,-12.2,33.34,0.8,174,6.0,110,2.0,64,4.0,0,0.0,63.22,-1.07,2026-07-09,-,0,155.0
210,-10,Sunmaster14_LV,LV,1590.73,-5.69,1669.79,-0.96,26.35,1.58,774,10.0,421,4.0,346,6.0,7,0.0,54.39,-0.19,2026-08-07,P,6,137.0
211,-10,OlaWictorin,SE,1590.62,-5.42,1695.11,0.0,34.83,1.81,210,0.0,126,0.0,80,0.0,4,0.0,60.0,0.0,2026-05-16,G,3,150.0
212,12,Gavatron,CA,1589.81,6.31,1670.29,8.95,26.83,0.88,782,16.0,407,9.0,369,7.0,6,0.0,52.05,0.09,2026-07-29,P,3,155.0
213,-4,LeonidasI,-,1589.33,-1.43,1672.28,1.95,27.65,1.13,382,10.0,222,6.0,157,4.0,3,0.0,58.12,0.06,2026-08-06,-,0,107.0
214,-11,Boristina,US,1589.29,-4.14,1710.04,0.0,40.25,1.38,108,0.0,71,0.0,36,0.0,1,0.0,65.74,0.0,2026-05-29,-,0,372.0
-,-,smollov,NL,1589.24,-2.71,1773.54,0.0,61.43,0.9,58,0.0,41,0.0,16,0.0,1,0.0,70.69,0.0,2025-09-05,-,0,920.0
215,-13,LordMichael,DE,1589.09,-4.48,1684.29,-1.63,31.73,0.95,340,6.0,207,3.0,128,3.0,5,0.0,60.88,-0.2,2026-07-17,G,8,233.0
216,-12,MindKillazz,CA,1588.71,-4.58,1676.35,0.6,29.21,1.73,356,4.0,197,2.0,158,2.0,1,0.0,55.34,-0.06,2026-08-06,P,2,134.0
217,17,ElKhan,CL,1588.19,10.55,1664.7,14.8,25.5,1.42,724,14.0,400,11.0,321,3.0,3,0.0,55.25,0.46,2026-07-23,G,10,160.0
-,-,otis,-,1587.5,-1.85,1853.08,0.0,88.53,0.62,24,0.0,19,0.0,5,0.0,0,0.0,79.17,0.0,2025-04-22,-,0,578.0
218,19,Sakic19,HU,1586.45,10.06,1688.86,10.57,34.13,0.17,170,10.0,111,8.0,58,2.0,1,0.0,65.29,0.91,2026-08-07,-,0,285.0
-,-,CarloPedersoli,-,1586.31,-3.72,1722.41,0.0,45.37,1.24,114,0.0,79,0.0,34,0.0,1,0.0,69.3,0.0,2025-02-27,G,4,987.0
219,-1,Romendil,IT,1586.3,0.03,1693.57,1.19,35.76,0.39,192,6.0,113,3.0,78,3.0,1,0.0,58.85,-0.29,2026-07-10,G,12,229.0
220,-7,Beowls,-,1585.78,-2.49,1785.42,0.0,66.55,0.83,46,0.0,28,0.0,18,0.0,0,0.0,60.87,0.0,2026-05-09,-,0,321.0
-,-,mlaticka_martanek,-,1585.18,-2.98,1750.34,0.0,55.05,0.99,72,0.0,46,0.0,24,0.0,2,0.0,63.89,0.0,2024-05-25,G,6,-
221,18,JSauve,-,1585.01,10.28,1733.85,3.6,49.61,-2.23,72,6.0,49,3.0,23,3.0,0,0.0,68.06,-1.64,2026-07-10,-,0,662.0
222,-11,Firedart,GB,1584.95,-4.36,1661.58,0.16,25.54,1.51,934,14.0,507,8.0,420,6.0,7,0.0,54.28,0.04,2026-07-30,P,6,86.0
223,-9,madrabbit,-,1584.17,-3.5,1727.28,0.0,47.7,1.17,108,0.0,67,0.0,41,0.0,0,0.0,62.04,0.0,2025-10-03,P,2,552.0
-,-,ranch99,US,1583.51,-3.4,1729.85,0.0,48.78,1.13,168,0.0,99,0.0,69,0.0,0,0.0,58.93,0.0,2025-05-07,GM,1,578.0
-,-,Hunty93,US,1583.12,-3.76,1719.85,0.0,45.57,1.25,276,0.0,158,0.0,114,0.0,4,0.0,57.25,0.0,2025-04-23,M,3,1245.0
224,-8,Tharkis,-,1582.74,-3.82,1716.45,0.0,44.57,1.27,176,0.0,97,0.0,79,0.0,0,0.0,55.11,0.0,2026-05-09,P,2,1060.0
-,-,roodBF,-,1582.28,-2.28,1800.02,0.0,72.58,0.76,36,0.0,26,0.0,10,0.0,0,0.0,72.22,0.0,2023-07-18,-,0,-
225,-3,Mattian12000,IT,1581.81,-2.18,1671.52,0.09,29.9,0.76,372,10.0,214,5.0,155,5.0,3,0.0,57.53,-0.2,2026-08-06,G,2,278.0
226,-6,Skaiwalker,CZ,1581.69,-4.41,1670.31,-0.17,29.54,1.41,512,6.0,281,3.0,225,2.0,6,1.0,54.88,-0.06,2026-07-14,M,2,141.0
-,-,Goldan,-,1581.46,-3.1,1742.78,0.0,53.77,1.03,144,0.0,90,0.0,53,0.0,1,0.0,62.5,0.0,2022-09-04,G,10,-
-,-,Kelume,-,1581.09,-2.38,1788.64,0.0,69.18,0.79,72,0.0,53,0.0,18,0.0,1,0.0,73.61,0.0,2021-06-02,G,2,-
227,0,Darkriddler,-,1580.3,-2.07,1816.85,0.0,78.85,0.69,24,0.0,17,0.0,7,0.0,0,0.0,70.83,0.0,2026-05-08,-,0,-
-,-,V0jta,CZ,1579.88,-3.85,1713.41,0.0,44.51,1.28,310,0.0,180,0.0,130,0.0,0,0.0,58.06,0.0,2023-11-15,G,16,-
228,28,arDKee,-,1579.51,12.09,1707.45,2.84,42.65,-3.08,94,12.0,64,6.0,30,6.0,0,0.0,68.09,-2.64,2026-07-20,-,0,589.0
229,-6,flaminghito,-,1578.95,-4.8,1685.56,0.0,35.53,1.6,304,0.0,173,0.0,130,0.0,1,0.0,56.91,0.0,2026-05-31,P,8,913.0
230,-20,maunzzz,SE,1578.74,-11.84,1662.09,-11.25,27.78,0.2,262,20.0,150,7.0,108,13.0,4,0.0,57.25,-1.84,2026-07-26,-,0,162.0
231,-2,SuperHans,-,1578.51,-2.79,1754.74,0.0,58.74,0.93,58,0.0,41,0.0,17,0.0,0,0.0,70.69,0.0,2026-04-07,-,0,589.0
232,-7,flutter,US,1578.03,-5.32,1666.73,-1.74,29.57,1.19,288,6.0,169,3.0,116,3.0,3,0.0,58.68,-0.19,2026-07-17,P,2,172.0
-,-,ShiLin,-,1578.01,-2.44,1779.13,0.0,67.04,0.81,60,0.0,50,0.0,10,0.0,0,0.0,83.33,0.0,2022-09-04,-,0,-
233,-18,DyziK,PL,1577.87,-9.1,1701.4,-9.93,41.18,-0.28,106,6.0,66,1.0,40,5.0,0,0.0,62.26,-2.74,2026-07-11,-,0,319.0
234,-8,MartinW,DE,1577.83,-5.35,1661.28,-2.2,27.82,1.05,496,10.0,284,4.0,209,6.0,3,0.0,57.26,-0.35,2026-07-27,G,4,132.0
235,-28,CouchKing,PK,1577.59,-14.64,1658.06,-10.43,26.83,1.4,616,10.0,335,1.0,271,7.0,10,2.0,54.38,-0.74,2026-08-13,P,2,99.0
236,0,J0hnny_Utah7,CA,1577.09,-0.27,1712.67,-3.6,45.19,-1.11,110,6.0,77,2.0,33,4.0,0,0.0,70.0,-2.12,2026-06-30,-,0,989.0
-,-,Dr.Ampelmann,-,1576.92,-2.8,1752.85,0.0,58.64,0.93,76,0.0,61,0.0,15,0.0,0,0.0,80.26,0.0,2023-11-15,-,0,-
-,-,Allmrak,-,1576.9,-2.13,1806.95,0.0,76.69,0.71,60,0.0,49,0.0,11,0.0,0,0.0,81.67,0.0,2020-05-31,-,0,-
237,-7,jRune,-,1576.34,-4.87,1700.21,-6.34,41.29,-0.49,150,6.0,84,2.0,65,4.0,1,0.0,56.0,-0.94,2026-07-17,P,6,327.0
238,-5,Balan,CN,1576.0,-1.8,1848.81,0.0,90.94,0.6,16,0.0,13,0.0,3,0.0,0,0.0,81.25,0.0,2026-05-07,-,0,1051.0
239,118,xYotsuba,-,1575.94,59.51,1811.3,38.42,78.45,-7.03,26,6.0,25,6.0,1,0.0,0,0.0,96.15,1.15,2026-07-10,-,0,-
-,-,borostar,-,1575.71,-1.96,1826.56,0.0,83.62,0.65,24,0.0,18,0.0,6,0.0,0,0.0,75.0,0.0,2023-06-06,-,0,1388.0
240,11,brainac,-,1575.41,6.75,1672.51,9.34,32.36,0.86,418,6.0,233,5.0,185,1.0,0,0.0,55.74,0.4,2026-07-15,G,14,232.0
241,9,Jorrig,CH,1575.01,5.97,1675.27,8.65,33.42,0.89,438,6.0,224,4.0,205,2.0,9,0.0,51.14,0.21,2026-07-01,M,1,79.0
-,-,Bidenbaum,-,1574.42,-1.83,1842.5,0.0,89.36,0.61,28,0.0,26,0.0,2,0.0,0,0.0,92.86,0.0,2025-07-29,-,0,522.0
242,-37,RoxasVen,IT,1574.03,-19.0,1656.92,-15.24,27.63,1.25,492,10.0,293,2.0,198,8.0,1,0.0,59.55,-0.82,2026-07-27,G,2,217.0
243,-12,Papaver,HR,1573.95,-6.85,1686.75,-5.93,37.6,0.31,246,6.0,141,1.0,103,5.0,2,0.0,57.32,-1.01,2026-07-12,P,2,149.0
244,0,SimTubez,AU,1572.54,1.3,1669.5,4.94,32.32,1.21,334,6.0,206,5.0,125,1.0,3,0.0,61.68,0.4,2026-07-12,G,2,420.0
245,-5,Shmu,-,1572.07,-2.47,1770.4,0.0,66.11,0.82,38,0.0,26,0.0,12,0.0,0,0.0,68.42,0.0,2026-05-19,-,0,578.0
246,1,Gelato,DE,1571.74,2.48,1664.78,6.48,31.01,1.33,232,4.0,136,3.0,93,1.0,3,0.0,58.62,0.29,2026-07-27,-,0,153.0
247,-9,MrFigu,-,1570.9,-4.6,1679.8,0.0,36.3,1.53,146,0.0,79,0.0,62,0.0,5,0.0,54.11,0.0,2026-05-31,-,0,198.0
-,-,gnoliy,-,1570.35,-2.35,1779.83,0.0,69.83,0.78,84,0.0,61,0.0,23,0.0,0,0.0,72.62,0.0,2021-03-02,P,2,-
-,-,TBow,-,1568.97,-2.37,1778.06,0.0,69.69,0.79,70,0.0,50,0.0,19,0.0,1,0.0,71.43,0.0,2023-02-25,P,2,-
248,9,ChipsAhoya,US,1568.91,1.55,1647.07,5.83,26.05,1.43,998,14.0,511,9.0,477,5.0,10,0.0,51.2,0.18,2026-07-28,P,8,209.0
-,-,LaoHuang,CN,1568.68,-4.07,1703.35,0.0,44.89,1.36,434,0.0,225,0.0,202,0.0,7,0.0,51.84,0.0,2023-11-15,M,3,-
249,9,cpp,-,1567.68,0.58,1678.54,2.57,36.95,0.66,286,4.0,153,2.0,130,2.0,3,0.0,53.5,-0.05,2026-07-26,G,12,-
250,19,ruby_buby,US,1567.36,5.23,1678.79,7.13,37.14,0.63,134,4.0,77,3.0,54,1.0,3,0.0,57.46,0.54,2026-08-13,-,0,174.0
251,-32,Kharny,GB,1567.14,-18.97,1733.53,-29.09,55.46,-3.37,50,6.0,31,1.0,19,5.0,0,0.0,62.0,-6.18,2026-07-05,-,0,757.0
252,-10,Rhizom,-,1567.1,-4.52,1676.11,0.0,36.34,1.51,234,0.0,123,0.0,110,0.0,1,0.0,52.56,0.0,2025-11-30,P,2,144.0
253,-25,ChampDeGlace,DE,1566.8,-14.78,1651.31,-11.74,28.17,1.02,428,10.0,259,3.0,166,7.0,3,0.0,60.51,-0.73,2026-07-29,G,1,188.0
254,11,Rajeev,-,1566.18,2.16,1665.01,1.74,32.95,-0.14,182,14.0,106,9.0,73,5.0,3,0.0,58.24,0.5,2026-07-26,G,1,129.0
255,-1,pigfans,CN,1565.09,-2.49,1763.39,0.0,66.1,0.83,36,0.0,25,0.0,11,0.0,0,0.0,69.44,0.0,2026-03-15,-,0,1057.0
256,8,Spence2102,GB,1565.09,0.9,1656.27,4.3,30.39,1.13,282,6.0,172,4.0,107,2.0,3,0.0,60.99,0.12,2026-07-09,G,2,180.0
257,-12,Dovi,PL,1564.83,-5.79,1649.84,-1.69,28.33,1.37,518,6.0,296,3.0,218,3.0,4,0.0,57.14,-0.09,2026-07-18,G,2,200.0
258,-10,Kor,BE,1564.64,-4.55,1673.34,-3.45,36.23,0.37,138,6.0,81,3.0,57,3.0,0,0.0,58.7,-0.39,2026-06-26,-,0,251.0
259,-4,LT.Stuntovic,-,1564.18,-3.33,1665.66,-1.16,33.83,0.72,344,6.0,205,3.0,139,3.0,0,0.0,59.59,-0.17,2026-07-23,G,12,274.0
260,51,JCleek,US,1564.07,24.75,1688.14,23.2,41.36,-0.52,198,6.0,96,5.0,101,1.0,1,0.0,48.48,1.08,2026-07-16,M,2,570.0
261,34,Andiii,-,1563.82,16.27,1707.07,3.48,47.75,-4.26,76,12.0,44,4.0,31,8.0,1,0.0,57.89,-4.61,2026-08-16,-,0,662.0
-,-,Lloydinspace100,-,1563.59,-4.66,1673.33,0.0,36.58,1.55,432,0.0,241,0.0,189,0.0,2,0.0,55.79,0.0,2025-05-31,G,10,555.0
-,-,Dunedain,US,1563.56,-4.23,1690.4,0.0,42.28,1.41,310,0.0,188,0.0,120,0.0,2,0.0,60.65,0.0,2024-06-03,G,12,-
262,-2,Flower4,-,1563.5,-2.57,1754.48,0.0,63.66,0.86,44,0.0,33,0.0,10,0.0,1,0.0,75.0,0.0,2026-05-19,-,0,931.0
-,-,qyi,-,1563.28,-2.01,1806.38,0.0,81.03,0.67,48,0.0,36,0.0,12,0.0,0,0.0,75.0,0.0,2021-03-02,P,4,-
263,19,Trond79,-,1563.24,10.93,1701.83,1.44,46.2,-3.16,94,10.0,67,6.0,26,4.0,1,0.0,71.28,-1.34,2026-07-26,-,0,1262.0
264,-5,Padishar,-,1562.7,-4.28,1642.59,-0.31,26.63,1.32,540,10.0,302,5.0,237,5.0,1,0.0,55.93,-0.11,2026-08-03,G,3,138.0
-,-,Anderkent,PL,1562.58,-2.95,1729.16,0.0,55.53,0.98,108,0.0,76,0.0,31,0.0,1,0.0,70.37,0.0,2023-04-16,G,4,-
265,-30,Jonny125,RU,1562.48,-15.1,1645.79,-10.6,27.77,1.5,584,6.0,321,1.0,261,5.0,2,0.0,54.97,-0.39,2026-07-02,P,2,173.0
-,-,steve10716,-,1561.48,-3.13,1721.25,0.0,53.26,1.04,174,0.0,119,0.0,55,0.0,0,0.0,68.39,0.0,2023-06-06,P,6,-
-,-,Ronnan,-,1561.34,-2.2,1786.25,0.0,74.97,0.73,32,0.0,20,0.0,12,0.0,0,0.0,62.5,0.0,2023-05-14,P,2,-
-,-,Swampzombie,-,1561.17,-3.62,1707.98,0.0,48.94,1.21,206,0.0,111,0.0,94,0.0,1,0.0,53.88,0.0,2024-05-24,M,1,-
266,1,vodka,CZ,1560.6,-1.94,1643.6,2.89,27.67,1.61,536,6.0,314,5.0,220,1.0,2,0.0,58.58,0.28,2026-07-19,G,4,228.0
-,-,shpand,-,1560.51,-2.0,1805.98,0.0,81.83,0.67,30,0.0,23,0.0,7,0.0,0,0.0,76.67,0.0,2024-07-15,-,0,-
267,31,Jiffy,HK,1560.22,14.92,1699.37,16.34,46.38,0.47,84,2.0,56,2.0,27,0.0,1,0.0,66.67,0.82,2026-06-30,-,0,351.0
268,-16,Thisisnotasmile,GB,1559.36,-9.06,1636.52,-3.95,25.72,1.7,810,10.0,417,5.0,391,5.0,2,0.0,51.48,-0.02,2026-07-30,P,2,171.0
269,-6,Dayvs,-,1559.15,-5.29,1638.74,-1.35,26.53,1.31,536,10.0,307,5.0,224,5.0,5,0.0,57.28,-0.13,2026-08-10,-,0,205.0
-,-,Lothar,US,1558.7,-3.96,1682.19,0.0,41.16,1.32,238,0.0,137,0.0,101,0.0,0,0.0,57.56,0.0,2025-05-06,G,6,509.0
-,-,Snuske,DK,1558.61,-3.27,1708.32,0.0,49.91,1.09,162,0.0,97,0.0,65,0.0,0,0.0,59.88,0.0,2023-06-04,P,4,-
270,37,phoang,-,1557.79,17.13,1696.68,13.88,46.3,-1.08,84,6.0,52,3.0,32,3.0,0,0.0,61.9,-0.92,2026-07-13,-,0,255.0
-,-,PacificKonradin,-,1557.67,-3.11,1717.63,0.0,53.32,1.04,102,0.0,77,0.0,25,0.0,0,0.0,75.49,0.0,2024-09-04,-,0,711.0
-,-,jzebra,US,1557.36,-3.63,1701.13,0.0,47.92,1.21,216,0.0,116,0.0,97,0.0,3,0.0,53.7,0.0,2023-11-15,P,12,-
271,-9,ChosenWizard,-,1557.21,-7.46,1652.98,-3.7,31.92,1.25,488,6.0,280,4.0,204,2.0,4,0.0,57.38,0.12,2026-07-23,G,12,177.0
272,-2,KenoshaKid,-,1557.14,-4.96,1659.07,0.0,33.98,1.65,264,0.0,159,0.0,103,0.0,2,0.0,60.23,0.0,2026-04-10,-,0,261.0
273,0,Adamez,PL,1556.9,-3.59,1694.8,0.0,45.97,1.2,104,0.0,64,0.0,40,0.0,0,0.0,61.54,0.0,2026-03-15,-,0,192.0
274,-3,Bulten,-,1556.84,-4.36,1671.86,0.0,38.34,1.45,164,0.0,102,0.0,60,0.0,2,0.0,62.2,0.0,2026-05-13,G,1,294.0
275,-3,treitze,DE,1556.58,-4.27,1677.61,0.0,40.34,1.42,348,0.0,186,0.0,158,0.0,4,0.0,53.45,0.0,2026-03-22,P,4,-
276,-8,Netopier,SK,1556.29,-5.85,1655.9,0.0,33.2,1.95,526,0.0,284,0.0,240,0.0,2,0.0,53.99,0.0,2025-11-30,M,4,97.0
277,-34,CrownKiller,KR,1555.89,-15.57,1650.5,-11.69,31.54,1.29,252,4.0,146,0.0,104,4.0,2,0.0,57.94,-0.93,2026-07-31,G,2,213.0
-,-,Rasmulde,-,1555.67,-2.85,1728.41,0.0,57.58,0.95,90,0.0,57,0.0,33,0.0,0,0.0,63.33,0.0,2024-07-01,P,8,-
278,30,TorbenOfHerpes,DE,1555.62,15.57,1662.81,14.27,35.73,-0.43,128,10.0,76,6.0,50,4.0,2,0.0,59.38,0.06,2026-07-27,-,0,622.0
279,-26,wittr,GR,1555.44,-12.35,1638.58,-7.41,27.71,1.65,486,6.0,267,2.0,216,4.0,3,0.0,54.94,-0.27,2026-07-10,P,8,117.0
-,-,JoyBoy,TH,1554.73,-3.4,1700.2,0.0,48.49,1.13,120,0.0,81,0.0,39,0.0,0,0.0,67.5,0.0,2024-09-04,G,4,-
-,-,Mad_Tyrion,IT,1554.47,-1.57,1865.96,0.0,103.83,0.52,30,0.0,29,0.0,1,0.0,0,0.0,96.67,0.0,2022-09-04,-,0,-
280,-5,Garri,ES,1553.93,-4.08,1646.21,-0.23,30.76,1.28,522,6.0,307,3.0,214,3.0,1,0.0,58.81,-0.1,2026-07-15,G,6,145.0
-,-,JeJenan,KR,1553.76,-2.96,1719.98,0.0,55.41,0.99,114,0.0,66,0.0,48,0.0,0,0.0,57.89,0.0,2023-06-06,G,12,-
281,-32,Watlersen,-,1553.0,-16.11,1653.26,-13.38,33.42,0.91,170,6.0,98,2.0,71,4.0,1,0.0,57.65,-0.89,2026-07-09,-,0,195.0
282,-6,Slender,-,1552.53,-2.61,1693.02,-7.32,46.83,-1.57,102,6.0,67,2.0,33,4.0,2,0.0,65.69,-2.02,2026-07-17,G,6,1054.0
-,-,Bool,-,1552.39,-2.09,1787.53,0.0,78.38,0.7,30,0.0,19,0.0,11,0.0,0,0.0,63.33,0.0,2023-07-18,-,0,-
283,-6,AxelKlaar,-,1551.38,-3.44,1694.63,0.0,47.75,1.15,84,0.0,56,0.0,28,0.0,0,0.0,66.67,0.0,2026-05-05,-,0,448.0
-,-,chogaling,-,1550.96,-2.67,1736.0,0.0,61.68,0.89,108,0.0,73,0.0,34,0.0,1,0.0,67.59,0.0,2021-03-02,M,2,-
284,-5,Maximus1992,-,1550.78,-2.72,1731.67,0.0,60.3,0.91,38,0.0,29,0.0,9,0.0,0,0.0,76.32,0.0,2026-05-22,-,0,-
285,-2,St-Amadeus,CA,1550.54,-1.42,1633.97,3.74,27.81,1.72,674,6.0,362,4.0,308,2.0,4,0.0,53.71,0.12,2026-07-18,P,4,199.0
-,-,shadow-knight,-,1550.53,-2.95,1716.69,0.0,55.39,0.98,126,0.0,75,0.0,50,0.0,1,0.0,59.52,0.0,2022-09-04,G,10,-
-,-,DarthPsyonic,-,1550.48,-3.02,1717.85,0.0,55.79,1.01,144,0.0,87,0.0,55,0.0,2,0.0,60.42,0.0,2022-06-05,P,4,-
286,-12,Aftheiss,US,1550.33,-8.14,1655.25,-6.67,34.97,0.49,166,6.0,105,2.0,59,3.0,2,1.0,63.25,-1.13,2026-07-14,-,0,408.0
-,-,Chuckles_the_second,-,1549.93,-3.03,1713.81,0.0,54.63,1.01,90,0.0,55,0.0,35,0.0,0,0.0,61.11,0.0,2023-12-03,M,1,-
287,14,TrilceAC,ES,1549.63,4.95,1637.14,6.01,29.17,0.36,550,14.0,291,8.0,254,5.0,5,1.0,52.91,0.11,2026-08-11,P,2,448.0
-,-,frotes,US,1549.53,-2.86,1722.96,0.0,57.81,0.95,168,0.0,87,0.0,77,0.0,4,0.0,51.79,0.0,2021-12-05,GM,5,-
-,-,follik,LV,1549.05,-3.47,1693.95,0.0,48.3,1.16,150,0.0,96,0.0,52,0.0,2,0.0,64.0,0.0,2023-11-15,G,2,-
288,-27,BitterBlossom,CN,1548.98,-16.68,1657.61,-15.55,36.21,0.38,164,6.0,100,1.0,63,5.0,1,0.0,60.98,-1.68,2026-07-20,-,0,158.0
-,-,Grogmir,PL,1548.37,-3.06,1712.41,0.0,54.68,1.02,102,0.0,62,0.0,40,0.0,0,0.0,60.78,0.0,2024-03-03,G,10,-
289,-9,danilius,IT,1548.16,-4.82,1653.52,0.0,35.12,1.61,392,0.0,233,0.0,156,0.0,3,0.0,59.44,0.0,2026-03-16,P,2,327.0
290,-1,Djinges,-,1547.79,-2.16,1775.27,0.0,75.83,0.72,24,0.0,20,0.0,4,0.0,0,0.0,83.33,0.0,2026-05-31,-,0,-
-,-,JohnnyD144,-,1547.22,-1.82,1816.25,0.0,89.68,0.61,42,0.0,37,0.0,5,0.0,0,0.0,88.1,0.0,2022-03-06,-,0,-
291,-10,MurphyAKL,US,1547.03,-5.34,1621.7,-1.25,24.89,1.36,806,14.0,424,6.0,376,8.0,6,0.0,52.61,-0.17,2026-07-26,G,2,205.0
292,1,ImmoDoP,-,1546.76,-1.7,1834.4,0.0,95.88,0.57,16,0.0,12,0.0,4,0.0,0,0.0,75.0,0.0,2026-05-12,-,0,-
293,-7,Alistxi,-,1546.74,-3.62,1685.59,0.0,46.28,1.21,104,0.0,63,0.0,41,0.0,0,0.0,60.58,0.0,2026-05-25,-,0,1287.0
294,-2,Shergar,GB,1546.39,-2.75,1726.17,0.0,59.93,0.92,44,0.0,28,0.0,16,0.0,0,0.0,63.64,0.0,2026-05-15,-,0,757.0
-,-,rasattack,-,1545.52,-2.15,1774.86,0.0,76.44,0.72,36,0.0,27,0.0,9,0.0,0,0.0,75.0,0.0,2024-07-01,-,0,-
295,-1,Prautim,-,1545.03,-3.42,1692.27,0.0,49.08,1.14,86,0.0,50,0.0,36,0.0,0,0.0,58.14,0.0,2026-05-29,-,0,729.0
296,-5,BradSwan,US,1544.4,-4.92,1651.53,0.0,35.71,1.64,340,0.0,186,0.0,151,0.0,3,0.0,54.71,0.0,2025-11-30,G,14,548.0
297,0,Ddafaith,CZ,1543.95,-2.34,1621.78,2.3,25.95,1.55,688,10.0,374,5.0,309,3.0,5,2.0,54.36,-0.06,2026-08-03,G,8,238.0
298,-32,arthurlam90,-,1543.91,-18.85,1653.35,-17.91,36.48,0.31,134,6.0,80,0.0,53,6.0,1,0.0,59.7,-2.8,2026-07-13,-,0,389.0
-,-,HealingAura,-,1543.82,-2.91,1714.04,0.0,56.74,0.97,60,0.0,40,0.0,20,0.0,0,0.0,66.67,0.0,2025-03-19,-,0,757.0
299,32,Sengir80,-,1543.59,11.48,1679.49,9.68,45.3,-0.6,82,6.0,51,5.0,31,1.0,0,0.0,62.2,1.67,2026-07-09,-,0,437.0
-,-,Fayebian,-,1543.41,-3.3,1695.17,0.0,50.59,1.1,136,0.0,78,0.0,57,0.0,1,0.0,57.35,0.0,2025-07-02,G,2,398.0
300,153,MysteriousWizard,-,1542.97,75.5,1777.99,49.27,78.34,-8.74,24,6.0,22,6.0,2,0.0,0,0.0,91.67,2.78,2026-07-15,-,0,-
301,-16,LJSHUEN,-,1542.76,-7.7,1726.97,-24.45,61.4,-5.58,40,6.0,24,2.0,15,4.0,1,0.0,60.0,-4.71,2026-07-07,-,0,662.0
302,-14,rap2,HK,1542.64,-7.42,1630.42,-3.66,29.26,1.25,430,6.0,241,2.0,185,4.0,4,0.0,56.05,-0.32,2026-07-17,G,6,202.0
303,-4,Tototrillion,DE,1542.42,-2.79,1718.84,0.0,58.81,0.93,48,0.0,27,0.0,20,0.0,1,0.0,56.25,0.0,2026-05-18,-,0,480.0
304,-1,Haubentaucherwelpe,-,1541.39,-2.76,1719.81,0.0,59.47,0.92,78,0.0,56,0.0,22,0.0,0,0.0,71.79,0.0,2026-02-13,-,0,805.0
305,-21,Magesolo,DE,1541.03,-10.15,1616.36,-5.17,25.11,1.66,886,10.0,449,3.0,430,7.0,7,0.0,50.68,-0.23,2026-07-23,P,10,174.0
306,-4,peposqui,ES,1540.65,-3.62,1632.17,0.16,30.51,1.26,324,6.0,180,4.0,144,2.0,0,0.0,55.56,0.21,2026-07-03,G,4,208.0
307,-29,amaj,US,1540.34,-14.44,1651.35,-12.38,37.0,0.69,132,4.0,81,0.0,51,4.0,0,0.0,61.36,-1.92,2026-07-26,-,0,439.0
308,-8,Neandrtalec,-,1540.22,-4.58,1652.32,0.0,37.37,1.53,144,0.0,77,0.0,65,0.0,2,0.0,53.47,0.0,2026-05-12,-,0,291.0
309,0,DB.Starman,-,1539.76,-0.18,1624.88,4.27,28.37,1.48,522,6.0,282,4.0,240,2.0,0,0.0,54.02,0.14,2026-07-16,P,2,183.0
-,-,lfrantisek,FI,1539.69,-3.74,1672.4,0.0,44.23,1.25,222,0.0,130,0.0,91,0.0,1,0.0,58.56,0.0,2025-05-12,G,4,514.0
310,-5,VampireD,HK,1539.38,-2.8,1715.48,0.0,58.7,0.93,52,0.0,36,0.0,16,0.0,0,0.0,69.23,0.0,2025-12-29,-,0,219.0
-,-,riccccc,-,1539.05,-3.74,1672.16,0.0,44.37,1.25,168,0.0,107,0.0,60,0.0,1,0.0,63.69,0.0,2025-04-07,G,2,659.0
311,33,eggmancs,GB,1538.82,15.45,1661.52,15.55,40.9,0.03,138,6.0,83,6.0,54,0.0,1,0.0,60.14,1.81,2026-07-22,-,0,191.0
-,-,hihihiji,HK,1537.91,-2.61,1727.89,0.0,63.33,0.87,78,0.0,42,0.0,36,0.0,0,0.0,53.85,0.0,2022-05-29,M,1,-
312,9,Mike1313,RU,1537.41,3.02,1618.1,7.62,26.9,1.53,594,10.0,319,6.0,274,4.0,1,0.0,53.7,0.1,2026-07-26,-,0,229.0
313,-23,spaceport,-,1536.73,-13.18,1644.2,-9.6,35.82,1.19,160,2.0,99,0.0,60,2.0,1,0.0,61.88,-0.78,2026-07-31,-,0,444.0
314,22,richardhell,UA,1535.2,5.99,1651.13,5.92,38.64,-0.02,130,6.0,79,4.0,51,2.0,0,0.0,60.77,0.29,2026-07-14,-,0,214.0
-,-,ChrisTher,-,1535.0,-3.34,1683.03,0.0,49.34,1.11,92,0.0,54,0.0,38,0.0,0,0.0,58.7,0.0,2025-07-29,G,2,551.0
-,-,cs2376jr,US,1534.98,-2.04,1775.72,0.0,80.25,0.68,24,0.0,19,0.0,5,0.0,0,0.0,79.17,0.0,2025-05-08,-,0,729.0
-,-,Akstar,-,1534.73,-1.81,1805.1,0.0,90.12,0.6,30,0.0,26,0.0,4,0.0,0,0.0,86.67,0.0,2022-02-13,-,0,-
315,0,Mario86,IT,1533.68,-3.93,1664.43,0.0,43.58,1.31,182,0.0,105,0.0,76,0.0,1,0.0,57.69,0.0,2026-03-11,G,4,346.0
316,-2,Durloc,US,1533.67,-4.11,1620.41,-0.11,28.91,1.33,330,6.0,191,3.0,138,3.0,1,0.0,57.88,-0.14,2026-07-15,-,0,345.0
317,33,LordPeter,-,1533.66,13.57,1644.37,14.47,36.91,0.3,186,6.0,100,4.0,83,2.0,3,0.0,53.76,0.43,2026-06-28,G,8,204.0
318,-22,Shincham,BR,1533.6,-13.4,1622.46,-9.49,29.62,1.3,474,6.0,270,1.0,201,5.0,3,0.0,56.96,-0.52,2026-07-21,G,14,249.0
-,-,FFAZ,HK,1533.35,-4.48,1652.29,0.0,39.65,1.49,272,0.0,165,0.0,106,0.0,1,0.0,60.66,0.0,2024-10-01,P,2,-
319,-9,baodalanxin,CN,1533.2,-6.49,1611.48,-2.54,26.09,1.32,576,10.0,313,4.0,259,6.0,4,0.0,54.34,-0.25,2026-07-31,G,2,248.0
-,-,Jans,PL,1533.14,-2.71,1714.24,0.0,60.37,0.9,56,0.0,39,0.0,17,0.0,0,0.0,69.64,0.0,2024-09-15,-,0,-
320,209,northlynx,DE,1532.96,99.72,1798.44,43.17,88.49,-18.85,18,6.0,15,5.0,3,1.0,0,0.0,83.33,0.0,2026-07-20,-,0,-
321,40,jSan,-,1531.86,17.79,1649.03,17.5,39.06,-0.1,204,6.0,138,5.0,64,1.0,2,0.0,67.65,0.48,2026-07-10,-,0,343.0
322,-3,Kristin,-,1531.84,-3.13,1689.64,0.0,52.6,1.04,80,0.0,53,0.0,26,0.0,1,0.0,66.25,0.0,2026-05-20,-,0,578.0
-,-,slig123,US,1531.5,-2.72,1710.49,0.0,59.66,0.91,154,0.0,97,0.0,55,0.0,2,0.0,62.99,0.0,2021-02-07,GM,2,-
323,-6,eNroamer,LV,1531.25,-5.44,1633.42,0.0,34.06,1.81,786,0.0,382,0.0,399,0.0,5,0.0,48.6,0.0,2025-09-30,G,10,196.0
-,-,Fingerzam,-,1530.96,-2.33,1741.44,0.0,70.16,0.78,36,0.0,28,0.0,8,0.0,0,0.0,77.78,0.0,2024-07-01,-,0,-
324,-20,Saerleon,-,1530.88,-12.06,1677.99,-19.79,49.03,-2.57,162,10.0,98,6.0,64,4.0,0,0.0,60.49,-0.04,2026-07-29,M,2,-
325,-5,MoonlitShadow,-,1530.46,-4.29,1646.42,0.0,38.65,1.43,214,0.0,124,0.0,87,0.0,3,0.0,57.94,0.0,2025-11-28,-,0,237.0
-,-,Runawaaayyy,CH,1530.44,-3.39,1677.83,0.0,49.13,1.13,132,0.0,80,0.0,52,0.0,0,0.0,60.61,0.0,2024-04-04,G,2,-
326,-10,StonedHenge420,US,1530.42,-6.85,1614.33,-2.46,27.97,1.47,372,6.0,199,2.0,173,4.0,0,0.0,53.49,-0.34,2026-07-12,G,2,210.0
-,-,gallinule,-,1530.31,-2.92,1699.46,0.0,56.38,0.97,130,0.0,65,0.0,63,0.0,2,0.0,50.0,0.0,2022-11-18,-,0,-
-,-,potpath,TH,1530.0,-1.8,1802.5,0.0,90.83,0.6,24,0.0,20,0.0,4,0.0,0,0.0,83.33,0.0,2024-03-17,-,0,-
-,-,Winston11tw,-,1529.54,-2.85,1700.64,0.0,57.03,0.95,150,0.0,85,0.0,58,0.0,7,0.0,56.67,0.0,2021-12-05,P,4,-
327,94,Bad_Horse,-,1528.86,42.58,1736.3,18.35,69.15,-8.08,30,6.0,19,3.0,11,3.0,0,0.0,63.33,-3.34,2026-07-04,-,0,-
-,-,Robster,NL,1528.28,-4.68,1647.26,0.0,39.66,1.56,472,0.0,260,0.0,208,0.0,4,0.0,55.08,0.0,2025-03-18,G,10,647.0
328,-4,Qiubag,PL,1528.07,-5.58,1620.05,0.0,30.66,1.86,396,0.0,191,0.0,202,0.0,3,0.0,48.23,0.0,2026-03-22,G,6,135.0
329,1,Aruta,-,1527.85,-4.57,1687.61,-12.77,53.25,-2.73,70,6.0,47,3.0,23,3.0,0,0.0,67.14,-1.61,2026-07-12,-,0,711.0
330,2,redyredy123,-,1527.76,-3.58,1667.05,0.0,46.43,1.19,74,0.0,41,0.0,32,0.0,1,0.0,55.41,0.0,2026-05-16,-,0,635.0
331,-3,pote,TN,1527.72,-4.88,1632.51,0.0,34.93,1.63,282,0.0,167,0.0,113,0.0,2,0.0,59.22,0.0,2026-05-24,G,2,1262.0
332,-10,Tasku,FI,1527.45,-6.57,1649.94,-9.46,40.83,-0.97,120,10.0,77,6.0,42,4.0,1,0.0,64.17,-0.38,2026-08-03,-,0,561.0
-,-,lppl,-,1527.29,-3.45,1674.33,0.0,49.02,1.15,234,0.0,122,0.0,108,0.0,4,0.0,52.14,0.0,2024-04-05,-,0,-
333,8,Stefan665,-,1526.8,-0.65,1682.38,-5.01,51.86,-1.45,72,6.0,52,4.0,20,2.0,0,0.0,72.22,-0.51,2026-07-16,-,0,1287.0
334,0,Rumbleman,US,1526.69,-4.01,1653.25,0.0,42.19,1.34,170,0.0,103,0.0,67,0.0,0,0.0,60.59,0.0,2025-11-30,G,8,638.0
-,-,Bierfuizl,-,1526.24,-2.47,1725.46,0.0,66.41,0.82,72,0.0,51,0.0,20,0.0,1,0.0,70.83,0.0,2021-09-05,G,2,-
335,-12,DavidSegoviano,ES,1525.01,-8.88,1603.84,-4.97,26.28,1.31,440,10.0,239,3.0,201,7.0,0,0.0,54.32,-0.56,2026-07-31,G,2,186.0
336,-11,Aaronwebber,-,1524.8,-8.67,1608.84,-5.28,28.02,1.13,576,10.0,313,4.0,261,6.0,2,0.0,54.34,-0.25,2026-07-26,P,4,249.0
337,-8,virvett,BR,1524.73,-7.71,1607.97,-2.58,27.75,1.71,418,4.0,230,1.0,184,3.0,4,0.0,55.02,-0.29,2026-07-31,G,2,164.0
-,-,mm34nn,CN,1524.71,-2.45,1725.88,0.0,67.06,0.82,60,0.0,29,0.0,30,0.0,1,0.0,48.33,0.0,2022-03-06,M,4,-
338,-32,Gudimundi,IS,1524.43,-17.71,1617.95,-16.33,31.18,0.46,200,10.0,115,2.0,82,7.0,3,1.0,57.5,-1.97,2026-08-10,-,0,222.0
339,14,GoblinMatron,-,1524.3,5.9,1632.77,4.21,36.16,-0.56,134,10.0,77,6.0,57,4.0,0,0.0,57.46,0.2,2026-08-03,-,0,192.0
-,-,Xsn,PL,1524.19,-2.35,1733.35,0.0,69.72,0.78,48,0.0,36,0.0,10,0.0,2,0.0,75.0,0.0,2025-02-28,-,0,640.0
340,-2,Crowther,-,1524.09,-4.6,1633.11,0.0,36.34,1.53,170,0.0,98,0.0,70,0.0,2,0.0,57.65,0.0,2026-05-31,G,6,563.0
-,-,Toper,US,1523.77,-2.15,1753.22,0.0,76.49,0.72,66,0.0,40,0.0,25,0.0,1,0.0,60.61,0.0,2019-08-22,-,0,-
341,-1,vitek,-,1523.28,-4.32,1639.59,0.0,38.77,1.44,186,0.0,93,0.0,91,0.0,2,0.0,50.0,0.0,2026-04-03,G,18,246.0
342,-16,gamblerch,CL,1523.21,-9.66,1617.1,-5.71,31.29,1.32,360,4.0,174,1.0,184,3.0,2,0.0,48.33,-0.27,2026-07-30,-,0,306.0
-,-,busti,BE,1522.41,-3.41,1682.0,0.0,53.2,1.14,116,0.0,76,0.0,40,0.0,0,0.0,65.52,0.0,2023-11-17,-,0,-
343,25,Cat12,CN,1522.28,12.53,1626.78,12.01,34.83,-0.18,190,10.0,118,6.0,71,4.0,1,0.0,62.11,-0.11,2026-08-06,-,0,338.0
-,-,jkmushy,-,1522.22,-2.54,1714.92,0.0,64.23,0.85,102,0.0,66,0.0,36,0.0,0,0.0,64.71,0.0,2021-02-26,P,8,-
344,-17,mrcy,HU,1521.93,-10.91,1657.18,-14.01,45.08,-1.03,82,6.0,48,1.0,34,5.0,0,0.0,58.54,-3.3,2026-07-06,-,0,726.0
-,-,vermiliondk,-,1521.88,-2.02,1764.52,0.0,80.88,0.67,24,0.0,14,0.0,10,0.0,0,0.0,58.33,0.0,2024-07-15,-,0,-
345,-8,tnawrocki,US,1521.73,-7.41,1612.86,-5.27,30.38,0.71,200,10.0,112,5.0,87,5.0,1,0.0,56.0,-0.32,2026-08-07,-,0,280.0
-,-,Pripek,FR,1521.53,-3.26,1671.87,0.0,50.11,1.09,144,0.0,91,0.0,52,0.0,1,0.0,63.19,0.0,2024-04-04,-,0,-
346,-4,ktroop,-,1519.96,-5.9,1637.34,-4.51,39.13,0.46,248,4.0,107,1.0,139,3.0,2,0.0,43.15,-0.29,2026-08-07,-,0,-
-,-,MugiwaraNoLofwyr,-,1519.88,-2.98,1688.83,0.0,56.32,0.99,144,0.0,89,0.0,55,0.0,0,0.0,61.81,0.0,2022-05-23,P,6,-
-,-,matus,-,1519.51,-1.57,1832.48,0.0,104.32,0.52,24,0.0,22,0.0,2,0.0,0,0.0,91.67,0.0,2020-05-24,-,0,-
347,-14,Shadowiscool500,US,1519.06,-11.87,1602.03,-6.45,27.66,1.8,628,6.0,331,1.0,293,5.0,4,0.0,52.71,-0.34,2026-07-27,G,2,116.0
-,-,gyova,-,1518.89,-2.48,1717.24,0.0,66.12,0.83,72,0.0,45,0.0,27,0.0,0,0.0,62.5,0.0,2021-08-28,P,2,-
348,-2,Kvist,DK,1518.79,-2.74,1698.23,0.0,59.81,0.91,54,0.0,39,0.0,15,0.0,0,0.0,72.22,0.0,2026-01-21,-,0,1287.0
349,-10,LeoM,IT,1518.75,-8.92,1599.56,-5.22,26.94,1.23,524,10.0,281,4.0,238,6.0,5,0.0,53.63,-0.26,2026-07-30,-,0,245.0
350,-3,mzotkiew,-,1518.56,-2.82,1693.67,0.0,58.37,0.94,56,0.0,39,0.0,17,0.0,0,0.0,69.64,0.0,2026-05-13,-,0,-
-,-,JohnFreshKennedy,DE,1517.24,-3.94,1644.2,0.0,42.32,1.31,248,0.0,152,0.0,95,0.0,1,0.0,61.29,0.0,2024-07-01,G,10,-
-,-,Berfner,SE,1517.07,-3.22,1671.52,0.0,51.48,1.07,80,0.0,48,0.0,31,0.0,1,0.0,60.0,0.0,2025-03-09,-,0,757.0
-,-,McLovinsBlueberry,-,1517.0,-2.88,1688.51,0.0,57.17,0.96,60,0.0,39,0.0,21,0.0,0,0.0,65.0,0.0,2025-07-09,-,0,720.0
351,1,boonio88,PL,1516.05,-2.76,1694.44,0.0,59.47,0.92,42,0.0,25,0.0,17,0.0,0,0.0,59.52,0.0,2026-05-07,-,0,939.0
352,2,SwaulgustusCaesar,-,1515.95,-2.1,1749.98,0.0,78.01,0.7,24,0.0,15,0.0,8,0.0,1,0.0,62.5,0.0,2026-05-17,-,0,-
353,-5,Mark0n,HR,1515.8,-5.43,1612.58,0.0,32.26,1.81,456,0.0,243,0.0,207,0.0,6,0.0,53.29,0.0,2025-11-21,G,7,186.0
354,5,rcia,ES,1515.31,0.61,1610.06,4.41,31.59,1.26,502,6.0,272,5.0,224,1.0,6,0.0,54.18,0.35,2026-07-19,G,16,502.0
-,-,King.I.T.North,-,1515.22,-2.61,1703.73,0.0,62.84,0.87,60,0.0,42,0.0,18,0.0,0,0.0,70.0,0.0,2025-09-03,-,0,865.0
355,-10,DadboBaggins,US,1515.07,-8.29,1597.03,-4.92,27.32,1.12,440,10.0,227,4.0,211,6.0,2,0.0,51.59,-0.27,2026-07-28,G,3,178.0
356,-13,Hotti180,DE,1515.0,-8.38,1656.02,-10.65,47.01,-0.76,78,6.0,49,3.0,29,3.0,0,0.0,62.82,-1.07,2026-07-16,-,0,-
357,8,Daniii,-,1514.68,2.49,1605.54,6.81,30.29,1.44,426,6.0,246,5.0,179,1.0,1,0.0,57.75,0.37,2026-07-18,G,4,189.0
358,-3,PontiusPilatus,DK,1514.16,-3.65,1654.57,0.0,46.8,1.22,134,0.0,89,0.0,44,0.0,1,0.0,66.42,0.0,2026-04-01,G,4,1271.0
359,-10,DarthVaderDLotS,-,1514.0,-6.79,1602.22,-3.17,29.41,1.21,524,6.0,278,2.0,244,4.0,2,0.0,53.05,-0.23,2026-07-20,M,2,277.0
360,-9,Borgmo,DE,1513.81,-5.3,1610.81,0.0,32.33,1.77,322,0.0,190,0.0,131,0.0,1,0.0,59.01,0.0,2026-05-31,G,2,410.0
361,36,Rolls.Royal,DE,1513.8,17.82,1611.85,18.38,32.68,0.19,184,10.0,110,8.0,73,2.0,1,0.0,59.78,1.16,2026-07-29,-,0,226.0
362,-44,Notbot66,FI,1513.57,-22.58,1611.76,-19.91,32.73,0.89,186,6.0,99,0.0,84,6.0,3,0.0,53.23,-1.77,2026-07-09,-,0,169.0
-,-,Foolio,-,1512.55,-2.85,1685.71,0.0,57.72,0.95,108,0.0,62,0.0,45,0.0,1,0.0,57.41,0.0,2022-09-04,M,2,-
-,-,ScoliopusB,-,1512.53,-3.72,1647.38,0.0,44.95,1.24,264,0.0,153,0.0,109,0.0,2,0.0,57.95,0.0,2024-05-26,P,2,-
-,-,Radorf,-,1512.34,-3.24,1666.72,0.0,51.46,1.08,166,0.0,87,0.0,77,0.0,2,0.0,52.41,0.0,2023-11-15,M,1,-
363,-5,Radvan,SK,1510.72,-5.58,1600.65,-1.6,29.97,1.33,328,6.0,194,4.0,131,2.0,3,0.0,59.15,0.14,2026-07-16,-,0,348.0
364,-4,BahbUrge,-,1510.14,-4.04,1632.13,0.0,40.66,1.35,102,0.0,60,0.0,41,0.0,1,0.0,58.82,0.0,2026-05-13,-,0,310.0
365,-2,LuckyAnesa,-,1510.13,-3.62,1648.49,0.0,46.12,1.21,138,0.0,74,0.0,63,0.0,1,0.0,53.62,0.0,2026-03-13,-,0,271.0
366,6,Fleepa0,ES,1510.07,2.35,1599.63,6.19,29.86,1.28,512,6.0,278,4.0,230,2.0,4,0.0,54.3,0.15,2026-07-18,-,0,316.0
-,-,Taeybae,-,1508.87,-1.68,1800.19,0.0,97.11,0.56,18,0.0,13,0.0,5,0.0,0,0.0,72.22,0.0,2025-03-09,-,0,757.0
367,-3,Garghiii,IT,1507.86,-5.53,1588.69,-2.66,26.95,0.96,326,14.0,172,6.0,152,8.0,2,0.0,52.76,-0.45,2026-07-31,-,0,359.0
368,-6,MrGekz,PL,1507.66,-6.25,1599.9,-3.07,30.75,1.06,426,8.0,233,5.0,188,3.0,5,0.0,54.69,0.14,2026-08-11,G,4,267.0
-,-,Galinlik,-,1507.48,-2.08,1746.28,0.0,79.6,0.69,30,0.0,19,0.0,10,0.0,1,0.0,63.33,0.0,2023-06-06,-,0,-
369,-3,Buldozer_bga,-,1507.47,-4.12,1630.45,0.0,40.99,1.37,120,0.0,67,0.0,53,0.0,0,0.0,55.83,0.0,2026-04-24,-,0,166.0
-,-,GrzeHu,-,1506.9,-2.7,1688.51,0.0,60.53,0.9,84,0.0,56,0.0,28,0.0,0,0.0,66.67,0.0,2022-08-24,-,0,-
370,7,JimmyLin,TW,1506.65,1.66,1587.69,6.07,27.01,1.47,752,10.0,374,6.0,372,4.0,6,0.0,49.73,0.13,2026-07-31,M,2,152.0
371,-4,Agnsild,NO,1506.56,-4.81,1613.02,0.0,35.49,1.6,162,0.0,98,0.0,63,0.0,1,0.0,60.49,0.0,2026-05-29,-,0,269.0
372,2,Panthera,PL,1505.41,-2.16,1586.78,2.19,27.13,1.45,544,8.0,294,4.0,244,4.0,6,0.0,54.04,-0.06,2026-06-29,-,0,255.0
-,-,Asaf,IL,1505.12,-3.49,1646.26,0.0,47.05,1.16,154,0.0,102,0.0,51,0.0,1,0.0,66.23,0.0,2024-04-04,-,0,-
-,-,P373R,GB,1504.89,-2.08,1740.18,0.0,78.43,0.69,36,0.0,28,0.0,8,0.0,0,0.0,77.78,0.0,2022-09-04,G,2,-
373,25,TheKrunk,-,1504.64,8.9,1632.74,8.7,42.7,-0.07,92,6.0,63,5.0,29,1.0,0,0.0,68.48,1.04,2026-07-26,-,0,757.0
374,unretired,G_7,-,1504.49,22.16,1647.5,17.72,47.67,-1.48,192,6.0,111,5.0,80,1.0,1,0.0,57.81,0.82,2026-07-16,G,12,-
375,26,gabev,US,1504.3,9.07,1620.57,10.33,38.76,0.42,132,4.0,78,3.0,53,1.0,1,0.0,59.09,0.5,2026-07-27,-,0,349.0
376,-6,isman,ES,1504.06,-4.24,1624.38,0.0,40.11,1.41,146,0.0,77,0.0,69,0.0,0,0.0,52.74,0.0,2026-01-23,G,2,182.0
377,-4,Pule,-,1503.23,-4.41,1615.88,0.0,37.55,1.47,266,0.0,142,0.0,124,0.0,0,0.0,53.38,0.0,2025-11-30,-,0,282.0
-,-,dayorbyte,-,1503.22,-3.02,1667.67,0.0,54.82,1.01,140,0.0,85,0.0,52,0.0,3,0.0,60.71,0.0,2023-08-05,P,4,-
378,-3,yliu386,AU,1503.06,-4.47,1615.32,0.0,37.42,1.49,142,0.0,84,0.0,58,0.0,0,0.0,59.15,0.0,2026-05-31,-,0,529.0
379,-3,t0mk0t,-,1502.65,-3.33,1651.27,0.0,49.54,1.11,76,0.0,45,0.0,29,0.0,2,0.0,59.21,0.0,2026-05-15,-,0,690.0
-,-,Traumatan,DE,1502.65,-2.78,1681.17,0.0,59.51,0.93,66,0.0,41,0.0,25,0.0,0,0.0,62.12,0.0,2024-07-01,-,0,1287.0
380,126,sergilicious,-,1502.4,61.82,1705.09,28.86,67.56,-10.99,42,10.0,33,8.0,9,2.0,0,0.0,78.57,0.45,2026-07-31,-,0,-
381,-10,Alvin1912,-,1502.39,-5.88,1597.53,0.0,31.71,1.96,500,0.0,272,0.0,222,0.0,6,0.0,54.4,0.0,2026-02-28,P,4,223.0
382,-1,InfiniteZest,-,1501.29,-2.78,1609.53,-1.16,36.08,0.54,220,6.0,119,4.0,100,2.0,1,0.0,54.09,0.35,2026-08-02,G,4,344.0
383,-27,llsgnm,-,1500.67,-16.52,1626.4,-18.24,41.91,-0.58,96,6.0,59,1.0,37,5.0,0,0.0,61.46,-2.98,2026-07-26,-,0,488.0
384,-6,Nostradamus5321,-,1500.56,-3.96,1628.15,0.0,42.53,1.32,130,0.0,73,0.0,53,0.0,4,0.0,56.15,0.0,2026-02-19,-,0,403.0
385,-3,santhosh163,-,1500.46,-3.13,1657.61,0.0,52.38,1.04,66,0.0,44,0.0,22,0.0,0,0.0,66.67,0.0,2026-05-31,-,0,783.0
386,-187,Maxxxx,-,1500.43,-98.85,1671.48,-100.9,57.02,-0.68,84,6.0,51,0.0,31,6.0,2,0.0,60.71,-4.67,2026-07-13,P,4,-
-,-,Bonnie,-,1500.11,-2.76,1677.85,0.0,59.25,0.92,84,0.0,54,0.0,30,0.0,0,0.0,64.29,0.0,2022-12-04,P,2,-
-,-,Louaym,-,1499.83,-3.25,1653.08,0.0,51.08,1.08,126,0.0,75,0.0,48,0.0,3,0.0,59.52,0.0,2023-09-03,G,2,-
387,-4,Castigar,-,1499.83,-3.61,1642.08,0.0,47.42,1.2,150,0.0,84,0.0,65,0.0,1,0.0,56.0,0.0,2026-05-20,-,0,-
-,-,Hsugneslie,-,1499.35,-3.9,1628.58,0.0,43.07,1.3,216,0.0,122,0.0,94,0.0,0,0.0,56.48,0.0,2024-08-27,G,8,-
388,-8,ThomRun974,FR,1499.27,-5.02,1605.02,0.0,35.25,1.67,266,0.0,135,0.0,128,0.0,3,0.0,50.75,0.0,2026-05-16,G,6,543.0
389,3,Victory7,CA,1498.66,-0.33,1605.51,-1.97,35.62,-0.55,130,12.0,75,6.0,53,6.0,2,0.0,57.69,-0.78,2026-07-30,-,0,872.0
390,-4,Naleenae,BE,1498.52,-2.63,1684.98,0.0,62.15,0.88,48,0.0,28,0.0,19,0.0,1,0.0,58.33,0.0,2026-01-16,-,0,757.0
391,2,Tony117,IT,1498.21,0.19,1594.67,3.64,32.15,1.15,392,6.0,220,4.0,169,2.0,3,0.0,56.12,0.16,2026-07-06,-,0,362.0
392,-57,kevinsbane,-,1497.98,-31.96,1699.88,-73.16,67.3,-13.73,34,10.0,20,3.0,13,7.0,1,0.0,58.82,-12.01,2026-07-26,-,0,-
-,-,Redgood,-,1497.93,-2.82,1673.65,0.0,58.57,0.94,78,0.0,51,0.0,27,0.0,0,0.0,65.38,0.0,2025-03-22,-,0,805.0
393,25,Ralf-TtA,DE,1497.1,9.48,1600.32,11.56,34.4,0.69,246,6.0,126,4.0,119,2.0,1,0.0,51.22,0.39,2026-07-27,G,4,314.0
394,-10,AndriiN,DE,1496.74,-5.73,1588.02,0.0,30.42,1.91,272,0.0,147,0.0,124,0.0,1,0.0,54.04,0.0,2026-05-31,-,0,197.0
-,-,Swirek,-,1496.27,-2.95,1663.07,0.0,55.6,0.98,132,0.0,74,0.0,57,0.0,1,0.0,56.06,0.0,2022-06-05,P,2,-
395,-8,justinkejs,-,1496.23,-4.63,1607.53,0.0,37.1,1.54,306,0.0,166,0.0,137,0.0,3,0.0,54.25,0.0,2026-05-21,G,6,805.0
-,-,deluks917,US,1495.56,-3.75,1639.67,0.0,48.04,1.25,248,0.0,123,0.0,125,0.0,0,0.0,49.6,0.0,2024-02-21,GM,1,-
396,0,modjoaq,-,1494.9,-2.08,1731.59,0.0,78.9,0.69,34,0.0,25,0.0,9,0.0,0,0.0,73.53,0.0,2026-02-18,-,0,-
397,13,raist,SG,1494.05,2.6,1570.56,6.49,25.51,1.3,940,14.0,457,7.0,475,7.0,8,0.0,48.62,0.02,2026-08-04,P,2,185.0
398,-7,Gabriele,IT,1493.61,-5.51,1588.47,0.0,31.62,1.84,430,0.0,244,0.0,183,0.0,3,0.0,56.74,0.0,2026-01-25,-,0,314.0
-,-,chiang831,-,1493.56,-2.58,1686.52,0.0,64.32,0.86,72,0.0,48,0.0,24,0.0,0,0.0,66.67,0.0,2022-02-24,-,0,-
399,-4,Deschain,-,1493.38,-3.96,1620.38,0.0,42.33,1.32,192,0.0,112,0.0,78,0.0,2,0.0,58.33,0.0,2026-03-13,P,2,-
400,-1,SvenSvift,AT,1493.31,-2.41,1696.84,0.0,67.84,0.8,36,0.0,21,0.0,15,0.0,0,0.0,58.33,0.0,2026-05-13,-,0,757.0
-,-,tomaszchwiszczuk,-,1493.09,-2.41,1697.72,0.0,68.21,0.8,66,0.0,39,0.0,25,0.0,2,0.0,59.09,0.0,2022-03-06,P,4,-
401,22,Kuter,PL,1493.05,7.14,1577.43,11.36,28.13,1.41,560,6.0,300,5.0,255,1.0,5,0.0,53.57,0.32,2026-07-09,-,0,369.0
402,-14,Zathio,US,1492.74,-7.48,1594.81,-4.45,34.02,1.01,284,4.0,159,1.0,121,3.0,4,0.0,55.99,-0.44,2026-07-25,-,0,989.0
403,-9,Thronx,DE,1492.64,-5.29,1593.81,0.0,33.72,1.76,340,0.0,186,0.0,152,0.0,2,0.0,54.71,0.0,2026-03-24,G,4,396.0
-,-,Lonzo,DE,1492.49,-3.58,1637.63,0.0,48.38,1.19,218,0.0,123,0.0,94,0.0,1,0.0,56.42,0.0,2023-11-24,G,2,-
404,-2,refs,NO,1492.23,-2.84,1665.55,0.0,57.77,0.95,50,0.0,34,0.0,16,0.0,0,0.0,68.0,0.0,2026-05-15,-,0,394.0
405,-26,JamesH,GR,1492.06,-12.38,1634.55,-14.47,47.5,-0.7,114,6.0,70,3.0,44,3.0,0,0.0,61.4,-0.64,2026-07-05,-,0,805.0
406,-37,Terence,-,1491.57,-16.78,1577.23,-13.67,28.55,1.04,576,10.0,297,3.0,275,7.0,4,0.0,51.56,-0.38,2026-08-03,G,6,235.0
-,-,Tanario,DK,1491.33,-3.28,1641.78,0.0,50.15,1.09,104,0.0,72,0.0,32,0.0,0,0.0,69.23,0.0,2024-07-01,-,0,-
407,-2,henrymerrivale,IT,1491.28,-2.4,1573.06,1.46,27.26,1.29,732,10.0,372,4.0,349,5.0,11,1.0,50.82,-0.15,2026-07-27,P,4,242.0
408,-2,EnozamaIV,DE,1490.56,-2.76,1589.67,-2.01,33.04,0.25,180,10.0,110,5.0,70,5.0,0,0.0,61.11,-0.65,2026-08-10,-,0,369.0
409,0,Sergeeeee,GB,1490.39,-1.19,1573.28,2.5,27.63,1.23,400,10.0,206,7.0,191,3.0,3,0.0,51.5,0.47,2026-07-27,G,2,234.0
410,-7,McNulty,US,1490.3,-4.75,1598.46,0.0,36.05,1.58,384,0.0,210,0.0,172,0.0,2,0.0,54.69,0.0,2026-03-17,-,0,340.0
411,-7,PyBel,ES,1490.2,-3.53,1633.83,0.0,47.88,1.18,126,0.0,80,0.0,45,0.0,1,0.0,63.49,0.0,2026-03-15,G,2,729.0
412,-27,Hardco,CA,1489.16,-13.26,1586.18,-9.66,32.34,1.2,608,4.0,277,0.0,322,4.0,9,0.0,45.56,-0.3,2026-07-21,M,1,791.0
-,-,AvPL,PL,1488.66,-2.41,1692.9,0.0,68.08,0.8,48,0.0,35,0.0,13,0.0,0,0.0,72.92,0.0,2023-10-15,-,0,-
413,-2,Limubai,-,1488.59,-2.28,1704.95,0.0,72.12,0.76,32,0.0,21,0.0,11,0.0,0,0.0,65.62,0.0,2026-03-27,-,0,757.0
-,-,Waxtax,-,1488.56,-2.24,1706.83,0.0,72.76,0.75,60,0.0,36,0.0,12,0.0,12,0.0,60.0,0.0,2020-11-02,G,2,-
-,-,HentaiLover69,US,1488.44,-3.83,1618.38,0.0,43.31,1.28,180,0.0,103,0.0,75,0.0,2,0.0,57.22,0.0,2025-04-16,-,0,910.0
-,-,Aftermath,-,1488.11,-1.32,1859.12,0.0,123.67,0.44,12,0.0,11,0.0,1,0.0,0,0.0,91.67,0.0,2021-06-02,-,0,-
-,-,Lawful,-,1487.8,-2.06,1726.32,0.0,79.51,0.69,48,0.0,36,0.0,12,0.0,0,0.0,75.0,0.0,2021-05-29,-,0,-
414,-24,Cooper,US,1487.58,-11.56,1597.08,-13.46,36.5,-0.64,122,10.0,70,3.0,52,7.0,0,0.0,57.38,-2.44,2026-07-31,-,0,755.0
415,-15,Attrill20,GB,1487.28,-8.12,1571.0,-3.33,27.91,1.59,610,6.0,322,1.0,284,5.0,4,0.0,52.79,-0.36,2026-07-20,-,0,329.0
-,-,yangziduan,-,1487.03,-2.34,1696.53,0.0,69.83,0.78,80,0.0,39,0.0,40,0.0,1,0.0,48.75,0.0,2020-04-08,-,0,1245.0
416,55,daggsea,CN,1486.71,29.42,1625.88,25.2,46.39,-1.41,76,6.0,42,5.0,34,1.0,0,0.0,55.26,2.4,2026-07-11,-,0,304.0
-,-,fielmann,EE,1486.58,-2.79,1663.51,0.0,58.98,0.93,96,0.0,61,0.0,34,0.0,1,0.0,63.54,0.0,2023-03-01,G,2,-
417,-9,JensIV,DE,1486.53,-5.39,1581.56,0.0,31.68,1.8,216,0.0,112,0.0,103,0.0,1,0.0,51.85,0.0,2026-05-31,G,1,158.0
-,-,JarekWarsaw,-,1486.29,-3.29,1639.35,0.0,51.02,1.1,168,0.0,91,0.0,75,0.0,2,0.0,54.17,0.0,2023-02-18,G,10,-
418,-2,Zaij,-,1485.74,-2.13,1574.17,2.17,29.48,1.43,522,6.0,271,3.0,247,3.0,4,0.0,51.92,-0.02,2026-07-15,G,2,329.0
-,-,yood,-,1485.48,-2.79,1666.97,0.0,60.5,0.93,102,0.0,62,0.0,40,0.0,0,0.0,60.78,0.0,2021-12-05,G,2,-
-,-,Redgarex,-,1484.72,-1.26,1872.43,0.0,129.24,0.42,18,0.0,17,0.0,1,0.0,0,0.0,94.44,0.0,2020-09-06,-,0,-
419,1,Canifex,-,1484.64,-2.05,1723.34,0.0,79.57,0.68,24,0.0,17,0.0,7,0.0,0,0.0,70.83,0.0,2026-05-14,-,0,-
-,-,Xxchaking,-,1484.34,-2.58,1675.33,0.0,63.66,0.86,78,0.0,54,0.0,23,0.0,1,0.0,69.23,0.0,2022-03-06,-,0,-
420,22,jacksonray,-,1484.33,10.62,1604.9,10.32,40.19,-0.1,120,6.0,67,3.0,52,3.0,1,0.0,55.83,-0.31,2026-07-20,-,0,491.0
421,-6,sillysheep,HK,1484.08,-4.01,1608.93,0.0,41.62,1.34,188,0.0,104,0.0,83,0.0,1,0.0,55.32,0.0,2026-05-04,G,6,757.0
422,-9,danebed,IT,1483.97,-5.47,1581.49,0.0,32.51,1.82,528,0.0,289,0.0,238,0.0,1,0.0,54.73,0.0,2026-03-20,P,10,289.0
423,-1,Clayton,-,1483.57,-2.66,1669.13,0.0,61.85,0.89,62,0.0,39,0.0,22,0.0,1,0.0,62.9,0.0,2026-04-21,-,0,-
424,-35,Spoobill,-,1483.55,-15.76,1572.86,-11.53,29.77,1.41,402,6.0,218,0.0,180,6.0,4,0.0,54.23,-0.82,2026-07-17,-,0,350.0
425,-6,milanmar,-,1483.35,-3.42,1629.14,0.0,48.6,1.14,110,0.0,68,0.0,42,0.0,0,0.0,61.82,0.0,2026-03-20,-,0,662.0
426,46,poikai2,-,1483.27,26.13,1709.22,-5.97,75.32,-10.7,30,6.0,17,2.0,13,4.0,0,0.0,56.67,-5.83,2026-06-29,-,0,-
427,-20,hypodg,IT,1483.15,-9.76,1568.69,-5.37,28.51,1.46,504,6.0,277,1.0,222,5.0,5,0.0,54.96,-0.46,2026-07-07,-,0,359.0
-,-,cadol,-,1482.85,-2.38,1692.34,0.0,69.83,0.79,60,0.0,39,0.0,21,0.0,0,0.0,65.0,0.0,2021-08-26,G,2,-
428,0,dougthonus,US,1482.46,-0.29,1573.96,2.13,30.5,0.81,494,10.0,265,7.0,227,3.0,2,0.0,53.64,0.33,2026-08-01,G,6,362.0
429,-17,LordHomeOffice,DE,1482.05,-8.76,1595.4,-7.51,37.78,0.42,150,6.0,90,3.0,60,3.0,0,0.0,60.0,-0.42,2026-07-25,G,2,576.0
430,-16,AdiQue,PL,1481.92,-6.57,1563.91,-2.34,27.33,1.41,402,10.0,193,6.0,206,4.0,3,0.0,48.01,0.31,2026-07-23,P,4,293.0
431,-7,dnomn8r,-,1481.82,-2.52,1677.19,0.0,65.12,0.84,40,0.0,22,0.0,18,0.0,0,0.0,55.0,0.0,2026-04-15,-,0,578.0
-,-,Klakla92th,-,1481.33,-4.39,1596.39,0.0,38.35,1.46,416,0.0,223,0.0,188,0.0,5,0.0,53.61,0.0,2024-11-26,G,4,989.0
432,-15,trzeciakson,PL,1481.06,-6.61,1566.5,-2.45,28.48,1.39,460,6.0,227,2.0,228,4.0,5,0.0,49.35,-0.21,2026-07-09,P,6,244.0
433,-6,mc_esher,-,1480.7,-2.5,1677.91,0.0,65.74,0.83,54,0.0,34,0.0,19,0.0,1,0.0,62.96,0.0,2026-03-26,P,6,-
-,-,HollowKnight,-,1480.66,-2.91,1649.68,0.0,56.34,0.97,112,0.0,64,0.0,46,0.0,2,0.0,57.14,0.0,2023-06-06,-,0,-
434,9,ElTanque35,IT,1480.65,8.18,1597.03,5.56,38.8,-0.87,120,10.0,73,6.0,47,4.0,0,0.0,60.83,-0.08,2026-07-27,-,0,805.0
435,34,JohnyT,SK,1480.15,21.58,1585.23,21.45,35.03,-0.04,160,10.0,99,9.0,60,1.0,1,0.0,61.88,1.88,2026-07-29,-,0,522.0
436,-10,schwam,US,1479.8,-3.8,1564.37,-0.25,28.19,1.18,378,10.0,194,4.0,181,6.0,3,0.0,51.32,-0.31,2026-07-23,-,0,278.0
-,-,ducky1,-,1479.79,-2.07,1717.17,0.0,79.13,0.69,30,0.0,19,0.0,11,0.0,0,0.0,63.33,0.0,2023-08-03,-,0,-
437,-6,Scottrick,US,1479.49,-2.48,1677.4,0.0,65.97,0.83,40,0.0,25,0.0,15,0.0,0,0.0,62.5,0.0,2026-02-16,-,0,1429.0
-,-,Miklos,HU,1478.92,-4.56,1590.23,0.0,37.1,1.52,366,0.0,203,0.0,159,0.0,4,0.0,55.46,0.0,2024-10-01,-,0,1245.0
-,-,chenstix,-,1478.41,-3.41,1629.11,0.0,50.23,1.14,192,0.0,96,0.0,94,0.0,2,0.0,50.0,0.0,2023-03-01,G,6,-
-,-,Octavian,US,1477.63,-4.34,1602.51,0.0,41.63,1.45,372,0.0,184,0.0,185,0.0,3,0.0,49.46,0.0,2025-05-04,M,1,375.0
438,-8,ABQ,HR,1477.18,-5.18,1577.43,0.0,33.42,1.73,398,0.0,221,0.0,173,0.0,4,0.0,55.53,0.0,2026-04-14,G,4,461.0
-,-,Meowthfish,TW,1476.81,-3.49,1620.66,0.0,47.95,1.16,300,0.0,140,0.0,160,0.0,0,0.0,46.67,0.0,2023-06-04,M,3,-
439,-4,deleted_user_8840806,-,1476.07,-1.89,1735.5,0.0,86.48,0.63,20,0.0,16,0.0,4,0.0,0,0.0,80.0,0.0,2025-10-07,-,0,-
-,-,_sleepwalker,-,1476.01,-4.51,1591.01,0.0,38.33,1.5,276,0.0,155,0.0,119,0.0,2,0.0,56.16,0.0,2025-03-14,-,0,805.0
440,-7,Montu,US,1475.88,-4.47,1587.3,0.0,37.14,1.49,156,0.0,95,0.0,59,0.0,2,0.0,60.9,0.0,2026-05-30,-,0,596.0
441,3,Magnotta85,IT,1475.67,4.57,1616.39,2.67,46.9,-0.63,84,4.0,39,2.0,44,2.0,1,0.0,46.43,0.18,2026-07-27,-,0,605.0
442,-5,Pompeius12,-,1475.61,-1.77,1752.6,0.0,92.33,0.59,18,0.0,13,0.0,4,0.0,1,0.0,72.22,0.0,2026-03-20,-,0,-
443,-5,Paolol65,FR,1475.5,-1.83,1743.22,0.0,89.24,0.61,20,0.0,15,0.0,4,0.0,1,0.0,75.0,0.0,2026-03-22,-,0,1271.0
444,-12,Kaiserschmarrn,-,1475.43,-5.6,1578.04,0.0,34.2,1.87,348,0.0,201,0.0,144,0.0,3,0.0,57.76,0.0,2026-05-26,G,8,407.0
-,-,Asbestos,US,1475.33,-4.53,1586.07,0.0,36.91,1.51,390,0.0,201,0.0,185,0.0,4,0.0,51.54,0.0,2025-03-15,G,8,695.0
-,-,IirionClaus,-,1475.28,-2.4,1679.5,0.0,68.07,0.8,78,0.0,49,0.0,29,0.0,0,0.0,62.82,0.0,2020-08-21,P,2,-
445,-16,Mul,CA,1475.23,-7.45,1563.74,-3.15,29.5,1.43,314,6.0,171,3.0,141,3.0,2,0.0,54.46,-0.09,2026-06-28,-,0,319.0
446,12,aaaaa,JP,1475.17,10.12,1586.03,10.89,36.95,0.26,220,6.0,116,4.0,104,2.0,0,0.0,52.73,0.39,2026-07-14,G,2,546.0
447,-13,NoswordKnight,CN,1475.05,-3.08,1634.98,0.0,53.31,1.03,72,0.0,42,0.0,29,0.0,1,0.0,58.33,0.0,2026-03-23,-,0,805.0
-,-,nichtey,-,1474.96,-1.43,1817.13,0.0,114.05,0.48,24,0.0,20,0.0,4,0.0,0,0.0,83.33,0.0,2020-05-31,-,0,-
-,-,Wolar,CZ,1473.92,-4.48,1585.79,0.0,37.29,1.49,260,0.0,144,0.0,113,0.0,3,0.0,55.38,0.0,2025-07-22,-,0,282.0
-,-,Donni,DE,1472.67,-4.7,1581.77,0.0,36.37,1.57,312,0.0,177,0.0,132,0.0,3,0.0,56.73,0.0,2025-05-31,-,0,253.0
-,-,GaryPan,-,1472.66,-2.37,1680.2,0.0,69.18,0.79,86,0.0,42,0.0,43,0.0,1,0.0,48.84,0.0,2020-05-08,-,0,-
448,-12,Jappa,NL,1472.23,-5.34,1565.3,0.0,31.02,1.78,372,0.0,204,0.0,165,0.0,3,0.0,54.84,0.0,2026-01-01,G,4,313.0
449,-10,GangwonTeacher,-,1472.01,-3.06,1632.38,0.0,53.46,1.02,64,0.0,33,0.0,30,0.0,1,0.0,51.56,0.0,2026-05-12,-,0,711.0
450,-25,Daemon3142,GB,1471.83,-12.01,1550.06,-7.45,26.08,1.52,866,14.0,406,6.0,451,8.0,9,0.0,46.88,-0.07,2026-08-03,-,0,301.0
-,-,Torzelan,-,1471.8,-2.09,1706.16,0.0,78.12,0.7,30,0.0,23,0.0,7,0.0,0,0.0,76.67,0.0,2023-04-16,-,0,-
451,0,Ricicle,-,1471.63,3.69,1565.58,5.62,31.32,0.64,442,10.0,206,6.0,231,4.0,5,0.0,46.61,0.31,2026-07-25,P,4,442.0
452,-11,Rackare,SE,1471.56,-2.32,1683.73,0.0,70.72,0.77,32,0.0,21,0.0,11,0.0,0,0.0,65.62,0.0,2026-03-18,-,0,805.0
453,11,Arkadiussus,PL,1471.42,10.35,1552.91,14.1,27.16,1.25,386,10.0,196,9.0,187,1.0,3,0.0,50.78,1.05,2026-07-30,-,0,269.0
-,-,GoodSentinel,-,1471.01,-3.02,1633.98,0.0,54.33,1.01,114,0.0,76,0.0,36,0.0,2,0.0,66.67,0.0,2024-02-29,-,0,-
454,24,snakilan,-,1470.94,16.93,1674.85,4.2,67.97,-4.25,36,6.0,25,5.0,11,1.0,0,0.0,69.44,2.77,2026-06-26,-,0,-
-,-,zbert,DE,1470.61,-4.54,1583.29,0.0,37.56,1.51,250,0.0,139,0.0,109,0.0,2,0.0,55.6,0.0,2025-07-18,G,2,295.0
-,-,colonize_N,-,1470.28,-1.88,1730.46,0.0,86.73,0.63,42,0.0,31,0.0,11,0.0,0,0.0,73.81,0.0,2020-12-02,-,0,-
-,-,dxp199062,-,1470.07,-2.0,1715.72,0.0,81.88,0.67,36,0.0,27,0.0,9,0.0,0,0.0,75.0,0.0,2022-08-31,-,0,-
-,-,HonestSi,-,1469.54,-2.36,1678.93,0.0,69.8,0.79,54,0.0,34,0.0,20,0.0,0,0.0,62.96,0.0,2022-06-05,-,0,-
455,-15,guppyfry,US,1469.43,-5.22,1550.31,-1.55,26.96,1.22,554,10.0,290,4.0,261,6.0,3,0.0,52.35,-0.22,2026-07-30,G,2,332.0
-,-,Woodmouth,NO,1468.92,-3.31,1620.31,0.0,50.46,1.1,132,0.0,77,0.0,55,0.0,0,0.0,58.33,0.0,2023-11-15,-,0,-
456,4,SteelKitten,-,1467.95,6.0,1612.66,4.22,48.24,-0.6,90,4.0,58,3.0,31,1.0,1,0.0,64.44,0.49,2026-07-26,-,0,-
457,-10,Composaurus,-,1467.45,-2.62,1658.24,0.0,63.6,0.87,44,0.0,22,0.0,22,0.0,0,0.0,50.0,0.0,2026-05-19,-,0,578.0
458,-13,Selya,-,1467.25,-3.7,1604.91,0.0,45.89,1.23,88,0.0,54,0.0,33,0.0,1,0.0,61.36,0.0,2026-05-15,-,0,426.0
459,-13,jhamra,DE,1466.88,-3.24,1619.44,0.0,50.85,1.08,74,0.0,40,0.0,34,0.0,0,0.0,54.05,0.0,2026-03-15,-,0,372.0
460,128,Banderjax,-,1466.33,69.25,1692.12,31.95,75.26,-12.43,24,6.0,18,4.0,6,2.0,0,0.0,75.0,-2.78,2026-07-17,-,0,1271.0
-,-,Snatser,-,1466.32,-3.7,1601.75,0.0,45.14,1.23,138,0.0,88,0.0,50,0.0,0,0.0,63.77,0.0,2025-05-31,-,0,1054.0
461,-12,ulkupayaya,-,1466.14,-2.73,1648.8,0.0,60.88,0.91,58,0.0,32,0.0,23,0.0,3,0.0,55.17,0.0,2026-03-31,-,0,578.0
462,-14,RiteInUrEye,CA,1465.75,-3.69,1601.22,0.0,45.16,1.23,138,0.0,84,0.0,53,0.0,1,0.0,60.87,0.0,2026-05-26,-,0,-
-,-,srfdevotee,US,1465.08,-1.16,1885.4,0.0,140.11,0.39,8,0.0,8,0.0,0,0.0,0,0.0,100.0,0.0,2025-04-26,-,0,1287.0
463,60,wombats111,-,1464.78,30.55,1665.19,12.31,66.8,-6.08,48,6.0,30,4.0,17,1.0,1,1.0,62.5,0.6,2026-07-28,G,4,-
464,6,JoshyWiggins,GB,1464.78,6.35,1545.38,10.3,26.86,1.31,534,10.0,282,7.0,251,3.0,1,0.0,52.81,0.33,2026-07-30,G,4,346.0
-,-,M-L-E,GR,1464.71,-4.16,1587.07,0.0,40.79,1.39,198,0.0,116,0.0,82,0.0,0,0.0,58.59,0.0,2025-05-31,-,0,572.0
-,-,Bonisagius,-,1464.32,-2.46,1663.31,0.0,66.33,0.82,60,0.0,39,0.0,21,0.0,0,0.0,65.0,0.0,2022-05-27,-,0,-
465,8,LordTheodore,-,1463.63,6.55,1731.69,-33.36,89.35,-13.3,18,6.0,16,4.0,2,2.0,0,0.0,88.89,-11.11,2026-07-11,-,0,-
466,-9,Evron,-,1463.0,-2.24,1578.25,0.71,38.42,0.98,154,2.0,98,1.0,56,1.0,0,0.0,63.64,-0.18,2026-07-23,-,0,677.0
467,-6,HomerJr,US,1462.81,1.05,1563.85,4.35,33.68,1.1,602,4.0,284,2.0,313,2.0,5,0.0,47.18,0.02,2026-07-21,G,8,805.0
-,-,jcc,-,1461.6,-2.91,1631.98,0.0,56.79,0.97,120,0.0,75,0.0,44,0.0,1,0.0,62.5,0.0,2022-09-04,-,0,-
468,60,DieKrake89,-,1461.02,27.57,1602.19,18.63,47.06,-2.98,76,10.0,46,7.0,30,3.0,0,0.0,60.53,1.44,2026-08-10,G,2,-
469,-13,khyung,US,1460.58,-6.24,1565.92,-4.66,35.11,0.53,362,6.0,179,2.0,179,4.0,4,0.0,49.45,-0.27,2026-07-11,G,4,466.0
-,-,CoxCz,CZ,1460.5,-3.89,1586.28,0.0,41.93,1.3,160,0.0,94,0.0,65,0.0,1,0.0,58.75,0.0,2025-06-27,G,4,872.0
470,-11,Adi65,-,1460.4,-1.96,1712.78,0.0,84.13,0.65,24,0.0,14,0.0,10,0.0,0,0.0,58.33,0.0,2026-05-15,-,0,-
-,-,LudwigVan,-,1459.72,-1.74,1740.6,0.0,93.63,0.58,30,0.0,26,0.0,4,0.0,0,0.0,86.67,0.0,2021-02-20,-,0,-
-,-,wallimaendu,-,1459.47,-2.9,1630.42,0.0,56.98,0.97,126,0.0,74,0.0,52,0.0,0,0.0,58.73,0.0,2022-08-28,G,8,-
471,-6,Adysian,-,1459.25,-1.67,1751.84,0.0,97.53,0.56,18,0.0,14,0.0,4,0.0,0,0.0,77.78,0.0,2026-03-13,-,0,-
-,-,Khar,CZ,1458.76,-3.48,1601.66,0.0,47.63,1.16,168,0.0,98,0.0,68,0.0,2,0.0,58.33,0.0,2023-11-24,-,0,-
472,4,HopeForLuck,DE,1458.72,3.39,1550.18,5.89,30.49,0.83,316,10.0,171,6.0,142,4.0,3,0.0,54.11,0.19,2026-08-13,-,0,377.0
-,-,Ondra,-,1458.59,-1.96,1708.12,0.0,83.18,0.65,30,0.0,18,0.0,12,0.0,0,0.0,60.0,0.0,2021-06-02,G,8,-
-,-,Stobek,-,1458.52,-3.21,1614.41,0.0,51.96,1.07,138,0.0,83,0.0,53,0.0,2,0.0,60.14,0.0,2024-04-04,-,0,-
-,-,miniexot,-,1458.45,-2.95,1626.82,0.0,56.12,0.98,150,0.0,77,0.0,70,0.0,3,0.0,51.33,0.0,2023-01-15,P,4,-
473,-21,Bobisko,CZ,1458.11,-9.82,1542.08,-5.21,27.99,1.54,540,6.0,291,2.0,247,4.0,2,0.0,53.89,-0.23,2026-07-21,G,2,384.0
-,-,jaggl,-,1457.92,-3.45,1610.82,0.0,50.97,1.15,152,0.0,81,0.0,69,0.0,2,0.0,53.29,0.0,2025-02-28,P,2,757.0
-,-,Pastuino,-,1457.92,-1.93,1716.82,0.0,86.3,0.64,54,0.0,39,0.0,15,0.0,0,0.0,72.22,0.0,2020-11-22,-,0,-
-,-,GerrySalinas,-,1457.84,-2.97,1625.13,0.0,55.76,0.99,84,0.0,43,0.0,40,0.0,1,0.0,51.19,0.0,2023-12-03,G,6,-
474,-12,Mephist,LT,1457.66,-3.93,1541.95,-0.55,28.1,1.13,330,10.0,171,5.0,156,5.0,3,0.0,51.82,-0.06,2026-07-29,-,0,241.0
-,-,syras,-,1457.33,-1.88,1718.49,0.0,87.06,0.63,24,0.0,15,0.0,8,0.0,1,0.0,62.5,0.0,2024-07-01,-,0,254.0
475,-7,sTeVej,-,1457.22,-2.19,1681.5,0.0,74.76,0.73,30,0.0,17,0.0,11,0.0,2,0.0,56.67,0.0,2026-05-12,-,0,-
476,-10,BemuthBambai,DE,1457.2,-3.57,1596.64,0.0,46.48,1.19,100,0.0,54,0.0,45,0.0,1,0.0,54.0,0.0,2026-03-23,-,0,616.0
477,-10,ShPini,-,1457.09,-3.13,1614.8,0.0,52.57,1.04,54,0.0,31,0.0,23,0.0,0,0.0,57.41,0.0,2026-05-31,-,0,-
-,-,Chungdiddly,-,1456.65,-2.47,1655.27,0.0,66.21,0.82,66,0.0,45,0.0,20,0.0,1,0.0,68.18,0.0,2022-02-27,-,0,-
478,-15,happyboykt,KR,1456.54,-4.81,1568.15,0.0,37.2,1.6,372,0.0,195,0.0,173,0.0,4,0.0,52.42,0.0,2026-02-22,G,2,436.0
479,21,MoxNox,-,1456.03,12.28,1607.85,1.4,50.61,-3.63,62,8.0,39,4.0,23,4.0,0,0.0,62.9,-1.91,2026-07-28,-,0,1262.0
-,-,MarryMeVlaada,-,1455.11,-1.66,1750.27,0.0,98.38,0.55,18,0.0,16,0.0,2,0.0,0,0.0,88.89,0.0,2023-12-03,-,0,-
-,-,ugglor,-,1454.06,-4.21,1572.75,0.0,39.56,1.4,244,0.0,127,0.0,112,0.0,5,0.0,52.05,0.0,2025-03-16,G,2,757.0
480,-26,chefung,-,1453.45,-13.89,1539.62,-9.34,28.72,1.52,396,4.0,208,0.0,185,4.0,3,0.0,52.53,-0.53,2026-07-27,-,0,303.0
481,8,maciek,PL,1453.0,4.51,1534.17,9.07,27.06,1.52,596,10.0,314,8.0,280,2.0,2,0.0,52.68,0.46,2026-08-03,-,0,281.0
-,-,DGMvado,-,1452.99,-2.26,1669.88,0.0,72.3,0.75,36,0.0,21,0.0,14,0.0,1,0.0,58.33,0.0,2024-07-01,-,0,-
482,-32,Bull3,-,1452.29,-16.34,1640.35,-26.55,62.69,-3.4,48,6.0,26,3.0,21,3.0,1,0.0,54.17,-0.59,2026-07-16,-,0,805.0
-,-,Amitke,IL,1452.18,-3.77,1584.06,0.0,43.96,1.26,174,0.0,97,0.0,76,0.0,1,0.0,55.75,0.0,2024-08-19,-,0,-
483,-3,Sirkopczyk,-,1451.69,-1.8,1724.7,0.0,91.0,0.6,18,0.0,13,0.0,5,0.0,0,0.0,72.22,0.0,2026-03-17,-,0,-
484,4,Darek79,-,1451.32,2.29,1577.63,1.96,42.1,-0.11,116,6.0,63,4.0,51,2.0,2,0.0,54.31,0.67,2026-07-09,-,0,922.0
-,-,Elwen,-,1451.2,-2.36,1658.97,0.0,69.26,0.79,66,0.0,46,0.0,20,0.0,0,0.0,69.7,0.0,2021-06-02,-,0,-
485,-8,Sarek,DE,1451.17,-3.89,1536.01,-0.81,28.28,1.03,416,10.0,221,6.0,191,4.0,4,0.0,53.12,0.16,2026-07-29,-,0,255.0
486,-7,MoreHat,US,1450.97,-2.93,1619.29,0.0,56.11,0.98,54,0.0,29,0.0,24,0.0,1,0.0,53.7,0.0,2026-03-15,-,0,670.0
487,-5,sdzy,-,1449.56,-3.72,1602.5,0.0,50.98,1.24,98,0.0,52,0.0,46,0.0,0,0.0,53.06,0.0,2026-02-28,-,0,321.0
488,-4,Kaczas,PL,1448.87,-3.69,1582.39,0.0,44.51,1.23,104,0.0,61,0.0,43,0.0,0,0.0,58.65,0.0,2026-05-15,-,0,536.0
-,-,ttaimmortal,-,1448.81,-1.8,1721.03,0.0,90.74,0.6,24,0.0,17,0.0,7,0.0,0,0.0,70.83,0.0,2021-09-05,-,0,-
-,-,AlbertoMariani91,-,1448.65,-2.92,1625.36,0.0,58.9,0.97,108,0.0,65,0.0,43,0.0,0,0.0,60.19,0.0,2023-04-16,G,2,-
-,-,Diluvian,-,1448.13,-2.02,1691.07,0.0,80.98,0.67,30,0.0,21,0.0,9,0.0,0,0.0,70.0,0.0,2022-09-04,-,0,-
489,-34,DayWalker1337,-,1447.59,-19.7,1615.09,-27.56,55.84,-2.62,54,6.0,26,0.0,27,6.0,1,0.0,48.15,-6.02,2026-07-13,-,0,757.0
-,-,Krzesimyr,-,1447.51,-2.13,1678.69,0.0,77.06,0.71,54,0.0,37,0.0,17,0.0,0,0.0,68.52,0.0,2021-08-25,G,2,-
-,-,LadyWhale,-,1447.44,-2.2,1671.17,0.0,74.58,0.73,46,0.0,29,0.0,17,0.0,0,0.0,63.04,0.0,2023-03-05,-,0,-
-,-,Balquaz,NO,1447.09,-3.74,1578.36,0.0,43.75,1.25,202,0.0,112,0.0,88,0.0,2,0.0,55.45,0.0,2024-06-02,-,0,-
-,-,HavardG,-,1447.07,-3.69,1586.16,0.0,46.36,1.23,150,0.0,83,0.0,66,0.0,1,0.0,55.33,0.0,2024-07-01,-,0,-
-,-,Luckcats,FR,1446.9,-2.54,1641.0,0.0,64.7,0.85,58,0.0,41,0.0,16,0.0,1,0.0,70.69,0.0,2023-09-03,-,0,-
490,0,paradigm72,-,1446.72,-1.78,1724.17,0.0,92.48,0.59,20,0.0,13,0.0,7,0.0,0,0.0,65.0,0.0,2026-05-26,-,0,-
-,-,JeremyBrokaw,US,1446.57,-2.45,1652.94,0.0,68.79,0.82,80,0.0,43,0.0,36,0.0,1,0.0,53.75,0.0,2021-09-30,P,2,-
-,-,Enki,-,1446.43,-1.82,1717.12,0.0,90.23,0.61,24,0.0,17,0.0,7,0.0,0,0.0,70.83,0.0,2024-07-01,-,0,-
-,-,claxic,-,1445.93,-3.05,1610.91,0.0,54.99,1.02,94,0.0,57,0.0,36,0.0,1,0.0,60.64,0.0,2024-07-01,-,0,-
-,-,Tshemmp,DE,1445.89,-3.37,1591.53,0.0,48.55,1.12,106,0.0,67,0.0,38,0.0,1,0.0,63.21,0.0,2024-07-01,-,0,-
491,1,saZmer,-,1445.37,-2.05,1684.17,0.0,79.6,0.68,24,0.0,15,0.0,9,0.0,0,0.0,62.5,0.0,2026-05-08,-,0,-
-,-,GregP,US,1445.22,-3.42,1590.98,0.0,48.59,1.14,352,0.0,169,0.0,181,0.0,2,0.0,48.01,0.0,2023-03-01,P,6,-
-,-,Nuzzoloo95,-,1445.06,-1.89,1704.74,0.0,86.56,0.63,24,0.0,17,0.0,7,0.0,0,0.0,70.83,0.0,2024-07-01,-,0,-
492,-6,Loveschack,DK,1444.35,-6.01,1539.67,0.0,31.77,2.0,532,0.0,288,0.0,242,0.0,2,0.0,54.14,0.0,2026-02-28,-,0,310.0
-,-,barda,PT,1443.63,-4.05,1570.65,0.0,42.34,1.35,252,0.0,139,0.0,112,0.0,1,0.0,55.16,0.0,2025-07-13,-,0,638.0
493,-8,CRocky,-,1443.62,-8.03,1550.08,-7.93,35.49,0.03,136,8.0,74,3.0,61,5.0,1,0.0,54.41,-1.06,2026-07-13,-,0,622.0
-,-,Rivarama,-,1442.84,-3.52,1589.64,0.0,48.93,1.17,174,0.0,92,0.0,81,0.0,1,0.0,52.87,0.0,2023-11-15,G,2,-
494,-3,kuzmich,US,1442.8,-4.69,1551.09,0.0,36.1,1.56,324,0.0,176,0.0,147,0.0,1,0.0,54.32,0.0,2026-03-15,G,4,520.0
495,1,Kejml,CZ,1442.71,-2.34,1527.78,1.42,28.36,1.26,666,10.0,326,7.0,330,3.0,10,0.0,48.95,0.32,2026-07-28,G,6,259.0
496,-1,Voidray,-,1442.54,-3.06,1604.24,0.0,53.9,1.02,60,0.0,29,0.0,30,0.0,1,0.0,48.33,0.0,2026-05-13,-,0,872.0
497,781,ArthursDad,US,1442.16,562.98,1742.09,72.78,99.98,-163.4,16,14.0,13,11.0,3,3.0,0,0.0,81.25,-18.75,2026-08-05,-,0,-
498,-23,norbetk,PL,1441.58,-13.85,1567.12,-15.41,41.85,-0.52,108,6.0,62,1.0,45,5.0,1,0.0,57.41,-2.39,2026-07-11,-,0,742.0
499,79,Darain,SG,1441.47,39.6,1573.05,33.21,43.86,-2.13,80,10.0,48,9.0,32,1.0,0,0.0,60.0,4.29,2026-07-20,-,0,630.0
500,-17,Kelern,-,1441.37,-11.67,1525.55,-8.2,28.06,1.16,402,10.0,208,3.0,194,7.0,0,0.0,51.74,-0.56,2026-07-28,-,0,357.0
501,-7,MarekP,CZ,1440.88,-5.36,1537.97,0.0,32.36,1.79,358,0.0,184,0.0,171,0.0,3,0.0,51.4,0.0,2026-03-24,G,6,423.0
-,-,GunKer,-,1440.68,-5.0,1551.89,0.0,37.07,1.67,374,0.0,212,0.0,160,0.0,2,0.0,56.68,0.0,2025-08-31,G,2,224.0
502,15,Thomi,-,1440.54,4.07,1534.97,7.62,31.48,1.18,374,6.0,192,5.0,179,1.0,3,0.0,51.34,0.52,2026-07-24,-,0,725.0
-,-,Dr.Hummsfred,-,1440.06,-2.52,1637.1,0.0,65.68,0.84,84,0.0,46,0.0,38,0.0,0,0.0,54.76,0.0,2021-03-02,G,4,-
503,-2,IVE,-,1439.84,-2.76,1618.39,0.0,59.52,0.92,46,0.0,22,0.0,23,0.0,1,0.0,47.83,0.0,2026-03-23,-,0,480.0
504,-5,shohei,JP,1439.8,-3.95,1533.25,-0.45,31.15,1.17,440,6.0,235,3.0,200,3.0,5,0.0,53.41,-0.05,2026-07-12,-,0,536.0
505,30,larshb,DK,1439.68,9.12,1523.51,12.67,27.94,1.18,464,10.0,238,7.0,223,3.0,3,0.0,51.29,0.41,2026-07-27,G,2,372.0
506,21,BuWu,DE,1439.63,5.74,1531.7,7.81,30.69,0.69,198,10.0,103,7.0,94,3.0,1,0.0,52.02,0.96,2026-07-28,-,0,371.0
-,-,goeroezeboe,-,1439.55,-2.27,1657.56,0.0,72.67,0.76,60,0.0,36,0.0,24,0.0,0,0.0,60.0,0.0,2021-03-02,G,2,-
-,-,Cokey,AU,1439.52,-2.4,1646.95,0.0,69.14,0.8,48,0.0,26,0.0,21,0.0,1,0.0,54.17,0.0,2022-12-04,G,6,-
507,4,martinxjames,-,1439.48,0.89,1534.2,2.77,31.57,0.62,206,10.0,114,6.0,91,4.0,1,0.0,55.34,0.24,2026-08-12,-,0,336.0
508,-6,NapoleonB,PL,1439.29,-3.21,1592.91,0.0,51.21,1.07,74,0.0,38,0.0,36,0.0,0,0.0,51.35,0.0,2026-05-15,-,0,989.0
509,-16,Tuty,SK,1439.21,-7.43,1539.94,-4.66,33.58,0.92,342,6.0,180,3.0,159,3.0,3,0.0,52.63,-0.05,2026-07-19,-,0,652.0
510,-1,Parcival,IT,1438.86,-1.33,1540.06,-1.19,33.74,0.05,160,10.0,87,4.0,71,5.0,2,1.0,54.37,-0.96,2026-08-03,-,0,455.0
511,-30,comant,RU,1438.64,-14.75,1519.82,-10.53,27.06,1.41,586,10.0,307,3.0,277,7.0,2,0.0,52.39,-0.39,2026-08-01,-,0,267.0
512,-9,FunkcniPC,-,1438.64,-3.03,1602.45,0.0,54.6,1.01,60,0.0,32,0.0,28,0.0,0,0.0,53.33,0.0,2026-05-19,-,0,872.0
-,-,gigi lamoroso,-,1438.24,-3.06,1598.28,0.0,53.35,1.02,132,0.0,76,0.0,54,0.0,2,0.0,57.58,0.0,2023-11-28,-,0,-
513,-26,sergraim,-,1437.77,-12.44,1526.52,-8.72,29.58,1.24,494,8.0,263,3.0,228,5.0,3,0.0,53.24,-0.26,2026-07-24,-,0,334.0
514,-4,Ruudi,FI,1437.74,-2.22,1659.14,0.0,73.8,0.74,32,0.0,21,0.0,11,0.0,0,0.0,65.62,0.0,2025-10-16,-,0,686.0
515,-11,Arinmir,DE,1437.34,-3.97,1564.66,0.0,42.44,1.32,200,0.0,100,0.0,100,0.0,0,0.0,50.0,0.0,2026-01-22,G,4,989.0
516,10,Desgenais,CZ,1436.97,3.06,1517.97,7.0,27.0,1.31,584,10.0,303,7.0,280,3.0,1,0.0,51.88,0.31,2026-07-31,-,0,388.0
-,-,T3RR4,-,1436.79,-1.7,1725.01,0.0,96.07,0.57,24,0.0,18,0.0,6,0.0,0,0.0,75.0,0.0,2021-09-05,-,0,-
-,-,Decolonization,JP,1436.35,-3.29,1592.67,0.0,52.11,1.1,186,0.0,93,0.0,92,0.0,1,0.0,50.0,0.0,2023-03-01,G,6,-
-,-,Henader,PL,1436.07,-3.11,1596.19,0.0,53.37,1.04,140,0.0,86,0.0,54,0.0,0,0.0,61.43,0.0,2023-03-01,-,0,-
-,-,matinghiasi,-,1435.71,-2.06,1673.63,0.0,79.31,0.69,24,0.0,14,0.0,10,0.0,0,0.0,58.33,0.0,2025-04-25,-,0,440.0
517,-4,pessen,-,1435.32,-2.74,1618.0,0.0,60.89,0.91,48,0.0,23,0.0,24,0.0,1,0.0,47.92,0.0,2026-03-17,-,0,549.0
-,-,Bejn,-,1435.01,-2.07,1672.07,0.0,79.02,0.69,30,0.0,19,0.0,11,0.0,0,0.0,63.33,0.0,2022-09-04,-,0,-
518,-11,sttailtw,-,1434.86,-5.47,1517.92,-1.63,27.69,1.28,616,10.0,309,5.0,303,5.0,4,0.0,50.16,-0.01,2026-08-05,-,0,419.0
-,-,Rimuel,-,1434.7,-2.37,1644.13,0.0,69.81,0.79,60,0.0,40,0.0,20,0.0,0,0.0,66.67,0.0,2024-06-02,-,0,-
519,1,cyb3k,-,1433.93,-1.91,1690.62,0.0,85.57,0.64,20,0.0,11,0.0,9,0.0,0,0.0,55.0,0.0,2026-05-18,-,0,-
520,85,rustylantern,-,1433.91,48.47,1623.5,33.33,63.19,-5.05,36,6.0,24,5.0,11,1.0,1,0.0,66.67,3.34,2026-07-23,-,0,-
521,-3,Minik,-,1433.89,-2.46,1633.51,0.0,66.54,0.82,36,0.0,21,0.0,15,0.0,0,0.0,58.33,0.0,2026-03-15,-,0,872.0
522,-7,Borman,-,1433.71,-3.24,1586.0,0.0,50.76,1.08,76,0.0,46,0.0,30,0.0,0,0.0,60.53,0.0,2026-03-25,-,0,805.0
523,-11,Teraspena,FI,1433.67,-4.62,1542.78,0.0,36.37,1.54,260,0.0,137,0.0,119,0.0,4,0.0,52.69,0.0,2026-04-11,-,0,634.0
-,-,Thrune,-,1433.44,-3.12,1590.19,0.0,52.25,1.04,144,0.0,87,0.0,55,0.0,2,0.0,60.42,0.0,2023-03-01,-,0,-
524,-19,Tomtomparking,FR,1433.35,-7.4,1515.74,-3.52,27.46,1.29,646,10.0,313,4.0,328,6.0,5,0.0,48.45,-0.13,2026-07-26,-,0,308.0
-,-,Jii77,-,1433.21,-2.27,1649.01,0.0,71.93,0.76,48,0.0,27,0.0,20,0.0,1,0.0,56.25,0.0,2022-03-06,G,4,-
525,-9,MBlueMan,CA,1432.81,-3.98,1531.02,-0.56,32.74,1.14,376,4.0,189,2.0,185,2.0,2,0.0,50.27,0.0,2026-08-05,-,0,463.0
526,-52,pavelceska,-,1432.75,-23.41,1589.34,-35.8,52.2,-4.13,62,10.0,37,4.0,25,6.0,0,0.0,59.68,-3.78,2026-07-30,-,0,1372.0
527,6,Bergen,NO,1432.11,0.76,1509.73,4.61,25.87,1.28,860,14.0,383,7.0,471,7.0,6,0.0,44.53,0.09,2026-07-30,G,6,386.0
528,-4,Medgar,-,1432.09,-2.01,1525.65,1.45,31.19,1.15,276,6.0,150,2.0,124,4.0,2,0.0,54.35,-0.46,2026-07-16,-,0,398.0
529,12,t-k-421,US,1431.66,5.63,1515.36,10.11,27.9,1.49,396,6.0,187,5.0,206,1.0,3,0.0,47.22,0.55,2026-06-26,-,0,284.0
-,-,dudzik,-,1430.92,-2.59,1621.05,0.0,63.38,0.86,72,0.0,38,0.0,34,0.0,0,0.0,52.78,0.0,2022-05-26,G,4,-
530,0,AlkashRusanovskiy,-,1430.87,-2.21,1653.04,0.0,74.06,0.74,30,0.0,18,0.0,12,0.0,0,0.0,60.0,0.0,2026-05-08,-,0,-
531,-9,C3POsMidriff,-,1430.75,-3.6,1571.74,0.0,46.99,1.2,142,0.0,84,0.0,58,0.0,0,0.0,59.15,0.0,2025-12-10,G,2,426.0
532,6,theussner79,DE,1430.28,2.3,1510.67,6.37,26.79,1.36,560,10.0,298,7.0,260,3.0,2,0.0,53.21,0.3,2026-08-03,-,0,356.0
533,-14,qhung49,VN,1429.78,-6.08,1541.43,0.0,37.22,2.03,500,0.0,231,0.0,260,0.0,9,0.0,46.2,0.0,2026-04-20,M,2,473.0
-,-,Olivier000,FR,1429.74,-3.91,1557.68,0.0,42.65,1.3,190,0.0,96,0.0,93,0.0,1,0.0,50.53,0.0,2025-01-23,-,0,805.0
534,-3,Ratsia,FI,1429.72,-3.07,1569.99,-4.75,46.76,-0.56,88,4.0,51,2.0,36,2.0,1,0.0,57.95,-0.38,2026-07-30,-,0,802.0
-,-,AXL79,-,1429.53,-2.85,1605.4,0.0,58.62,0.95,66,0.0,34,0.0,31,0.0,1,0.0,51.52,0.0,2024-04-04,G,6,-
535,-1,Pavnco,-,1428.85,-2.1,1662.5,0.0,77.88,0.7,24,0.0,14,0.0,10,0.0,0,0.0,58.33,0.0,2026-05-18,-,0,-
-,-,KrwawyPysio,-,1428.64,-1.9,1687.36,0.0,86.24,0.63,24,0.0,16,0.0,8,0.0,0,0.0,66.67,0.0,2024-07-01,-,0,-
-,-,g.threepwood,-,1427.88,-3.15,1584.7,0.0,52.27,1.05,200,0.0,112,0.0,87,0.0,1,0.0,56.0,0.0,2023-05-08,-,0,-
536,-22,maumastoks,LT,1427.34,-10.39,1530.4,-7.12,34.35,1.09,514,4.0,252,0.0,259,4.0,3,0.0,49.03,-0.38,2026-07-25,G,2,711.0
537,-16,nattee,TH,1426.48,-8.0,1513.73,-3.98,29.08,1.34,570,6.0,274,2.0,291,4.0,5,0.0,48.07,-0.16,2026-07-11,-,0,429.0
538,-41,vagrantil,AU,1426.25,-18.43,1527.25,-15.43,33.67,1.0,152,4.0,66,0.0,83,4.0,3,0.0,43.42,-1.17,2026-07-29,-,0,264.0
-,-,Yambomb,-,1426.23,-2.03,1668.14,0.0,80.63,0.68,42,0.0,31,0.0,11,0.0,0,0.0,73.81,0.0,2021-03-02,-,0,-
539,-3,buttoxide,SG,1426.03,-3.27,1577.53,0.0,50.5,1.09,76,0.0,46,0.0,30,0.0,0,0.0,60.53,0.0,2026-03-23,-,0,681.0
540,-3,CardinalBadger,-,1425.98,-2.36,1633.8,0.0,69.27,0.79,44,0.0,28,0.0,16,0.0,0,0.0,63.64,0.0,2026-01-22,-,0,872.0
-,-,tbat,-,1425.89,-3.34,1572.96,0.0,49.03,1.11,198,0.0,99,0.0,98,0.0,1,0.0,50.0,0.0,2023-09-03,G,4,-
-,-,TryAndStopUs,US,1425.38,-2.45,1626.77,0.0,67.13,0.82,78,0.0,37,0.0,41,0.0,0,0.0,47.44,0.0,2021-05-23,M,2,-
541,new,Sun_Zoo,-,1425.32,975.32,1774.73,274.73,116.47,116.47,10,10.0,10,10.0,0,0.0,0,0.0,100.0,100.0,2026-08-02,-,0,-
-,-,MarSonWar,-,1424.95,-3.37,1574.64,0.0,49.9,1.12,94,0.0,46,0.0,48,0.0,0,0.0,48.94,0.0,2025-05-22,-,0,-
542,68,Depp,CA,1424.88,41.02,1547.23,36.9,40.78,-1.37,96,10.0,54,8.0,42,2.0,0,0.0,56.25,2.76,2026-07-28,-,0,1245.0
-,-,laozhang,-,1424.73,-3.14,1584.42,0.0,53.23,1.05,94,0.0,41,0.0,51,0.0,2,0.0,43.62,0.0,2023-11-15,G,2,-
543,9,bcnoexceptions,US,1424.61,6.11,1512.8,9.08,29.4,0.99,414,10.0,183,7.0,220,3.0,11,0.0,44.2,0.64,2026-07-31,G,4,273.0
544,-46,haimke,-,1424.5,-19.46,1505.22,-16.57,26.9,0.96,666,16.0,331,2.0,325,14.0,10,0.0,49.7,-0.92,2026-08-04,G,4,261.0
545,4,ElDiabloAzul,US,1423.8,4.9,1533.2,7.7,36.47,0.94,318,4.0,149,2.0,166,2.0,3,0.0,46.86,0.04,2026-07-25,-,0,-
-,-,Andrew_Davidson,-,1423.34,-3.62,1561.24,0.0,45.97,1.21,146,0.0,76,0.0,69,0.0,1,0.0,52.05,0.0,2025-04-25,-,0,684.0
-,-,Don_bronzo,-,1423.18,-2.17,1652.19,0.0,76.34,0.72,56,0.0,34,0.0,22,0.0,0,0.0,60.71,0.0,2023-02-05,-,0,-
546,-7,kopu,-,1423.16,-3.78,1553.78,0.0,43.54,1.26,156,0.0,95,0.0,59,0.0,2,0.0,60.9,0.0,2026-05-25,-,0,937.0
547,-7,Sawell,-,1423.15,-2.95,1593.38,0.0,56.74,0.98,54,0.0,29,0.0,23,0.0,2,0.0,53.7,0.0,2026-05-24,G,2,-
548,13,TheElk,US,1423.05,9.84,1508.72,13.1,28.55,1.09,480,10.0,242,7.0,235,3.0,3,0.0,50.42,0.42,2026-08-10,-,0,289.0
-,-,KenCastle,-,1423.02,-2.61,1613.1,0.0,63.36,0.87,72,0.0,38,0.0,34,0.0,0,0.0,52.78,0.0,2022-02-24,-,0,-
-,-,Barnstormer,-,1422.95,-3.34,1574.69,0.0,50.58,1.11,136,0.0,75,0.0,59,0.0,2,0.0,55.15,0.0,2024-07-01,-,0,-
549,-41,Haxxorn,SE,1422.89,-17.42,1504.28,-12.86,27.13,1.52,664,8.0,306,1.0,351,6.0,7,1.0,46.08,-0.41,2026-06-28,G,10,286.0
-,-,nickless0,-,1422.54,-2.0,1667.87,0.0,81.78,0.67,36,0.0,26,0.0,10,0.0,0,0.0,72.22,0.0,2022-11-29,-,0,-
-,-,gigilamoroso,-,1422.49,-3.07,1584.03,0.0,53.85,1.02,96,0.0,53,0.0,43,0.0,0,0.0,55.21,0.0,2024-07-01,-,0,-
-,-,Shivian,NL,1422.4,-3.66,1559.03,0.0,45.54,1.22,230,0.0,120,0.0,109,0.0,1,0.0,52.17,0.0,2023-11-15,-,0,-
550,-18,wartin,SK,1421.81,-10.6,1512.42,-5.41,30.2,1.73,682,6.0,327,1.0,353,5.0,2,0.0,47.95,-0.27,2026-07-08,P,2,275.0
551,-9,AntoineBx,FR,1421.79,-3.37,1567.85,0.0,48.69,1.12,68,0.0,41,0.0,25,0.0,2,0.0,60.29,0.0,2026-04-21,-,0,794.0
-,-,elracha,PT,1421.43,-3.47,1563.04,0.0,47.2,1.16,250,0.0,136,0.0,114,0.0,0,0.0,54.4,0.0,2023-06-28,-,0,-
552,109,Gubbstyv,-,1420.9,59.66,1572.38,45.02,50.49,-4.88,60,10.0,34,8.0,26,2.0,0,0.0,56.67,4.67,2026-07-28,-,0,-
-,-,jskunsa,-,1420.87,-2.4,1627.09,0.0,68.74,0.8,60,0.0,33,0.0,27,0.0,0,0.0,55.0,0.0,2021-06-02,-,0,-
-,-,YSun,-,1420.71,-3.45,1568.82,0.0,49.37,1.15,178,0.0,111,0.0,66,0.0,1,0.0,62.36,0.0,2024-04-04,-,0,-
553,-10,EmiratesOfHacan,-,1420.55,-3.67,1555.25,0.0,44.9,1.22,132,0.0,76,0.0,56,0.0,0,0.0,57.58,0.0,2026-01-16,-,0,786.0
554,-29,TribunX,DE,1420.48,-13.55,1506.45,-7.4,28.66,2.05,590,2.0,304,0.0,280,2.0,6,0.0,51.53,-0.17,2026-06-24,-,0,286.0
-,-,leothelion,-,1419.97,-1.53,1740.31,0.0,106.78,0.51,12,0.0,12,0.0,0,0.0,0,0.0,100.0,0.0,2025-05-29,-,0,1262.0
-,-,BureRF,-,1419.76,-3.75,1554.71,0.0,44.98,1.25,122,0.0,63,0.0,57,0.0,2,0.0,51.64,0.0,2025-05-20,-,0,687.0
-,-,Milah,-,1419.7,-2.65,1606.39,0.0,62.23,0.88,90,0.0,56,0.0,33,0.0,1,0.0,62.22,0.0,2022-03-06,-,0,-
-,-,Gobos,ET,1419.69,-3.37,1565.3,0.0,48.53,1.12,304,0.0,159,0.0,140,0.0,5,0.0,52.3,0.0,2023-04-04,-,0,-
555,-8,jonzewiespike,DE,1419.64,-0.99,1510.69,3.07,30.35,1.36,252,4.0,130,3.0,122,1.0,0,0.0,51.59,0.38,2026-08-03,-,0,310.0
556,-10,extrmn8r,-,1419.18,-2.54,1613.02,0.0,64.61,0.85,38,0.0,21,0.0,16,0.0,1,0.0,55.26,0.0,2026-05-15,-,0,805.0
-,-,vanishadow,CN,1419.06,-2.0,1663.44,0.0,81.46,0.67,30,0.0,24,0.0,6,0.0,0,0.0,80.0,0.0,2023-03-01,-,0,88.0
-,-,Kojtic,-,1418.94,-2.72,1599.38,0.0,60.15,0.91,52,0.0,28,0.0,24,0.0,0,0.0,53.85,0.0,2024-09-15,-,0,-
-,-,Raze27,-,1418.65,-3.11,1580.95,0.0,54.1,1.04,138,0.0,82,0.0,56,0.0,0,0.0,59.42,0.0,2024-02-26,-,0,-
-,-,ZRoronoaZ,CZ,1418.54,-4.32,1544.56,0.0,42.0,1.44,238,0.0,130,0.0,107,0.0,1,0.0,54.62,0.0,2025-03-14,-,0,939.0
-,-,HLDM,-,1418.14,-1.78,1693.03,0.0,91.63,0.59,18,0.0,12,0.0,6,0.0,0,0.0,66.67,0.0,2024-07-01,-,0,-
-,-,Callumf,AU,1417.95,-2.71,1599.49,0.0,60.51,0.9,84,0.0,51,0.0,30,0.0,3,0.0,60.71,0.0,2022-09-04,-,0,-
-,-,backspace,-,1417.92,-2.55,1611.54,0.0,64.54,0.85,54,0.0,39,0.0,13,0.0,2,0.0,72.22,0.0,2024-09-15,-,0,1259.0
-,-,cookieben,-,1417.53,-2.63,1609.49,0.0,63.99,0.88,84,0.0,48,0.0,35,0.0,1,0.0,57.14,0.0,2021-11-27,G,2,-
557,-13,czaurel,-,1417.33,-5.05,1513.46,0.0,32.04,1.68,360,0.0,184,0.0,173,0.0,3,0.0,51.11,0.0,2026-05-30,-,0,529.0
-,-,Naval,-,1417.23,-2.01,1661.75,0.0,81.51,0.67,28,0.0,19,0.0,9,0.0,0,0.0,67.86,0.0,2025-03-14,-,0,805.0
558,-8,Scipio1126,US,1416.87,-1.72,1701.59,0.0,94.91,0.57,24,0.0,18,0.0,6,0.0,0,0.0,75.0,0.0,2025-12-01,-,0,805.0
-,-,cal21,-,1416.3,-3.14,1579.19,0.0,54.3,1.05,174,0.0,103,0.0,70,0.0,1,0.0,59.2,0.0,2022-11-23,G,2,-
559,-11,MickeyStein,-,1416.3,-4.12,1541.68,0.0,41.79,1.37,176,0.0,101,0.0,72,0.0,3,0.0,57.39,0.0,2026-05-19,-,0,-
-,-,Finite,-,1415.65,-1.33,1784.36,0.0,122.9,0.44,12,0.0,12,0.0,0,0.0,0,0.0,100.0,0.0,2021-11-29,-,0,-
-,-,orlin614,-,1415.51,-2.4,1623.46,0.0,69.32,0.8,48,0.0,31,0.0,17,0.0,0,0.0,64.58,0.0,2023-11-27,-,0,-
560,-7,wolfcub41,-,1415.08,-2.31,1627.92,0.0,70.95,0.77,36,0.0,22,0.0,13,0.0,1,0.0,61.11,0.0,2026-05-29,-,0,-
561,-10,ChunkySam,US,1415.03,-3.55,1554.39,0.0,46.45,1.18,78,0.0,47,0.0,31,0.0,0,0.0,60.26,0.0,2026-05-28,-,0,1106.0
-,-,FranszKO,-,1414.63,-1.75,1694.96,0.0,93.44,0.58,30,0.0,22,0.0,7,0.0,1,0.0,73.33,0.0,2021-03-02,-,0,-
562,-4,RiRu,LV,1414.08,-0.83,1501.1,2.51,29.01,1.11,286,10.0,146,6.0,137,4.0,3,0.0,51.05,0.33,2026-07-29,-,0,331.0
563,-8,Foxxx,-,1413.72,-2.25,1634.64,0.0,73.64,0.75,30,0.0,18,0.0,12,0.0,0,0.0,60.0,0.0,2026-03-19,-,0,-
-,-,Woodenman,-,1413.68,-3.66,1550.91,0.0,45.74,1.22,294,0.0,134,0.0,157,0.0,3,0.0,45.58,0.0,2024-03-03,P,4,-
564,-10,mezerrrrr,US,1413.63,-2.5,1610.81,0.0,65.73,0.83,40,0.0,19,0.0,20,0.0,1,0.0,47.5,0.0,2026-03-13,-,0,662.0
565,-5,KEIL,PL,1413.3,-0.39,1497.56,2.87,28.09,1.08,494,10.0,243,4.0,245,5.0,6,1.0,49.19,-0.19,2026-07-30,-,0,541.0
-,-,Cadrach,-,1413.24,-2.41,1618.39,0.0,68.38,0.8,54,0.0,29,0.0,25,0.0,0,0.0,53.7,0.0,2022-06-05,G,4,-
-,-,Brandon12129,US,1413.21,-3.15,1570.07,0.0,52.29,1.05,162,0.0,96,0.0,66,0.0,0,0.0,59.26,0.0,2023-12-03,-,0,-
-,-,Snorky,-,1413.12,-2.52,1608.3,0.0,65.06,0.84,54,0.0,32,0.0,22,0.0,0,0.0,59.26,0.0,2023-06-04,-,0,-
566,-21,tronnemann,NO,1412.54,-9.55,1510.09,-6.9,32.52,0.88,280,6.0,149,2.0,129,4.0,2,0.0,53.21,-0.44,2026-07-15,-,0,333.0
567,-4,Ekdezel,-,1411.68,0.33,1492.45,4.2,26.92,1.29,608,10.0,303,6.0,299,4.0,6,0.0,49.84,0.17,2026-07-31,-,0,429.0
568,-11,Mkucharz,CA,1411.6,-3.33,1560.71,0.0,49.7,1.11,80,0.0,42,0.0,37,0.0,1,0.0,52.5,0.0,2026-04-12,-,0,452.0
569,-3,RobertdeSable,-,1411.4,1.87,1506.8,5.19,31.8,1.11,396,6.0,190,4.0,204,2.0,2,0.0,47.98,0.29,2026-06-30,G,6,565.0
-,-,PTactician,-,1411.27,-3.22,1572.56,0.0,53.76,1.07,118,0.0,60,0.0,58,0.0,0,0.0,50.85,0.0,2023-11-15,G,6,-
-,-,theChony,MX,1411.06,-3.64,1549.47,0.0,46.14,1.21,358,0.0,177,0.0,171,0.0,10,0.0,49.44,0.0,2024-04-04,G,4,-
570,-14,Krayze,GB,1410.53,-5.29,1524.07,0.0,37.85,1.76,186,0.0,98,0.0,83,0.0,5,0.0,52.69,0.0,2025-12-02,-,0,300.0
-,-,Piter3000,PL,1410.29,-3.23,1561.28,0.0,50.33,1.08,136,0.0,73,0.0,61,0.0,2,0.0,53.68,0.0,2023-06-04,-,0,-
-,-,Ramonster,NL,1409.42,-3.96,1539.5,0.0,43.36,1.32,226,0.0,136,0.0,90,0.0,0,0.0,60.18,0.0,2024-09-15,-,0,-
571,new,AdamYedidia,-,1408.8,958.8,1833.73,333.73,141.64,141.64,6,6.0,6,6.0,0,0.0,0,0.0,100.0,100.0,2026-07-21,-,0,-
572,-7,Raffaelus,-,1408.52,-1.74,1690.86,0.0,94.11,0.58,24,0.0,19,0.0,5,0.0,0,0.0,79.17,0.0,2026-03-24,-,0,1067.0
573,7,boogy5,LT,1408.25,8.41,1493.31,11.84,28.35,1.14,492,10.0,246,7.0,238,2.0,8,1.0,50.0,0.41,2026-08-03,-,0,473.0
-,-,Gbro,-,1407.52,-2.18,1635.89,0.0,76.12,0.73,54,0.0,42,0.0,12,0.0,0,0.0,77.78,0.0,2023-03-01,G,2,-
-,-,ChinaWanping,-,1407.39,-1.78,1682.67,0.0,91.76,0.59,24,0.0,20,0.0,4,0.0,0,0.0,83.33,0.0,2021-09-05,-,0,-
574,-10,kwojtasz,US,1407.31,-3.86,1536.43,0.0,43.04,1.29,196,0.0,105,0.0,90,0.0,1,0.0,53.57,0.0,2026-01-31,-,0,989.0
-,-,tkornai,HU,1407.19,-3.05,1569.19,0.0,54.0,1.02,96,0.0,61,0.0,34,0.0,1,0.0,63.54,0.0,2024-09-04,-,0,-
-,-,Boogeli,NL,1406.93,-3.29,1558.55,0.0,50.54,1.1,104,0.0,61,0.0,42,0.0,1,0.0,58.65,0.0,2024-05-29,-,0,-
-,-,Abenteurer86,-,1406.86,-3.33,1554.52,0.0,49.22,1.11,134,0.0,75,0.0,59,0.0,0,0.0,55.97,0.0,2024-04-04,-,0,-
-,-,buste,-,1406.86,-3.35,1556.54,0.0,49.89,1.12,138,0.0,64,0.0,74,0.0,0,0.0,46.38,0.0,2024-06-02,G,14,-
-,-,Diaz,-,1406.79,-1.78,1682.85,0.0,92.02,0.59,18,0.0,10,0.0,8,0.0,0,0.0,55.56,0.0,2024-07-01,-,0,-
-,-,Masterchief,-,1406.27,-2.71,1590.57,0.0,61.43,0.9,60,0.0,34,0.0,26,0.0,0,0.0,56.67,0.0,2025-03-15,-,0,644.0
-,-,Szumo,-,1406.17,-2.57,1598.93,0.0,64.25,0.86,84,0.0,46,0.0,38,0.0,0,0.0,54.76,0.0,2021-08-22,G,2,-
-,-,TheBiggerE,-,1406.15,-2.87,1584.26,0.0,59.37,0.96,108,0.0,56,0.0,48,0.0,4,0.0,51.85,0.0,2022-02-22,-,0,-
-,-,Finglove,-,1406.07,-4.03,1531.31,0.0,41.75,1.34,320,0.0,161,0.0,159,0.0,0,0.0,50.31,0.0,2024-09-04,G,2,-
-,-,Diabloz,-,1406.04,-3.06,1570.47,0.0,54.81,1.02,104,0.0,58,0.0,46,0.0,0,0.0,55.77,0.0,2023-03-01,-,0,-
-,-,Etherealz,CA,1406.0,-4.3,1524.05,0.0,39.35,1.43,268,0.0,145,0.0,123,0.0,0,0.0,54.1,0.0,2025-01-27,-,0,511.0
-,-,Mathies,-,1405.89,-3.16,1565.16,0.0,53.09,1.05,150,0.0,79,0.0,70,0.0,1,0.0,52.67,0.0,2023-01-15,G,4,-
-,-,Reinuvader,HU,1405.73,-3.77,1536.15,0.0,43.48,1.26,222,0.0,128,0.0,93,0.0,1,0.0,57.66,0.0,2025-01-15,-,0,1388.0
575,-6,Lammoth,DE,1405.69,-2.7,1487.12,1.06,27.14,1.25,614,10.0,309,5.0,301,5.0,4,0.0,50.33,0.0,2026-07-28,-,0,423.0
-,-,vivimaster,IT,1405.08,-3.41,1552.61,0.0,49.18,1.14,146,0.0,84,0.0,61,0.0,1,0.0,57.53,0.0,2025-05-11,-,0,729.0
576,-5,Rius,-,1405.06,-1.94,1658.23,0.0,84.39,0.65,22,0.0,16,0.0,6,0.0,0,0.0,72.73,0.0,2026-03-23,-,0,-
577,-9,migoet,BE,1404.49,-3.98,1485.99,-0.01,27.17,1.32,656,10.0,308,5.0,345,5.0,3,0.0,46.95,0.05,2026-07-31,-,0,378.0
578,-6,Giledon,-,1404.45,-2.35,1614.89,0.0,70.14,0.78,36,0.0,22,0.0,14,0.0,0,0.0,61.11,0.0,2026-03-23,-,0,729.0
-,-,SergioCamp,-,1404.4,-2.11,1636.37,0.0,77.32,0.7,32,0.0,16,0.0,16,0.0,0,0.0,50.0,0.0,2024-07-15,-,0,-
-,-,Elin,US,1404.08,-3.51,1549.13,0.0,48.35,1.17,204,0.0,109,0.0,94,0.0,1,0.0,53.43,0.0,2023-11-25,-,0,-
579,-5,Synchro,BD,1402.66,-3.38,1557.31,0.0,51.55,1.13,66,0.0,36,0.0,30,0.0,0,0.0,54.55,0.0,2026-02-25,-,0,728.0
-,-,sorpy,KR,1402.64,-3.71,1537.32,0.0,44.89,1.24,120,0.0,65,0.0,50,0.0,5,0.0,54.17,0.0,2025-03-12,-,0,794.0
580,new,Kroplasowy,-,1402.51,952.51,1826.84,326.84,141.44,141.44,6,6.0,6,6.0,0,0.0,0,0.0,100.0,100.0,2026-07-21,-,0,-
-,-,Schmitztopher,-,1402.47,-1.56,1718.23,0.0,105.25,0.52,18,0.0,13,0.0,5,0.0,0,0.0,72.22,0.0,2020-06-28,G,2,-
581,-8,aivin,PL,1402.4,-4.26,1522.3,0.0,39.97,1.42,192,0.0,98,0.0,93,0.0,1,0.0,51.04,0.0,2026-03-20,-,0,352.0
582,-6,NozoEli,-,1402.0,-1.88,1662.36,0.0,86.79,0.63,18,0.0,11,0.0,7,0.0,0,0.0,61.11,0.0,2026-03-16,-,0,-
583,-8,petki,-,1401.75,-2.93,1571.74,0.0,56.67,0.98,102,0.0,56,0.0,45,0.0,1,0.0,54.9,0.0,2026-01-23,-,0,-
-,-,Mrzout,-,1401.64,-3.14,1559.72,0.0,52.7,1.05,132,0.0,75,0.0,57,0.0,0,0.0,56.82,0.0,2025-03-05,-,0,805.0
-,-,JeroenSchreurs,BE,1401.47,-3.82,1531.85,0.0,43.46,1.27,272,0.0,127,0.0,144,0.0,1,0.0,46.69,0.0,2024-10-01,G,2,-
-,-,Giga,IT,1400.06,-4.17,1521.3,0.0,40.41,1.39,302,0.0,152,0.0,150,0.0,0,0.0,50.33,0.0,2024-09-15,G,4,-
584,-2,pdx,-,1399.94,0.18,1494.05,4.09,31.37,1.3,244,4.0,117,2.0,126,2.0,1,0.0,47.95,0.03,2026-08-10,-,0,479.0
585,-26,Herdeksunek,CZ,1399.93,-14.71,1485.0,-10.92,28.35,1.26,384,10.0,188,1.0,192,9.0,4,0.0,48.96,-1.04,2026-07-31,-,0,362.0
586,-19,Pshemo,-,1399.84,-8.69,1492.95,-5.35,31.04,1.12,284,6.0,138,2.0,145,4.0,1,0.0,48.59,-0.33,2026-07-22,-,0,305.0
-,-,Vanillehahn,-,1399.59,-1.32,1771.92,0.0,124.11,0.44,12,0.0,10,0.0,2,0.0,0,0.0,83.33,0.0,2020-11-25,-,0,-
-,-,aimo,CN,1399.11,-1.51,1723.79,0.0,108.23,0.5,12,0.0,10,0.0,2,0.0,0,0.0,83.33,0.0,2023-07-15,-,0,-
587,-17,Sophia,-,1398.89,-8.78,1520.51,-9.37,40.54,-0.2,258,6.0,132,2.0,124,4.0,2,0.0,51.16,-0.43,2026-07-21,-,0,-
-,-,Montanor,-,1398.74,-1.36,1760.03,0.0,120.43,0.45,18,0.0,16,0.0,2,0.0,0,0.0,88.89,0.0,2022-09-04,-,0,-
-,-,DjesusHChrist,-,1397.61,-1.06,1857.97,0.0,153.45,0.35,6,0.0,6,0.0,0,0.0,0,0.0,100.0,0.0,2020-12-02,-,0,-
588,-9,BlueCardinal,-,1397.61,-2.42,1600.89,0.0,67.76,0.81,36,0.0,20,0.0,16,0.0,0,0.0,55.56,0.0,2026-04-03,-,0,1067.0
-,-,Luthenoor,-,1397.46,-2.22,1618.14,0.0,73.56,0.74,48,0.0,32,0.0,16,0.0,0,0.0,66.67,0.0,2021-09-04,-,0,-
589,-6,Leeech,FI,1397.11,-2.47,1596.45,0.0,66.45,0.82,36,0.0,18,0.0,18,0.0,0,0.0,50.0,0.0,2026-05-14,-,0,805.0
590,-13,Pelej,PL,1397.08,-5.75,1509.16,-3.33,37.36,0.81,300,4.0,122,1.0,174,3.0,4,0.0,40.67,-0.21,2026-07-20,-,0,-
-,-,Biancus,IT,1397.03,-3.65,1535.1,0.0,46.02,1.22,184,0.0,95,0.0,88,0.0,1,0.0,51.63,0.0,2025-03-27,-,0,805.0
-,-,holyknife,-,1396.69,-2.82,1571.96,0.0,58.42,0.94,126,0.0,67,0.0,57,0.0,2,0.0,53.17,0.0,2022-06-05,-,0,-
-,-,PIRCSUPREME,-,1396.38,-2.5,1594.12,0.0,65.91,0.83,42,0.0,27,0.0,15,0.0,0,0.0,64.29,0.0,2025-05-31,-,0,852.0
-,-,meleke,-,1396.09,-1.68,1688.41,0.0,97.44,0.56,18,0.0,12,0.0,6,0.0,0,0.0,66.67,0.0,2024-04-04,-,0,-
-,-,Archer1629,TW,1395.94,-1.69,1685.3,0.0,96.45,0.56,18,0.0,14,0.0,3,0.0,1,0.0,77.78,0.0,2024-09-15,-,0,-
-,-,CrushU,-,1395.89,-3.93,1528.82,0.0,44.31,1.31,248,0.0,110,0.0,136,0.0,2,0.0,44.35,0.0,2025-03-28,G,2,-
591,-10,Carbon14,-,1395.84,-3.99,1485.69,-0.08,29.95,1.3,498,6.0,239,3.0,258,3.0,1,0.0,47.99,0.02,2026-07-12,-,0,361.0
592,-7,Bromios,US,1395.08,-2.94,1563.99,0.0,56.3,0.98,58,0.0,33,0.0,25,0.0,0,0.0,56.9,0.0,2026-03-13,-,0,989.0
-,-,MikeyLear,-,1394.92,-2.55,1589.0,0.0,64.69,0.85,50,0.0,24,0.0,26,0.0,0,0.0,48.0,0.0,2025-03-11,-,0,478.0
593,-6,CloneFish,NL,1394.46,-2.7,1485.41,-0.32,30.32,0.79,370,10.0,168,4.0,199,6.0,3,0.0,45.41,-0.15,2026-08-05,-,0,338.0
594,30,SKJaCaRD,FR,1394.43,15.87,1495.59,16.22,33.72,0.12,164,10.0,82,8.0,82,2.0,0,0.0,50.0,1.95,2026-07-28,-,0,432.0
-,-,ttaf,-,1394.36,-1.72,1680.95,0.0,95.53,0.57,30,0.0,24,0.0,6,0.0,0,0.0,80.0,0.0,2023-02-23,-,0,-
595,-2,FlyGon,-,1393.95,0.06,1578.3,-16.58,61.45,-5.55,42,6.0,26,2.0,16,4.0,0,0.0,61.9,-4.77,2026-07-26,-,0,1243.0
596,237,scaggi,-,1393.7,113.01,1645.65,60.09,83.98,-17.64,18,6.0,14,5.0,4,1.0,0,0.0,77.78,2.78,2026-07-13,-,0,-
-,-,Kripa,FI,1393.53,-3.3,1541.83,0.0,49.43,1.1,148,0.0,85,0.0,61,0.0,2,0.0,57.43,0.0,2023-06-28,-,0,-
597,-8,lukejones82,-,1393.24,-2.13,1623.81,0.0,76.86,0.71,24,0.0,12,0.0,12,0.0,0,0.0,50.0,0.0,2026-02-21,-,0,729.0
-,-,Xovion,-,1393.03,-2.63,1579.02,0.0,61.99,0.88,96,0.0,54,0.0,41,0.0,1,0.0,56.25,0.0,2021-11-28,-,0,-
-,-,Jordanian,NL,1392.62,-2.69,1576.86,0.0,61.41,0.9,96,0.0,56,0.0,39,0.0,1,0.0,58.33,0.0,2022-03-06,-,0,-
598,-6,KidCanuck,-,1392.06,-1.89,1651.4,0.0,86.45,0.63,18,0.0,11,0.0,7,0.0,0,0.0,61.11,0.0,2026-03-20,-,0,-
599,-13,vbogoev,BG,1391.77,-6.04,1483.09,-1.85,30.44,1.4,284,6.0,140,4.0,141,2.0,3,0.0,49.3,0.38,2026-06-28,-,0,375.0
600,-9,LukeHeinz57,-,1391.69,-2.79,1569.23,0.0,59.18,0.93,54,0.0,29,0.0,25,0.0,0,0.0,53.7,0.0,2026-05-31,-,0,-
-,-,Goodgame111,-,1390.94,-1.64,1689.92,0.0,99.66,0.55,20,0.0,16,0.0,4,0.0,0,0.0,80.0,0.0,2023-04-04,-,0,-
601,48,JoopHuizinga,-,1390.15,21.85,1495.03,21.4,34.96,-0.15,160,10.0,75,8.0,85,2.0,0,0.0,46.88,2.21,2026-07-24,-,0,852.0
602,45,docpain,-,1390.12,21.33,1594.09,7.38,67.99,-4.65,32,4.0,19,2.0,11,1.0,2,1.0,59.38,-1.33,2026-07-31,-,0,-
603,-13,opatulony,PL,1389.66,-5.21,1482.4,-1.28,30.91,1.31,330,6.0,164,3.0,161,3.0,5,0.0,49.7,0.01,2026-07-02,-,0,368.0
-,-,Siccarius,US,1389.37,-3.68,1528.0,0.0,46.21,1.23,186,0.0,100,0.0,86,0.0,0,0.0,53.76,0.0,2024-06-02,P,2,-
-,-,drzewko,PL,1389.23,-2.83,1566.05,0.0,58.94,0.94,86,0.0,42,0.0,44,0.0,0,0.0,48.84,0.0,2023-04-16,-,0,-
604,-10,Daru,PL,1388.66,-3.53,1530.57,0.0,47.31,1.18,76,0.0,44,0.0,32,0.0,0,0.0,57.89,0.0,2026-05-07,-,0,751.0
-,-,NikeBarbachiara,IT,1388.23,-3.21,1542.03,0.0,51.27,1.07,108,0.0,56,0.0,52,0.0,0,0.0,51.85,0.0,2024-07-01,-,0,-
605,-7,EugeneB,-,1387.96,-2.56,1579.99,0.0,64.01,0.85,44,0.0,26,0.0,18,0.0,0,0.0,59.09,0.0,2026-01-20,-,0,529.0
606,-22,nkbobo,IT,1387.91,-11.36,1473.49,-6.87,28.53,1.5,572,6.0,274,2.0,295,4.0,3,0.0,47.9,-0.16,2026-07-23,-,0,461.0
-,-,Sir_Smiley,-,1387.89,-1.54,1705.5,0.0,105.87,0.51,18,0.0,13,0.0,5,0.0,0,0.0,72.22,0.0,2021-06-02,-,0,-
607,-12,Prashanth,-,1387.06,-4.61,1496.52,0.0,36.49,1.54,146,0.0,73,0.0,73,0.0,0,0.0,50.0,0.0,2026-05-26,-,0,393.0
-,-,Wildfighter,-,1386.82,-1.47,1720.45,0.0,111.21,0.49,12,0.0,11,0.0,1,0.0,0,0.0,91.67,0.0,2022-05-26,-,0,-
-,-,Vali1590,-,1386.47,-1.58,1698.56,0.0,104.03,0.53,20,0.0,16,0.0,4,0.0,0,0.0,80.0,0.0,2025-03-08,-,0,939.0
-,-,Deepthought,PT,1386.12,-3.2,1541.1,0.0,51.66,1.07,168,0.0,84,0.0,84,0.0,0,0.0,50.0,0.0,2023-05-23,G,2,-
608,-11,Iosefvs,-,1386.07,-4.66,1498.29,0.0,37.41,1.55,502,0.0,233,0.0,268,0.0,1,0.0,46.41,0.0,2026-01-18,-,0,681.0
609,-13,DonRaphon,-,1386.01,-4.98,1486.96,0.0,33.65,1.66,352,0.0,166,0.0,185,0.0,1,0.0,47.16,0.0,2025-12-02,-,0,412.0
610,-1,Netrom,-,1386.0,2.0,1480.22,5.32,31.41,1.11,246,6.0,127,5.0,116,1.0,3,0.0,51.63,0.8,2026-07-13,-,0,389.0
611,-11,DayWeed,-,1385.83,-2.63,1573.53,0.0,62.57,0.88,46,0.0,34,0.0,12,0.0,0,0.0,73.91,0.0,2025-11-30,-,0,620.0
612,-6,K1N9,-,1383.2,-2.11,1616.17,0.0,77.66,0.7,26,0.0,14,0.0,12,0.0,0,0.0,53.85,0.0,2026-01-25,-,0,729.0
-,-,Arnekin,-,1382.89,-1.46,1718.02,0.0,111.71,0.49,18,0.0,13,0.0,5,0.0,0,0.0,72.22,0.0,2020-09-06,G,2,1287.0
613,-12,pepikos,NL,1382.89,-3.21,1538.43,0.0,51.85,1.07,78,0.0,34,0.0,44,0.0,0,0.0,43.59,0.0,2026-04-02,-,0,805.0
614,-12,Vi15So17,DE,1382.81,-3.27,1465.14,0.45,27.44,1.24,450,10.0,222,6.0,227,4.0,1,0.0,49.33,0.24,2026-08-01,-,0,365.0
-,-,BillyPilgrim,-,1382.59,-2.85,1559.36,0.0,58.92,0.95,130,0.0,70,0.0,57,0.0,3,0.0,53.85,0.0,2025-01-20,-,0,989.0
615,14,HumusAmongUs,-,1382.4,5.64,1545.08,0.15,54.23,-1.83,50,4.0,29,2.0,21,2.0,0,0.0,58.0,-0.7,2026-07-30,-,0,-
-,-,markino,-,1382.33,-1.88,1642.53,0.0,86.73,0.63,30,0.0,16,0.0,14,0.0,0,0.0,53.33,0.0,2021-03-02,G,6,-
-,-,kentropy,-,1382.32,-1.98,1630.76,0.0,82.81,0.66,30,0.0,18,0.0,11,0.0,1,0.0,60.0,0.0,2021-12-05,-,0,-
-,-,NyaLala,-,1382.03,-1.59,1690.42,0.0,102.8,0.53,18,0.0,11,0.0,6,0.0,1,0.0,61.11,0.0,2020-12-02,-,0,-
616,52,Gandy,-,1381.8,24.82,1520.89,23.14,46.36,-0.56,78,4.0,40,4.0,38,0.0,0,0.0,51.28,2.63,2026-07-31,-,0,555.0
617,34,broskiumenyiora,US,1381.23,14.76,1490.65,16.81,36.47,0.68,156,4.0,75,4.0,79,0.0,2,0.0,48.08,1.37,2026-07-29,-,0,697.0
618,-7,StarLakeGuy,-,1381.22,-2.34,1591.4,0.0,70.06,0.78,32,0.0,19,0.0,13,0.0,0,0.0,59.38,0.0,2026-03-22,-,0,805.0
619,-15,Hysen,GB,1380.68,-4.84,1487.75,0.0,35.69,1.61,170,0.0,74,0.0,95,0.0,1,0.0,43.53,0.0,2026-04-03,-,0,261.0
-,-,Serena,AT,1380.13,-3.25,1532.0,0.0,50.62,1.08,84,0.0,42,0.0,42,0.0,0,0.0,50.0,0.0,2025-03-23,-,0,621.0
620,66,ksfga,-,1380.05,29.26,1539.7,21.45,53.22,-2.6,54,6.0,30,4.0,24,2.0,0,0.0,55.56,1.39,2026-07-02,-,0,872.0
621,16,Strawer_1982,IT,1379.72,6.7,1470.36,10.4,30.21,1.23,330,6.0,162,5.0,168,1.0,0,0.0,49.09,0.63,2026-07-06,-,0,517.0
622,-14,RedMadMike,PL,1379.55,-4.54,1490.21,0.0,36.89,1.51,164,0.0,81,0.0,82,0.0,1,0.0,49.39,0.0,2026-02-22,-,0,416.0
-,-,_pupu_,-,1379.44,-1.97,1629.9,0.0,83.48,0.66,24,0.0,13,0.0,10,0.0,1,0.0,54.17,0.0,2023-03-01,-,0,-
623,-10,alittlehorse,-,1379.2,-3.35,1526.36,0.0,49.05,1.12,66,0.0,31,0.0,35,0.0,0,0.0,46.97,0.0,2026-04-21,-,0,593.0
-,-,BubbaOFC,-,1379.18,-2.67,1564.76,0.0,61.86,0.89,72,0.0,35,0.0,36,0.0,1,0.0,48.61,0.0,2023-01-15,-,0,-
-,-,BlueRay,-,1379.03,-1.72,1665.72,0.0,95.56,0.57,24,0.0,14,0.0,10,0.0,0,0.0,58.33,0.0,2021-06-02,G,4,-
-,-,GrafZahl,DE,1378.89,-2.23,1601.68,0.0,74.26,0.74,42,0.0,28,0.0,13,0.0,1,0.0,66.67,0.0,2025-04-28,-,0,872.0
-,-,Honigbaer,DE,1378.71,-4.07,1507.59,0.0,42.96,1.36,262,0.0,139,0.0,117,0.0,6,0.0,53.05,0.0,2024-08-19,-,0,-
-,-,jsjsj,AU,1378.47,-3.34,1533.9,0.0,51.81,1.11,98,0.0,54,0.0,44,0.0,0,0.0,55.1,0.0,2024-10-01,-,0,-
624,-8,Imiter,PL,1378.38,-2.24,1598.27,0.0,73.3,0.75,34,0.0,20,0.0,14,0.0,0,0.0,58.82,0.0,2025-12-06,-,0,522.0
625,-22,Diogenes,AU,1378.16,-7.84,1460.06,-3.81,27.3,1.35,668,10.0,313,5.0,351,5.0,4,0.0,46.86,0.05,2026-07-31,-,0,326.0
626,2,Krex,-,1378.1,1.2,1544.32,-6.79,55.41,-2.66,52,6.0,32,3.0,20,3.0,0,0.0,61.54,-1.5,2026-07-11,-,0,-
-,-,Alessannr,-,1378.08,-3.29,1528.4,0.0,50.11,1.1,108,0.0,54,0.0,54,0.0,0,0.0,50.0,0.0,2024-09-04,-,0,-
-,-,Elpiereo,-,1377.88,-2.29,1592.97,0.0,71.7,0.76,36,0.0,19,0.0,17,0.0,0,0.0,52.78,0.0,2025-03-12,-,0,757.0
-,-,BoBo1983,-,1377.82,-1.15,1803.04,0.0,141.74,0.38,12,0.0,10,0.0,1,0.0,1,0.0,83.33,0.0,2020-09-06,-,0,-
-,-,DanWins,-,1377.81,-3.84,1505.72,0.0,42.64,1.28,186,0.0,95,0.0,91,0.0,0,0.0,51.08,0.0,2024-09-04,G,2,-
627,191,Kivok,-,1377.55,88.5,1632.86,62.43,85.1,-8.69,22,4.0,14,4.0,8,0.0,0,0.0,63.64,8.08,2026-07-30,-,0,-
628,-13,rabalder,NO,1377.21,-3.67,1512.77,0.0,45.19,1.22,110,0.0,58,0.0,50,0.0,2,0.0,52.73,0.0,2026-03-20,-,0,383.0
-,-,warwick716,-,1377.16,-1.6,1683.19,0.0,102.01,0.53,18,0.0,16,0.0,2,0.0,0,0.0,88.89,0.0,2023-09-03,-,0,-
-,-,Jelen117,-,1376.78,-1.86,1642.12,0.0,88.45,0.62,30,0.0,22,0.0,7,0.0,1,0.0,73.33,0.0,2023-03-01,-,0,-
629,-9,Tasso,-,1376.76,-2.76,1509.91,-10.51,44.38,-2.58,76,10.0,44,3.0,32,7.0,0,0.0,57.89,-4.23,2026-07-28,-,0,1178.0
630,-12,Peperinni,-,1376.63,-3.26,1527.64,0.0,50.33,1.09,70,0.0,36,0.0,33,0.0,1,0.0,51.43,0.0,2026-02-02,-,0,910.0
631,-19,brumynut,AU,1376.53,-6.45,1459.45,-2.44,27.64,1.34,692,10.0,323,4.0,362,6.0,7,0.0,46.68,-0.09,2026-08-03,-,0,459.0
-,-,wmfjfnlb,-,1376.46,-1.39,1728.38,0.0,117.31,0.46,12,0.0,12,0.0,0,0.0,0,0.0,100.0,0.0,2022-11-23,-,0,-
632,-10,MichalJar,-,1376.44,-2.56,1567.84,0.0,63.8,0.85,44,0.0,27,0.0,16,0.0,1,0.0,61.36,0.0,2026-04-02,-,0,1388.0
633,-1,Ioannis3,GR,1375.7,-0.15,1457.1,3.86,27.13,1.34,644,10.0,291,7.0,348,3.0,5,0.0,45.19,0.4,2026-08-02,-,0,342.0
-,-,icantdrawanime,-,1375.7,-2.87,1545.86,0.0,56.72,0.96,114,0.0,63,0.0,50,0.0,1,0.0,55.26,0.0,2022-11-25,-,0,-
-,-,yesod,-,1375.66,-2.25,1594.25,0.0,72.87,0.75,54,0.0,34,0.0,20,0.0,0,0.0,62.96,0.0,2021-12-05,-,0,-
634,-27,Nicks,CA,1375.52,-9.57,1495.09,-9.62,39.86,-0.02,176,6.0,80,2.0,94,4.0,2,0.0,45.45,-0.43,2026-07-14,-,0,630.0
-,-,Elsumo,-,1374.77,-1.87,1636.81,0.0,87.35,0.62,24,0.0,17,0.0,7,0.0,0,0.0,70.83,0.0,2024-08-30,-,0,-
635,-18,vendogs,RU,1374.75,-5.59,1470.03,0.0,31.76,1.86,348,0.0,167,0.0,176,0.0,5,0.0,47.99,0.0,2026-01-15,-,0,275.0
-,-,Iwego,-,1374.69,-1.92,1630.43,0.0,85.25,0.64,24,0.0,14,0.0,10,0.0,0,0.0,58.33,0.0,2024-07-01,-,0,-
636,-17,Die12,IT,1374.63,-4.96,1481.09,0.0,35.49,1.65,438,0.0,205,0.0,228,0.0,5,0.0,46.8,0.0,2026-01-15,-,0,352.0
637,-10,chris223,-,1374.12,-2.85,1462.02,2.56,29.3,1.8,604,6.0,279,3.0,322,3.0,3,0.0,46.19,0.04,2026-07-15,-,0,505.0
638,new,decoy1980,-,1374.09,924.09,1792.48,292.48,139.46,139.46,6,6.0,6,6.0,0,0.0,0,0.0,100.0,100.0,2026-07-13,-,0,-
639,-18,SerBaldur,-,1373.96,-5.25,1467.63,0.0,31.22,1.75,428,0.0,214,0.0,211,0.0,3,0.0,50.0,0.0,2026-02-28,-,0,865.0
640,-14,Tyristan,-,1373.94,-3.12,1532.43,0.0,52.83,1.04,72,0.0,43,0.0,28,0.0,1,0.0,59.72,0.0,2026-05-28,-,0,1388.0
-,-,Eatoreded,-,1373.92,-2.68,1558.11,0.0,61.4,0.89,72,0.0,35,0.0,37,0.0,0,0.0,48.61,0.0,2023-03-01,-,0,-
641,-8,figs,-,1373.16,-2.13,1605.03,0.0,77.29,0.71,26,0.0,13,0.0,13,0.0,0,0.0,50.0,0.0,2026-04-08,-,0,872.0
-,-,aloci,-,1373.08,-3.36,1520.37,0.0,49.1,1.12,90,0.0,51,0.0,37,0.0,2,0.0,56.67,0.0,2025-08-28,-,0,635.0
-,-,Gadgame,-,1372.73,-1.39,1726.1,0.0,117.79,0.46,14,0.0,10,0.0,3,0.0,1,0.0,71.43,0.0,2024-04-04,-,0,-
-,-,Dinnser,-,1372.24,-2.61,1564.7,0.0,64.15,0.87,84,0.0,44,0.0,38,0.0,2,0.0,52.38,0.0,2022-02-27,-,0,-
-,-,florian629,-,1372.05,-2.09,1607.09,0.0,78.35,0.7,30,0.0,17,0.0,13,0.0,0,0.0,56.67,0.0,2025-01-23,-,0,989.0
642,-8,woodabooga,-,1371.9,-2.85,1546.1,0.0,58.07,0.95,50,0.0,25,0.0,25,0.0,0,0.0,50.0,0.0,2026-05-19,-,0,543.0
643,-18,Cresspahl,US,1371.8,-6.02,1462.92,-3.99,30.37,0.68,218,10.0,104,4.0,113,6.0,1,0.0,47.71,-0.37,2026-08-06,-,0,355.0
-,-,default01,-,1371.6,-2.16,1600.27,0.0,76.22,0.72,42,0.0,29,0.0,13,0.0,0,0.0,69.05,0.0,2022-03-06,-,0,-
-,-,EvilBen,GB,1371.5,-1.65,1668.97,0.0,99.16,0.55,18,0.0,11,0.0,7,0.0,0,0.0,61.11,0.0,2023-04-16,-,0,-
644,-45,Tyrtaios,DE,1370.81,-19.05,1480.26,-20.35,36.48,-0.43,128,10.0,60,1.0,67,9.0,1,0.0,46.88,-3.12,2026-07-30,-,0,505.0
645,-9,Bookhouseboy,NO,1370.76,-2.31,1458.38,0.98,29.21,1.1,578,10.0,253,5.0,321,5.0,4,0.0,43.77,0.11,2026-07-29,-,0,456.0
-,-,Karpik,PL,1370.61,-3.1,1529.69,0.0,53.03,1.03,150,0.0,82,0.0,68,0.0,0,0.0,54.67,0.0,2022-12-04,-,0,-
-,-,exfret,-,1370.3,-2.16,1599.46,0.0,76.39,0.72,54,0.0,36,0.0,16,0.0,2,0.0,66.67,0.0,2020-04-08,-,0,-
646,-11,McNeil,DK,1369.68,-3.65,1507.65,0.0,45.99,1.22,98,0.0,56,0.0,41,0.0,1,0.0,57.14,0.0,2026-04-03,-,0,726.0
647,-8,rstrack,-,1369.65,-2.8,1545.06,0.0,58.47,0.93,54,0.0,33,0.0,21,0.0,0,0.0,61.11,0.0,2026-03-15,-,0,1287.0
648,-34,mikemast,-,1369.15,-12.84,1527.14,-17.47,52.66,-1.54,56,4.0,25,1.0,29,3.0,2,0.0,44.64,-1.51,2026-08-05,-,0,488.0
-,-,Alfredbob,-,1368.88,-1.45,1707.21,0.0,112.78,0.48,18,0.0,13,0.0,5,0.0,0,0.0,72.22,0.0,2020-12-02,-,0,-
-,-,homura,-,1368.25,-1.74,1650.43,0.0,94.06,0.58,18,0.0,11,0.0,7,0.0,0,0.0,61.11,0.0,2023-04-16,-,0,-
-,-,Pirigin,-,1368.2,-2.13,1598.88,0.0,76.9,0.71,32,0.0,21,0.0,11,0.0,0,0.0,65.62,0.0,2024-04-04,-,0,-
649,-11,Minde,NO,1368.2,-4.49,1483.78,0.0,38.53,1.5,232,0.0,116,0.0,111,0.0,5,0.0,50.0,0.0,2025-12-30,-,0,742.0
-,-,samtheman,-,1367.85,-2.16,1597.38,0.0,76.51,0.72,42,0.0,21,0.0,21,0.0,0,0.0,50.0,0.0,2021-12-05,-,0,-
650,-27,Legoman,CA,1367.24,-11.49,1501.11,-19.62,44.62,-2.71,82,10.0,42,3.0,39,7.0,1,0.0,51.22,-2.95,2026-08-05,-,0,473.0
-,-,Kelric,-,1366.64,-3.05,1538.28,0.0,57.21,1.02,116,0.0,60,0.0,56,0.0,0,0.0,51.72,0.0,2023-06-06,-,0,-
-,-,Metz63,-,1366.28,-2.41,1570.8,0.0,68.18,0.8,48,0.0,26,0.0,22,0.0,0,0.0,54.17,0.0,2025-01-17,-,0,939.0
651,-5,booyakasha,-,1366.28,-2.52,1561.44,0.0,65.05,0.84,36,0.0,17,0.0,19,0.0,0,0.0,47.22,0.0,2026-03-14,-,0,662.0
652,17,Bathman,CL,1366.21,9.42,1454.75,12.05,29.51,0.88,234,10.0,112,7.0,122,3.0,0,0.0,47.86,0.98,2026-07-24,-,0,412.0
653,-13,luigino71,IT,1366.01,-5.33,1446.88,-1.4,26.95,1.31,738,10.0,339,5.0,396,5.0,3,0.0,45.93,0.05,2026-08-01,-,0,334.0
-,-,Non-SlimJim,-,1365.97,-1.97,1615.07,0.0,83.03,0.66,36,0.0,22,0.0,13,0.0,1,0.0,61.11,0.0,2021-09-05,-,0,-
-,-,TheOTHERZadok,-,1365.9,-2.52,1563.65,0.0,65.92,0.84,78,0.0,52,0.0,26,0.0,0,0.0,66.67,0.0,2021-12-05,-,0,-
654,-10,Owen1982,-,1365.81,-3.13,1526.52,0.0,53.57,1.04,114,0.0,62,0.0,51,0.0,1,0.0,54.39,0.0,2026-04-14,-,0,-
-,-,BeetleJuice,CZ,1365.8,-4.13,1494.29,0.0,42.83,1.38,320,0.0,152,0.0,167,0.0,1,0.0,47.5,0.0,2024-12-31,-,0,-
-,-,Doddus,IT,1365.62,-2.74,1548.72,0.0,61.03,0.91,72,0.0,42,0.0,30,0.0,0,0.0,58.33,0.0,2025-07-28,-,0,1388.0
-,-,Exurbitantus,-,1365.58,-2.45,1565.87,0.0,66.76,0.82,50,0.0,29,0.0,21,0.0,0,0.0,58.0,0.0,2023-05-31,-,0,-
-,-,Z-man,-,1365.47,-1.67,1659.79,0.0,98.11,0.56,18,0.0,12,0.0,6,0.0,0,0.0,66.67,0.0,2025-03-18,-,0,805.0
-,-,Warpfield,-,1365.07,-1.46,1701.54,0.0,112.16,0.49,12,0.0,9,0.0,3,0.0,0,0.0,75.0,0.0,2025-01-24,-,0,989.0
655,-12,andykr,GB,1365.02,-4.54,1453.66,-1.63,29.55,0.97,240,10.0,108,3.0,128,7.0,4,0.0,45.0,-0.65,2026-07-31,-,0,442.0
656,-6,Twistor,FI,1364.65,-3.33,1512.44,0.0,49.26,1.11,68,0.0,41,0.0,27,0.0,0,0.0,60.29,0.0,2026-03-25,-,0,679.0
-,-,Enthusio,-,1364.57,-2.45,1567.43,0.0,67.62,0.82,72,0.0,42,0.0,29,0.0,1,0.0,58.33,0.0,2021-08-29,-,0,-
657,-15,Bizniouf,-,1364.54,-5.28,1464.91,-4.73,33.46,0.18,166,10.0,83,5.0,81,5.0,2,0.0,50.0,0.0,2026-07-30,-,0,451.0
658,-13,stefano-prof,-,1364.4,-4.41,1481.63,0.0,39.07,1.47,292,0.0,143,0.0,145,0.0,4,0.0,48.97,0.0,2026-04-16,G,2,1057.0
-,-,Nealio,NL,1364.13,-4.07,1490.14,0.0,42.0,1.36,208,0.0,106,0.0,102,0.0,0,0.0,50.96,0.0,2024-09-22,-,0,-
659,4,Drk,IT,1363.98,3.41,1452.3,6.71,29.44,1.1,462,10.0,219,5.0,240,4.0,3,1.0,47.4,0.05,2026-07-30,-,0,648.0
-,-,fu1luo,-,1363.46,-3.04,1525.86,0.0,54.13,1.01,106,0.0,54,0.0,50,0.0,2,0.0,50.94,0.0,2024-03-17,-,0,-
-,-,cbend37,US,1363.37,-3.35,1512.73,0.0,49.79,1.12,140,0.0,61,0.0,78,0.0,1,0.0,43.57,0.0,2024-02-23,-,0,-
-,-,bedtimeformonkeys,-,1363.29,-1.5,1690.52,0.0,109.08,0.5,12,0.0,7,0.0,4,0.0,1,0.0,58.33,0.0,2023-03-01,-,0,-
660,-2,Largos,-,1362.73,-0.13,1443.02,3.72,26.76,1.28,538,10.0,262,6.0,275,4.0,1,0.0,48.7,0.22,2026-07-30,-,0,480.0
661,-13,powerbigoud,-,1362.4,-6.08,1450.86,0.0,29.48,2.03,556,0.0,267,0.0,284,0.0,5,0.0,48.02,0.0,2026-05-30,-,0,469.0
-,-,Bravo,-,1362.34,-1.98,1609.43,0.0,82.36,0.66,26,0.0,14,0.0,11,0.0,1,0.0,53.85,0.0,2025-01-22,-,0,989.0
-,-,Rockoccodrillo,-,1362.28,-3.65,1505.24,0.0,47.65,1.22,122,0.0,65,0.0,56,0.0,1,0.0,53.28,0.0,2025-03-10,-,0,859.0
-,-,FooledTwice,-,1362.1,-3.71,1494.84,0.0,44.25,1.24,138,0.0,67,0.0,69,0.0,2,0.0,48.55,0.0,2025-04-09,G,2,622.0
-,-,DukeAtreides,-,1362.0,-3.27,1513.11,0.0,50.37,1.09,162,0.0,78,0.0,81,0.0,3,0.0,48.15,0.0,2024-07-15,-,0,-
-,-,GedoMazo,-,1361.83,-1.49,1689.92,0.0,109.36,0.5,12,0.0,8,0.0,4,0.0,0,0.0,66.67,0.0,2024-04-04,-,0,-
662,-32,humanmoves,-,1361.79,-14.45,1478.46,-13.03,38.89,0.47,112,4.0,55,0.0,57,4.0,0,0.0,49.11,-1.82,2026-07-28,-,0,454.0
663,-101,Quasar_Enderas,-,1361.68,-51.41,1543.31,-63.89,60.55,-4.16,40,6.0,24,1.0,16,5.0,0,0.0,60.0,-7.65,2026-07-09,-,0,-
664,-33,loMucho,-,1361.26,-14.97,1516.36,-29.26,51.7,-4.76,74,10.0,35,4.0,38,6.0,1,0.0,47.3,-1.14,2026-08-01,-,0,-
-,-,cheekysausage,-,1361.14,-1.87,1623.94,0.0,87.6,0.62,36,0.0,24,0.0,12,0.0,0,0.0,66.67,0.0,2021-06-02,-,0,-
-,-,Vlaada,CZ,1361.02,-1.04,1832.57,0.0,157.18,0.35,6,0.0,5,0.0,1,0.0,0,0.0,83.33,0.0,2020-06-28,G,2,-
-,-,AdrianosMaximus,-,1360.78,-2.98,1528.65,0.0,55.96,0.99,78,0.0,41,0.0,37,0.0,0,0.0,52.56,0.0,2024-07-01,-,0,-
-,-,shockway,-,1360.68,-3.25,1523.34,0.0,54.22,1.08,162,0.0,83,0.0,71,0.0,8,0.0,51.23,0.0,2022-11-30,-,0,-
665,-11,jkdvz,-,1360.61,-3.78,1492.79,0.0,44.06,1.26,202,0.0,74,0.0,127,0.0,1,0.0,36.63,0.0,2025-11-09,-,0,-
-,-,Paul.,-,1360.18,-1.46,1695.99,0.0,111.93,0.49,12,0.0,7,0.0,5,0.0,0,0.0,58.33,0.0,2023-03-01,-,0,-
-,-,XDoge,-,1360.17,-2.51,1557.06,0.0,65.63,0.84,90,0.0,45,0.0,44,0.0,1,0.0,50.0,0.0,2021-06-02,P,4,-
-,-,C666,-,1360.09,-1.61,1665.21,0.0,101.71,0.54,18,0.0,10,0.0,8,0.0,0,0.0,55.56,0.0,2020-12-02,P,2,-
666,-7,Mensha,-,1360.05,-2.66,1545.13,0.0,61.69,0.89,48,0.0,26,0.0,22,0.0,0,0.0,54.17,0.0,2026-03-20,-,0,805.0
667,11,Cleveman,DE,1359.97,6.38,1448.27,9.13,29.43,0.92,614,10.0,285,7.0,323,3.0,6,0.0,46.42,0.39,2026-07-29,-,0,317.0
668,-11,Seppel,-,1359.67,-4.49,1474.53,0.0,38.29,1.5,210,0.0,91,0.0,119,0.0,0,0.0,43.33,0.0,2026-05-31,-,0,750.0
-,-,Basse,-,1359.49,-1.72,1643.91,0.0,94.81,0.57,24,0.0,17,0.0,7,0.0,0,0.0,70.83,0.0,2020-03-30,-,0,-
-,-,mikey1nt,-,1359.25,-2.45,1559.88,0.0,66.88,0.82,42,0.0,24,0.0,17,0.0,1,0.0,57.14,0.0,2025-01-21,-,0,1067.0
669,-16,Rasputin,-,1358.93,-5.71,1442.18,-1.69,27.75,1.34,674,10.0,281,4.0,386,6.0,7,0.0,41.69,-0.03,2026-08-12,-,0,403.0
-,-,_Melkor,-,1358.68,-1.44,1699.55,0.0,113.63,0.48,12,0.0,10,0.0,2,0.0,0,0.0,83.33,0.0,2024-02-25,-,0,-
670,284,Vortex1612,-,1358.47,135.55,1603.58,91.71,81.7,-14.61,24,6.0,14,5.0,10,1.0,0,0.0,58.33,8.33,2026-07-11,-,0,1287.0
671,-11,TAOxEagle,US,1357.67,-4.44,1470.0,0.0,37.44,1.48,262,0.0,136,0.0,122,0.0,4,0.0,51.91,0.0,2026-05-27,-,0,662.0
672,1,sorecats,ID,1357.33,1.87,1455.32,5.18,32.66,1.1,446,6.0,203,3.0,242,3.0,1,0.0,45.52,0.07,2026-07-18,-,0,552.0
673,-18,Proteus,-,1357.2,-7.09,1469.85,-5.85,37.55,0.41,168,6.0,78,2.0,88,4.0,2,0.0,46.43,-0.48,2026-07-21,-,0,426.0
-,-,laimas123,-,1357.07,-2.55,1551.5,0.0,64.81,0.85,102,0.0,59,0.0,43,0.0,0,0.0,57.84,0.0,2021-05-23,-,0,-
674,-18,Csannerud,NO,1356.86,-7.41,1440.85,-3.43,28.0,1.33,644,10.0,293,4.0,349,6.0,2,0.0,45.5,-0.08,2026-08-04,-,0,394.0
-,-,LordBC,AU,1356.41,-1.87,1619.08,0.0,87.56,0.62,26,0.0,14,0.0,11,0.0,1,0.0,53.85,0.0,2025-03-18,-,0,872.0
-,-,Chixx,SE,1355.96,-3.28,1511.84,0.0,51.96,1.09,140,0.0,74,0.0,65,0.0,1,0.0,52.86,0.0,2023-08-28,-,0,-
-,-,tongtong,-,1355.65,-1.75,1635.92,0.0,93.42,0.58,20,0.0,12,0.0,8,0.0,0,0.0,60.0,0.0,2025-01-23,-,0,1118.0
675,-13,daices,US,1355.54,-5.7,1463.03,0.0,35.83,1.9,448,0.0,227,0.0,217,0.0,4,0.0,50.67,0.0,2026-05-31,G,2,648.0
-,-,shezbot,-,1355.3,-2.67,1540.61,0.0,61.77,0.89,96,0.0,53,0.0,43,0.0,0,0.0,55.21,0.0,2022-02-27,-,0,-
676,-9,Gerti,DE,1355.18,-2.44,1557.87,0.0,67.56,0.81,40,0.0,20,0.0,18,0.0,2,0.0,50.0,0.0,2026-03-19,-,0,939.0
677,-7,Brett13,-,1354.19,-2.1,1588.82,0.0,78.21,0.7,24,0.0,14,0.0,10,0.0,0,0.0,58.33,0.0,2026-03-20,-,0,872.0
-,-,DHYellow,-,1354.17,-2.49,1550.2,0.0,65.34,0.83,78,0.0,37,0.0,41,0.0,0,0.0,47.44,0.0,2021-11-21,-,0,-
-,-,zalarg,-,1354.17,-3.03,1517.65,0.0,54.5,1.01,72,0.0,40,0.0,32,0.0,0,0.0,55.56,0.0,2024-09-04,-,0,-
678,-12,NRoy,US,1353.63,-4.47,1465.3,0.0,37.22,1.49,158,0.0,76,0.0,82,0.0,0,0.0,48.1,0.0,2026-02-10,-,0,616.0
-,-,Mads,-,1353.5,-3.87,1485.34,0.0,43.95,1.29,210,0.0,106,0.0,104,0.0,0,0.0,50.48,0.0,2024-09-04,-,0,-
679,-14,joehammerman,US,1353.39,-5.33,1447.74,0.0,31.45,1.78,354,0.0,171,0.0,179,0.0,4,0.0,48.31,0.0,2026-03-26,-,0,418.0
-,-,Nucrus,-,1353.26,-1.59,1663.12,0.0,103.29,0.53,20,0.0,10,0.0,10,0.0,0,0.0,50.0,0.0,2024-07-01,-,0,-
680,-8,yhw,-,1352.99,-2.72,1534.86,0.0,60.62,0.91,50,0.0,31,0.0,19,0.0,0,0.0,62.0,0.0,2026-03-18,-,0,939.0
-,-,Rockdrigo,-,1352.75,-1.8,1625.17,0.0,90.81,0.6,36,0.0,25,0.0,11,0.0,0,0.0,69.44,0.0,2020-11-17,-,0,-
-,-,Dies,-,1352.62,-1.46,1689.22,0.0,112.2,0.49,18,0.0,14,0.0,4,0.0,0,0.0,77.78,0.0,2021-06-02,-,0,-
-,-,pgierasi,PL,1352.37,-3.35,1499.27,0.0,48.97,1.12,122,0.0,60,0.0,61,0.0,1,0.0,49.18,0.0,2024-02-29,-,0,-
-,-,Valsim,-,1351.92,-2.23,1572.83,0.0,73.64,0.74,36,0.0,21,0.0,15,0.0,0,0.0,58.33,0.0,2025-03-16,-,0,939.0
681,95,ThePerceptiveGamer,-,1351.92,38.07,1506.28,34.34,51.45,-1.24,58,4.0,35,4.0,23,0.0,0,0.0,60.34,2.93,2026-07-30,-,0,845.0
682,-41,ZioKhan,IT,1351.64,-18.19,1432.92,-14.25,27.09,1.32,570,10.0,250,1.0,315,9.0,5,0.0,43.86,-0.6,2026-08-04,-,0,378.0
-,-,ywgmth,-,1351.44,-1.9,1609.85,0.0,86.14,0.63,30,0.0,21,0.0,9,0.0,0,0.0,70.0,0.0,2022-02-25,-,0,-
683,-3,JimBryan,-,1351.37,-1.85,1616.09,0.0,88.24,0.62,24,0.0,17,0.0,6,0.0,1,0.0,70.83,0.0,2026-02-03,-,0,1067.0
-,-,Rzheng4,-,1351.37,-1.63,1651.11,0.0,99.91,0.54,18,0.0,13,0.0,5,0.0,0,0.0,72.22,0.0,2025-03-14,-,0,805.0
684,-7,Skatanic,-,1351.32,-2.29,1566.03,0.0,71.57,0.76,32,0.0,17,0.0,15,0.0,0,0.0,53.12,0.0,2026-03-17,-,0,872.0
-,-,marcusesses1,CA,1350.76,-3.8,1480.32,0.0,43.18,1.27,232,0.0,118,0.0,112,0.0,2,0.0,50.86,0.0,2024-11-26,-,0,1184.0
-,-,DoNotCopy,-,1350.65,-2.48,1550.11,0.0,66.49,0.83,78,0.0,50,0.0,28,0.0,0,0.0,64.1,0.0,2022-03-06,-,0,-
685,103,Otto_von_Bismarck,-,1350.64,42.05,1536.25,27.38,61.87,-4.89,42,6.0,20,4.0,22,2.0,0,0.0,47.62,3.18,2026-07-11,-,0,939.0
686,175,ogre44444,-,1350.58,81.91,1603.62,54.47,84.35,-9.15,24,4.0,19,4.0,5,0.0,0,0.0,79.17,4.17,2026-07-31,-,0,-
-,-,Kenvi,PL,1350.37,-3.93,1475.76,0.0,41.8,1.31,190,0.0,98,0.0,90,0.0,2,0.0,51.58,0.0,2024-10-01,-,0,-
687,-16,Wennejoekel,NL,1350.22,-5.55,1448.46,-4.48,32.75,0.35,372,10.0,169,5.0,198,5.0,5,0.0,45.43,0.13,2026-08-06,G,2,381.0
688,-13,BirdOfPreyyy,RU,1349.98,-4.78,1458.18,0.0,36.07,1.59,162,0.0,76,0.0,86,0.0,0,0.0,46.91,0.0,2026-05-29,-,0,210.0
689,23,Boardello,GB,1349.96,9.6,1434.89,13.02,28.31,1.14,552,10.0,257,8.0,294,2.0,1,0.0,46.56,0.62,2026-08-04,-,0,432.0
690,67,jokerchai,-,1349.68,25.32,1508.47,21.23,52.93,-1.36,80,4.0,36,3.0,43,1.0,1,0.0,45.0,1.58,2026-08-11,-,0,-
691,-1,noobgo,-,1349.52,1.44,1458.62,5.25,36.37,1.27,304,2.0,148,2.0,149,0.0,7,0.0,48.68,0.34,2026-06-29,-,0,1287.0
692,-11,Likas11,CZ,1349.45,-3.5,1490.64,0.0,47.06,1.17,98,0.0,37,0.0,60,0.0,1,0.0,37.76,0.0,2026-01-21,-,0,609.0
693,-29,JiriHosek,-,1349.21,-10.38,1504.25,-17.35,51.68,-2.32,64,6.0,34,1.0,29,5.0,1,0.0,53.12,-3.78,2026-07-16,-,0,989.0
-,-,RootNegative,-,1349.16,-2.28,1564.62,0.0,71.82,0.76,48,0.0,32,0.0,15,0.0,1,0.0,66.67,0.0,2022-11-23,-,0,-
694,-42,Limdul1988,CZ,1349.01,-16.99,1456.94,-15.49,35.97,0.5,182,6.0,90,0.0,88,6.0,4,0.0,49.45,-1.69,2026-07-12,-,0,707.0
-,-,Lara13,-,1348.96,-1.54,1668.22,0.0,106.42,0.51,18,0.0,15,0.0,3,0.0,0,0.0,83.33,0.0,2024-06-02,-,0,-
695,-10,Ilidur,-,1348.62,-2.62,1536.76,0.0,62.71,0.87,48,0.0,25,0.0,23,0.0,0,0.0,52.08,0.0,2026-03-23,-,0,805.0
-,-,NagyGL,-,1348.45,-1.54,1665.64,0.0,105.73,0.51,24,0.0,16,0.0,8,0.0,0,0.0,66.67,0.0,2020-02-09,-,0,-
696,-20,Happykitten,-,1348.04,-6.59,1467.11,-6.77,39.69,-0.06,162,6.0,86,2.0,76,4.0,0,0.0,53.09,-0.76,2026-07-22,-,0,1184.0
697,-10,samgreco,JP,1348.0,-2.72,1529.45,0.0,60.48,0.91,50,0.0,23,0.0,27,0.0,0,0.0,46.0,0.0,2026-01-28,-,0,989.0
-,-,JakubUhlir,CZ,1347.96,-4.12,1466.28,0.0,39.44,1.37,314,0.0,147,0.0,164,0.0,3,0.0,46.82,0.0,2024-10-01,-,0,-
-,-,Tandeta,PL,1347.16,-1.89,1607.73,0.0,86.86,0.63,30,0.0,14,0.0,15,0.0,1,0.0,46.67,0.0,2021-06-02,G,4,695.0
-,-,Bigwellow,NL,1347.07,-4.1,1469.66,0.0,40.86,1.37,184,0.0,90,0.0,90,0.0,4,0.0,48.91,0.0,2025-04-27,-,0,468.0
698,435,quirrell,-,1347.07,266.11,1663.4,136.78,105.44,-43.11,12,6.0,8,5.0,4,1.0,0,0.0,66.67,16.67,2026-07-12,-,0,-
699,85,Gympanse,-,1347.04,36.98,1509.09,29.97,54.01,-2.34,50,6.0,28,6.0,21,0.0,1,0.0,56.0,6.0,2026-07-18,-,0,-
-,-,antonfstam,-,1346.99,-2.88,1519.81,0.0,57.61,0.96,150,0.0,71,0.0,77,0.0,2,0.0,47.33,0.0,2021-11-22,-,0,-
700,-18,petrau77,FI,1346.94,-5.13,1428.44,-1.31,27.17,1.27,888,10.0,383,4.0,501,6.0,4,0.0,43.13,-0.04,2026-08-01,P,2,365.0
701,-27,Captn4wesome,DE,1346.89,-8.09,1442.38,-6.44,31.83,0.55,220,10.0,99,4.0,121,6.0,0,0.0,45.0,-0.24,2026-08-03,-,0,387.0
-,-,AkisProg,GR,1346.88,-2.79,1526.14,0.0,59.75,0.93,84,0.0,47,0.0,37,0.0,0,0.0,55.95,0.0,2023-04-04,-,0,-
702,-19,Lodon,NL,1346.8,-4.68,1452.05,0.0,35.08,1.56,348,0.0,157,0.0,186,0.0,5,0.0,45.11,0.0,2025-11-30,-,0,546.0
-,-,MastermindZeta,-,1346.79,-2.07,1585.3,0.0,79.5,0.69,42,0.0,24,0.0,17,0.0,1,0.0,57.14,0.0,2023-03-01,-,0,-
-,-,Grobyl,FR,1346.62,-3.27,1498.6,0.0,50.66,1.09,192,0.0,97,0.0,94,0.0,1,0.0,50.52,0.0,2023-02-25,-,0,-
-,-,Fane,BE,1346.57,-3.26,1507.48,0.0,53.64,1.09,156,0.0,76,0.0,78,0.0,2,0.0,48.72,0.0,2023-03-01,P,2,-
-,-,BastionvonRaven,-,1346.53,-2.45,1549.16,0.0,67.54,0.82,58,0.0,29,0.0,29,0.0,0,0.0,50.0,0.0,2023-04-16,-,0,-
703,32,Dubz,-,1346.46,14.52,1465.95,11.23,39.83,-1.1,122,10.0,62,6.0,60,4.0,0,0.0,50.82,0.82,2026-07-26,-,0,602.0
704,-15,traskmania,-,1346.14,-2.29,1561.15,0.0,71.67,0.76,36,0.0,18,0.0,17,0.0,1,0.0,50.0,0.0,2026-01-26,-,0,989.0
-,-,copesettic,US,1345.6,-2.73,1526.32,0.0,60.24,0.91,74,0.0,40,0.0,34,0.0,0,0.0,54.05,0.0,2023-06-04,-,0,-
705,-11,firlefanzer,-,1345.47,-0.7,1439.59,2.71,31.37,1.14,244,6.0,113,3.0,131,3.0,0,0.0,46.31,0.09,2026-06-30,-,0,414.0
706,-22,GerwinW,-,1345.32,-5.94,1448.16,-6.0,34.28,-0.02,154,10.0,77,4.0,76,6.0,1,0.0,50.0,-0.69,2026-07-28,-,0,700.0
707,18,N4F,-,1345.31,9.05,1483.34,7.11,46.01,-0.65,80,6.0,40,5.0,39,1.0,1,0.0,50.0,2.7,2026-07-22,-,0,746.0
-,-,ycl,-,1345.29,-1.81,1617.37,0.0,90.69,0.6,18,0.0,10,0.0,8,0.0,0,0.0,55.56,0.0,2025-03-08,-,0,757.0
708,0,Ti-Guy_Latour,-,1344.89,3.19,1468.2,2.77,41.1,-0.14,144,6.0,70,2.0,74,4.0,0,0.0,48.61,-0.67,2026-07-03,-,0,849.0
709,229,Kajdi,-,1344.87,110.87,1599.02,59.11,84.72,-17.25,18,6.0,13,5.0,5,1.0,0,0.0,72.22,5.55,2026-07-15,-,0,-
-,-,LinhVu,-,1344.1,-2.78,1521.41,0.0,59.1,0.93,62,0.0,34,0.0,28,0.0,0,0.0,54.84,0.0,2025-01-19,-,0,989.0
710,-18,gego,-,1343.97,-3.29,1495.98,0.0,50.67,1.1,80,0.0,44,0.0,36,0.0,0,0.0,55.0,0.0,2026-03-14,-,0,872.0
711,15,Asperins,LV,1343.82,7.93,1434.38,10.75,30.19,0.94,252,10.0,110,6.0,141,4.0,1,0.0,43.65,0.67,2026-08-05,-,0,469.0
-,-,sbauer9,-,1343.76,-3.03,1506.97,0.0,54.4,1.01,144,0.0,68,0.0,76,0.0,0,0.0,47.22,0.0,2023-08-05,-,0,-
712,-15,Amara,-,1343.66,-1.71,1630.77,0.0,95.7,0.57,18,0.0,13,0.0,5,0.0,0,0.0,72.22,0.0,2026-03-24,-,0,-
-,-,Mouette,-,1343.34,-2.68,1528.67,0.0,61.78,0.89,64,0.0,31,0.0,30,0.0,3,0.0,48.44,0.0,2023-12-03,-,0,-
-,-,trieshard,-,1342.99,-2.73,1528.13,0.0,61.71,0.91,78,0.0,43,0.0,34,0.0,1,0.0,55.13,0.0,2022-12-04,-,0,-
713,-22,seviech,-,1342.8,-5.19,1423.63,-1.36,26.94,1.28,642,10.0,289,4.0,346,6.0,7,0.0,45.02,-0.07,2026-07-30,-,0,406.0
714,-26,Dzsabo,HU,1342.54,-7.93,1431.4,-5.22,29.62,0.9,254,10.0,120,3.0,133,7.0,1,0.0,47.24,-0.71,2026-08-01,-,0,423.0
715,-16,tiffelvet,-,1342.53,-2.39,1551.87,0.0,69.78,0.8,44,0.0,26,0.0,18,0.0,0,0.0,59.09,0.0,2026-01-24,-,0,560.0
-,-,Saucisse,-,1342.53,-2.68,1537.9,0.0,65.12,0.89,64,0.0,38,0.0,23,0.0,3,0.0,59.38,0.0,2023-11-15,-,0,-
-,-,Neil.W,-,1341.83,-2.73,1524.62,0.0,60.93,0.91,84,0.0,43,0.0,41,0.0,0,0.0,51.19,0.0,2022-08-29,-,0,-
-,-,Dragonheard4,-,1341.36,-2.06,1578.87,0.0,79.17,0.69,30,0.0,17,0.0,12,0.0,1,0.0,56.67,0.0,2024-04-04,-,0,-
-,-,zook,-,1341.25,-2.39,1553.12,0.0,70.62,0.8,78,0.0,42,0.0,36,0.0,0,0.0,53.85,0.0,2020-11-18,P,4,-
716,-14,Urist,-,1340.96,-1.44,1466.82,0.58,41.95,0.67,104,2.0,54,1.0,49,1.0,1,0.0,51.92,-0.04,2026-06-25,-,0,798.0
717,-17,Smilzo,-,1340.8,-2.44,1544.29,0.0,67.83,0.81,36,0.0,16,0.0,19,0.0,1,0.0,44.44,0.0,2026-05-13,-,0,989.0
718,-13,hein,-,1340.67,-1.35,1703.72,0.0,121.02,0.45,12,0.0,9,0.0,3,0.0,0,0.0,75.0,0.0,2026-01-27,-,0,-
-,-,mafiasco,-,1340.55,-3.24,1496.2,0.0,51.88,1.08,184,0.0,93,0.0,91,0.0,0,0.0,50.54,0.0,2023-10-15,-,0,-
-,-,Crazybastard77,-,1340.46,-0.97,1844.9,0.0,168.15,0.32,6,0.0,5,0.0,1,0.0,0,0.0,83.33,0.0,2020-09-06,-,0,-
719,-16,Opi,-,1340.37,-1.98,1588.7,0.0,82.78,0.66,24,0.0,13,0.0,11,0.0,0,0.0,54.17,0.0,2026-01-30,-,0,989.0
-,-,Levia,-,1340.32,-3.38,1485.88,0.0,48.52,1.13,108,0.0,55,0.0,53,0.0,0,0.0,50.93,0.0,2024-09-04,-,0,989.0
720,-6,AsKier,PL,1340.04,0.23,1432.27,4.4,30.74,1.39,404,4.0,188,3.0,216,1.0,0,0.0,46.53,0.28,2026-08-06,-,0,655.0
-,-,GWax11,-,1339.36,-2.99,1506.35,0.0,55.66,1.0,114,0.0,59,0.0,55,0.0,0,0.0,51.75,0.0,2023-01-15,-,0,-
721,-12,timaeus,-,1339.24,-2.41,1544.6,0.0,68.45,0.8,54,0.0,32,0.0,22,0.0,0,0.0,59.26,0.0,2026-03-20,-,0,-
-,-,Black8,-,1339.24,-2.28,1554.29,0.0,71.68,0.76,42,0.0,21,0.0,20,0.0,1,0.0,50.0,0.0,2024-04-04,-,0,-
722,-27,irule,-,1338.87,-6.62,1430.9,-4.58,30.68,0.68,228,10.0,102,3.0,124,7.0,2,0.0,44.74,-0.67,2026-07-30,-,0,457.0
723,-16,nanoprince,-,1338.72,-3.08,1508.14,0.0,56.47,1.03,88,0.0,36,0.0,50,0.0,2,0.0,40.91,0.0,2026-05-09,-,0,382.0
-,-,spectronz,-,1338.71,-2.38,1544.35,0.0,68.54,0.79,60,0.0,32,0.0,28,0.0,0,0.0,53.33,0.0,2021-12-05,-,0,-
724,-45,LhuCaS,ES,1338.58,-14.85,1430.03,-10.93,30.48,1.3,492,6.0,220,0.0,269,6.0,3,0.0,44.72,-0.55,2026-07-25,-,0,448.0
725,25,SeanHandley,-,1338.57,12.6,1434.08,14.06,31.84,0.49,204,10.0,100,6.0,103,3.0,1,1.0,49.02,0.57,2026-07-28,-,0,494.0
726,-25,Noash,US,1338.46,-3.95,1464.22,0.0,41.92,1.32,212,0.0,106,0.0,104,0.0,2,0.0,50.0,0.0,2026-01-21,-,0,611.0
-,-,Guylikikipoile,-,1338.4,-1.45,1675.83,0.0,112.48,0.48,18,0.0,14,0.0,4,0.0,0,0.0,77.78,0.0,2024-04-04,-,0,-
-,-,demainlesdauphins,-,1338.18,-3.31,1488.44,0.0,50.09,1.1,92,0.0,45,0.0,46,0.0,1,0.0,48.91,0.0,2025-04-25,-,0,681.0
727,-14,Gosho,-,1338.12,-1.9,1596.9,0.0,86.26,0.63,20,0.0,11,0.0,9,0.0,0,0.0,55.0,0.0,2026-04-10,-,0,-
728,-13,makoleon,-,1338.0,-1.75,1617.33,0.0,93.11,0.58,18,0.0,10,0.0,8,0.0,0,0.0,55.56,0.0,2026-03-17,-,0,-
729,-31,Peaceminusone,-,1337.75,-7.56,1447.07,-5.99,36.44,0.52,270,6.0,129,3.0,140,3.0,1,0.0,47.78,0.05,2026-07-14,G,2,921.0
730,-24,Torneedo,-,1337.47,-4.42,1452.2,0.0,38.24,1.47,164,0.0,77,0.0,84,0.0,3,0.0,46.95,0.0,2026-03-18,-,0,922.0
731,-21,Helen-the-great,-,1337.4,-3.18,1492.65,0.0,51.75,1.06,102,0.0,56,0.0,46,0.0,0,0.0,54.9,0.0,2026-01-29,-,0,572.0
732,-16,Mockingbird5,GB,1337.28,-2.09,1426.96,0.96,29.89,1.02,428,10.0,192,5.0,234,5.0,2,0.0,44.86,0.12,2026-08-03,-,0,411.0
733,-16,Chroso,-,1337.23,-2.13,1568.29,0.0,77.02,0.71,30,0.0,16,0.0,13,0.0,1,0.0,53.33,0.0,2026-03-31,-,0,989.0
-,-,Varthos,-,1337.13,-2.73,1519.31,0.0,60.73,0.91,114,0.0,60,0.0,54,0.0,0,0.0,52.63,0.0,2021-12-05,-,0,-
734,-30,MechJayTi2,-,1337.03,-5.24,1455.0,-7.92,39.32,-0.89,114,10.0,60,4.0,53,6.0,1,0.0,52.63,-1.22,2026-08-04,-,0,705.0
-,-,dulbbong,-,1336.51,-1.93,1590.82,0.0,84.77,0.64,24,0.0,14,0.0,10,0.0,0,0.0,58.33,0.0,2024-12-07,-,0,989.0
735,-15,Antigua,HU,1336.35,-2.37,1544.01,0.0,69.22,0.79,36,0.0,18,0.0,18,0.0,0,0.0,50.0,0.0,2026-03-24,-,0,757.0
-,-,Styku,-,1336.06,-1.2,1743.42,0.0,135.79,0.4,12,0.0,9,0.0,2,0.0,1,0.0,75.0,0.0,2019-12-30,-,0,-
736,-17,lol1,-,1335.9,-2.9,1505.66,0.0,56.59,0.97,56,0.0,26,0.0,30,0.0,0,0.0,46.43,0.0,2026-03-23,-,0,365.0
737,0,Kermit19,-,1335.82,5.0,1457.93,5.68,40.7,0.23,122,4.0,52,3.0,68,1.0,2,0.0,42.62,1.09,2026-08-10,-,0,403.0
738,-15,Caveman90,-,1335.4,-1.91,1592.54,0.0,85.71,0.64,18,0.0,10,0.0,8,0.0,0,0.0,55.56,0.0,2026-03-16,-,0,-
-,-,arnbold,-,1335.2,-2.62,1523.02,0.0,62.61,0.87,66,0.0,38,0.0,28,0.0,0,0.0,57.58,0.0,2023-11-24,-,0,-
739,-15,Polldrake,-,1335.19,-1.73,1435.35,1.36,33.39,1.03,196,4.0,85,2.0,108,2.0,3,0.0,43.37,0.14,2026-08-06,-,0,485.0
740,-47,GregoryD,PL,1335.11,-11.96,1427.23,-8.18,30.71,1.26,578,6.0,242,1.0,334,5.0,2,0.0,41.87,-0.26,2026-07-11,P,2,522.0
-,-,Biadko,-,1334.6,-2.89,1510.57,0.0,58.66,0.96,126,0.0,65,0.0,60,0.0,1,0.0,51.59,0.0,2022-03-06,-,0,-
-,-,Cragheart,DK,1334.34,-2.61,1526.02,0.0,63.9,0.87,66,0.0,36,0.0,29,0.0,1,0.0,54.55,0.0,2023-04-16,-,0,-
741,-23,matst379,SE,1333.74,-5.25,1430.68,0.0,32.31,1.75,304,0.0,140,0.0,163,0.0,1,0.0,46.05,0.0,2026-03-12,-,0,438.0
742,-15,Purplegoo,-,1333.63,-2.18,1418.43,1.74,28.26,1.31,666,10.0,304,5.0,361,5.0,1,0.0,45.65,0.07,2026-07-28,-,0,389.0
-,-,CPC_CHAIRMAN,-,1333.54,-3.33,1489.69,0.0,52.05,1.11,102,0.0,46,0.0,55,0.0,1,0.0,45.1,0.0,2024-07-15,-,0,-
-,-,gustn_toh,-,1333.42,-2.83,1506.66,0.0,57.75,0.94,126,0.0,58,0.0,66,0.0,2,0.0,46.03,0.0,2022-02-22,G,2,-
-,-,Alexo,-,1333.37,-2.72,1514.52,0.0,60.38,0.91,60,0.0,32,0.0,27,0.0,1,0.0,53.33,0.0,2025-01-12,-,0,1181.0
743,-5,michasz,-,1333.11,2.57,1432.09,3.48,32.99,0.3,182,10.0,84,4.0,96,6.0,2,0.0,46.15,-0.36,2026-08-03,-,0,605.0
744,-13,chobodrone,-,1332.69,-2.1,1567.04,0.0,78.12,0.7,24,0.0,11,0.0,13,0.0,0,0.0,45.83,0.0,2026-05-12,-,0,-
745,-12,Satanislav,-,1332.49,-1.43,1675.63,0.0,114.38,0.48,12,0.0,7,0.0,5,0.0,0,0.0,58.33,0.0,2026-01-16,-,0,-
-,-,PiotrekB,-,1332.41,-3.29,1484.69,0.0,50.76,1.1,108,0.0,57,0.0,51,0.0,0,0.0,52.78,0.0,2025-01-12,-,0,1280.0
-,-,RabidRabbit,US,1332.39,-3.29,1489.83,0.0,52.48,1.1,164,0.0,92,0.0,71,0.0,1,0.0,56.1,0.0,2023-03-01,-,0,-
-,-,chen.,CN,1332.39,-2.14,1564.96,0.0,77.53,0.71,34,0.0,21,0.0,13,0.0,0,0.0,61.76,0.0,2025-02-02,-,0,720.0
-,-,Vascostamartins,-,1332.33,-2.76,1512.88,0.0,60.19,0.92,72,0.0,39,0.0,31,0.0,2,0.0,54.17,0.0,2023-09-03,-,0,-
746,-17,runningnemo,-,1332.07,-2.97,1501.63,0.0,56.52,0.99,60,0.0,31,0.0,29,0.0,0,0.0,51.67,0.0,2026-01-19,-,0,939.0
747,13,Colorado,-,1331.93,8.24,1452.43,10.34,40.17,0.7,210,4.0,76,2.0,133,2.0,1,0.0,36.19,0.27,2026-07-20,-,0,-
748,-26,giannisoad,IT,1331.72,-6.06,1423.1,-2.25,30.46,1.27,452,6.0,197,2.0,252,4.0,3,0.0,43.58,-0.14,2026-07-17,-,0,429.0
749,-38,Adrianobf,BR,1331.51,-8.92,1437.73,-7.0,35.41,0.64,306,6.0,136,2.0,169,4.0,1,0.0,44.44,-0.23,2026-07-17,-,0,514.0
-,-,wuzhecn,-,1331.31,-2.8,1507.82,0.0,58.84,0.93,108,0.0,54,0.0,52,0.0,2,0.0,50.0,0.0,2022-08-31,-,0,-
-,-,lulligator,-,1331.07,-1.56,1650.02,0.0,106.32,0.52,30,0.0,22,0.0,8,0.0,0,0.0,73.33,0.0,2020-06-28,-,0,-
-,-,madagelo,-,1331.06,-2.07,1567.91,0.0,78.95,0.69,36,0.0,17,0.0,19,0.0,0,0.0,47.22,0.0,2021-06-02,G,2,-
-,-,casual_umami,AT,1331.06,-2.35,1541.3,0.0,70.08,0.78,40,0.0,24,0.0,16,0.0,0,0.0,60.0,0.0,2023-12-03,-,0,-
750,461,Pigeonpostman,-,1330.75,328.06,1649.52,59.71,106.26,-89.45,14,10.0,11,8.0,3,2.0,0,0.0,78.57,3.57,2026-07-28,-,0,-
-,-,M.T,-,1330.67,-2.16,1557.63,0.0,75.65,0.72,32,0.0,20,0.0,12,0.0,0,0.0,62.5,0.0,2025-03-18,-,0,469.0
-,-,HeartBreakKid,US,1330.54,-2.95,1499.95,0.0,56.47,0.98,84,0.0,44,0.0,39,0.0,1,0.0,52.38,0.0,2024-07-01,-,0,-
-,-,DALUM,-,1330.3,-1.97,1579.65,0.0,83.12,0.66,36,0.0,22,0.0,14,0.0,0,0.0,61.11,0.0,2021-03-02,-,0,-
751,-4,aoe2champ,-,1330.26,3.89,1424.73,5.41,31.49,0.51,194,10.0,94,6.0,99,3.0,1,1.0,48.45,0.62,2026-08-03,-,0,690.0
-,-,danielusuga,-,1330.2,-2.11,1564.36,0.0,78.05,0.7,36,0.0,21,0.0,14,0.0,1,0.0,58.33,0.0,2024-04-04,-,0,-
752,59,lcesar34,-,1330.02,36.42,1542.91,14.33,70.96,-7.36,36,6.0,23,4.0,13,2.0,0,0.0,63.89,0.56,2026-07-27,-,0,-
753,-25,Taeveren,-,1329.88,-5.36,1425.86,0.0,31.99,1.79,208,0.0,92,0.0,115,0.0,1,0.0,44.23,0.0,2026-04-04,-,0,409.0
754,-22,kaeptnblaubaer,DE,1329.79,-4.5,1411.35,-0.58,27.18,1.31,570,10.0,242,4.0,326,6.0,2,0.0,42.46,-0.04,2026-07-27,-,0,358.0
755,-19,themightyboost,-,1329.77,-1.25,1720.13,0.0,130.12,0.42,12,0.0,9,0.0,2,0.0,1,0.0,75.0,0.0,2025-12-06,-,0,-
756,-22,skab12,-,1329.65,-2.8,1414.99,0.55,28.45,1.12,414,10.0,174,4.0,230,5.0,10,1.0,42.03,-0.05,2026-08-04,-,0,446.0
757,-27,mahawirasd,ID,1329.02,-5.88,1423.18,0.0,31.39,1.96,542,0.0,242,0.0,296,0.0,4,0.0,44.65,0.0,2026-01-05,-,0,435.0
-,-,skanadron,-,1328.96,-2.15,1558.01,0.0,76.35,0.72,42,0.0,22,0.0,20,0.0,0,0.0,52.38,0.0,2021-12-05,-,0,-
-,-,AxelG,-,1328.76,-2.27,1547.16,0.0,72.8,0.76,42,0.0,23,0.0,19,0.0,0,0.0,54.76,0.0,2022-12-04,-,0,-
-,-,Makt,-,1328.72,-1.48,1661.49,0.0,110.92,0.49,14,0.0,8,0.0,5,0.0,1,0.0,57.14,0.0,2025-03-21,-,0,872.0
-,-,hannes10001,-,1328.39,-2.71,1515.98,0.0,62.53,0.9,114,0.0,58,0.0,56,0.0,0,0.0,50.88,0.0,2021-08-21,-,0,-
758,-19,sausagesky,-,1327.87,-2.55,1521.9,0.0,64.68,0.85,46,0.0,21,0.0,25,0.0,0,0.0,45.65,0.0,2026-01-22,-,0,1067.0
-,-,Blackbolt53,-,1327.53,-1.64,1626.57,0.0,99.68,0.55,18,0.0,11,0.0,7,0.0,0,0.0,61.11,0.0,2024-04-04,-,0,-
759,-14,z0pfel,DE,1327.49,0.22,1435.4,-0.89,35.97,-0.37,136,10.0,63,4.0,71,5.0,2,1.0,46.32,-0.51,2026-07-31,-,0,709.0
760,unretired,bluestar,-,1327.28,50.87,1704.05,25.89,125.59,-8.33,14,2.0,9,2.0,4,0.0,1,0.0,64.29,5.96,2026-08-04,-,0,-
-,-,KachnickaxD,-,1327.27,-2.58,1523.24,0.0,65.32,0.86,78,0.0,43,0.0,35,0.0,0,0.0,55.13,0.0,2022-02-22,-,0,-
761,-20,mugumagu,-,1327.23,-2.26,1543.84,0.0,72.2,0.75,30,0.0,13,0.0,17,0.0,0,0.0,43.33,0.0,2026-01-17,-,0,805.0
762,-13,baggioka,HU,1327.17,1.16,1411.59,4.32,28.14,1.05,384,10.0,159,5.0,222,5.0,3,0.0,41.41,0.23,2026-08-06,-,0,420.0
-,-,GokuBC,PL,1327.13,-3.96,1454.0,0.0,42.29,1.32,224,0.0,114,0.0,110,0.0,0,0.0,50.89,0.0,2024-09-04,-,0,-
-,-,DrWhom,-,1327.02,-2.96,1495.7,0.0,56.23,0.99,102,0.0,52,0.0,50,0.0,0,0.0,50.98,0.0,2025-02-28,-,0,1178.0
-,-,Rychlik,CZ,1326.61,-2.35,1534.76,0.0,69.38,0.78,44,0.0,21,0.0,22,0.0,1,0.0,47.73,0.0,2024-04-04,-,0,-
-,-,Ockham,-,1326.56,-1.68,1617.91,0.0,97.12,0.56,18,0.0,12,0.0,6,0.0,0,0.0,66.67,0.0,2024-04-04,-,0,-
763,133,RougeEconomist,-,1326.44,68.63,1527.58,24.26,67.05,-14.79,32,10.0,17,6.0,15,4.0,0,0.0,53.12,3.12,2026-08-12,-,0,-
764,-21,IpaStian,NO,1325.9,-1.74,1430.2,-3.35,34.77,-0.54,164,12.0,69,5.0,93,7.0,2,0.0,42.07,-0.04,2026-08-03,-,0,487.0
-,-,uday,PL,1325.66,-3.36,1473.29,0.0,49.21,1.12,92,0.0,48,0.0,43,0.0,1,0.0,52.17,0.0,2025-03-15,-,0,872.0
-,-,Talbatross,-,1325.59,-3.87,1457.76,0.0,44.06,1.29,246,0.0,119,0.0,125,0.0,2,0.0,48.37,0.0,2024-05-26,-,0,-
-,-,Onlineguy,-,1325.45,-2.13,1562.72,0.0,79.09,0.71,36,0.0,23,0.0,12,0.0,1,0.0,63.89,0.0,2024-04-04,-,0,-
-,-,Bullya,-,1325.31,-3.46,1470.09,0.0,48.26,1.15,218,0.0,108,0.0,108,0.0,2,0.0,49.54,0.0,2023-06-04,-,0,-
765,146,jdtyler7,US,1324.95,74.44,1521.6,37.98,65.55,-12.15,34,10.0,21,6.0,13,4.0,0,0.0,61.76,-0.74,2026-08-03,-,0,-
-,-,272194996,-,1324.77,-2.31,1539.84,0.0,71.69,0.77,54,0.0,30,0.0,24,0.0,0,0.0,55.56,0.0,2021-12-05,-,0,-
766,-20,zackg,US,1324.74,-2.29,1435.4,-0.97,36.88,0.44,186,6.0,87,2.0,97,3.0,2,1.0,46.77,-0.45,2026-07-13,-,0,466.0
767,-19,Sale,-,1324.61,-1.67,1618.33,0.0,97.91,0.56,18,0.0,10,0.0,8,0.0,0,0.0,55.56,0.0,2026-03-20,-,0,-
768,-17,T.KAZ3-1,-,1323.47,-2.37,1531.51,0.0,69.35,0.79,44,0.0,30,0.0,14,0.0,0,0.0,68.18,0.0,2026-01-11,-,0,-
769,-48,Alfonsillo,-,1323.32,-14.79,1444.63,-14.76,40.44,0.01,114,6.0,50,0.0,64,6.0,0,0.0,43.86,-2.44,2026-06-25,-,0,1067.0
770,-15,AdumbusPrime,CA,1322.59,-2.26,1540.35,0.0,72.59,0.75,30,0.0,14,0.0,16,0.0,0,0.0,46.67,0.0,2026-02-03,-,0,527.0
-,-,3soteric,-,1322.39,-1.64,1620.31,0.0,99.3,0.55,24,0.0,17,0.0,7,0.0,0,0.0,70.83,0.0,2021-05-26,-,0,-
771,-13,ZesPak,-,1322.12,-2.21,1543.88,0.0,73.92,0.74,30,0.0,16,0.0,14,0.0,0,0.0,53.33,0.0,2026-01-27,-,0,939.0
-,-,Kirill,-,1322.11,-2.41,1528.62,0.0,68.83,0.8,54,0.0,31,0.0,23,0.0,0,0.0,57.41,0.0,2022-03-06,-,0,-
-,-,itsPG,-,1321.24,-4.14,1442.05,0.0,40.27,1.38,378,0.0,174,0.0,200,0.0,4,0.0,46.03,0.0,2025-01-27,-,0,1067.0
772,-18,Metil,-,1321.18,-3.93,1448.53,0.0,42.45,1.31,176,0.0,80,0.0,96,0.0,0,0.0,45.45,0.0,2026-03-17,-,0,939.0
-,-,Sweaty-Pie,-,1320.89,-3.24,1473.93,0.0,51.01,1.08,252,0.0,104,0.0,144,0.0,4,0.0,41.27,0.0,2022-12-04,G,2,-
-,-,thenobleknave,-,1320.47,-1.05,1786.51,0.0,155.35,0.35,6,0.0,5,0.0,1,0.0,0,0.0,83.33,0.0,2020-06-28,G,2,-
-,-,Megatron,GB,1320.38,-3.8,1451.04,0.0,43.55,1.27,242,0.0,118,0.0,124,0.0,0,0.0,48.76,0.0,2025-08-31,-,0,1262.0
773,-14,Spriteule,DE,1320.38,-3.41,1466.87,0.0,48.83,1.14,104,0.0,54,0.0,47,0.0,3,0.0,51.92,0.0,2026-01-27,-,0,872.0
774,-22,methak,FR,1320.36,-4.81,1424.46,0.0,34.7,1.6,212,0.0,91,0.0,121,0.0,0,0.0,42.92,0.0,2026-03-22,-,0,622.0
775,-13,micropip,-,1320.1,-3.29,1402.29,0.53,27.39,1.27,618,10.0,258,4.0,353,6.0,7,0.0,41.75,-0.03,2026-07-25,-,0,555.0
776,-34,Paoloco,-,1319.8,-9.46,1414.23,-6.14,31.48,1.11,486,6.0,216,3.0,269,3.0,1,0.0,44.44,0.06,2026-07-13,G,2,552.0
777,-16,kngoswg,-,1319.79,-3.72,1453.18,0.0,44.46,1.24,84,0.0,39,0.0,45,0.0,0,0.0,46.43,0.0,2026-05-26,-,0,780.0
778,-7,Ulyssess,IT,1319.67,2.52,1411.0,6.05,30.44,1.18,398,6.0,167,4.0,229,2.0,2,0.0,41.96,0.38,2026-07-10,-,0,491.0
779,-16,TheYoungDutch,US,1319.45,-3.73,1453.61,0.0,44.72,1.24,108,0.0,54,0.0,53,0.0,1,0.0,50.0,0.0,2026-03-22,-,0,640.0
-,-,kaiwanxiaola,TW,1319.26,-2.08,1555.41,0.0,78.72,0.69,32,0.0,14,0.0,17,0.0,1,0.0,43.75,0.0,2023-04-16,-,0,-
-,-,toadstool,-,1318.6,-2.18,1549.3,0.0,76.9,0.73,36,0.0,22,0.0,14,0.0,0,0.0,61.11,0.0,2023-04-16,-,0,-
780,-24,oleKanin,NO,1318.48,-5.9,1411.34,-1.89,30.95,1.34,338,4.0,148,2.0,189,2.0,1,0.0,43.79,0.08,2026-07-28,-,0,469.0
781,-16,DerIch86,-,1318.4,-2.62,1505.86,0.0,62.49,0.87,44,0.0,24,0.0,20,0.0,0,0.0,54.55,0.0,2026-02-28,-,0,872.0
-,-,gaitimes,-,1318.37,-1.39,1670.73,0.0,117.45,0.46,18,0.0,16,0.0,2,0.0,0,0.0,88.89,0.0,2024-09-15,-,0,783.0
-,-,Cahir,-,1318.02,-1.35,1679.79,0.0,120.59,0.45,12,0.0,11,0.0,1,0.0,0,0.0,91.67,0.0,2022-02-22,-,0,-
-,-,jmw,-,1317.76,-3.44,1459.8,0.0,47.35,1.15,132,0.0,62,0.0,68,0.0,2,0.0,46.97,0.0,2024-06-02,-,0,-
-,-,Birnenschorsch,-,1317.72,-1.9,1576.51,0.0,86.26,0.63,24,0.0,12,0.0,12,0.0,0,0.0,50.0,0.0,2024-07-01,-,0,-
782,new,ecec,-,1317.33,867.33,1673.75,173.75,118.81,118.81,10,10.0,8,8.0,2,2.0,0,0.0,80.0,80.0,2026-07-25,-,0,-
783,-19,sodalppargkppakee,-,1317.33,-4.05,1439.19,0.0,40.62,1.35,118,0.0,56,0.0,62,0.0,0,0.0,47.46,0.0,2026-05-31,-,0,422.0
-,-,gpeter63,-,1316.97,-3.5,1458.6,0.0,47.21,1.17,182,0.0,96,0.0,86,0.0,0,0.0,52.75,0.0,2024-06-02,-,0,-
784,-15,Puren94,-,1316.66,-2.16,1543.53,0.0,75.62,0.72,32,0.0,18,0.0,14,0.0,0,0.0,56.25,0.0,2026-03-29,-,0,1287.0
-,-,Claudacia,-,1316.34,-1.78,1592.01,0.0,91.89,0.59,24,0.0,14,0.0,10,0.0,0,0.0,58.33,0.0,2021-02-21,-,0,-
785,-15,Froggy42,DE,1316.26,-1.97,1406.09,0.61,29.94,0.86,378,10.0,170,6.0,203,3.0,5,1.0,44.97,0.4,2026-07-25,-,0,527.0
786,23,Impr,-,1315.58,21.29,1467.9,15.64,50.78,-1.89,66,6.0,33,4.0,32,2.0,1,0.0,50.0,1.67,2026-07-14,-,0,1381.0
-,-,nuvolaz,-,1315.22,-3.96,1474.61,0.0,53.13,1.32,210,0.0,105,0.0,105,0.0,0,0.0,50.0,0.0,2023-12-03,-,0,-
-,-,Corrsarz,-,1314.79,-0.87,1879.99,0.0,188.4,0.29,6,0.0,6,0.0,0,0.0,0,0.0,100.0,0.0,2020-06-21,-,0,-
-,-,PatLes5Couronnes,-,1314.78,-1.77,1600.88,0.0,95.37,0.59,42,0.0,15,0.0,26,0.0,1,0.0,35.71,0.0,2025-04-26,-,0,578.0
-,-,DeineMudda,-,1314.72,-1.41,1662.45,0.0,115.91,0.47,12,0.0,7,0.0,5,0.0,0,0.0,58.33,0.0,2023-03-01,-,0,-
787,-21,Francesco1812,IT,1314.61,-5.23,1396.74,-1.2,27.38,1.34,546,10.0,237,4.0,302,6.0,7,0.0,43.41,-0.06,2026-07-27,-,0,509.0
788,-48,Chris10,DE,1314.57,-15.83,1421.94,-14.36,35.79,0.49,140,6.0,66,1.0,74,5.0,0,0.0,47.14,-1.37,2026-07-14,-,0,473.0
789,-17,FollowerOfCicero,-,1314.14,-1.52,1639.49,0.0,108.45,0.51,14,0.0,8,0.0,6,0.0,0,0.0,57.14,0.0,2026-03-29,-,0,-
-,-,Royalhawk,-,1313.52,-2.24,1533.48,0.0,73.32,0.75,34,0.0,16,0.0,18,0.0,0,0.0,47.06,0.0,2025-03-24,-,0,872.0
-,-,Andregby,-,1313.04,-1.48,1644.12,0.0,110.36,0.49,18,0.0,14,0.0,3,0.0,1,0.0,77.78,0.0,2021-06-02,-,0,-
-,-,joofajnvyber,-,1313.03,-2.72,1496.54,0.0,61.17,0.91,102,0.0,51,0.0,51,0.0,0,0.0,50.0,0.0,2021-12-05,-,0,-
-,-,legendeman,-,1312.21,-1.38,1666.78,0.0,118.19,0.46,12,0.0,11,0.0,1,0.0,0,0.0,91.67,0.0,2022-02-27,-,0,-
790,-13,SirDaan,-,1312.17,-1.58,1622.17,0.0,103.33,0.53,14,0.0,9,0.0,5,0.0,0,0.0,64.29,0.0,2026-03-13,-,0,-
-,-,danodan,-,1312.07,-2.51,1507.11,0.0,65.02,0.84,90,0.0,52,0.0,38,0.0,0,0.0,57.78,0.0,2021-09-05,-,0,-
791,-13,A-Raw,-,1311.53,-2.17,1539.21,0.0,75.9,0.72,30,0.0,14,0.0,15,0.0,1,0.0,46.67,0.0,2026-03-19,-,0,989.0
792,-19,Clue72,-,1311.39,-3.59,1455.73,0.0,48.11,1.2,100,0.0,46,0.0,53,0.0,1,0.0,46.0,0.0,2025-11-29,-,0,1421.0
793,-13,yourdearbrother,-,1311.31,-1.78,1587.81,0.0,92.17,0.59,18,0.0,10,0.0,8,0.0,0,0.0,55.56,0.0,2026-03-18,-,0,-
794,new,dfarhi,-,1311.14,861.14,1715.68,215.68,134.85,134.85,6,6.0,5,5.0,1,1.0,0,0.0,83.33,83.33,2026-07-08,-,0,-
-,-,Serenicus,-,1310.88,-1.63,1611.54,0.0,100.22,0.54,18,0.0,10,0.0,7,0.0,1,0.0,55.56,0.0,2025-03-22,-,0,872.0
-,-,Isaca10,-,1309.79,-2.78,1487.46,0.0,59.22,0.93,84,0.0,46,0.0,38,0.0,0,0.0,54.76,0.0,2023-11-18,-,0,-
795,-13,Keyadoria,-,1309.71,-1.94,1566.3,0.0,85.53,0.65,24,0.0,14,0.0,10,0.0,0,0.0,58.33,0.0,2026-01-22,-,0,1067.0
796,-43,Jochabeth,-,1309.66,-15.5,1439.62,-16.57,43.32,-0.36,104,6.0,43,0.0,60,6.0,1,0.0,41.35,-2.53,2026-07-09,-,0,452.0
-,-,grantfive,-,1308.98,-2.12,1540.0,0.0,77.01,0.71,36,0.0,21,0.0,14,0.0,1,0.0,58.33,0.0,2022-03-06,-,0,-
797,-18,Aardwolf44,-,1308.87,-4.39,1424.76,0.0,38.63,1.46,356,0.0,135,0.0,218,0.0,3,0.0,37.92,0.0,2026-03-14,G,2,989.0
-,-,-BARBAR-,-,1308.54,-1.09,1756.39,0.0,149.28,0.36,6,0.0,5,0.0,0,0.0,1,0.0,83.33,0.0,2023-01-15,-,0,-
798,-17,Cyrus_j2s,-,1308.44,-3.5,1449.79,0.0,47.12,1.17,110,0.0,55,0.0,55,0.0,0,0.0,50.0,0.0,2026-01-24,-,0,872.0
799,-25,Dvd75,IT,1308.19,-6.36,1397.11,-3.58,29.64,0.93,474,10.0,209,5.0,263,5.0,2,0.0,44.09,0.12,2026-07-30,-,0,609.0
-,-,Melingsguten,-,1308.11,-2.15,1536.28,0.0,76.06,0.72,32,0.0,19,0.0,13,0.0,0,0.0,59.38,0.0,2024-04-04,-,0,1287.0
800,-33,vito,-,1307.97,-11.81,1536.53,-48.18,76.19,-12.12,26,6.0,12,2.0,14,4.0,0,0.0,46.15,-3.85,2026-07-11,-,0,-
-,-,Intriguing,-,1307.69,-1.95,1560.47,0.0,84.26,0.65,42,0.0,25,0.0,17,0.0,0,0.0,59.52,0.0,2021-03-02,-,0,-
-,-,Dooglassa,-,1307.31,-1.83,1575.0,0.0,89.23,0.61,22,0.0,9,0.0,13,0.0,0,0.0,40.91,0.0,2024-07-15,-,0,-
-,-,KristianMedK,-,1307.3,-2.58,1500.16,0.0,64.29,0.86,90,0.0,51,0.0,37,0.0,2,0.0,56.67,0.0,2021-09-05,-,0,-
-,-,eLGi,-,1307.09,-1.8,1579.22,0.0,90.71,0.6,24,0.0,14,0.0,10,0.0,0,0.0,58.33,0.0,2022-03-06,-,0,-
801,-12,TTTTTT,-,1306.54,-1.91,1562.97,0.0,85.48,0.64,18,0.0,9,0.0,9,0.0,0,0.0,50.0,0.0,2026-03-19,-,0,-
-,-,5calpel,GB,1306.16,-3.35,1453.09,0.0,48.98,1.12,134,0.0,69,0.0,63,0.0,2,0.0,51.49,0.0,2024-06-02,-,0,-
802,-12,fridaK,-,1306.14,-2.14,1535.5,0.0,76.45,0.71,30,0.0,16,0.0,14,0.0,0,0.0,53.33,0.0,2026-01-25,-,0,939.0
-,-,Epikoros,-,1305.81,-1.51,1631.27,0.0,108.49,0.5,18,0.0,8,0.0,8,0.0,2,0.0,44.44,0.0,2023-04-16,-,0,-
-,-,JBloodski,-,1305.6,-1.47,1639.66,0.0,111.35,0.49,12,0.0,8,0.0,4,0.0,0,0.0,66.67,0.0,2025-01-22,-,0,939.0
803,-11,GetGot,-,1305.58,-1.51,1629.29,0.0,107.9,0.5,12,0.0,8,0.0,4,0.0,0,0.0,66.67,0.0,2026-01-28,-,0,-
-,-,superginger,-,1305.18,-2.81,1480.85,0.0,58.55,0.94,88,0.0,43,0.0,45,0.0,0,0.0,48.86,0.0,2023-03-05,-,0,-
804,-13,Maharaj_JD,-,1304.78,-3.35,1452.3,0.0,49.17,1.12,90,0.0,39,0.0,51,0.0,0,0.0,43.33,0.0,2026-03-14,-,0,271.0
-,-,Jerome_Eiffel,-,1304.72,-2.34,1514.42,0.0,69.9,0.78,42,0.0,24,0.0,17,0.0,1,0.0,57.14,0.0,2023-11-29,-,0,-
-,-,Steak,-,1304.5,-1.6,1610.05,0.0,101.85,0.53,18,0.0,13,0.0,5,0.0,0,0.0,72.22,0.0,2023-12-03,-,0,-
805,-11,razorsedger,-,1304.42,-2.16,1531.05,0.0,75.54,0.72,30,0.0,17,0.0,12,0.0,1,0.0,56.67,0.0,2026-01-27,-,0,939.0
806,-13,Oleksandr,UA,1304.17,-2.85,1478.87,0.0,58.23,0.95,54,0.0,24,0.0,30,0.0,0,0.0,44.44,0.0,2026-03-15,-,0,337.0
807,-39,Cristiancordeu,AR,1303.69,-15.25,1400.63,-11.39,32.31,1.29,342,4.0,144,0.0,192,4.0,6,0.0,42.11,-0.49,2026-07-28,-,0,496.0
-,-,PostupRed,-,1303.57,-2.69,1493.35,0.0,63.26,0.9,102,0.0,43,0.0,58,0.0,1,0.0,42.16,0.0,2021-11-24,-,0,-
-,-,Psynergist,-,1303.43,-1.28,1690.53,0.0,129.03,0.43,14,0.0,8,0.0,6,0.0,0,0.0,57.14,0.0,2024-04-04,-,0,-
-,-,Grandnewby,-,1303.31,-2.32,1514.6,0.0,70.43,0.77,36,0.0,23,0.0,12,0.0,1,0.0,63.89,0.0,2025-04-22,-,0,849.0
808,-11,Pieroz88,-,1303.09,-2.19,1527.99,0.0,74.97,0.73,32,0.0,16,0.0,16,0.0,0,0.0,50.0,0.0,2026-03-21,-,0,296.0
-,-,satur,-,1303.05,-1.49,1632.26,0.0,109.74,0.5,12,0.0,6,0.0,6,0.0,0,0.0,50.0,0.0,2024-04-04,-,0,-
-,-,Vandal,-,1302.96,-2.16,1530.38,0.0,75.81,0.72,36,0.0,14,0.0,22,0.0,0,0.0,38.89,0.0,2024-07-01,-,0,-
-,-,InquisitorEisenhorn,US,1302.93,-2.55,1497.79,0.0,64.95,0.85,60,0.0,36,0.0,24,0.0,0,0.0,60.0,0.0,2022-12-04,-,0,-
809,-13,Covid_19,-,1302.79,-2.62,1490.53,0.0,62.58,0.87,42,0.0,21,0.0,21,0.0,0,0.0,50.0,0.0,2026-03-15,-,0,-
-,-,Pika07,-,1302.74,-2.18,1527.37,0.0,74.88,0.73,30,0.0,16,0.0,14,0.0,0,0.0,53.33,0.0,2025-03-20,-,0,872.0
810,-15,rrobby,IT,1302.38,-3.3,1455.74,0.0,51.12,1.1,64,0.0,28,0.0,35,0.0,1,0.0,43.75,0.0,2026-05-30,-,0,1287.0
811,unretired,CrystalPete420,-,1302.16,25.28,1492.05,9.43,63.3,-5.28,60,6.0,28,3.0,31,3.0,1,0.0,46.67,0.37,2026-07-16,-,0,989.0
812,-68,gulper,-,1301.96,-25.36,1424.81,-25.67,40.95,-0.11,132,6.0,64,0.0,67,6.0,1,0.0,48.48,-2.31,2026-07-11,-,0,645.0
813,unretired,Tukhachevsky,-,1301.93,49.18,1500.3,28.8,66.12,-6.79,36,6.0,21,4.0,14,2.0,1,0.0,58.33,1.66,2026-07-19,-,0,-
-,-,Mulkabu,-,1301.78,-1.48,1632.88,0.0,110.37,0.49,18,0.0,10,0.0,6,0.0,2,0.0,55.56,0.0,2020-09-06,G,2,-
-,-,Fblthp,-,1301.57,-2.25,1519.16,0.0,72.53,0.75,42,0.0,26,0.0,16,0.0,0,0.0,61.9,0.0,2023-03-01,-,0,-
814,-28,Pulpecja,PL,1301.45,-7.82,1385.73,-4.07,28.1,1.25,384,10.0,161,3.0,220,7.0,3,0.0,41.93,-0.32,2026-08-01,-,0,488.0
815,-14,shiro0405,JP,1300.85,-3.08,1462.49,0.0,53.88,1.03,66,0.0,28,0.0,38,0.0,0,0.0,42.42,0.0,2026-01-27,-,0,939.0
816,-17,Hashlerka,-,1300.8,-4.13,1422.39,0.0,40.53,1.38,122,0.0,53,0.0,68,0.0,1,0.0,43.44,0.0,2026-05-31,-,0,653.0
817,-14,ClaudiusMaurelius,-,1300.79,-1.82,1570.5,0.0,89.9,0.61,18,0.0,8,0.0,9,0.0,1,0.0,44.44,0.0,2026-03-21,-,0,-
818,new,BobChiringuito,-,1300.41,850.41,1702.6,202.6,134.06,134.06,6,6.0,5,5.0,1,1.0,0,0.0,83.33,83.33,2026-08-02,-,0,-
819,-15,NoelFerrer,-,1300.36,-1.82,1570.26,0.0,89.97,0.61,18,0.0,9,0.0,9,0.0,0,0.0,50.0,0.0,2026-03-23,-,0,-
-,-,Olivyon,-,1300.12,-1.34,1666.36,0.0,122.08,0.45,18,0.0,13,0.0,5,0.0,0,0.0,72.22,0.0,2020-09-13,-,0,-
-,-,Eyswein,US,1299.97,-2.84,1472.79,0.0,57.61,0.95,60,0.0,29,0.0,31,0.0,0,0.0,48.33,0.0,2025-02-16,-,0,-
820,-20,etJake,US,1299.88,-4.98,1403.67,0.0,34.6,1.66,276,0.0,115,0.0,158,0.0,3,0.0,41.67,0.0,2026-05-31,-,0,578.0
-,-,NateH,-,1299.87,-2.02,1542.23,0.0,80.79,0.67,24,0.0,11,0.0,13,0.0,0,0.0,45.83,0.0,2025-04-28,-,0,729.0
821,-23,akira215,US,1299.71,-5.54,1390.46,0.0,30.25,1.85,512,0.0,222,0.0,287,0.0,3,0.0,43.36,0.0,2026-05-31,-,0,457.0
822,-47,javimb89,ES,1299.36,-14.87,1382.59,-10.63,27.74,1.41,414,10.0,177,1.0,236,9.0,1,0.0,42.75,-0.81,2026-08-04,-,0,446.0
-,-,Reallaurin,-,1299.3,-1.57,1612.41,0.0,104.37,0.52,18,0.0,13,0.0,3,0.0,2,0.0,72.22,0.0,2021-06-02,-,0,-
-,-,jazzbaek,-,1299.24,-1.37,1656.25,0.0,119.0,0.46,12,0.0,8,0.0,4,0.0,0,0.0,66.67,0.0,2021-03-02,-,0,-
-,-,Aksan,-,1299.16,-1.96,1549.32,0.0,83.39,0.65,24,0.0,14,0.0,9,0.0,1,0.0,58.33,0.0,2023-12-03,-,0,-
-,-,FLOW_OF_C_H,-,1298.84,-1.17,1717.8,0.0,139.66,0.39,8,0.0,6,0.0,2,0.0,0,0.0,75.0,0.0,2024-02-23,-,0,-
-,-,Bluebird503,-,1298.58,-2.87,1469.37,0.0,56.93,0.96,86,0.0,43,0.0,43,0.0,0,0.0,50.0,0.0,2023-03-01,-,0,-
-,-,thelittlejim,-,1298.53,-3.27,1454.11,0.0,51.86,1.09,108,0.0,53,0.0,54,0.0,1,0.0,49.07,0.0,2024-03-17,-,0,-
-,-,Luedegast,-,1298.34,-1.67,1591.88,0.0,97.85,0.56,18,0.0,11,0.0,7,0.0,0,0.0,61.11,0.0,2024-04-04,-,0,-
823,-40,KTown,-,1298.33,-11.99,1391.5,-7.83,31.06,1.39,354,4.0,148,1.0,204,3.0,2,0.0,41.81,-0.19,2026-07-30,-,0,589.0
824,51,Izayoi,-,1298.12,34.19,1502.53,12.96,68.14,-7.08,30,6.0,16,3.0,14,3.0,0,0.0,53.33,-0.84,2026-07-13,-,0,-
-,-,DVDripXvid,-,1297.26,-1.83,1565.09,0.0,89.27,0.61,18,0.0,11,0.0,7,0.0,0,0.0,61.11,0.0,2025-03-10,-,0,729.0
-,-,Dedengkot,-,1297.13,-2.89,1468.19,0.0,57.02,0.96,114,0.0,56,0.0,57,0.0,1,0.0,49.12,0.0,2023-12-03,-,0,-
-,-,osterangen,-,1297.08,-3.49,1441.05,0.0,47.99,1.16,234,0.0,111,0.0,119,0.0,4,0.0,47.44,0.0,2023-07-15,-,0,-
-,-,arixe,-,1296.88,-2.37,1507.65,0.0,70.26,0.79,72,0.0,39,0.0,32,0.0,1,0.0,54.17,0.0,2021-08-18,-,0,-
825,-19,LudoH,-,1296.13,-2.09,1530.86,0.0,78.24,0.7,26,0.0,12,0.0,13,0.0,1,0.0,46.15,0.0,2026-01-27,-,0,872.0
826,-3,Garban7,-,1295.42,7.98,1394.43,8.62,33.0,0.22,322,10.0,134,7.0,186,3.0,2,0.0,41.61,0.9,2026-08-07,-,0,541.0
827,-131,Akametsu,-,1295.32,-50.12,1525.61,-54.87,76.76,-1.59,26,2.0,18,0.0,8,2.0,0,0.0,69.23,-5.77,2026-06-23,-,0,-
828,-41,saiggo16,ES,1295.25,-13.98,1410.93,-11.88,38.56,0.7,258,4.0,105,0.0,152,4.0,1,0.0,40.7,-0.64,2026-07-31,-,0,-
-,-,deleted_user_9880390,-,1294.52,-2.77,1472.05,0.0,59.18,0.92,66,0.0,36,0.0,30,0.0,0,0.0,54.55,0.0,2024-05-24,-,0,-
829,-3,verbalg,-,1294.46,7.89,1413.73,8.93,39.76,0.35,104,4.0,46,3.0,58,1.0,0,0.0,44.23,1.23,2026-07-28,-,0,720.0
-,-,Martin2021,-,1294.36,-2.57,1488.45,0.0,64.69,0.86,50,0.0,27,0.0,23,0.0,0,0.0,54.0,0.0,2025-07-25,-,0,753.0
-,-,wep,-,1294.21,-2.21,1517.17,0.0,74.32,0.74,48,0.0,21,0.0,27,0.0,0,0.0,43.75,0.0,2020-08-12,P,2,-
830,-18,albinsix,FR,1294.08,0.56,1379.46,4.18,28.46,1.21,708,10.0,301,5.0,403,5.0,4,0.0,42.51,0.1,2026-08-02,-,0,517.0
831,-24,KubikD,-,1293.7,-2.65,1480.4,0.0,62.23,0.88,48,0.0,24,0.0,24,0.0,0,0.0,50.0,0.0,2026-01-20,-,0,529.0
832,-22,Rubberchicken,AU,1293.02,-1.13,1726.3,0.0,144.43,0.38,8,0.0,8,0.0,0,0.0,0,0.0,100.0,0.0,2026-01-02,-,0,-
-,-,TBC,-,1292.77,-1.54,1611.03,0.0,106.08,0.51,18,0.0,12,0.0,6,0.0,0,0.0,66.67,0.0,2024-04-04,-,0,-
-,-,jratana1,-,1292.39,-1.31,1667.19,0.0,124.94,0.44,12,0.0,9,0.0,3,0.0,0,0.0,75.0,0.0,2024-04-04,-,0,-
833,-11,Dumnac,FR,1292.25,4.68,1381.24,7.57,29.66,0.96,284,10.0,125,5.0,156,5.0,3,0.0,44.01,0.21,2026-08-05,-,0,611.0
834,-26,Gurhuntar,-,1292.15,-2.77,1469.82,0.0,59.22,0.92,50,0.0,24,0.0,25,0.0,1,0.0,48.0,0.0,2026-03-19,-,0,872.0
-,-,Joalm,-,1292.09,-2.79,1471.38,0.0,59.76,0.93,96,0.0,47,0.0,49,0.0,0,0.0,48.96,0.0,2022-09-04,-,0,-
-,-,Arccos,GR,1291.94,-3.88,1444.06,0.0,50.71,1.29,278,0.0,123,0.0,154,0.0,1,0.0,44.24,0.0,2023-05-25,P,4,-
-,-,Bahul,-,1291.64,-1.63,1593.03,0.0,100.46,0.54,18,0.0,12,0.0,6,0.0,0,0.0,66.67,0.0,2024-04-04,-,0,-
-,-,wirymen,PL,1291.09,-3.65,1428.77,0.0,45.9,1.22,166,0.0,78,0.0,87,0.0,1,0.0,46.99,0.0,2024-07-01,-,0,-
-,-,carygug,-,1290.88,-2.01,1534.98,0.0,81.37,0.67,30,0.0,14,0.0,16,0.0,0,0.0,46.67,0.0,2022-03-06,-,0,-
-,-,Schallers3000,DE,1290.73,-4.54,1415.22,0.0,41.5,1.51,426,0.0,183,0.0,238,0.0,5,0.0,42.96,0.0,2024-10-01,G,4,-
-,-,TERMINATORDESTROYER,-,1290.71,-0.99,1785.35,0.0,164.88,0.33,6,0.0,5,0.0,0,0.0,1,0.0,83.33,0.0,2020-09-06,-,0,-
-,-,lleviadon,-,1290.36,-2.25,1509.13,0.0,72.92,0.75,54,0.0,26,0.0,28,0.0,0,0.0,48.15,0.0,2021-06-02,G,6,-
835,-33,Rob13,BR,1290.17,-13.61,1392.05,-13.13,33.96,0.16,150,10.0,61,2.0,87,8.0,2,0.0,40.67,-1.47,2026-07-31,-,0,598.0
-,-,fli_pao,-,1289.62,-3.84,1418.82,0.0,43.07,1.28,186,0.0,87,0.0,98,0.0,1,0.0,46.77,0.0,2025-02-28,-,0,716.0
836,-12,Jolli,-,1289.59,2.39,1385.23,5.6,31.88,1.07,256,6.0,105,3.0,147,3.0,4,0.0,41.02,0.22,2026-07-14,-,0,500.0
-,-,dickhui,-,1289.41,-1.23,1685.92,0.0,132.17,0.41,12,0.0,10,0.0,2,0.0,0,0.0,83.33,0.0,2021-03-02,-,0,-
837,-23,mowangfeng,-,1289.37,-1.86,1553.49,0.0,88.04,0.62,20,0.0,11,0.0,8,0.0,1,0.0,55.0,0.0,2026-03-21,-,0,1375.0
-,-,Philihp,-,1289.06,-1.97,1540.31,0.0,83.75,0.66,42,0.0,25,0.0,16,0.0,1,0.0,59.52,0.0,2021-12-05,-,0,-
-,-,Slavica,HR,1288.95,-2.82,1464.36,0.0,58.47,0.94,64,0.0,29,0.0,35,0.0,0,0.0,45.31,0.0,2025-03-09,-,0,595.0
838,17,jmcj,-,1288.89,17.13,1425.52,8.7,45.54,-2.81,80,10.0,36,5.0,44,5.0,0,0.0,45.0,0.71,2026-07-31,-,0,1258.0
-,-,stanel,RO,1288.72,-3.53,1442.2,0.0,51.16,1.18,310,0.0,129,0.0,181,0.0,0,0.0,41.61,0.0,2023-02-28,G,4,-
-,-,StudyCZ,-,1287.36,-2.53,1481.89,0.0,64.84,0.84,102,0.0,49,0.0,53,0.0,0,0.0,48.04,0.0,2021-05-30,-,0,-
839,-24,Buiz,DK,1287.18,-3.88,1415.02,0.0,42.62,1.29,172,0.0,81,0.0,91,0.0,0,0.0,47.09,0.0,2026-01-25,-,0,788.0
840,-20,Chenese,-,1286.25,-2.21,1508.46,0.0,74.07,0.74,30,0.0,14,0.0,15,0.0,1,0.0,46.67,0.0,2026-03-18,-,0,1118.0
-,-,Brecker,-,1286.15,-2.79,1464.05,0.0,59.3,0.93,108,0.0,51,0.0,56,0.0,1,0.0,47.22,0.0,2022-08-29,-,0,-
841,-24,Rick80,-,1286.04,-3.19,1377.9,1.01,30.62,1.4,434,4.0,185,2.0,247,2.0,2,0.0,42.63,0.07,2026-08-04,-,0,618.0
-,-,grace,-,1285.87,-2.27,1502.65,0.0,72.26,0.76,36,0.0,21,0.0,15,0.0,0,0.0,58.33,0.0,2025-07-15,-,0,1172.0
-,-,peracottari,-,1285.67,-3.47,1436.43,0.0,50.25,1.16,282,0.0,112,0.0,167,0.0,3,0.0,39.72,0.0,2023-02-18,-,0,-
842,-21,J-Dawg,-,1285.58,-2.34,1496.67,0.0,70.36,0.78,32,0.0,15,0.0,17,0.0,0,0.0,46.88,0.0,2026-03-23,-,0,805.0
-,-,Sotinche,-,1285.51,-3.15,1440.34,0.0,51.61,1.05,156,0.0,71,0.0,83,0.0,2,0.0,45.51,0.0,2023-02-28,-,0,-
-,-,Ryk_Longspear,-,1285.02,-1.85,1549.37,0.0,88.12,0.62,24,0.0,14,0.0,10,0.0,0,0.0,58.33,0.0,2022-03-06,-,0,-
843,-38,abobey,ES,1285.01,-16.83,1368.45,-12.96,27.81,1.29,642,10.0,271,0.0,364,10.0,7,0.0,42.21,-0.67,2026-08-03,-,0,534.0
-,-,LaDfBC,-,1284.98,-1.88,1545.26,0.0,86.76,0.63,24,0.0,14,0.0,10,0.0,0,0.0,58.33,0.0,2025-05-06,-,0,729.0
844,unretired,oldmutant,-,1284.46,10.23,1427.94,5.6,47.83,-1.54,202,6.0,96,4.0,106,2.0,0,0.0,47.52,0.58,2026-07-17,-,0,-
845,-29,Chriiiss,FR,1284.0,-7.02,1376.59,-3.48,30.86,1.18,452,6.0,187,2.0,261,4.0,4,0.0,41.37,-0.11,2026-07-24,-,0,445.0
-,-,ZacDeMundo,CA,1283.72,-3.44,1427.31,0.0,47.86,1.15,132,0.0,63,0.0,68,0.0,1,0.0,47.73,0.0,2024-09-15,-,0,-
-,-,Abby1991,-,1283.19,-2.15,1511.37,0.0,76.06,0.72,36,0.0,18,0.0,18,0.0,0,0.0,50.0,0.0,2022-05-29,-,0,-
846,-21,Schedar,-,1282.69,-4.43,1399.07,0.0,38.79,1.48,236,0.0,106,0.0,128,0.0,2,0.0,44.92,0.0,2026-03-16,-,0,836.0
847,-34,Wiktor,-,1282.51,-9.56,1384.3,-9.35,33.93,0.07,190,10.0,82,4.0,108,6.0,0,0.0,43.16,-0.17,2026-08-10,-,0,414.0
848,-21,tue2k,-,1282.1,-1.87,1544.91,0.0,87.61,0.62,18,0.0,9,0.0,9,0.0,0,0.0,50.0,0.0,2026-03-18,-,0,-
849,-30,Michcio,-,1281.22,-7.62,1405.41,-12.5,41.4,-1.63,96,10.0,42,3.0,53,6.0,1,1.0,43.75,-1.6,2026-07-28,-,0,1241.0
-,-,BTA,-,1280.56,-3.34,1432.83,0.0,50.76,1.11,182,0.0,81,0.0,98,0.0,3,0.0,44.51,0.0,2023-05-28,-,0,-
850,-9,greyshade,-,1280.37,1.8,1377.13,5.42,32.26,1.21,432,4.0,191,3.0,238,1.0,3,0.0,44.21,0.28,2026-07-31,-,0,494.0
851,124,amadeo,-,1280.05,71.97,1606.98,-64.48,108.98,-45.48,12,6.0,8,3.0,4,3.0,0,0.0,66.67,-16.66,2026-07-16,-,0,-
-,-,Stu12,-,1279.89,-1.53,1599.15,0.0,106.42,0.51,24,0.0,14,0.0,10,0.0,0,0.0,58.33,0.0,2019-12-29,-,0,-
852,81,Conzi,-,1279.79,39.44,1468.58,5.61,62.93,-11.28,42,10.0,21,4.0,20,6.0,1,0.0,50.0,-3.12,2026-07-31,-,0,-
853,-24,longapple,-,1279.78,-1.78,1555.64,0.0,91.95,0.59,18,0.0,9,0.0,9,0.0,0,0.0,50.0,0.0,2026-03-14,-,0,-
-,-,SKM,-,1278.82,-1.93,1532.38,0.0,84.52,0.64,24,0.0,13,0.0,10,0.0,1,0.0,54.17,0.0,2023-09-03,-,0,-
854,-18,joecackler,-,1278.6,-1.58,1497.99,-17.35,73.13,-5.26,26,4.0,13,1.0,12,3.0,1,0.0,50.0,-4.55,2026-07-31,-,0,868.0
-,-,Nigma,RU,1278.59,-2.93,1448.61,0.0,56.67,0.98,104,0.0,50,0.0,54,0.0,0,0.0,48.08,0.0,2023-03-01,-,0,-
-,-,jamiu5,-,1278.58,-2.07,1515.61,0.0,79.01,0.69,48,0.0,18,0.0,30,0.0,0,0.0,37.5,0.0,2020-06-28,P,2,-
855,-25,Amarok,-,1278.52,-2.66,1464.42,0.0,61.97,0.89,48,0.0,22,0.0,26,0.0,0,0.0,45.83,0.0,2026-01-26,-,0,1067.0
-,-,Emiliano,IT,1278.41,-3.34,1426.94,0.0,49.51,1.11,228,0.0,102,0.0,126,0.0,0,0.0,44.74,0.0,2024-04-04,-,0,-
-,-,bobis,-,1277.86,-2.18,1505.19,0.0,75.78,0.73,50,0.0,34,0.0,15,0.0,1,0.0,68.0,0.0,2023-08-25,-,0,-
856,-18,HerrBu,-,1277.67,-2.01,1522.43,0.0,81.59,0.67,24,0.0,13,0.0,11,0.0,0,0.0,54.17,0.0,2026-01-21,-,0,989.0
-,-,pabula,PL,1277.54,-3.64,1414.89,0.0,45.78,1.21,162,0.0,71,0.0,87,0.0,4,0.0,43.83,0.0,2024-10-01,-,0,-
857,-17,OrionAlpha,-,1277.27,-1.6,1358.76,2.64,27.17,1.41,708,10.0,278,5.0,419,5.0,11,0.0,39.27,0.16,2026-08-11,-,0,512.0
858,-4,Monik,LT,1277.11,4.83,1360.98,8.51,27.96,1.23,704,10.0,276,6.0,421,4.0,7,0.0,39.2,0.3,2026-08-07,-,0,500.0
859,-28,Sapiocek,-,1276.65,-4.4,1398.49,0.0,40.62,1.47,238,0.0,95,0.0,139,0.0,4,0.0,39.92,0.0,2026-01-27,G,2,796.0
-,-,jczas,-,1276.64,-1.98,1524.78,0.0,82.71,0.66,36,0.0,21,0.0,15,0.0,0,0.0,58.33,0.0,2022-05-29,-,0,-
-,-,deleted_user_9275835,-,1276.31,-1.41,1623.54,0.0,115.74,0.47,12,0.0,9,0.0,3,0.0,0,0.0,75.0,0.0,2024-12-04,-,0,1287.0
-,-,joaoleal2,-,1276.13,-2.78,1459.84,0.0,61.24,0.93,138,0.0,63,0.0,75,0.0,0,0.0,45.65,0.0,2021-09-05,-,0,-
860,-28,weed14,SG,1276.02,-4.74,1381.81,0.0,35.26,1.58,454,0.0,187,0.0,264,0.0,3,0.0,41.19,0.0,2025-11-27,-,0,932.0
-,-,jezevec_lesni,-,1275.89,-2.43,1477.23,0.0,67.11,0.81,84,0.0,38,0.0,46,0.0,0,0.0,45.24,0.0,2021-03-02,G,2,-
861,-22,taltal,-,1275.61,-3.47,1421.1,0.0,48.5,1.16,84,0.0,37,0.0,46,0.0,1,0.0,44.05,0.0,2026-03-18,-,0,536.0
862,-19,SteffenViisdom,-,1275.55,-2.38,1482.45,0.0,68.97,0.79,36,0.0,16,0.0,20,0.0,0,0.0,44.44,0.0,2026-03-11,-,0,872.0
-,-,KindFortress,-,1275.54,-3.4,1421.8,0.0,48.75,1.13,136,0.0,59,0.0,76,0.0,1,0.0,43.38,0.0,2024-09-04,-,0,1287.0
-,-,HansBugge,NO,1275.47,-4.53,1389.23,0.0,37.92,1.51,308,0.0,136,0.0,169,0.0,3,0.0,44.16,0.0,2025-04-19,-,0,700.0
-,-,pororo2,-,1275.4,-2.03,1518.97,0.0,81.19,0.68,36,0.0,21,0.0,15,0.0,0,0.0,58.33,0.0,2021-12-05,-,0,-
-,-,Medicus,-,1275.27,-2.2,1498.89,0.0,74.54,0.73,34,0.0,15,0.0,19,0.0,0,0.0,44.12,0.0,2025-01-27,-,0,939.0
863,-26,Bonobours,FR,1275.07,-4.66,1385.7,0.0,36.88,1.55,164,0.0,70,0.0,94,0.0,0,0.0,42.68,0.0,2026-01-28,-,0,679.0
864,41,collace,-,1275.06,21.83,1392.0,19.45,38.98,-0.8,118,10.0,45,5.0,71,4.0,2,1.0,38.14,1.1,2026-07-28,-,0,989.0
-,-,BrentC,-,1274.73,-2.7,1456.7,0.0,60.66,0.9,138,0.0,56,0.0,79,0.0,3,0.0,40.58,0.0,2021-12-22,-,0,-
865,-20,Graypilgrim,-,1274.68,-2.35,1484.1,0.0,69.81,0.78,32,0.0,15,0.0,16,0.0,1,0.0,46.88,0.0,2026-05-31,-,0,-
866,-24,Frygian,-,1274.61,-3.45,1419.43,0.0,48.27,1.15,84,0.0,36,0.0,47,0.0,1,0.0,42.86,0.0,2026-01-23,-,0,562.0
-,-,Akio,-,1274.46,-2.27,1495.94,0.0,73.83,0.76,90,0.0,54,0.0,36,0.0,0,0.0,60.0,0.0,2020-11-27,-,0,-
-,-,ivantz,-,1274.39,-2.11,1506.19,0.0,77.27,0.7,72,0.0,38,0.0,34,0.0,0,0.0,52.78,0.0,2020-05-24,-,0,-
867,-20,Fanti,-,1273.99,-1.87,1535.9,0.0,87.3,0.62,18,0.0,9,0.0,9,0.0,0,0.0,50.0,0.0,2026-03-12,-,0,-
-,-,AmosCai,-,1273.88,-2.34,1483.04,0.0,69.72,0.78,48,0.0,24,0.0,22,0.0,2,0.0,50.0,0.0,2022-08-29,-,0,-
868,-19,HRG,-,1273.84,-1.43,1362.99,2.66,29.72,1.36,372,6.0,146,3.0,226,3.0,0,0.0,39.25,0.18,2026-06-30,-,0,517.0
-,-,cibernyam,-,1273.73,-3.16,1430.26,0.0,52.18,1.05,100,0.0,46,0.0,53,0.0,1,0.0,46.0,0.0,2024-05-26,-,0,-
869,-35,luckrider,DE,1273.35,-7.31,1366.9,-3.19,31.18,1.37,320,4.0,130,1.0,186,3.0,4,0.0,40.62,-0.2,2026-08-05,-,0,432.0
-,-,Sonaes,-,1273.3,-2.59,1466.72,0.0,64.47,0.86,90,0.0,49,0.0,41,0.0,0,0.0,54.44,0.0,2022-02-27,G,2,-
-,-,Robson_Ponte,-,1272.92,-3.69,1407.85,0.0,44.97,1.23,194,0.0,94,0.0,100,0.0,0,0.0,48.45,0.0,2024-04-04,-,0,-
-,-,LSF,-,1272.9,-0.95,1789.33,0.0,172.15,0.32,6,0.0,6,0.0,0,0.0,0,0.0,100.0,0.0,2020-09-06,-,0,-
870,-24,vgiannog,-,1272.54,-3.96,1398.24,0.0,41.9,1.32,110,0.0,50,0.0,59,0.0,1,0.0,45.45,0.0,2026-05-29,-,0,602.0
871,-86,Kartek,-,1272.08,-37.61,1412.0,-47.75,46.64,-3.38,80,10.0,40,1.0,39,9.0,1,0.0,50.0,-5.71,2026-07-24,-,0,861.0
-,-,Mikeski,-,1272.05,-1.88,1533.41,0.0,87.12,0.63,22,0.0,13,0.0,9,0.0,0,0.0,59.09,0.0,2025-03-23,-,0,939.0
-,-,Vanilla,-,1271.98,-2.23,1491.72,0.0,73.25,0.74,36,0.0,15,0.0,21,0.0,0,0.0,41.67,0.0,2024-09-04,-,0,-
872,-28,FrancoisFerdinand,-,1271.92,-5.44,1412.66,-9.04,46.91,-1.2,90,6.0,40,3.0,49,3.0,1,0.0,44.44,0.39,2026-07-06,-,0,842.0
873,149,KMMAL,-,1271.91,95.49,1480.71,69.86,69.6,-8.54,38,6.0,22,6.0,16,0.0,0,0.0,57.89,7.89,2026-07-07,-,0,-
874,-22,BadEagle,-,1271.86,-2.12,1503.7,0.0,77.28,0.71,26,0.0,11,0.0,14,0.0,1,0.0,42.31,0.0,2026-03-26,-,0,1118.0
-,-,Darkksun,-,1271.86,-2.11,1503.78,0.0,77.31,0.7,30,0.0,12,0.0,18,0.0,0,0.0,40.0,0.0,2024-07-01,-,0,-
875,-25,Vyzvejkanec,-,1271.74,-2.52,1468.16,0.0,65.47,0.84,44,0.0,19,0.0,25,0.0,0,0.0,43.18,0.0,2026-03-23,-,0,939.0
876,-25,kingslayer90,-,1271.7,-2.27,1489.52,0.0,72.6,0.76,36,0.0,16,0.0,20,0.0,0,0.0,44.44,0.0,2026-03-14,-,0,805.0
877,-49,Jume,ES,1271.42,-12.37,1357.53,-9.52,28.7,0.95,300,10.0,119,3.0,178,7.0,3,0.0,39.67,-0.33,2026-08-02,-,0,496.0
-,-,bzburnin,-,1270.91,-4.64,1385.24,0.0,38.11,1.55,586,0.0,239,0.0,336,0.0,11,0.0,40.78,0.0,2025-04-19,G,6,707.0
878,-18,dmhalford,IT,1270.81,0.86,1371.91,2.62,33.7,0.58,426,8.0,164,3.0,259,5.0,3,0.0,38.5,-0.02,2026-07-20,-,0,700.0
-,-,Dometcalf,-,1270.6,-2.78,1447.65,0.0,59.02,0.93,70,0.0,34,0.0,35,0.0,1,0.0,48.57,0.0,2024-02-25,-,0,-
879,-44,Drizzt84,-,1270.33,-10.04,1381.86,-8.86,37.18,0.39,200,6.0,80,1.0,118,5.0,2,0.0,40.0,-0.72,2026-07-25,-,0,659.0
880,-24,Cimone,IT,1270.26,-1.43,1611.66,0.0,113.8,0.48,12,0.0,8,0.0,4,0.0,0,0.0,66.67,0.0,2026-01-23,-,0,-
-,-,dannymcbride,-,1269.47,-2.18,1494.03,0.0,74.85,0.73,28,0.0,15,0.0,13,0.0,0,0.0,53.57,0.0,2025-01-24,-,0,868.0
-,-,torstenk,-,1269.43,-2.59,1460.03,0.0,63.53,0.86,48,0.0,25,0.0,22,0.0,1,0.0,52.08,0.0,2025-01-26,-,0,1284.0
-,-,Hamsert,-,1269.24,-1.8,1541.28,0.0,90.68,0.6,30,0.0,19,0.0,10,0.0,1,0.0,63.33,0.0,2021-09-05,-,0,-
881,-24,Numsy71,-,1269.01,-2.18,1495.27,0.0,75.42,0.73,30,0.0,12,0.0,18,0.0,0,0.0,40.0,0.0,2026-01-24,-,0,717.0
882,-20,TeriyakiJaccuzi,US,1268.74,0.62,1352.3,5.61,27.85,1.66,604,4.0,241,3.0,355,1.0,8,0.0,39.9,0.23,2026-08-04,-,0,502.0
-,-,Backburner,LB,1268.63,-2.88,1441.75,0.0,57.71,0.96,102,0.0,52,0.0,50,0.0,0,0.0,50.98,0.0,2024-04-04,-,0,-
883,-24,JJsDad,-,1267.75,-2.31,1480.32,0.0,70.86,0.77,30,0.0,12,0.0,18,0.0,0,0.0,40.0,0.0,2026-03-14,-,0,989.0
-,-,DrewTheBold,-,1267.56,-1.39,1620.4,0.0,117.61,0.46,18,0.0,13,0.0,5,0.0,0,0.0,72.22,0.0,2021-03-02,-,0,-
884,-17,Melon6688,CA,1267.55,1.96,1356.45,5.36,29.63,1.13,650,10.0,273,6.0,373,4.0,4,0.0,42.0,0.28,2026-08-03,-,0,742.0
-,-,darkstar75,IT,1267.48,-2.78,1448.97,0.0,60.5,0.93,84,0.0,41,0.0,42,0.0,1,0.0,48.81,0.0,2023-02-12,-,0,-
-,-,Tohuwabohu,-,1266.95,-1.6,1573.76,0.0,102.27,0.53,18,0.0,11,0.0,6,0.0,1,0.0,61.11,0.0,2023-01-15,-,0,-
885,-22,Zzharg,-,1266.49,-1.24,1661.22,0.0,131.58,0.41,8,0.0,4,0.0,4,0.0,0,0.0,50.0,0.0,2026-02-07,-,0,-
-,-,Entername,-,1266.12,-1.7,1555.01,0.0,96.3,0.57,18,0.0,10,0.0,8,0.0,0,0.0,55.56,0.0,2025-03-27,-,0,939.0
-,-,ysiad,-,1265.67,-2.23,1486.19,0.0,73.51,0.74,36,0.0,23,0.0,13,0.0,0,0.0,63.89,0.0,2023-11-28,-,0,460.0
-,-,Pablito,-,1265.41,-3.46,1407.46,0.0,47.35,1.15,248,0.0,109,0.0,138,0.0,1,0.0,43.95,0.0,2023-08-25,-,0,-
-,-,Vitezslack,-,1265.16,-2.15,1495.0,0.0,76.61,0.72,48,0.0,26,0.0,22,0.0,0,0.0,54.17,0.0,2021-09-05,-,0,-
886,-21,Minkus,-,1265.09,-1.92,1520.03,0.0,84.98,0.64,24,0.0,16,0.0,8,0.0,0,0.0,66.67,0.0,2026-02-01,-,0,1118.0
-,-,PhamNuwen,-,1264.87,-2.4,1469.42,0.0,68.18,0.8,42,0.0,23,0.0,19,0.0,0,0.0,54.76,0.0,2025-01-29,-,0,989.0
-,-,clickk,-,1264.86,-1.66,1560.31,0.0,98.48,0.55,18,0.0,8,0.0,10,0.0,0,0.0,44.44,0.0,2025-03-16,-,0,939.0
-,-,Keffo,-,1264.08,-2.48,1463.78,0.0,66.57,0.83,60,0.0,31,0.0,28,0.0,1,0.0,51.67,0.0,2023-01-15,-,0,-
-,-,Derey,-,1264.0,-2.61,1452.17,0.0,62.72,0.87,84,0.0,42,0.0,41,0.0,1,0.0,50.0,0.0,2022-05-27,-,0,-
-,-,macike,-,1263.89,-2.18,1489.27,0.0,75.12,0.73,42,0.0,19,0.0,23,0.0,0,0.0,45.24,0.0,2022-09-04,-,0,-
887,-34,GamesClaw,-,1263.38,-10.11,1379.2,-8.62,38.61,0.5,194,4.0,85,1.0,109,3.0,0,0.0,43.81,-0.4,2026-08-01,-,0,805.0
888,-17,MarcinWol,-,1263.15,-1.66,1558.13,0.0,98.33,0.55,18,0.0,11,0.0,7,0.0,0,0.0,61.11,0.0,2026-03-18,-,0,-
-,-,CabalSociety,-,1263.15,-2.82,1437.56,0.0,58.14,0.94,96,0.0,47,0.0,48,0.0,1,0.0,48.96,0.0,2023-04-16,-,0,-
-,-,wylaryzel,AT,1262.84,-3.4,1412.35,0.0,49.84,1.13,168,0.0,78,0.0,88,0.0,2,0.0,46.43,0.0,2023-08-26,-,0,-
889,-20,Norgaimen,-,1262.75,-2.32,1475.05,0.0,70.77,0.77,44,0.0,22,0.0,22,0.0,0,0.0,50.0,0.0,2026-01-27,-,0,-
890,-18,baralex,-,1262.74,-1.99,1510.06,0.0,82.44,0.66,30,0.0,14,0.0,16,0.0,0,0.0,46.67,0.0,2026-01-26,-,0,872.0
-,-,JonJayJanyJanzn,-,1262.7,-1.57,1574.88,0.0,104.06,0.52,18,0.0,12,0.0,6,0.0,0,0.0,66.67,0.0,2024-12-07,-,0,1184.0
891,-18,Deremfi,-,1262.54,-2.06,1501.83,0.0,79.76,0.69,36,0.0,19,0.0,17,0.0,0,0.0,52.78,0.0,2026-01-24,-,0,-
892,-26,StefanGreatFirst,PL,1262.4,-4.09,1388.29,0.0,41.96,1.36,152,0.0,64,0.0,87,0.0,1,0.0,42.11,0.0,2026-01-21,-,0,1067.0
893,-25,nicg,US,1262.35,-2.84,1435.22,0.0,57.62,0.95,58,0.0,27,0.0,31,0.0,0,0.0,46.55,0.0,2026-02-01,-,0,802.0
894,-18,Modiarty,-,1262.16,-1.76,1539.91,0.0,92.58,0.59,18,0.0,10,0.0,8,0.0,0,0.0,55.56,0.0,2026-03-19,-,0,-
895,-18,SchutterNL,-,1261.9,-1.83,1530.53,0.0,89.54,0.61,18,0.0,10,0.0,8,0.0,0,0.0,55.56,0.0,2026-03-27,-,0,-
-,-,Menno,-,1261.82,-3.49,1405.35,0.0,47.84,1.16,150,0.0,65,0.0,84,0.0,1,0.0,43.33,0.0,2024-07-01,G,2,-
-,-,Drannoc,-,1261.7,-2.34,1471.93,0.0,70.08,0.78,72,0.0,38,0.0,34,0.0,0,0.0,52.78,0.0,2021-06-02,-,0,-
-,-,Circadia,-,1261.31,-1.0,1748.08,0.0,162.26,0.33,12,0.0,10,0.0,2,0.0,0,0.0,83.33,0.0,2019-02-17,-,0,-
896,-15,Aekk,-,1261.3,-1.6,1566.68,0.0,101.79,0.53,14,0.0,6,0.0,8,0.0,0,0.0,42.86,0.0,2026-03-16,-,0,-
-,-,araknid,ES,1261.23,-2.15,1492.58,0.0,77.11,0.72,24,0.0,11,0.0,11,0.0,2,0.0,45.83,0.0,2025-08-30,-,0,1116.0
-,-,wicaksonoadi,-,1261.14,-2.09,1497.17,0.0,78.68,0.7,36,0.0,18,0.0,17,0.0,1,0.0,50.0,0.0,2021-08-19,-,0,-
897,-18,kev5047,GB,1261.13,-2.11,1359.45,-2.52,32.77,-0.14,280,14.0,98,5.0,180,9.0,2,0.0,35.0,0.04,2026-08-12,-,0,565.0
-,-,Aksiom,-,1260.81,-2.81,1435.04,0.0,58.07,0.94,126,0.0,56,0.0,70,0.0,0,0.0,44.44,0.0,2022-03-06,-,0,-
898,-28,Crs,GB,1260.78,-4.2,1342.6,-0.77,27.27,1.14,594,10.0,224,5.0,368,5.0,2,0.0,37.71,0.21,2026-08-07,-,0,463.0
899,-19,Patelavache,-,1260.77,-2.21,1485.56,0.0,74.93,0.74,36,0.0,17,0.0,19,0.0,0,0.0,47.22,0.0,2026-05-13,-,0,1118.0
-,-,ToastedLion,-,1260.65,-1.32,1632.19,0.0,123.85,0.44,12,0.0,11,0.0,1,0.0,0,0.0,91.67,0.0,2022-08-30,-,0,-
900,-15,hyudun,-,1260.47,-1.87,1522.4,0.0,87.31,0.62,18,0.0,8,0.0,10,0.0,0,0.0,44.44,0.0,2026-03-15,-,0,-
901,-27,Mejdzr,CZ,1260.42,-3.65,1368.75,-2.42,36.11,0.41,248,6.0,101,3.0,146,3.0,1,0.0,40.73,0.23,2026-07-16,G,2,536.0
902,-16,exender,-,1260.05,-2.27,1476.18,0.0,72.04,0.76,32,0.0,13,0.0,19,0.0,0,0.0,40.62,0.0,2026-03-14,-,0,872.0
903,-15,SafeT,-,1259.89,-1.9,1519.05,0.0,86.39,0.63,18,0.0,8,0.0,10,0.0,0,0.0,44.44,0.0,2026-03-17,-,0,-
-,-,pablocg,-,1259.87,-1.45,1596.78,0.0,112.3,0.48,12,0.0,8,0.0,4,0.0,0,0.0,66.67,0.0,2024-04-04,-,0,-
-,-,SteveMB55,-,1259.59,-2.85,1431.77,0.0,57.39,0.95,108,0.0,54,0.0,52,0.0,2,0.0,50.0,0.0,2022-09-04,-,0,-
904,-40,Jmstoic,-,1259.13,-8.27,1380.31,-11.87,40.39,-1.2,196,10.0,76,3.0,118,6.0,2,1.0,38.78,-0.47,2026-08-01,-,0,1244.0
-,-,dontatum,-,1259.13,-2.6,1457.19,0.0,66.02,0.87,78,0.0,38,0.0,40,0.0,0,0.0,48.72,0.0,2022-02-28,-,0,-
-,-,Davidmel,IL,1258.82,-3.91,1385.86,0.0,42.35,1.3,330,0.0,133,0.0,192,0.0,5,0.0,40.3,0.0,2024-09-15,-,0,-
-,-,UnknownMight,-,1258.6,-1.2,1664.73,0.0,135.38,0.4,12,0.0,9,0.0,3,0.0,0,0.0,75.0,0.0,2020-09-06,-,0,-
905,-15,xy-y,-,1258.25,-1.72,1543.87,0.0,95.21,0.57,18,0.0,9,0.0,9,0.0,0,0.0,50.0,0.0,2026-03-17,-,0,-
-,-,Jaykeblakk,-,1258.25,-2.32,1471.78,0.0,71.18,0.77,38,0.0,20,0.0,17,0.0,1,0.0,52.63,0.0,2025-01-05,-,0,1413.0
906,-19,Nacarato,-,1258.24,-3.76,1392.61,0.0,44.79,1.25,228,0.0,68,0.0,160,0.0,0,0.0,29.82,0.0,2026-01-30,-,0,-
907,-18,Oranim,-,1258.12,-1.94,1512.03,0.0,84.64,0.65,26,0.0,14,0.0,12,0.0,0,0.0,53.85,0.0,2026-01-26,-,0,989.0
-,-,Pack,-,1257.81,-1.56,1572.53,0.0,104.91,0.52,18,0.0,8,0.0,10,0.0,0,0.0,44.44,0.0,2024-04-04,-,0,-
-,-,phixed,-,1257.74,-3.1,1417.14,0.0,53.13,1.03,168,0.0,82,0.0,85,0.0,1,0.0,48.81,0.0,2022-11-27,-,0,1287.0
908,-15,ekatar,-,1257.57,-1.98,1505.55,0.0,82.66,0.66,24,0.0,11,0.0,13,0.0,0,0.0,45.83,0.0,2026-01-24,-,0,989.0
909,-27,Bedrich_H,-,1257.53,-5.29,1346.36,-2.12,29.61,1.06,448,10.0,160,3.0,281,7.0,7,0.0,35.71,-0.13,2026-08-03,-,0,602.0
910,-27,Joppur,SE,1257.37,-5.44,1359.69,0.0,34.1,1.81,330,0.0,131,0.0,198,0.0,1,0.0,39.7,0.0,2026-02-28,-,0,396.0
911,-27,LeSauvage,BE,1257.36,-5.14,1358.58,0.0,33.74,1.71,310,0.0,130,0.0,180,0.0,0,0.0,41.94,0.0,2026-04-09,-,0,565.0
-,-,Cruul,-,1257.27,-2.86,1428.92,0.0,57.22,0.95,132,0.0,62,0.0,68,0.0,2,0.0,46.97,0.0,2022-06-05,-,0,-
-,-,Wiles,-,1257.04,-1.72,1542.01,0.0,94.99,0.57,30,0.0,18,0.0,11,0.0,1,0.0,60.0,0.0,2020-11-30,-,0,-
-,-,Runje,-,1256.97,-1.25,1647.97,0.0,130.33,0.42,12,0.0,9,0.0,3,0.0,0,0.0,75.0,0.0,2020-12-02,-,0,-
912,-6,Vegeta4791,-,1256.88,4.31,1348.28,6.35,30.47,0.68,338,10.0,130,6.0,206,4.0,2,0.0,38.46,0.66,2026-07-31,-,0,648.0
913,-3,Mitchum,IT,1256.84,5.97,1351.47,9.13,31.55,1.06,236,6.0,87,5.0,148,1.0,1,0.0,36.86,1.21,2026-07-06,-,0,491.0
-,-,CerseiShade,-,1255.5,-1.55,1571.9,0.0,105.47,0.52,18,0.0,10,0.0,7,0.0,1,0.0,55.56,0.0,2020-03-15,-,0,-
-,-,Thantalus,-,1255.09,-2.35,1464.11,0.0,69.67,0.78,44,0.0,20,0.0,24,0.0,0,0.0,45.45,0.0,2023-05-14,-,0,-
-,-,Stevenlan90,-,1255.02,-2.44,1458.38,0.0,67.79,0.81,84,0.0,41,0.0,41,0.0,2,0.0,48.81,0.0,2024-02-23,-,0,-
-,-,markosalaplaya,-,1255.0,-3.5,1398.0,0.0,47.67,1.17,330,0.0,119,0.0,210,0.0,1,0.0,36.06,0.0,2024-09-15,G,2,1374.0
914,-20,kalev,-,1254.95,-4.27,1370.76,0.0,38.6,1.42,136,0.0,59,0.0,76,0.0,1,0.0,43.38,0.0,2025-11-30,-,0,576.0
915,-17,PunchHorse,-,1254.87,-2.12,1485.99,0.0,77.04,0.71,24,0.0,13,0.0,10,0.0,1,0.0,54.17,0.0,2026-05-31,-,0,-
-,-,fathotdog,-,1254.7,-1.99,1500.55,0.0,81.95,0.66,36,0.0,16,0.0,20,0.0,0,0.0,44.44,0.0,2021-06-02,-,0,-
916,-17,RuslanP,-,1254.69,-1.69,1545.41,0.0,96.9,0.56,18,0.0,9,0.0,9,0.0,0,0.0,50.0,0.0,2026-03-18,-,0,-
-,-,Shobalk,US,1254.4,-2.88,1426.3,0.0,57.3,0.96,90,0.0,42,0.0,47,0.0,1,0.0,46.67,0.0,2023-12-03,-,0,-
-,-,terroirista,-,1254.39,-2.42,1457.9,0.0,67.84,0.81,98,0.0,50,0.0,46,0.0,2,0.0,51.02,0.0,2020-09-24,G,2,-
917,-39,monkeyml,-,1254.18,-9.11,1361.22,-7.37,35.68,0.58,232,6.0,96,1.0,130,5.0,6,0.0,41.38,-0.66,2026-07-16,-,0,640.0
918,-18,honne,-,1253.79,-2.08,1489.25,0.0,78.49,0.69,26,0.0,12,0.0,13,0.0,1,0.0,46.15,0.0,2026-03-18,-,0,989.0
919,-17,Waaaaaa,-,1253.58,-1.78,1529.96,0.0,92.12,0.59,18,0.0,10,0.0,8,0.0,0,0.0,55.56,0.0,2026-03-27,-,0,-
-,-,Enas,-,1253.44,-2.07,1489.81,0.0,78.79,0.69,30,0.0,13,0.0,17,0.0,0,0.0,43.33,0.0,2025-03-09,-,0,836.0
-,-,Charcutero,-,1253.09,-2.97,1417.84,0.0,54.92,0.99,94,0.0,43,0.0,51,0.0,0,0.0,45.74,0.0,2024-09-04,-,0,-
-,-,holmesiv,-,1252.6,-2.42,1455.92,0.0,67.77,0.81,66,0.0,36,0.0,29,0.0,1,0.0,54.55,0.0,2022-02-26,-,0,-
-,-,eugeneg,-,1252.56,-2.73,1432.03,0.0,59.82,0.91,114,0.0,53,0.0,59,0.0,2,0.0,46.49,0.0,2022-06-05,-,0,-
920,-1,mahlerian_shadow,US,1252.35,6.59,1345.01,10.71,30.89,1.37,420,4.0,168,4.0,250,0.0,2,0.0,40.0,0.58,2026-08-05,-,0,549.0
-,-,likkle1,GB,1251.89,-3.54,1392.9,0.0,47.0,1.18,186,0.0,79,0.0,107,0.0,0,0.0,42.47,0.0,2024-04-04,-,0,-
-,-,Neron,-,1251.87,-2.04,1492.32,0.0,80.15,0.68,42,0.0,22,0.0,20,0.0,0,0.0,52.38,0.0,2021-06-02,-,0,-
921,-30,tanman,-,1251.54,-8.38,1338.27,-5.24,28.91,1.05,564,10.0,223,3.0,335,7.0,6,0.0,39.54,-0.17,2026-07-28,-,0,570.0
-,-,zaan,-,1251.46,-0.87,1816.66,0.0,188.4,0.29,6,0.0,5,0.0,0,0.0,1,0.0,83.33,0.0,2020-06-28,-,0,-
-,-,Ado,-,1251.2,-3.34,1412.26,0.0,53.69,1.11,164,0.0,72,0.0,90,0.0,2,0.0,43.9,0.0,2024-08-22,G,2,1245.0
-,-,Irishdomer08,-,1251.08,-2.87,1424.57,0.0,57.83,0.96,192,0.0,75,0.0,117,0.0,0,0.0,39.06,0.0,2021-09-05,G,4,-
922,-18,Lenni010,-,1250.73,-2.63,1437.37,0.0,62.21,0.88,40,0.0,16,0.0,24,0.0,0,0.0,40.0,0.0,2026-05-31,-,0,-
923,-22,Jaja,CZ,1250.41,-4.97,1355.51,0.0,35.03,1.66,290,0.0,112,0.0,178,0.0,0,0.0,38.62,0.0,2026-05-26,-,0,1062.0
-,-,But,-,1249.47,-2.7,1431.59,0.0,60.71,0.9,66,0.0,31,0.0,34,0.0,1,0.0,46.97,0.0,2025-01-28,-,0,1184.0
924,-16,Beewiz,-,1249.32,-1.73,1533.42,0.0,94.7,0.58,18,0.0,9,0.0,9,0.0,0,0.0,50.0,0.0,2026-01-22,-,0,1287.0
-,-,Purpleseven,-,1249.29,-1.92,1505.23,0.0,85.32,0.64,42,0.0,25,0.0,15,0.0,2,0.0,59.52,0.0,2022-02-16,-,0,-
-,-,Krill,-,1249.15,-1.92,1504.46,0.0,85.11,0.64,48,0.0,22,0.0,26,0.0,0,0.0,45.83,0.0,2020-09-13,-,0,-
925,-22,Geegs,-,1249.12,-4.39,1355.62,-2.91,35.5,0.49,302,6.0,112,3.0,188,3.0,2,0.0,37.09,0.27,2026-07-22,-,0,867.0
-,-,Sinkadus,SE,1248.37,-3.42,1395.56,0.0,49.06,1.14,174,0.0,79,0.0,91,0.0,4,0.0,45.4,0.0,2024-06-02,-,0,-
926,-31,Vinny6060,-,1248.2,-9.92,1371.38,-10.53,41.06,-0.2,150,6.0,61,1.0,89,5.0,0,0.0,40.67,-1.0,2026-06-28,-,0,872.0
927,new,OhNoItsNot,-,1248.11,798.11,1632.83,132.83,128.24,128.24,8,8.0,5,5.0,2,2.0,1,1.0,62.5,62.5,2026-07-29,-,0,-
-,-,Chubecca,IT,1247.94,-3.09,1409.76,0.0,53.94,1.03,120,0.0,52,0.0,67,0.0,1,0.0,43.33,0.0,2023-06-04,-,0,-
-,-,jabroney,AU,1247.83,-2.54,1442.34,0.0,64.84,0.85,72,0.0,38,0.0,34,0.0,0,0.0,52.78,0.0,2022-08-30,-,0,-
928,-14,deleted_user_5800682,-,1246.31,-1.12,1684.98,0.0,146.22,0.37,6,0.0,3,0.0,3,0.0,0,0.0,50.0,0.0,2026-03-17,-,0,-
929,-20,Partyshank,-,1246.19,-4.79,1348.66,0.0,34.16,1.6,408,0.0,164,0.0,241,0.0,3,0.0,40.2,0.0,2026-05-31,-,0,589.0
930,-18,jandaron,TR,1245.58,-2.76,1423.89,0.0,59.44,0.92,48,0.0,21,0.0,27,0.0,0,0.0,43.75,0.0,2026-04-03,-,0,1280.0
931,-6,RoboKay314,US,1245.54,2.16,1330.57,5.54,28.34,1.13,464,10.0,169,6.0,292,4.0,3,0.0,36.42,0.52,2026-08-04,-,0,486.0
932,-74,FireBones,-,1245.2,-24.99,1473.29,-46.08,76.03,-7.03,26,4.0,15,1.0,10,3.0,1,0.0,57.69,-5.95,2026-07-29,-,0,-
933,-17,InGodWeTrust,-,1245.04,-1.48,1576.11,0.0,110.35,0.49,12,0.0,5,0.0,7,0.0,0,0.0,41.67,0.0,2026-01-28,-,0,-
934,-19,Sathran,-,1244.87,-1.75,1524.77,0.0,93.3,0.58,18,0.0,10,0.0,8,0.0,0,0.0,55.56,0.0,2026-03-28,-,0,-
-,-,Ferguse72,-,1244.8,-1.65,1542.64,0.0,99.28,0.55,18,0.0,12,0.0,6,0.0,0,0.0,66.67,0.0,2024-04-04,-,0,-
935,-28,Larsusvonundzu,-,1244.79,-7.26,1353.81,-9.04,36.34,-0.59,136,10.0,61,4.0,74,6.0,1,0.0,44.85,-0.39,2026-08-01,-,0,746.0
-,-,Fapoleon,-,1244.68,-2.81,1420.65,0.0,58.66,0.94,72,0.0,30,0.0,42,0.0,0,0.0,41.67,0.0,2024-07-01,-,0,-
936,-19,sackn,-,1244.55,-1.52,1567.44,0.0,107.63,0.51,12,0.0,7,0.0,5,0.0,0,0.0,58.33,0.0,2026-01-16,-,0,-
-,-,Maukka,-,1244.48,-3.62,1384.12,0.0,46.55,1.21,212,0.0,89,0.0,121,0.0,2,0.0,41.98,0.0,2024-04-04,-,0,-
-,-,Nevic,-,1244.33,-3.02,1415.61,0.0,57.09,1.01,110,0.0,45,0.0,65,0.0,0,0.0,40.91,0.0,2025-03-11,G,2,499.0
-,-,Adrian-2909,-,1244.1,-1.02,1725.41,0.0,160.44,0.34,6,0.0,6,0.0,0,0.0,0,0.0,100.0,0.0,2022-03-06,-,0,-
937,-24,tysat,-,1243.96,-4.36,1356.94,0.0,37.66,1.45,188,0.0,74,0.0,112,0.0,2,0.0,39.36,0.0,2026-05-27,-,0,522.0
938,-41,HolyOutlaw,US,1243.95,-13.3,1336.44,-8.95,30.83,1.45,444,4.0,158,0.0,282,4.0,4,0.0,35.59,-0.32,2026-08-05,-,0,572.0
939,-47,peppe76,-,1243.71,-15.86,1340.47,-14.5,32.26,0.45,318,10.0,131,2.0,183,8.0,4,0.0,41.19,-0.69,2026-07-25,-,0,640.0
-,-,tarmapas,-,1243.66,-2.13,1473.99,0.0,76.78,0.71,54,0.0,27,0.0,26,0.0,1,0.0,50.0,0.0,2023-01-15,-,0,-
-,-,Krucik,-,1243.56,-3.1,1412.88,0.0,56.44,1.03,128,0.0,57,0.0,70,0.0,1,0.0,44.53,0.0,2023-03-01,-,0,-
940,-20,N0rBeer,-,1243.31,-2.21,1465.3,0.0,74.0,0.74,36,0.0,16,0.0,20,0.0,0,0.0,44.44,0.0,2026-03-19,-,0,939.0
-,-,PopoHappy,-,1242.61,-1.68,1535.27,0.0,97.55,0.56,24,0.0,15,0.0,9,0.0,0,0.0,62.5,0.0,2021-09-05,-,0,-
941,-19,pandaczar,-,1242.56,-2.65,1429.57,0.0,62.34,0.88,44,0.0,18,0.0,26,0.0,0,0.0,40.91,0.0,2026-03-31,-,0,939.0
-,-,Xxyu,CN,1242.23,-1.99,1491.33,0.0,83.03,0.66,28,0.0,14,0.0,12,0.0,2,0.0,50.0,0.0,2025-01-22,-,0,845.0
-,-,jogkongTW,-,1242.16,-3.8,1373.6,0.0,43.81,1.27,264,0.0,106,0.0,155,0.0,3,0.0,40.15,0.0,2024-06-02,-,0,-
-,-,Sheik-Yerbouti,-,1242.08,-3.34,1390.12,0.0,49.35,1.11,162,0.0,72,0.0,88,0.0,2,0.0,44.44,0.0,2023-11-25,-,0,-
-,-,LeChuckichu,DK,1241.91,-2.97,1408.72,0.0,55.6,0.99,92,0.0,45,0.0,47,0.0,0,0.0,48.91,0.0,2023-12-03,-,0,-
-,-,chrislear,-,1241.67,-1.17,1660.67,0.0,139.67,0.39,8,0.0,6,0.0,2,0.0,0,0.0,75.0,0.0,2023-01-22,-,0,-
-,-,Minasei,-,1241.57,-2.58,1432.99,0.0,63.81,0.86,104,0.0,44,0.0,60,0.0,0,0.0,42.31,0.0,2021-11-15,-,0,-
-,-,BlaueElise,-,1241.46,-3.76,1380.35,0.0,46.3,1.25,200,0.0,79,0.0,116,0.0,5,0.0,39.5,0.0,2024-06-02,-,0,1287.0
-,-,Jinster99,-,1241.03,-1.81,1510.97,0.0,89.98,0.6,36,0.0,18,0.0,18,0.0,0,0.0,50.0,0.0,2020-12-02,-,0,-
-,-,yojimbo79,PL,1240.8,-2.78,1421.19,0.0,60.13,0.93,84,0.0,39,0.0,44,0.0,1,0.0,46.43,0.0,2022-11-25,-,0,-
942,-21,eaguirre,-,1240.52,-4.77,1348.24,0.0,35.91,1.59,366,0.0,156,0.0,206,0.0,4,0.0,42.62,0.0,2025-11-30,-,0,1181.0
943,-17,Claudius74,CA,1240.5,-1.52,1323.19,2.24,27.56,1.25,582,10.0,217,5.0,362,5.0,3,0.0,37.29,0.23,2026-07-28,-,0,558.0
-,-,hinghenry,-,1240.39,-1.25,1633.21,0.0,130.94,0.42,12,0.0,7,0.0,5,0.0,0,0.0,58.33,0.0,2020-09-06,-,0,-
-,-,Yuit,-,1240.01,-2.48,1438.7,0.0,66.23,0.83,60,0.0,29,0.0,30,0.0,1,0.0,48.33,0.0,2023-02-05,-,0,-
944,-16,Pants101,-,1239.78,-2.13,1470.63,0.0,76.95,0.71,26,0.0,13,0.0,13,0.0,0,0.0,50.0,0.0,2026-02-01,-,0,872.0
945,-21,sbaro,-,1239.29,-4.42,1354.65,0.0,38.46,1.47,204,0.0,85,0.0,118,0.0,1,0.0,41.67,0.0,2025-11-30,-,0,578.0
946,-28,bambi4,GB,1239.27,-6.54,1340.95,-3.49,33.89,1.02,248,4.0,100,1.0,147,3.0,1,0.0,40.32,-0.25,2026-07-28,-,0,675.0
-,-,Vijaybabu,-,1239.14,-2.26,1456.98,0.0,72.61,0.75,54,0.0,27,0.0,25,0.0,2,0.0,50.0,0.0,2021-08-27,-,0,-
-,-,AyllonRafa,-,1238.84,-2.09,1473.37,0.0,78.17,0.7,60,0.0,28,0.0,30,0.0,2,0.0,46.67,0.0,2020-11-27,-,0,-
947,-24,kabel2,DE,1238.56,-5.89,1332.01,0.0,31.15,1.96,458,0.0,177,0.0,277,0.0,4,0.0,38.65,0.0,2026-05-27,-,0,563.0
948,-17,Quokka,FR,1238.28,-2.87,1409.24,0.0,56.99,0.96,64,0.0,23,0.0,39,0.0,2,0.0,35.94,0.0,2025-12-04,-,0,614.0
-,-,GoguGeologul,-,1237.66,-2.53,1439.35,0.0,67.23,0.84,56,0.0,28,0.0,27,0.0,1,0.0,50.0,0.0,2023-09-03,-,0,-
949,24,ThomasM,-,1237.65,27.56,1379.12,23.1,47.16,-1.49,90,6.0,38,5.0,51,1.0,1,0.0,42.22,2.93,2026-07-15,-,0,918.0
950,-18,Jived,IT,1237.64,-2.77,1415.31,0.0,59.22,0.92,58,0.0,31,0.0,27,0.0,0,0.0,53.45,0.0,2026-01-16,-,0,841.0
-,-,Cuna_General,-,1237.58,-1.24,1631.88,0.0,131.44,0.41,12,0.0,8,0.0,4,0.0,0,0.0,66.67,0.0,2020-12-02,-,0,-
-,-,RandySandy,-,1237.56,-1.56,1552.18,0.0,104.88,0.52,24,0.0,16,0.0,8,0.0,0,0.0,66.67,0.0,2020-05-26,-,0,-
-,-,Rossonerix10x,-,1236.94,-4.17,1356.87,0.0,39.98,1.39,344,0.0,145,0.0,196,0.0,3,0.0,42.15,0.0,2024-11-26,-,0,1184.0
-,-,LMH,-,1236.79,-1.55,1553.57,0.0,105.59,0.52,14,0.0,7,0.0,7,0.0,0,0.0,50.0,0.0,2025-03-07,-,0,939.0
-,-,1977dragon,-,1236.7,-2.44,1437.73,0.0,67.01,0.81,38,0.0,17,0.0,21,0.0,0,0.0,44.74,0.0,2024-09-04,-,0,1388.0
-,-,midr,-,1236.53,-1.07,1692.21,0.0,151.89,0.36,6,0.0,4,0.0,2,0.0,0,0.0,66.67,0.0,2024-02-23,-,0,-
951,-17,Oso,-,1236.3,-1.86,1499.06,0.0,87.59,0.62,20,0.0,9,0.0,11,0.0,0,0.0,45.0,0.0,2026-03-16,-,0,926.0
-,-,Riences,-,1236.26,-2.06,1477.34,0.0,80.36,0.69,48,0.0,25,0.0,22,0.0,1,0.0,52.08,0.0,2021-12-05,-,0,-
-,-,ozzy666,-,1235.27,-2.85,1411.07,0.0,58.6,0.95,102,0.0,50,0.0,50,0.0,2,0.0,49.02,0.0,2024-03-17,-,0,-
-,-,AsukaBlank,-,1235.06,-1.88,1496.08,0.0,87.0,0.63,30,0.0,17,0.0,11,0.0,2,0.0,56.67,0.0,2023-01-15,-,0,-
-,-,boltar,-,1234.98,-2.19,1461.1,0.0,75.37,0.73,60,0.0,29,0.0,31,0.0,0,0.0,48.33,0.0,2020-11-20,G,2,-
-,-,erlikhan,-,1234.71,-1.88,1496.29,0.0,87.19,0.63,24,0.0,11,0.0,13,0.0,0,0.0,45.83,0.0,2025-01-26,-,0,989.0
-,-,Weston,-,1234.64,-2.08,1475.36,0.0,80.24,0.69,48,0.0,25,0.0,23,0.0,0,0.0,52.08,0.0,2021-02-21,G,2,-
-,-,layze23,US,1234.48,-2.77,1413.1,0.0,59.54,0.92,76,0.0,30,0.0,45,0.0,1,0.0,39.47,0.0,2024-06-16,-,0,-
-,-,Valec,-,1234.45,-2.18,1459.84,0.0,75.13,0.73,36,0.0,19,0.0,17,0.0,0,0.0,52.78,0.0,2024-09-04,-,0,-
952,-17,sms18004,-,1233.7,-3.48,1374.92,0.0,47.07,1.16,160,0.0,67,0.0,93,0.0,0,0.0,41.88,0.0,2026-01-30,-,0,801.0
953,-10,Daze,-,1233.0,4.12,1342.42,2.91,36.48,-0.4,170,10.0,58,5.0,111,5.0,1,0.0,34.12,1.0,2026-08-06,-,0,670.0
-,-,CainsAngel,-,1232.98,-1.45,1569.98,0.0,112.34,0.48,14,0.0,8,0.0,6,0.0,0,0.0,57.14,0.0,2025-01-26,-,0,989.0
-,-,ssacz,PL,1232.95,-3.07,1392.78,0.0,53.28,1.02,84,0.0,38,0.0,46,0.0,0,0.0,45.24,0.0,2024-04-04,-,0,-
954,-15,ce.re,-,1232.11,-1.58,1542.67,0.0,103.52,0.53,14,0.0,8,0.0,6,0.0,0,0.0,57.14,0.0,2026-03-21,-,0,-
-,-,Suo,-,1232.06,-2.7,1415.22,0.0,61.05,0.9,132,0.0,47,0.0,85,0.0,0,0.0,35.61,0.0,2021-08-17,G,2,-
-,-,SaMatra,-,1232.05,-1.84,1497.89,0.0,88.61,0.61,24,0.0,8,0.0,15,0.0,1,0.0,33.33,0.0,2024-04-04,-,0,1278.0
-,-,KapitanTom,CZ,1231.96,-4.06,1354.05,0.0,40.7,1.35,226,0.0,83,0.0,142,0.0,1,0.0,36.73,0.0,2025-02-28,-,0,852.0
-,-,Gwindor,-,1231.55,-2.33,1442.49,0.0,70.31,0.78,48,0.0,21,0.0,27,0.0,0,0.0,43.75,0.0,2023-12-03,-,0,-
955,38,Cromlech,-,1231.51,33.93,1387.63,27.09,52.04,-2.28,66,6.0,32,5.0,34,1.0,0,0.0,48.48,3.48,2026-07-08,-,0,705.0
956,-19,NovusIgnis,US,1231.46,-4.52,1342.73,0.0,37.09,1.51,280,0.0,107,0.0,171,0.0,2,0.0,38.21,0.0,2026-02-28,-,0,985.0
957,-17,J-dog,GB,1231.08,-1.31,1328.54,-0.32,32.49,0.33,294,10.0,111,5.0,180,5.0,3,0.0,37.76,0.44,2026-07-29,-,0,593.0
-,-,josqvin,-,1230.64,-1.72,1517.98,0.0,95.78,0.57,34,0.0,19,0.0,13,0.0,2,0.0,55.88,0.0,2020-04-08,-,0,-
958,5,Sirovec,HR,1230.59,12.17,1328.5,13.16,32.64,0.33,316,10.0,119,7.0,197,3.0,0,0.0,37.66,1.06,2026-07-30,-,0,543.0
-,-,Don_B,-,1230.51,-0.94,1748.51,0.0,172.67,0.31,6,0.0,6,0.0,0,0.0,0,0.0,100.0,0.0,2021-06-02,-,0,-
959,-29,FiveGee,-,1230.14,-11.27,1407.25,-22.61,59.03,-3.78,54,6.0,21,1.0,33,5.0,0,0.0,38.89,-2.78,2026-07-21,-,0,607.0
-,-,Hendra,-,1230.14,-3.33,1380.38,0.0,50.08,1.11,168,0.0,70,0.0,97,0.0,1,0.0,41.67,0.0,2023-12-03,-,0,-
960,-24,Exile,-,1229.78,-7.15,1346.84,-6.82,39.02,0.11,170,6.0,64,2.0,104,4.0,2,0.0,37.65,-0.15,2026-07-14,-,0,600.0
961,-20,Michal_Kossakowski,-,1228.55,-2.44,1430.3,0.0,67.25,0.81,40,0.0,15,0.0,25,0.0,0,0.0,37.5,0.0,2026-03-15,-,0,416.0
-,-,stripe999,GB,1228.37,-3.5,1370.51,0.0,47.38,1.17,210,0.0,87,0.0,121,0.0,2,0.0,41.43,0.0,2024-04-04,-,0,-
-,-,alibengoeroe,-,1228.32,-2.32,1439.41,0.0,70.37,0.77,50,0.0,19,0.0,31,0.0,0,0.0,38.0,0.0,2024-04-04,-,0,-
-,-,xqcjfway,-,1228.3,-1.32,1599.72,0.0,123.81,0.44,18,0.0,13,0.0,4,0.0,1,0.0,72.22,0.0,2023-02-05,-,0,-
-,-,Hokingfai,HK,1228.19,-3.03,1392.53,0.0,54.78,1.01,102,0.0,40,0.0,61,0.0,1,0.0,39.22,0.0,2024-03-17,-,0,-
962,-20,mobeza,-,1227.82,-1.58,1539.58,0.0,103.92,0.53,16,0.0,10,0.0,6,0.0,0,0.0,62.5,0.0,2026-01-26,-,0,1067.0
-,-,Hellomruppercut,-,1227.27,-3.02,1390.41,0.0,54.38,1.01,138,0.0,59,0.0,78,0.0,1,0.0,42.75,0.0,2023-01-15,-,0,-
-,-,Andreyko2003,-,1226.8,-2.04,1468.6,0.0,80.6,0.68,26,0.0,10,0.0,15,0.0,1,0.0,38.46,0.0,2025-01-28,-,0,661.0
-,-,Scurvydraco,-,1226.56,-2.79,1405.78,0.0,59.74,0.93,54,0.0,21,0.0,33,0.0,0,0.0,38.89,0.0,2025-04-30,-,0,1388.0
-,-,Betasuppe,-,1226.33,-1.38,1580.19,0.0,117.95,0.46,12,0.0,7,0.0,5,0.0,0,0.0,58.33,0.0,2020-11-18,-,0,-
-,-,Adam-Collett,-,1226.01,-1.72,1511.39,0.0,95.12,0.57,24,0.0,15,0.0,9,0.0,0,0.0,62.5,0.0,2022-02-28,-,0,-
963,-17,gwfalcon,-,1225.85,-2.27,1442.45,0.0,72.2,0.76,38,0.0,17,0.0,21,0.0,0,0.0,44.74,0.0,2026-01-29,-,0,1118.0
964,-17,colepiechotta,-,1225.5,-1.88,1486.12,0.0,86.87,0.63,20,0.0,9,0.0,11,0.0,0,0.0,45.0,0.0,2026-01-18,-,0,989.0
-,-,Tsachi,-,1225.02,-1.71,1512.08,0.0,95.69,0.57,18,0.0,8,0.0,10,0.0,0,0.0,44.44,0.0,2023-04-16,-,0,-
965,-16,Luludumm,-,1224.77,-2.02,1467.71,0.0,80.98,0.67,24,0.0,11,0.0,13,0.0,0,0.0,45.83,0.0,2025-12-01,-,0,805.0
966,-14,ClaridadNocturna,ES,1224.65,0.15,1340.19,0.35,38.52,0.07,192,6.0,70,3.0,120,3.0,2,0.0,36.46,0.44,2026-07-26,-,0,700.0
-,-,Caracalla,-,1224.63,-4.03,1352.11,0.0,42.5,1.34,176,0.0,75,0.0,101,0.0,0,0.0,42.61,0.0,2025-02-28,-,0,1170.0
-,-,Gardir,-,1224.55,-3.3,1375.8,0.0,50.42,1.1,208,0.0,83,0.0,122,0.0,3,0.0,39.9,0.0,2024-04-04,G,6,-
967,-23,Panxo,CL,1224.47,-4.1,1346.35,0.0,40.63,1.37,124,0.0,48,0.0,74,0.0,2,0.0,38.71,0.0,2026-05-31,-,0,922.0
-,-,Vienneau,-,1224.31,-1.66,1519.53,0.0,98.41,0.55,24,0.0,12,0.0,12,0.0,0,0.0,50.0,0.0,2019-12-22,-,0,-
-,-,snowcrush,SG,1224.28,-2.9,1403.9,0.0,59.87,0.97,108,0.0,43,0.0,63,0.0,2,0.0,39.81,0.0,2022-11-27,-,0,-
968,-23,Francis88,-,1223.87,-4.34,1354.47,0.0,43.53,1.45,162,0.0,58,0.0,104,0.0,0,0.0,35.8,0.0,2025-10-06,-,0,611.0
969,-14,Jesaphi,-,1223.73,3.8,1325.03,3.73,33.77,-0.02,252,10.0,94,5.0,155,5.0,3,0.0,37.3,0.52,2026-08-10,-,0,536.0
-,-,Preadicator,-,1223.0,-1.34,1587.8,0.0,121.6,0.45,12,0.0,7,0.0,5,0.0,0,0.0,58.33,0.0,2020-11-28,-,0,-
970,-19,Madivar,-,1222.98,-2.1,1457.78,0.0,78.27,0.7,30,0.0,14,0.0,16,0.0,0,0.0,46.67,0.0,2026-03-13,-,0,1067.0
-,-,pootify,-,1222.6,-1.05,1691.69,0.0,156.37,0.35,8,0.0,4,0.0,4,0.0,0,0.0,50.0,0.0,2025-01-23,-,0,1067.0
-,-,Jiggling,-,1222.52,-2.52,1418.77,0.0,65.42,0.84,84,0.0,34,0.0,50,0.0,0,0.0,40.48,0.0,2022-08-26,-,0,-
-,-,lukewong,-,1222.35,-2.38,1429.84,0.0,69.16,0.79,54,0.0,23,0.0,30,0.0,1,0.0,42.59,0.0,2022-05-29,-,0,-
-,-,Arius,-,1221.91,-1.9,1479.82,0.0,85.97,0.63,24,0.0,12,0.0,12,0.0,0,0.0,50.0,0.0,2024-02-23,-,0,-
-,-,Ranior,US,1221.84,-1.54,1541.14,0.0,106.43,0.51,14,0.0,8,0.0,6,0.0,0,0.0,57.14,0.0,2025-03-11,-,0,872.0
-,-,DeNnY0810,-,1221.79,-3.1,1380.32,0.0,52.84,1.03,94,0.0,41,0.0,51,0.0,2,0.0,43.62,0.0,2024-03-17,-,0,-
971,-21,MeteorisVulcanus,NL,1221.52,-4.37,1335.13,0.0,37.87,1.46,156,0.0,60,0.0,96,0.0,0,0.0,38.46,0.0,2026-05-31,-,0,572.0
972,-19,Jobjobsdone,-,1221.22,-2.53,1415.91,0.0,64.89,0.84,44,0.0,18,0.0,25,0.0,1,0.0,40.91,0.0,2026-03-26,-,0,-
-,-,icarium_jag,-,1220.61,-2.08,1458.18,0.0,79.19,0.69,42,0.0,21,0.0,20,0.0,1,0.0,50.0,0.0,2021-12-05,-,0,-
-,-,Tugger,-,1220.38,-1.48,1550.27,0.0,109.97,0.49,18,0.0,10,0.0,8,0.0,0,0.0,55.56,0.0,2020-12-02,-,0,-
-,-,fygarslayer,-,1220.07,-2.16,1446.53,0.0,75.49,0.72,48,0.0,24,0.0,23,0.0,1,0.0,50.0,0.0,2021-03-02,-,0,-
973,-46,Fullynice,-,1219.81,-22.13,1303.85,-18.58,28.01,1.19,614,10.0,229,1.0,378,9.0,7,0.0,37.3,-0.45,2026-08-04,-,0,508.0
-,-,Durin_NL,NL,1219.42,-2.55,1411.7,0.0,64.09,0.85,66,0.0,30,0.0,35,0.0,1,0.0,45.45,0.0,2023-02-28,-,0,-
-,-,Drenteller,-,1219.34,-0.82,1813.98,0.0,198.22,0.27,6,0.0,6,0.0,0,0.0,0,0.0,100.0,0.0,2020-09-13,-,0,-
-,-,Fysh,-,1219.27,-1.56,1534.69,0.0,105.14,0.52,18,0.0,8,0.0,10,0.0,0,0.0,44.44,0.0,2021-12-05,-,0,-
-,-,ConorS,US,1219.23,-1.84,1486.27,0.0,89.02,0.61,24,0.0,14,0.0,9,0.0,1,0.0,58.33,0.0,2024-04-04,-,0,-
974,-14,Shiffdog,-,1219.13,0.53,1319.03,1.43,33.3,0.3,192,10.0,67,4.0,124,6.0,1,0.0,34.9,0.28,2026-08-01,-,0,520.0
-,-,Henstein,-,1218.24,-1.98,1466.21,0.0,82.66,0.66,32,0.0,13,0.0,19,0.0,0,0.0,40.62,0.0,2024-07-01,-,0,-
-,-,ReneTTA,-,1217.84,-1.59,1526.63,0.0,102.93,0.53,18,0.0,12,0.0,6,0.0,0,0.0,66.67,0.0,2024-09-15,-,0,-
-,-,OGWiseman,-,1217.56,-1.43,1559.02,0.0,113.82,0.48,12,0.0,8,0.0,4,0.0,0,0.0,66.67,0.0,2024-02-23,-,0,-
-,-,LeonardoDaVinci016,-,1217.56,-1.83,1487.03,0.0,89.82,0.61,26,0.0,10,0.0,16,0.0,0,0.0,38.46,0.0,2025-03-19,-,0,872.0
-,-,The_Law,ZA,1217.44,-4.55,1329.05,0.0,37.2,1.52,380,0.0,141,0.0,237,0.0,2,0.0,37.11,0.0,2025-04-17,-,0,778.0
-,-,wenyu0007,-,1217.18,-0.91,1751.94,0.0,178.25,0.3,6,0.0,6,0.0,0,0.0,0,0.0,100.0,0.0,2021-06-02,-,0,-
975,-18,Jurri,-,1217.09,-2.26,1434.88,0.0,72.6,0.75,30,0.0,17,0.0,13,0.0,0,0.0,56.67,0.0,2026-01-29,-,0,1106.0
976,-15,Bigsbyben,-,1217.03,-1.52,1540.06,0.0,107.68,0.51,14,0.0,7,0.0,7,0.0,0,0.0,50.0,0.0,2026-03-27,-,0,-
-,-,Museos,-,1216.84,-1.19,1628.4,0.0,137.19,0.4,12,0.0,8,0.0,4,0.0,0,0.0,66.67,0.0,2020-08-23,-,0,-
977,-129,OodOok,-,1216.5,-58.79,1409.71,-74.29,64.4,-5.16,42,6.0,19,1.0,23,5.0,0,0.0,45.24,-4.76,2026-07-14,-,0,1375.0
978,-19,kacavenda,-,1216.44,-2.25,1434.85,0.0,72.8,0.75,30,0.0,15,0.0,15,0.0,0,0.0,50.0,0.0,2026-05-31,-,0,-
979,9,Glamdring,-,1215.94,13.62,1326.67,15.3,36.91,0.56,342,6.0,136,4.0,202,2.0,4,0.0,39.77,0.48,2026-07-24,-,0,1174.0
-,-,KKluigi,-,1215.48,-3.57,1357.73,0.0,47.42,1.19,204,0.0,81,0.0,119,0.0,4,0.0,39.71,0.0,2024-02-28,-,0,-
-,-,Pat_the_Cat,-,1215.07,-1.67,1510.71,0.0,98.55,0.56,18,0.0,9,0.0,9,0.0,0,0.0,50.0,0.0,2024-07-01,-,0,-
980,-24,Ragnard,-,1214.76,-4.65,1329.96,0.0,38.4,1.55,328,0.0,125,0.0,197,0.0,6,0.0,38.11,0.0,2026-01-14,-,0,700.0
-,-,kirkowitz,-,1214.56,-1.45,1551.35,0.0,112.26,0.48,24,0.0,16,0.0,8,0.0,0,0.0,66.67,0.0,2020-11-26,-,0,-
-,-,chisuru,-,1214.46,-1.88,1475.88,0.0,87.14,0.63,24,0.0,10,0.0,14,0.0,0,0.0,41.67,0.0,2024-04-04,-,0,-
-,-,Jaack,-,1214.15,-2.7,1398.39,0.0,61.41,0.9,102,0.0,44,0.0,56,0.0,2,0.0,43.14,0.0,2022-02-23,-,0,-
-,-,luiza,-,1213.7,-1.74,1496.81,0.0,94.37,0.58,24,0.0,13,0.0,11,0.0,0,0.0,54.17,0.0,2021-12-05,-,0,-
-,-,ConquistadorColumbus,-,1213.58,-3.41,1361.91,0.0,49.45,1.14,144,0.0,51,0.0,92,0.0,1,0.0,35.42,0.0,2024-09-04,-,0,-
-,-,Garghi,IT,1213.43,-2.49,1411.94,0.0,66.17,0.83,46,0.0,24,0.0,22,0.0,0,0.0,52.17,0.0,2024-03-17,-,0,-
-,-,est,-,1213.41,-1.02,1691.59,0.0,159.39,0.34,6,0.0,5,0.0,1,0.0,0,0.0,83.33,0.0,2021-12-05,-,0,-
-,-,RogueMeeple,-,1213.29,-2.68,1396.87,0.0,61.2,0.89,102,0.0,48,0.0,54,0.0,0,0.0,47.06,0.0,2022-03-06,-,0,-
-,-,maciejka,-,1213.02,-1.39,1564.29,0.0,117.09,0.46,12,0.0,6,0.0,6,0.0,0,0.0,50.0,0.0,2024-04-04,-,0,-
981,-17,Biggi86,-,1212.51,-3.37,1358.91,0.0,48.8,1.12,90,0.0,40,0.0,50,0.0,0,0.0,44.44,0.0,2026-01-21,-,0,1067.0
-,-,pilalla,-,1212.41,-1.48,1545.29,0.0,110.96,0.49,18,0.0,10,0.0,8,0.0,0,0.0,55.56,0.0,2020-12-02,-,0,-
982,-16,Kozzilla,-,1211.52,-4.11,1334.49,0.0,40.99,1.37,162,0.0,56,0.0,104,0.0,2,0.0,34.57,0.0,2026-05-31,-,0,670.0
-,-,Lopesllm,-,1211.38,-2.17,1438.78,0.0,75.8,0.72,60,0.0,26,0.0,33,0.0,1,0.0,43.33,0.0,2020-09-06,G,2,-
-,-,Foujou,-,1211.37,-1.32,1581.82,0.0,123.48,0.44,12,0.0,7,0.0,5,0.0,0,0.0,58.33,0.0,2024-02-23,-,0,-
-,-,BedrockLP,-,1211.3,-1.84,1478.36,0.0,89.02,0.61,24,0.0,11,0.0,13,0.0,0,0.0,45.83,0.0,2024-04-04,-,0,-
983,-16,Krzolek,-,1211.19,-2.92,1379.84,0.0,56.21,0.97,54,0.0,23,0.0,31,0.0,0,0.0,42.59,0.0,2026-05-25,-,0,1381.0
-,-,Boerpopoer,-,1211.16,-1.98,1458.59,0.0,82.48,0.66,30,0.0,14,0.0,16,0.0,0,0.0,46.67,0.0,2022-03-06,-,0,-
-,-,ouTlier,-,1210.81,-1.02,1688.24,0.0,159.14,0.34,6,0.0,5,0.0,1,0.0,0,0.0,83.33,0.0,2024-12-02,-,0,989.0
-,-,DangerGranger,-,1210.76,-1.0,1699.92,0.0,163.05,0.33,6,0.0,5,0.0,1,0.0,0,0.0,83.33,0.0,2020-06-28,-,0,-
-,-,Mikael.S,-,1210.73,-1.84,1476.99,0.0,88.75,0.61,18,0.0,8,0.0,10,0.0,0,0.0,44.44,0.0,2025-03-07,-,0,939.0
-,-,Lennart,-,1210.7,-2.31,1426.1,0.0,71.8,0.77,62,0.0,28,0.0,34,0.0,0,0.0,45.16,0.0,2024-04-04,-,0,-
984,-22,PacoHolliday,-,1209.95,-8.52,1329.83,-9.01,39.96,-0.16,148,6.0,55,2.0,90,4.0,3,0.0,37.16,-0.16,2026-07-16,-,0,505.0
985,-16,Zero_1627,-,1209.71,-2.26,1427.97,0.0,72.75,0.75,30,0.0,14,0.0,16,0.0,0,0.0,46.67,0.0,2026-03-17,-,0,989.0
-,-,Maxart,-,1209.66,-2.07,1447.94,0.0,79.42,0.69,42,0.0,21,0.0,21,0.0,0,0.0,50.0,0.0,2021-12-05,-,0,-
986,-16,Silmegil,-,1209.3,-2.66,1395.38,0.0,62.03,0.89,72,0.0,27,0.0,45,0.0,0,0.0,37.5,0.0,2026-05-29,-,0,-
987,-39,DonStino,BE,1209.19,-17.98,1320.7,-16.95,37.17,0.34,336,8.0,117,0.0,218,8.0,1,0.0,34.82,-0.85,2026-07-15,-,0,1388.0
-,-,berpdreyfuss,-,1209.11,-3.12,1365.75,0.0,52.21,1.04,150,0.0,63,0.0,86,0.0,1,0.0,42.0,0.0,2023-03-01,-,0,-
-,-,Deardo,-,1209.0,-2.56,1401.73,0.0,64.24,0.85,90,0.0,38,0.0,51,0.0,1,0.0,42.22,0.0,2021-09-05,-,0,-
988,6,Gr33ny,-,1208.85,11.3,1295.23,14.25,28.8,0.98,550,10.0,196,7.0,353,3.0,1,0.0,35.64,0.64,2026-08-05,-,0,600.0
-,-,PajaBez,-,1208.64,-1.81,1479.78,0.0,90.38,0.6,36,0.0,20,0.0,16,0.0,0,0.0,55.56,0.0,2021-02-20,-,0,-
989,-21,MaxBoomer,DK,1208.41,-3.73,1342.92,0.0,44.84,1.24,112,0.0,47,0.0,65,0.0,0,0.0,41.96,0.0,2026-03-08,-,0,-
990,-18,creamyalfredo,-,1208.35,-1.78,1483.91,0.0,91.85,0.59,18,0.0,10,0.0,8,0.0,0,0.0,55.56,0.0,2026-01-07,-,0,937.0
991,-17,Wolfric,-,1208.14,-1.27,1593.64,0.0,128.5,0.42,12,0.0,6,0.0,6,0.0,0,0.0,50.0,0.0,2026-02-03,-,0,-
-,-,pdp01,-,1207.91,-2.65,1397.72,0.0,63.27,0.88,102,0.0,46,0.0,56,0.0,0,0.0,45.1,0.0,2021-11-15,-,0,-
-,-,kwarrend,US,1207.72,-1.57,1519.75,0.0,104.01,0.52,18,0.0,10,0.0,8,0.0,0,0.0,55.56,0.0,2023-03-01,-,0,-
-,-,SuwalaT,-,1207.59,-3.08,1374.55,0.0,55.65,1.03,180,0.0,64,0.0,113,0.0,3,0.0,35.56,0.0,2023-09-03,G,2,-
992,-21,Igordol,-,1207.5,-4.09,1338.71,0.0,43.74,1.36,124,0.0,41,0.0,81,0.0,2,0.0,33.06,0.0,2026-05-31,-,0,1174.0
-,-,Gustavus_Adolphus,-,1206.9,-1.54,1525.78,0.0,106.29,0.51,14,0.0,7,0.0,7,0.0,0,0.0,50.0,0.0,2025-03-19,-,0,939.0
-,-,mazir,-,1206.48,-3.69,1346.49,0.0,46.67,1.23,140,0.0,56,0.0,84,0.0,0,0.0,40.0,0.0,2024-09-04,-,0,-
-,-,Manish05,-,1206.37,-2.04,1448.87,0.0,80.83,0.68,48,0.0,22,0.0,25,0.0,1,0.0,45.83,0.0,2021-03-02,G,2,-
993,-17,Azerbaperro,-,1205.65,-1.99,1451.9,0.0,82.08,0.66,22,0.0,8,0.0,14,0.0,0,0.0,36.36,0.0,2026-03-24,-,0,989.0
-,-,8bitMeeple,-,1205.21,-3.1,1365.23,0.0,53.34,1.03,174,0.0,70,0.0,103,0.0,1,0.0,40.23,0.0,2023-01-15,-,0,-
994,-16,Stedam,-,1204.4,-2.02,1447.36,0.0,80.99,0.67,28,0.0,13,0.0,15,0.0,0,0.0,46.43,0.0,2026-03-17,-,0,939.0
-,-,Tafareeeeel,-,1204.15,-1.52,1526.06,0.0,107.3,0.51,18,0.0,10,0.0,8,0.0,0,0.0,55.56,0.0,2022-03-06,-,0,-
996,-15,Dolling,-,1204.07,-1.78,1478.57,0.0,91.5,0.59,22,0.0,11,0.0,11,0.0,0,0.0,50.0,0.0,2026-03-12,-,0,1118.0
995,-13,vansmith3555,-,1204.07,-1.72,1488.83,0.0,94.92,0.57,18,0.0,9,0.0,9,0.0,0,0.0,50.0,0.0,2026-03-17,-,0,-
-,-,Marassi,BR,1203.96,-3.11,1364.19,0.0,53.41,1.04,140,0.0,61,0.0,79,0.0,0,0.0,43.57,0.0,2023-02-22,-,0,-
997,-20,Brickmarck,-,1203.96,-3.53,1344.32,0.0,46.79,1.18,114,0.0,45,0.0,69,0.0,0,0.0,39.47,0.0,2026-03-30,-,0,1067.0
998,-69,Wyszek,-,1203.8,-37.7,1429.71,-55.89,75.3,-6.06,34,4.0,14,1.0,19,3.0,1,0.0,41.18,-2.15,2026-07-28,-,0,1067.0
999,-20,Rivendell,-,1203.05,-3.2,1357.48,0.0,51.48,1.07,204,0.0,76,0.0,127,0.0,1,0.0,37.25,0.0,2025-12-08,-,0,-
-,-,Rabus,DE,1203.01,-3.1,1361.36,0.0,52.78,1.03,114,0.0,49,0.0,65,0.0,0,0.0,42.98,0.0,2024-04-04,-,0,-
-,-,Ananasantti,FI,1202.82,-3.86,1328.35,0.0,41.84,1.29,406,0.0,151,0.0,252,0.0,3,0.0,37.19,0.0,2024-04-04,-,0,-
-,-,majortom111,-,1202.69,-2.64,1390.12,0.0,62.48,0.88,80,0.0,36,0.0,44,0.0,0,0.0,45.0,0.0,2023-03-01,-,0,-
1000,-16,ginociccio,-,1202.22,-2.07,1440.82,0.0,79.53,0.69,24,0.0,9,0.0,15,0.0,0,0.0,37.5,0.0,2026-03-15,-,0,939.0
-,-,Chul,-,1201.78,-2.46,1402.79,0.0,67.0,0.82,114,0.0,57,0.0,56,0.0,1,0.0,50.0,0.0,2020-12-02,G,2,-
-,-,betweenworlds,IN,1201.53,-4.18,1321.76,0.0,40.08,1.39,302,0.0,114,0.0,184,0.0,4,0.0,37.75,0.0,2025-01-15,-,0,1245.0
1001,-15,Kayser,-,1201.01,-2.28,1416.38,0.0,71.79,0.76,32,0.0,13,0.0,18,0.0,1,0.0,40.62,0.0,2026-03-21,-,0,872.0
-,-,PietroLiVoti,-,1200.48,-2.36,1411.61,0.0,70.37,0.79,72,0.0,30,0.0,42,0.0,0,0.0,41.67,0.0,2020-09-06,G,4,-
1002,-15,DonutRapist,-,1200.25,-2.16,1427.57,0.0,75.78,0.72,30,0.0,12,0.0,18,0.0,0,0.0,40.0,0.0,2026-01-20,-,0,729.0
-,-,karatox,-,1200.23,-4.32,1324.98,0.0,41.58,1.44,314,0.0,123,0.0,187,0.0,4,0.0,39.17,0.0,2024-10-01,-,0,-
-,-,MrTriangle,-,1199.94,-2.08,1437.99,0.0,79.35,0.69,30,0.0,15,0.0,15,0.0,0,0.0,50.0,0.0,2024-09-04,-,0,-
1003,-7,KorXo,ES,1199.89,3.32,1297.7,6.9,32.6,1.19,594,6.0,235,3.0,351,3.0,8,0.0,39.56,0.1,2026-07-13,G,2,596.0
1004,-24,Everex,CZ,1199.69,-6.52,1295.14,-3.46,31.81,1.02,414,6.0,139,2.0,271,4.0,4,0.0,33.57,-0.01,2026-07-26,-,0,628.0
1005,344,Marabu8,-,1199.5,542.15,1530.7,297.15,110.4,-81.67,14,10.0,9,7.0,5,3.0,0,0.0,64.29,14.29,2026-08-02,-,0,-
-,-,nchoong,MY,1199.42,-2.16,1425.9,0.0,75.49,0.72,30,0.0,13,0.0,17,0.0,0,0.0,43.33,0.0,2024-09-15,-,0,-
-,-,szaibot,-,1199.23,-2.65,1387.58,0.0,62.78,0.88,120,0.0,51,0.0,69,0.0,0,0.0,42.5,0.0,2021-09-05,-,0,-
1006,-17,yezebel,-,1198.98,-3.08,1358.91,0.0,53.31,1.03,60,0.0,22,0.0,38,0.0,0,0.0,36.67,0.0,2026-04-15,-,0,1118.0
-,-,Rancho,-,1198.59,-2.87,1369.85,0.0,57.09,0.96,78,0.0,32,0.0,46,0.0,0,0.0,41.03,0.0,2024-05-28,-,0,-
-,-,Piotr33,PL,1198.49,-3.32,1347.75,0.0,49.75,1.11,132,0.0,47,0.0,84,0.0,1,0.0,35.61,0.0,2024-05-28,-,0,-
-,-,jamieIsMyNamie,-,1198.42,-2.73,1387.66,0.0,63.08,0.91,120,0.0,49,0.0,69,0.0,2,0.0,40.83,0.0,2021-08-26,-,0,-
-,-,CountFab,-,1198.41,-1.68,1490.72,0.0,97.44,0.56,18,0.0,9,0.0,9,0.0,0,0.0,50.0,0.0,2025-03-21,-,0,872.0
-,-,Ayakonutty,-,1198.31,-1.84,1464.48,0.0,88.72,0.61,24,0.0,12,0.0,12,0.0,0,0.0,50.0,0.0,2025-01-30,-,0,780.0
-,-,Kunizial,-,1198.0,-1.33,1566.33,0.0,122.78,0.44,12,0.0,6,0.0,6,0.0,0,0.0,50.0,0.0,2025-02-01,-,0,989.0
-,-,FlyingDutchman,NL,1197.98,-1.4,1547.13,0.0,116.38,0.47,18,0.0,9,0.0,9,0.0,0,0.0,50.0,0.0,2019-02-10,-,0,-
-,-,Devius,-,1197.97,-1.65,1496.04,0.0,99.36,0.55,18,0.0,6,0.0,12,0.0,0,0.0,33.33,0.0,2024-07-01,-,0,-
1007,-17,Alebv,-,1197.8,-2.1,1431.7,0.0,77.96,0.7,30,0.0,15,0.0,15,0.0,0,0.0,50.0,0.0,2026-01-23,-,0,939.0
-,-,Dugy,-,1197.68,-2.91,1369.34,0.0,57.22,0.97,100,0.0,41,0.0,59,0.0,0,0.0,41.0,0.0,2023-06-04,-,0,-
-,-,Narsil,-,1197.58,-1.72,1482.73,0.0,95.05,0.57,30,0.0,18,0.0,10,0.0,2,0.0,60.0,0.0,2021-02-17,-,0,-
1008,-17,Loscy,-,1196.68,-2.24,1417.69,0.0,73.67,0.75,30,0.0,13,0.0,17,0.0,0,0.0,43.33,0.0,2026-03-14,-,0,-
-,-,forthetop,-,1195.92,-1.55,1512.97,0.0,105.68,0.52,24,0.0,12,0.0,12,0.0,0,0.0,50.0,0.0,2020-09-06,-,0,-
1009,-24,Dienekes,-,1195.67,-8.01,1281.82,-3.46,28.72,1.52,680,10.0,223,2.0,453,8.0,4,0.0,32.79,-0.2,2026-08-02,-,0,533.0
-,-,GAM3NURD,US,1195.64,-3.29,1349.64,0.0,51.33,1.1,146,0.0,58,0.0,81,0.0,7,0.0,39.73,0.0,2024-12-04,-,0,1287.0
-,-,Engelpopengel,-,1195.3,-1.98,1443.08,0.0,82.59,0.66,30,0.0,15,0.0,15,0.0,0,0.0,50.0,0.0,2022-03-06,-,0,-
-,-,hwang,-,1195.16,-1.45,1535.24,0.0,113.36,0.48,12,0.0,6,0.0,6,0.0,0,0.0,50.0,0.0,2023-03-01,-,0,-
-,-,SonnyBB,-,1195.03,-1.78,1471.49,0.0,92.15,0.59,24,0.0,16,0.0,8,0.0,0,0.0,66.67,0.0,2022-02-26,-,0,-
-,-,SwedishFish,-,1195.01,-1.13,1629.68,0.0,144.89,0.38,6,0.0,4,0.0,2,0.0,0,0.0,66.67,0.0,2024-12-11,-,0,1184.0
-,-,Azian,-,1194.86,-2.6,1382.96,0.0,62.7,0.87,108,0.0,46,0.0,60,0.0,2,0.0,42.59,0.0,2022-02-27,-,0,-
-,-,Rutgers,-,1194.27,-2.49,1392.0,0.0,65.91,0.83,66,0.0,30,0.0,35,0.0,1,0.0,45.45,0.0,2022-02-23,-,0,-
1010,-15,Rebel_Rebs,-,1194.14,-2.77,1306.26,0.15,37.38,0.97,148,4.0,54,2.0,93,2.0,1,0.0,36.49,0.38,2026-07-28,-,0,836.0
-,-,vosos,-,1194.11,-1.74,1476.2,0.0,94.03,0.58,30,0.0,19,0.0,11,0.0,0,0.0,63.33,0.0,2021-08-28,-,0,-
-,-,DalHangAri,-,1194.08,-2.25,1414.38,0.0,73.43,0.75,54,0.0,26,0.0,27,0.0,1,0.0,48.15,0.0,2022-06-05,-,0,-
-,-,Nanu,-,1194.02,-1.49,1522.46,0.0,109.48,0.5,12,0.0,5,0.0,7,0.0,0,0.0,41.67,0.0,2025-01-17,-,0,939.0
-,-,PiftaIsItYou,-,1193.86,-2.64,1382.51,0.0,62.88,0.88,108,0.0,46,0.0,59,0.0,3,0.0,42.59,0.0,2023-06-04,G,2,-
-,-,TepSloan,-,1193.44,-3.3,1343.33,0.0,49.97,1.1,174,0.0,71,0.0,100,0.0,3,0.0,40.8,0.0,2023-08-24,-,0,-
1011,-19,JohnnyMac,-,1193.01,-5.84,1279.06,-2.16,28.69,1.23,636,10.0,228,3.0,397,7.0,11,0.0,35.85,-0.09,2026-08-04,-,0,512.0
-,-,Fler,-,1192.86,-2.08,1430.32,0.0,79.15,0.69,66,0.0,30,0.0,35,0.0,1,0.0,45.45,0.0,2020-09-13,-,0,-
1012,-29,xeveli,CZ,1192.57,-12.71,1291.71,-10.41,33.05,0.76,280,6.0,91,1.0,189,5.0,0,0.0,32.5,-0.35,2026-07-17,-,0,687.0
1013,-13,bobcatbob,-,1192.23,0.98,1278.15,4.22,28.64,1.08,506,10.0,171,5.0,332,4.0,3,1.0,33.79,0.32,2026-08-11,-,0,565.0
-,-,RobinTheDragon,-,1192.06,-2.6,1380.82,0.0,62.92,0.87,54,0.0,25,0.0,29,0.0,0,0.0,46.3,0.0,2025-01-26,-,0,1067.0
1014,-16,LeBonus,CA,1191.97,-1.99,1438.78,0.0,82.27,0.66,26,0.0,11,0.0,15,0.0,0,0.0,42.31,0.0,2026-01-24,-,0,622.0
-,-,Amstrid,-,1191.55,-2.17,1420.67,0.0,76.37,0.72,42,0.0,19,0.0,23,0.0,0,0.0,45.24,0.0,2023-01-15,-,0,-
-,-,Alyx,-,1191.28,-2.13,1424.25,0.0,77.66,0.71,54,0.0,23,0.0,30,0.0,1,0.0,42.59,0.0,2021-03-02,-,0,-
-,-,Johannes_n94,-,1190.81,-1.77,1466.79,0.0,92.0,0.59,22,0.0,11,0.0,11,0.0,0,0.0,50.0,0.0,2023-06-28,-,0,-
-,-,ActuaryKing,-,1190.76,-2.1,1425.95,0.0,78.4,0.7,60,0.0,29,0.0,31,0.0,0,0.0,48.33,0.0,2021-03-02,-,0,-
-,-,Mochi1214,-,1190.38,-1.37,1546.64,0.0,118.75,0.46,12,0.0,7,0.0,5,0.0,0,0.0,58.33,0.0,2024-02-23,-,0,-
-,-,norkle,-,1189.85,-2.31,1405.02,0.0,71.72,0.77,72,0.0,26,0.0,44,0.0,2,0.0,36.11,0.0,2021-06-02,-,0,-
1015,-18,thomas.h.hoff,NO,1189.36,-5.66,1296.5,-2.99,35.72,0.89,222,4.0,70,1.0,151,3.0,1,0.0,31.53,-0.12,2026-07-29,-,0,690.0
1016,-17,SullyWully,-,1188.92,-2.43,1391.27,0.0,67.45,0.81,42,0.0,18,0.0,24,0.0,0,0.0,42.86,0.0,2026-01-27,-,0,783.0
-,-,ShifuZan,-,1188.9,-1.8,1460.37,0.0,90.49,0.6,24,0.0,12,0.0,12,0.0,0,0.0,50.0,0.0,2021-11-26,-,0,-
-,-,venansula,-,1188.71,-3.23,1343.05,0.0,51.45,1.08,144,0.0,58,0.0,83,0.0,3,0.0,40.28,0.0,2023-12-03,-,0,-
-,-,Mandrillus,-,1188.63,-1.89,1448.03,0.0,86.47,0.63,24,0.0,11,0.0,13,0.0,0,0.0,45.83,0.0,2023-03-01,-,0,-
1017,-9,prozio,-,1188.63,3.8,1328.71,-2.87,46.69,-2.22,84,10.0,33,3.0,48,6.0,3,1.0,39.29,-1.25,2026-08-12,-,0,1287.0
1018,17,Mammaklaskern,-,1188.49,17.1,1422.69,-19.36,78.07,-12.16,24,6.0,11,2.0,13,4.0,0,0.0,45.83,-4.17,2026-07-10,-,0,1375.0
-,-,T-dawg,US,1188.14,-1.54,1505.95,0.0,105.94,0.51,12,0.0,7,0.0,5,0.0,0,0.0,58.33,0.0,2024-09-15,-,0,-
1019,-18,vuffe,-,1187.88,-1.38,1542.6,0.0,118.24,0.46,12,0.0,6,0.0,6,0.0,0,0.0,50.0,0.0,2026-01-31,-,0,-
1020,-18,QAS,-,1187.71,-1.54,1506.8,0.0,106.36,0.51,14,0.0,6,0.0,8,0.0,0,0.0,42.86,0.0,2026-03-16,-,0,-
-,-,Splitx,-,1187.31,-2.55,1384.46,0.0,65.72,0.85,78,0.0,28,0.0,46,0.0,4,0.0,35.9,0.0,2021-11-16,-,0,-
-,-,Pluppo,-,1187.28,-1.95,1439.29,0.0,84.01,0.65,36,0.0,17,0.0,19,0.0,0,0.0,47.22,0.0,2021-09-05,-,0,-
1021,-18,deandedean,-,1186.36,-2.24,1408.47,0.0,74.04,0.75,30,0.0,14,0.0,15,0.0,1,0.0,46.67,0.0,2026-03-13,-,0,989.0
-,-,Kleopatra,-,1186.23,-1.57,1498.64,0.0,104.14,0.52,18,0.0,9,0.0,9,0.0,0,0.0,50.0,0.0,2021-03-02,-,0,-
-,-,Dave8,-,1186.07,-1.56,1500.47,0.0,104.8,0.52,18,0.0,11,0.0,7,0.0,0,0.0,61.11,0.0,2021-12-05,-,0,-
-,-,sleepytown,US,1185.9,-2.74,1364.95,0.0,59.68,0.91,78,0.0,32,0.0,45,0.0,1,0.0,41.03,0.0,2023-02-24,-,0,-
-,-,Massi1971,-,1185.86,-2.06,1425.66,0.0,79.93,0.69,48,0.0,20,0.0,28,0.0,0,0.0,41.67,0.0,2021-03-02,-,0,-
-,-,RooK666,-,1185.53,-1.03,1658.91,0.0,157.79,0.34,6,0.0,5,0.0,1,0.0,0,0.0,83.33,0.0,2021-09-05,-,0,-
-,-,Fall87,-,1185.35,-2.73,1367.93,0.0,60.86,0.91,96,0.0,40,0.0,56,0.0,0,0.0,41.67,0.0,2022-03-06,-,0,-
1022,-18,ahr,-,1185.15,-1.51,1509.46,0.0,108.1,0.5,12,0.0,5,0.0,7,0.0,0,0.0,41.67,0.0,2026-02-01,-,0,-
1023,new,klokwork,-,1185.01,735.01,1572.36,72.36,129.12,129.12,8,8.0,5,5.0,3,3.0,0,0.0,62.5,62.5,2026-08-04,-,0,-
-,-,Roksis,-,1185.01,-3.22,1343.29,0.0,52.76,1.07,204,0.0,80,0.0,124,0.0,0,0.0,39.22,0.0,2023-01-15,G,2,-
-,-,Daniel87,-,1184.95,-1.67,1477.75,0.0,97.6,0.56,24,0.0,14,0.0,10,0.0,0,0.0,58.33,0.0,2021-02-20,-,0,-
-,-,thegruffalo,-,1184.86,-1.43,1527.72,0.0,114.29,0.48,12,0.0,6,0.0,6,0.0,0,0.0,50.0,0.0,2025-01-24,-,0,989.0
-,-,Macin,-,1184.69,-1.93,1438.67,0.0,84.66,0.64,22,0.0,12,0.0,10,0.0,0,0.0,54.55,0.0,2025-07-28,-,0,1259.0
-,-,joniboni,-,1184.65,-1.61,1488.5,0.0,101.28,0.54,18,0.0,9,0.0,9,0.0,0,0.0,50.0,0.0,2024-04-04,-,0,786.0
-,-,Mikio,-,1184.59,-1.5,1513.95,0.0,109.78,0.5,18,0.0,6,0.0,12,0.0,0,0.0,33.33,0.0,2020-12-02,-,0,-
-,-,MetaWiz,-,1184.17,-3.13,1341.99,0.0,52.61,1.04,180,0.0,66,0.0,114,0.0,0,0.0,36.67,0.0,2023-05-25,-,0,-
1024,-18,Mirceamsc1,-,1183.28,-2.23,1404.66,0.0,73.79,0.74,36,0.0,14,0.0,22,0.0,0,0.0,38.89,0.0,2026-02-03,-,0,1067.0
1025,-20,Nopeasuoli,FI,1183.22,-2.47,1382.34,0.0,66.37,0.82,36,0.0,17,0.0,19,0.0,0,0.0,47.22,0.0,2026-01-22,-,0,845.0
-,-,Abssalom,-,1183.05,-1.33,1550.61,0.0,122.52,0.44,12,0.0,8,0.0,4,0.0,0,0.0,66.67,0.0,2023-12-03,-,0,-
1026,-16,spdwhat,-,1182.9,-1.87,1445.31,0.0,87.47,0.62,18,0.0,7,0.0,10,0.0,1,0.0,38.89,0.0,2026-03-23,-,0,-
1027,-69,Olunia,-,1182.87,-35.85,1320.11,-42.61,45.75,-2.25,84,10.0,30,0.0,52,10.0,2,0.0,35.71,-4.83,2026-07-30,-,0,1416.0
1028,-21,Repick,-,1182.61,-2.52,1378.26,0.0,65.22,0.84,48,0.0,17,0.0,31,0.0,0,0.0,35.42,0.0,2026-01-26,-,0,989.0
1029,-17,vulinhchelsea,-,1182.25,-1.74,1463.42,0.0,93.72,0.58,16,0.0,8,0.0,8,0.0,0,0.0,50.0,0.0,2026-02-26,-,0,-
1030,-19,Spudman,-,1182.17,-2.51,1379.47,0.0,65.77,0.84,48,0.0,20,0.0,28,0.0,0,0.0,41.67,0.0,2026-05-24,-,0,-
-,-,Tmer,-,1181.79,-1.83,1450.91,0.0,89.71,0.61,18,0.0,8,0.0,10,0.0,0,0.0,44.44,0.0,2025-03-14,-,0,754.0
1031,-18,Chrono_,-,1181.46,-2.49,1378.56,0.0,65.7,0.83,44,0.0,18,0.0,26,0.0,0,0.0,40.91,0.0,2026-01-19,-,0,534.0
-,-,The_strategiser,FR,1181.33,-2.25,1400.42,0.0,73.03,0.75,32,0.0,12,0.0,18,0.0,2,0.0,37.5,0.0,2024-09-15,-,0,-
-,-,Tombo,-,1180.55,-1.12,1618.51,0.0,145.99,0.37,6,0.0,5,0.0,1,0.0,0,0.0,83.33,0.0,2023-04-04,-,0,-
-,-,Elendil,-,1180.42,-3.2,1334.18,0.0,51.25,1.07,174,0.0,70,0.0,103,0.0,1,0.0,40.23,0.0,2024-09-04,-,0,-
1032,48,blackwave,CN,1180.08,41.33,1358.97,25.76,59.63,-5.19,48,8.0,16,3.0,29,4.0,3,1.0,33.33,0.83,2026-08-04,-,0,655.0
-,-,Ender_Wiggin,CN,1180.06,-1.39,1531.15,0.0,117.03,0.46,12,0.0,6,0.0,6,0.0,0,0.0,50.0,0.0,2020-12-02,-,0,-
1033,-24,DeZet,-,1179.95,-4.88,1285.04,0.0,35.03,1.63,314,0.0,108,0.0,201,0.0,5,0.0,34.39,0.0,2025-11-30,-,0,697.0
-,-,pyjamarama,-,1179.9,-1.27,1566.29,0.0,128.8,0.42,12,0.0,7,0.0,5,0.0,0,0.0,58.33,0.0,2020-09-13,-,0,-
1034,-20,EKogon,-,1179.88,-2.57,1371.41,0.0,63.84,0.86,42,0.0,17,0.0,25,0.0,0,0.0,40.48,0.0,2026-01-18,-,0,928.0
-,-,Misio,-,1179.79,-1.82,1451.55,0.0,90.59,0.61,36,0.0,18,0.0,18,0.0,0,0.0,50.0,0.0,2020-11-24,-,0,-
-,-,FeedmeHR,-,1179.65,-0.97,1682.53,0.0,167.63,0.32,6,0.0,4,0.0,2,0.0,0,0.0,66.67,0.0,2020-06-28,-,0,-
-,-,nge,-,1179.1,-1.83,1446.99,0.0,89.3,0.61,24,0.0,11,0.0,13,0.0,0,0.0,45.83,0.0,2025-01-31,-,0,1184.0
1035,-20,Dani91,-,1178.94,-2.94,1347.03,0.0,56.03,0.98,60,0.0,27,0.0,32,0.0,1,0.0,45.0,0.0,2025-11-30,-,0,932.0
-,-,SandorClegan,-,1178.74,-1.48,1509.83,0.0,110.36,0.49,18,0.0,9,0.0,9,0.0,0,0.0,50.0,0.0,2020-12-02,-,0,-
-,-,Alnur,-,1178.39,-2.67,1362.14,0.0,61.25,0.89,68,0.0,29,0.0,39,0.0,0,0.0,42.65,0.0,2023-05-25,-,0,-
-,-,Graankoning,-,1178.3,-2.47,1379.17,0.0,66.96,0.82,60,0.0,25,0.0,34,0.0,1,0.0,41.67,0.0,2023-02-12,-,0,1287.0
1036,-17,Perrary,-,1177.76,-2.08,1414.26,0.0,78.83,0.69,24,0.0,13,0.0,11,0.0,0,0.0,54.17,0.0,2026-01-28,-,0,989.0
-,-,Sprox,-,1176.96,-1.54,1494.15,0.0,105.73,0.51,14,0.0,7,0.0,7,0.0,0,0.0,50.0,0.0,2024-04-04,-,0,-
-,-,KrolKarol,-,1176.59,-1.57,1488.83,0.0,104.08,0.52,18,0.0,8,0.0,10,0.0,0,0.0,44.44,0.0,2024-04-04,-,0,-
1037,-21,FabioBE81,-,1176.58,-4.94,1278.79,0.0,34.07,1.65,300,0.0,95,0.0,204,0.0,1,0.0,31.67,0.0,2026-05-31,-,0,718.0
1038,-21,RJonkers,NL,1176.01,-4.71,1280.99,0.0,34.99,1.57,370,0.0,129,0.0,237,0.0,4,0.0,34.86,0.0,2026-01-26,-,0,655.0
-,-,Martinsunbeam,-,1175.87,-2.65,1360.52,0.0,61.55,0.88,102,0.0,42,0.0,59,0.0,1,0.0,41.18,0.0,2022-06-05,-,0,-
-,-,Foloppo_Monty,-,1175.42,-1.67,1468.65,0.0,97.75,0.56,24,0.0,10,0.0,14,0.0,0,0.0,41.67,0.0,2020-12-02,-,0,-
-,-,Nyalala,-,1175.23,-0.92,1704.54,0.0,176.44,0.31,6,0.0,5,0.0,1,0.0,0,0.0,83.33,0.0,2020-03-15,-,0,-
-,-,fraction,-,1175.22,-3.13,1336.97,0.0,53.92,1.04,182,0.0,67,0.0,109,0.0,6,0.0,36.81,0.0,2024-04-04,-,0,-
1039,unretired,lavasija,-,1175.1,-19.88,1326.04,-24.44,50.31,-1.52,78,6.0,31,0.0,45,6.0,2,0.0,39.74,-3.32,2026-07-22,-,0,1277.0
-,-,Benici,-,1174.99,-1.46,1510.1,0.0,111.7,0.49,12,0.0,6,0.0,6,0.0,0,0.0,50.0,0.0,2024-04-04,-,0,-
-,-,draxius,-,1174.89,-2.07,1412.25,0.0,79.12,0.69,32,0.0,14,0.0,18,0.0,0,0.0,43.75,0.0,2024-04-04,-,0,-
1040,-17,snowjotunn,-,1174.87,-1.43,1518.24,0.0,114.46,0.48,12,0.0,7,0.0,5,0.0,0,0.0,58.33,0.0,2026-01-24,-,0,-
1041,-17,Rasti,-,1174.77,-1.33,1542.27,0.0,122.5,0.44,12,0.0,8,0.0,4,0.0,0,0.0,66.67,0.0,2025-11-24,-,0,1287.0
1042,-21,salvor7,CA,1174.72,-2.18,1399.48,0.0,74.92,0.73,36,0.0,14,0.0,21,0.0,1,0.0,38.89,0.0,2026-01-24,-,0,1067.0
-,-,master176281,DE,1174.44,-3.36,1327.68,0.0,51.08,1.12,236,0.0,95,0.0,137,0.0,4,0.0,40.25,0.0,2023-02-24,-,0,-
-,-,PedrinhoPT,-,1174.23,-1.63,1474.74,0.0,100.17,0.54,18,0.0,9,0.0,9,0.0,0,0.0,50.0,0.0,2024-04-04,-,0,-
1043,-23,Abuceb,-,1173.54,-4.09,1311.53,-6.14,45.99,-0.68,90,6.0,34,1.0,55,5.0,1,0.0,37.78,-1.51,2026-07-19,-,0,849.0
-,-,gxmarantes,-,1173.04,-0.91,1711.57,0.0,179.51,0.3,6,0.0,5,0.0,1,0.0,0,0.0,83.33,0.0,2019-09-30,-,0,-
1044,-19,Zazabuzao,-,1173.0,-2.82,1347.53,0.0,58.18,0.94,60,0.0,23,0.0,37,0.0,0,0.0,38.33,0.0,2025-10-04,-,0,1116.0
1045,-18,JakPut,-,1172.72,-1.89,1432.04,0.0,86.44,0.63,26,0.0,12,0.0,13,0.0,1,0.0,46.15,0.0,2026-01-23,-,0,872.0
1047,-29,mooscolly,AU,1172.67,-7.37,1271.26,-3.05,32.86,1.44,438,4.0,128,1.0,310,3.0,0,0.0,29.22,-0.04,2026-08-03,-,0,720.0
1046,-18,juzze,-,1172.67,-1.81,1443.23,0.0,90.19,0.6,18,0.0,7,0.0,11,0.0,0,0.0,38.89,0.0,2026-03-18,-,0,-
-,-,alienchick,-,1172.43,-2.32,1389.27,0.0,72.28,0.77,54,0.0,21,0.0,32,0.0,1,0.0,38.89,0.0,2021-08-16,-,0,-
-,-,Viler,-,1172.3,-2.81,1349.92,0.0,59.21,0.94,96,0.0,37,0.0,58,0.0,1,0.0,38.54,0.0,2024-03-03,-,0,-
1048,-22,sirlenon,-,1172.29,-2.52,1367.91,0.0,65.21,0.84,38,0.0,14,0.0,24,0.0,0,0.0,36.84,0.0,2026-01-22,-,0,742.0
-,-,Samus,-,1172.28,-1.79,1445.37,0.0,91.03,0.6,30,0.0,11,0.0,19,0.0,0,0.0,36.67,0.0,2020-12-02,-,0,-
-,-,Faustoguby,-,1172.24,-3.24,1326.91,0.0,51.56,1.08,166,0.0,63,0.0,101,0.0,2,0.0,37.95,0.0,2024-02-23,-,0,-
1049,-20,LordMichaelDerGrosse,-,1172.1,-1.93,1426.67,0.0,84.86,0.64,24,0.0,13,0.0,11,0.0,0,0.0,54.17,0.0,2026-01-24,-,0,1118.0
-,-,Swaraj,-,1171.38,-2.19,1396.37,0.0,75.0,0.73,48,0.0,23,0.0,25,0.0,0,0.0,47.92,0.0,2022-06-05,G,2,-
1050,-20,srapi,-,1171.21,-1.68,1463.14,0.0,97.31,0.56,16,0.0,6,0.0,10,0.0,0,0.0,37.5,0.0,2025-12-04,-,0,872.0
-,-,Liosan,-,1171.14,-2.76,1348.52,0.0,59.13,0.92,102,0.0,44,0.0,58,0.0,0,0.0,43.14,0.0,2022-11-30,-,0,-
-,-,Hunkwithsomefunk,-,1171.09,-1.38,1524.69,0.0,117.87,0.46,12,0.0,7,0.0,5,0.0,0,0.0,58.33,0.0,2021-05-28,-,0,-
1051,-13,Rob51,NL,1171.05,1.7,1277.84,5.21,35.6,1.17,312,4.0,114,2.0,197,2.0,1,0.0,36.54,0.18,2026-08-04,-,0,857.0
-,-,BusyBeaver,-,1170.82,-1.04,1643.02,0.0,157.4,0.35,12,0.0,9,0.0,3,0.0,0,0.0,75.0,0.0,2020-08-24,-,0,-
1052,-18,Viktoria301296,-,1170.29,-1.14,1598.85,0.0,142.85,0.38,8,0.0,6,0.0,2,0.0,0,0.0,75.0,0.0,2026-01-20,-,0,-
-,-,Brzoza,-,1170.24,-2.16,1399.03,0.0,76.27,0.72,42,0.0,20,0.0,22,0.0,0,0.0,47.62,0.0,2021-05-25,-,0,-
1053,-22,Donkeroo,-,1170.21,-1.87,1432.71,0.0,87.5,0.62,24,0.0,10,0.0,14,0.0,0,0.0,41.67,0.0,2026-02-01,-,0,1118.0
1054,-21,Gramadancho,-,1169.72,-1.85,1435.49,0.0,88.59,0.62,24,0.0,11,0.0,13,0.0,0,0.0,45.83,0.0,2026-01-23,-,0,1118.0
-,-,Iba,-,1169.03,-2.95,1340.79,0.0,57.25,0.98,144,0.0,56,0.0,87,0.0,1,0.0,38.89,0.0,2022-12-04,-,0,-
-,-,icecreamsushi,US,1168.61,-1.2,1578.23,0.0,136.54,0.4,6,0.0,4,0.0,2,0.0,0,0.0,66.67,0.0,2024-09-15,-,0,-
1055,-4,Wombelbat,-,1168.53,7.29,1288.85,6.88,40.11,-0.14,210,6.0,63,3.0,146,3.0,1,0.0,30.0,0.59,2026-07-12,-,0,1375.0
-,-,MySAK,-,1168.04,-2.5,1365.29,0.0,65.75,0.83,78,0.0,30,0.0,45,0.0,3,0.0,38.46,0.0,2021-09-05,-,0,-
1056,-4,Archangel,-,1168.03,6.93,1325.82,-7.08,52.6,-4.67,56,10.0,25,3.0,31,7.0,0,0.0,44.64,-3.19,2026-08-04,-,0,1257.0
-,-,nasing,-,1168.02,-1.79,1443.12,0.0,91.7,0.6,36,0.0,15,0.0,21,0.0,0,0.0,41.67,0.0,2023-01-15,-,0,-
-,-,Locto,-,1167.94,-2.49,1367.67,0.0,66.58,0.83,84,0.0,35,0.0,49,0.0,0,0.0,41.67,0.0,2021-08-29,-,0,-
1057,-21,MarcoM,-,1167.87,-3.11,1326.54,0.0,52.89,1.04,74,0.0,25,0.0,48,0.0,1,0.0,33.78,0.0,2026-01-22,-,0,504.0
-,-,awh1979,-,1167.77,-2.99,1335.27,0.0,55.83,1.0,140,0.0,50,0.0,89,0.0,1,0.0,35.71,0.0,2023-03-01,-,0,-
-,-,Thomas91,-,1167.62,-2.41,1376.18,0.0,69.52,0.8,66,0.0,27,0.0,37,0.0,2,0.0,40.91,0.0,2021-12-05,-,0,-
1058,-21,rizor,-,1167.38,-2.21,1389.57,0.0,74.06,0.74,30,0.0,11,0.0,19,0.0,0,0.0,36.67,0.0,2026-03-13,-,0,989.0
-,-,Damien.X,-,1167.36,-1.66,1463.54,0.0,98.73,0.55,18,0.0,7,0.0,11,0.0,0,0.0,38.89,0.0,2025-03-07,-,0,805.0
-,-,Cope,-,1167.18,-1.85,1434.36,0.0,89.06,0.62,30,0.0,14,0.0,16,0.0,0,0.0,46.67,0.0,2021-03-02,-,0,-
1059,new,CyberRFG,-,1167.05,717.05,1600.34,100.34,144.43,144.43,6,6.0,5,5.0,1,1.0,0,0.0,83.33,83.33,2026-07-21,-,0,-
1060,-28,mindphaser,CA,1166.8,-5.15,1271.08,0.0,34.76,1.72,598,0.0,212,0.0,383,0.0,3,0.0,35.45,0.0,2026-02-11,G,2,630.0
-,-,Bulb,-,1166.51,-2.11,1399.19,0.0,77.56,0.7,36,0.0,13,0.0,22,0.0,1,0.0,36.11,0.0,2025-01-31,-,0,835.0
-,-,Sephiroth83,-,1165.91,-2.47,1368.03,0.0,67.37,0.82,78,0.0,31,0.0,45,0.0,2,0.0,39.74,0.0,2021-09-05,-,0,-
-,-,Bendor,-,1165.86,-2.52,1359.74,0.0,64.63,0.84,96,0.0,39,0.0,57,0.0,0,0.0,40.62,0.0,2021-09-05,-,0,-
-,-,ivanvanya,RU,1165.85,-0.99,1657.82,0.0,163.99,0.33,6,0.0,5,0.0,1,0.0,0,0.0,83.33,0.0,2023-06-04,-,0,-
1061,new,dubler,-,1165.64,715.64,1573.94,73.94,136.1,136.1,6,6.0,4,4.0,2,2.0,0,0.0,66.67,66.67,2026-07-13,-,0,-
-,-,nexpyru,-,1165.53,-2.74,1346.79,0.0,60.42,0.91,76,0.0,33,0.0,42,0.0,1,0.0,43.42,0.0,2023-07-15,-,0,-
-,-,Nevadar,-,1164.86,-2.75,1346.66,0.0,60.6,0.92,44,0.0,18,0.0,25,0.0,1,0.0,40.91,0.0,2025-08-31,-,0,791.0
-,-,MGdesmadre,-,1164.49,-2.15,1392.85,0.0,76.12,0.72,48,0.0,23,0.0,24,0.0,1,0.0,47.92,0.0,2022-03-06,-,0,-
1062,-19,Sr-Manteca,-,1164.49,-2.12,1396.83,0.0,77.44,0.71,24,0.0,12,0.0,12,0.0,0,0.0,50.0,0.0,2026-05-27,-,0,-
1063,-24,Bonneville22,-,1164.29,-3.16,1320.49,0.0,52.07,1.05,70,0.0,26,0.0,44,0.0,0,0.0,37.14,0.0,2026-01-21,-,0,836.0
1064,-20,Czarny,-,1163.89,-1.81,1435.26,0.0,90.46,0.6,18,0.0,9,0.0,9,0.0,0,0.0,50.0,0.0,2026-03-22,-,0,-
1065,-25,kwerra,-,1163.81,-3.52,1302.91,0.0,46.37,1.17,140,0.0,50,0.0,89,0.0,1,0.0,35.71,0.0,2026-01-22,-,0,1118.0
1066,-20,cagreat1,-,1162.99,-1.46,1498.87,0.0,111.96,0.49,12,0.0,6,0.0,6,0.0,0,0.0,50.0,0.0,2026-01-30,-,0,-
-,-,joelo,-,1162.73,-1.93,1416.95,0.0,84.74,0.64,42,0.0,16,0.0,26,0.0,0,0.0,38.1,0.0,2020-12-02,-,0,-
1067,-22,trojanrabbit,-,1162.58,-2.77,1341.08,0.0,59.5,0.92,60,0.0,24,0.0,35,0.0,1,0.0,40.0,0.0,2026-01-18,-,0,1269.0
-,-,jdl,-,1162.16,-3.65,1299.52,0.0,45.79,1.22,254,0.0,86,0.0,166,0.0,2,0.0,33.86,0.0,2024-05-29,-,0,-
-,-,seyedempire,-,1161.72,-1.74,1445.7,0.0,94.66,0.58,18,0.0,8,0.0,10,0.0,0,0.0,44.44,0.0,2025-03-20,-,0,939.0
1068,-26,LadyValaria,US,1161.57,-5.42,1258.89,0.0,32.44,1.81,418,0.0,132,0.0,281,0.0,5,0.0,31.58,0.0,2026-03-14,-,0,780.0
-,-,Tutux,FR,1161.5,-3.59,1312.26,0.0,50.25,1.2,154,0.0,52,0.0,96,0.0,6,0.0,33.77,0.0,2024-02-25,-,0,-
-,-,MP87,-,1161.49,-1.71,1449.31,0.0,95.94,0.57,18,0.0,6,0.0,12,0.0,0,0.0,33.33,0.0,2024-02-23,-,0,-
-,-,ALANGOGMAN,-,1161.43,-2.43,1362.15,0.0,66.91,0.81,72,0.0,29,0.0,43,0.0,0,0.0,40.28,0.0,2022-02-28,-,0,-
1069,-11,Dimitris,GR,1161.21,4.96,1252.83,7.37,30.54,0.8,448,10.0,136,5.0,308,5.0,4,0.0,30.36,0.45,2026-08-12,-,0,628.0
-,-,swiftchan,-,1160.98,-0.88,1718.96,0.0,185.99,0.29,6,0.0,5,0.0,1,0.0,0,0.0,83.33,0.0,2020-06-28,-,0,-
-,-,varro,-,1160.66,-1.94,1413.97,0.0,84.44,0.65,42,0.0,19,0.0,22,0.0,1,0.0,45.24,0.0,2019-12-22,-,0,-
-,-,Rajasands,-,1160.58,-2.05,1399.67,0.0,79.7,0.68,32,0.0,12,0.0,20,0.0,0,0.0,37.5,0.0,2025-03-21,-,0,868.0
1070,-23,minzent,-,1160.56,-3.26,1312.08,0.0,50.51,1.09,70,0.0,21,0.0,49,0.0,0,0.0,30.0,0.0,2026-05-29,-,0,913.0
1071,-23,redantx,-,1160.55,-2.3,1374.46,0.0,71.3,0.77,38,0.0,12,0.0,26,0.0,0,0.0,31.58,0.0,2026-01-25,-,0,598.0
1072,-4,metternich,IT,1160.3,10.25,1249.13,12.75,29.61,0.83,518,10.0,156,7.0,357,3.0,5,0.0,30.12,0.79,2026-08-02,-,0,615.0
1073,-23,Raystoneg,-,1159.88,-1.92,1416.02,0.0,85.38,0.64,24,0.0,11,0.0,13,0.0,0,0.0,45.83,0.0,2026-01-26,-,0,-
-,-,jerre8,-,1159.72,-1.61,1463.21,0.0,101.17,0.54,18,0.0,9,0.0,9,0.0,0,0.0,50.0,0.0,2024-04-04,-,0,-
-,-,Yunseok,-,1159.33,-2.04,1400.72,0.0,80.46,0.68,30,0.0,11,0.0,19,0.0,0,0.0,36.67,0.0,2024-04-04,-,0,-
-,-,orangeextract,-,1159.22,-2.89,1329.92,0.0,56.9,0.96,114,0.0,45,0.0,67,0.0,2,0.0,39.47,0.0,2022-11-27,-,0,-
-,-,alcardonac,-,1159.08,-3.75,1289.92,0.0,43.61,1.25,168,0.0,52,0.0,116,0.0,0,0.0,30.95,0.0,2025-07-16,-,0,788.0
-,-,joshthefunkdoc,-,1158.93,-1.36,1520.2,0.0,120.42,0.45,12,0.0,7,0.0,5,0.0,0,0.0,58.33,0.0,2020-06-28,-,0,-
-,-,Semicolon42,-,1157.88,-2.13,1388.2,0.0,76.77,0.71,36,0.0,15,0.0,21,0.0,0,0.0,41.67,0.0,2023-08-27,-,0,-
-,-,PocketAmazing,-,1157.79,-1.65,1455.36,0.0,99.19,0.55,24,0.0,12,0.0,12,0.0,0,0.0,50.0,0.0,2024-02-23,-,0,-
1074,-21,Korsus,IT,1157.63,-3.32,1307.57,0.0,49.98,1.11,90,0.0,32,0.0,58,0.0,0,0.0,35.56,0.0,2026-01-23,-,0,926.0
-,-,Yugoslavia,-,1157.48,-1.79,1431.55,0.0,91.36,0.6,24,0.0,12,0.0,12,0.0,0,0.0,50.0,0.0,2021-11-27,-,0,-
1075,-21,SunGodREI,-,1157.38,-1.91,1414.01,0.0,85.54,0.64,24,0.0,12,0.0,12,0.0,0,0.0,50.0,0.0,2026-01-26,-,0,1184.0
-,-,Palace,-,1157.3,-2.2,1380.74,0.0,74.48,0.73,36,0.0,11,0.0,24,0.0,1,0.0,30.56,0.0,2025-03-30,-,0,757.0
-,-,scrambled,-,1156.41,-2.63,1344.04,0.0,62.55,0.88,108,0.0,47,0.0,60,0.0,1,0.0,43.52,0.0,2021-11-16,-,0,-
1076,-35,vratia,-,1156.28,-10.85,1250.84,-8.31,31.52,0.85,272,10.0,79,1.0,192,9.0,1,0.0,29.04,-0.73,2026-08-01,-,0,859.0
-,-,MrMacacavoy,-,1156.19,-1.66,1451.98,0.0,98.6,0.55,18,0.0,7,0.0,11,0.0,0,0.0,38.89,0.0,2023-04-16,-,0,-
-,-,Essios,-,1155.62,-1.41,1502.31,0.0,115.56,0.47,18,0.0,7,0.0,10,0.0,1,0.0,38.89,0.0,2021-03-02,-,0,-
-,-,Nomisbo,-,1155.54,-0.93,1683.19,0.0,175.88,0.31,6,0.0,5,0.0,1,0.0,0,0.0,83.33,0.0,2021-03-02,-,0,-
-,-,HotShot53,-,1155.5,-1.5,1483.54,0.0,109.35,0.5,14,0.0,7,0.0,7,0.0,0,0.0,50.0,0.0,2025-03-29,-,0,872.0
-,-,dim,-,1155.47,-1.93,1410.84,0.0,85.12,0.64,26,0.0,10,0.0,16,0.0,0,0.0,38.46,0.0,2025-01-23,-,0,842.0
-,-,Hornedraccoon,-,1155.42,-1.87,1418.29,0.0,87.62,0.62,24,0.0,11,0.0,13,0.0,0,0.0,45.83,0.0,2023-12-03,-,0,-
1077,-22,Igelkotten,-,1155.01,-2.34,1364.84,0.0,69.94,0.78,34,0.0,14,0.0,20,0.0,0,0.0,41.18,0.0,2026-01-15,-,0,687.0
1078,-15,AnBeLi3v4bLe,GR,1154.72,2.18,1242.41,5.27,29.23,1.03,526,10.0,155,4.0,367,6.0,4,0.0,29.47,0.21,2026-07-28,-,0,670.0
1079,-23,MikeLowrey,-,1154.56,-2.07,1392.28,0.0,79.24,0.69,26,0.0,8,0.0,18,0.0,0,0.0,30.77,0.0,2026-03-28,-,0,1067.0
-,-,gengelstein,-,1154.14,-1.58,1464.15,0.0,103.34,0.53,24,0.0,12,0.0,12,0.0,0,0.0,50.0,0.0,2021-03-02,-,0,-
-,-,niTRox,-,1154.06,-1.95,1405.66,0.0,83.87,0.65,36,0.0,17,0.0,19,0.0,0,0.0,47.22,0.0,2021-06-02,-,0,-
1080,-23,Gabilou,-,1153.95,-2.36,1365.37,0.0,70.47,0.79,44,0.0,20,0.0,23,0.0,1,0.0,45.45,0.0,2026-02-02,-,0,720.0
-,-,Inteq,-,1153.94,-1.34,1523.29,0.0,123.12,0.45,18,0.0,11,0.0,6,0.0,1,0.0,61.11,0.0,2020-09-13,-,0,-
1081,-22,P-Funk,-,1153.7,-2.0,1399.93,0.0,82.07,0.67,28,0.0,13,0.0,15,0.0,0,0.0,46.43,0.0,2026-02-14,-,0,-
-,-,nosnah,PL,1153.6,-4.17,1277.18,0.0,41.19,1.39,430,0.0,149,0.0,279,0.0,2,0.0,34.65,0.0,2024-06-16,-,0,-
1082,-22,PandaofSooth,-,1153.5,-1.88,1413.7,0.0,86.73,0.63,20,0.0,11,0.0,9,0.0,0,0.0,55.0,0.0,2026-04-14,-,0,-
-,-,ColdSpark,-,1153.23,-1.86,1419.32,0.0,88.7,0.62,24,0.0,10,0.0,14,0.0,0,0.0,41.67,0.0,2022-02-20,-,0,-
-,-,Vashek,-,1153.19,-1.58,1464.18,0.0,103.66,0.53,18,0.0,11,0.0,7,0.0,0,0.0,61.11,0.0,2023-11-18,-,0,-
-,-,HHH,-,1152.49,-1.35,1514.35,0.0,120.62,0.45,12,0.0,8,0.0,3,0.0,1,0.0,66.67,0.0,2021-06-02,-,0,-
-,-,DocFleischmann,-,1152.47,-1.42,1498.1,0.0,115.21,0.47,12,0.0,5,0.0,7,0.0,0,0.0,41.67,0.0,2024-04-04,-,0,-
-,-,DanielDose,-,1152.32,-1.78,1427.7,0.0,91.79,0.59,24,0.0,12,0.0,12,0.0,0,0.0,50.0,0.0,2024-06-02,-,0,-
-,-,Tenebrane,-,1152.25,-2.07,1389.06,0.0,78.94,0.69,30,0.0,12,0.0,18,0.0,0,0.0,40.0,0.0,2025-01-26,-,0,1067.0
1083,-22,RAKoS,-,1152.17,-2.34,1361.99,0.0,69.94,0.78,36,0.0,15,0.0,21,0.0,0,0.0,41.67,0.0,2026-01-18,-,0,1067.0
-,-,lordofwales,DE,1150.77,-0.97,1653.55,0.0,167.59,0.32,6,0.0,5,0.0,1,0.0,0,0.0,83.33,0.0,2020-09-06,-,0,-
1084,-20,Tuisku,-,1150.11,-2.15,1378.06,0.0,75.98,0.72,36,0.0,10,0.0,24,0.0,2,0.0,27.78,0.0,2026-01-23,-,0,989.0
1085,-19,ballgi,-,1150.09,-1.1,1595.21,0.0,148.37,0.37,6,0.0,5,0.0,1,0.0,0,0.0,83.33,0.0,2025-12-14,-,0,-
-,-,stupidpiggy2,-,1149.78,-1.52,1470.91,0.0,107.04,0.51,24,0.0,14,0.0,10,0.0,0,0.0,58.33,0.0,2020-09-06,-,0,-
-,-,juancho1976,-,1149.55,-2.71,1334.56,0.0,61.67,0.9,108,0.0,44,0.0,64,0.0,0,0.0,40.74,0.0,2024-02-23,-,0,-
-,-,Sheepstealer,-,1149.38,-1.54,1468.11,0.0,106.24,0.51,14,0.0,7,0.0,7,0.0,0,0.0,50.0,0.0,2024-04-04,-,0,-
-,-,Ringbearer,NL,1149.18,-2.22,1371.09,0.0,73.97,0.74,48,0.0,25,0.0,22,0.0,1,0.0,52.08,0.0,2022-09-04,-,0,-
1086,-24,jormapa,-,1149.01,-5.23,1311.9,-10.46,54.3,-1.74,54,4.0,21,1.0,33,3.0,0,0.0,38.89,-1.11,2026-07-30,-,0,-
-,-,Straanger,-,1148.95,-1.38,1503.12,0.0,118.05,0.46,12,0.0,5,0.0,7,0.0,0,0.0,41.67,0.0,2021-06-02,-,0,-
1087,-22,Kruch,DE,1148.13,-3.65,1239.95,-0.74,30.61,0.97,548,10.0,184,3.0,358,6.0,6,1.0,33.58,-0.06,2026-08-07,-,0,697.0
-,-,DaemonCleaner,NO,1147.15,-1.48,1477.54,0.0,110.13,0.49,18,0.0,10,0.0,8,0.0,0,0.0,55.56,0.0,2023-01-15,-,0,-
-,-,paixhaine,-,1147.12,-1.47,1480.0,0.0,110.96,0.49,12,0.0,6,0.0,6,0.0,0,0.0,50.0,0.0,2022-06-05,-,0,-
-,-,FulcrumActual,-,1147.1,-1.38,1501.32,0.0,118.07,0.46,12,0.0,9,0.0,3,0.0,0,0.0,75.0,0.0,2025-05-29,-,0,1287.0
-,-,Four-Zero,-,1147.1,-1.48,1485.99,0.0,112.96,0.49,18,0.0,12,0.0,6,0.0,0,0.0,66.67,0.0,2022-06-05,-,0,-
-,-,Roh,-,1147.06,-0.97,1649.22,0.0,167.39,0.32,6,0.0,5,0.0,1,0.0,0,0.0,83.33,0.0,2021-06-02,-,0,-
1088,-18,lzhon002,-,1146.21,-2.19,1372.04,0.0,75.27,0.73,36,0.0,14,0.0,22,0.0,0,0.0,38.89,0.0,2026-01-29,-,0,1184.0
-,-,jabroner,-,1146.19,-1.33,1514.14,0.0,122.65,0.44,12,0.0,6,0.0,6,0.0,0,0.0,50.0,0.0,2021-02-25,-,0,-
-,-,Kaiba0710,-,1146.1,-1.37,1503.07,0.0,118.99,0.46,12,0.0,7,0.0,5,0.0,0,0.0,58.33,0.0,2021-12-05,-,0,-
1089,-18,UNICOKRATOS,-,1145.67,-2.16,1372.84,0.0,75.73,0.72,30,0.0,12,0.0,18,0.0,0,0.0,40.0,0.0,2026-01-20,-,0,939.0
1090,-23,KTMatthews,CA,1145.44,-4.9,1249.91,0.0,34.82,1.63,368,0.0,108,0.0,259,0.0,1,0.0,29.35,0.0,2026-05-31,-,0,674.0
-,-,GustavEdman,-,1145.43,-1.78,1420.36,0.0,91.64,0.59,30,0.0,13,0.0,17,0.0,0,0.0,43.33,0.0,2021-06-02,-,0,-
-,-,Elron,-,1145.4,-1.01,1630.75,0.0,161.78,0.34,6,0.0,3,0.0,3,0.0,0,0.0,50.0,0.0,2020-12-02,-,0,-
-,-,O.K.,-,1145.35,-2.86,1319.48,0.0,58.05,0.95,92,0.0,31,0.0,58,0.0,3,0.0,33.7,0.0,2025-01-30,-,0,1118.0
-,-,Uslo,UA,1145.12,-2.18,1370.53,0.0,75.14,0.73,36,0.0,15,0.0,21,0.0,0,0.0,41.67,0.0,2022-09-04,-,0,-
-,-,marizee412,PH,1145.05,-3.98,1272.83,0.0,42.59,1.33,292,0.0,82,0.0,209,0.0,1,0.0,28.08,0.0,2025-01-26,-,0,1284.0
-,-,Campanulas,-,1144.94,-2.84,1321.25,0.0,58.77,0.95,84,0.0,29,0.0,55,0.0,0,0.0,34.52,0.0,2024-09-04,-,0,-
1091,-22,Revan,DE,1144.78,-3.98,1272.96,0.0,42.73,1.33,206,0.0,57,0.0,148,0.0,1,0.0,27.67,0.0,2026-05-31,-,0,1063.0
-,-,Holotrop,-,1144.69,-1.74,1426.15,0.0,93.82,0.58,24,0.0,11,0.0,13,0.0,0,0.0,45.83,0.0,2021-02-23,-,0,-
1092,-20,Muttley444,-,1144.36,-2.33,1356.6,0.0,70.75,0.78,28,0.0,9,0.0,19,0.0,0,0.0,32.14,0.0,2026-05-26,-,0,-
1093,-19,Rako,-,1143.8,-1.5,1470.65,0.0,108.95,0.5,12,0.0,7,0.0,5,0.0,0,0.0,58.33,0.0,2026-01-20,-,0,1287.0
1094,-21,qige,-,1143.8,-2.23,1364.21,0.0,73.47,0.74,30,0.0,9,0.0,21,0.0,0,0.0,30.0,0.0,2026-01-26,-,0,918.0
1095,36,Micha501,-,1143.52,58.23,1318.59,51.83,58.36,-2.13,44,4.0,15,4.0,28,0.0,1,0.0,34.09,6.59,2026-07-28,-,0,1118.0
-,-,Shaeff,-,1142.85,-1.93,1397.45,0.0,84.87,0.64,28,0.0,17,0.0,11,0.0,0,0.0,60.71,0.0,2023-04-16,-,0,-
-,-,Miir,-,1142.45,-1.35,1504.89,0.0,120.81,0.45,18,0.0,9,0.0,8,0.0,1,0.0,50.0,0.0,2020-09-13,-,0,-
-,-,welchi,-,1142.29,-0.97,1644.34,0.0,167.35,0.32,6,0.0,5,0.0,1,0.0,0,0.0,83.33,0.0,2020-09-13,-,0,-
-,-,Andreasp88,-,1141.68,-2.2,1365.78,0.0,74.7,0.73,38,0.0,13,0.0,24,0.0,1,0.0,34.21,0.0,2024-04-04,-,0,-
-,-,pearh,-,1141.62,-0.97,1646.57,0.0,168.31,0.32,6,0.0,5,0.0,1,0.0,0,0.0,83.33,0.0,2020-09-06,-,0,-
-,-,Ampersandy,-,1141.55,-2.44,1341.8,0.0,66.75,0.81,90,0.0,41,0.0,49,0.0,0,0.0,45.56,0.0,2021-11-29,-,0,-
1096,-20,Lamont_Gu,-,1141.52,-1.84,1407.72,0.0,88.73,0.61,18,0.0,7,0.0,11,0.0,0,0.0,38.89,0.0,2026-03-18,-,0,-
1097,-19,clemy,-,1141.17,-1.42,1486.95,0.0,115.26,0.47,12,0.0,5,0.0,7,0.0,0,0.0,41.67,0.0,2026-01-21,-,0,-
1098,-21,botenmaru82,-,1141.15,-2.13,1372.85,0.0,77.23,0.71,32,0.0,13,0.0,18,0.0,1,0.0,40.62,0.0,2025-12-01,-,0,872.0
1099,-24,TaoTeo,IT,1140.87,-3.98,1270.86,0.0,43.33,1.33,344,0.0,114,0.0,229,0.0,1,0.0,33.14,0.0,2025-12-01,-,0,1118.0
-,-,Ptarr,-,1140.83,-1.94,1395.31,0.0,84.83,0.65,30,0.0,13,0.0,17,0.0,0,0.0,43.33,0.0,2023-01-15,-,0,-
-,-,Der_Imperator,-,1140.82,-1.82,1411.37,0.0,90.18,0.61,24,0.0,12,0.0,12,0.0,0,0.0,50.0,0.0,2025-02-01,-,0,1118.0
-,-,orangeblood,-,1140.78,-2.4,1349.37,0.0,69.53,0.8,90,0.0,24,0.0,66,0.0,0,0.0,26.67,0.0,2022-03-01,-,0,-
-,-,TEPBEP,-,1140.63,-2.09,1375.49,0.0,78.29,0.7,32,0.0,12,0.0,20,0.0,0,0.0,37.5,0.0,2024-04-04,-,0,-
-,-,Goth444,-,1140.55,-1.25,1532.73,0.0,130.73,0.42,12,0.0,7,0.0,5,0.0,0,0.0,58.33,0.0,2024-02-23,-,0,-
-,-,TomTom69,-,1140.42,-1.63,1441.55,0.0,100.38,0.54,24,0.0,9,0.0,15,0.0,0,0.0,37.5,0.0,2021-03-02,-,0,-
-,-,Soiled_Undercrackers,-,1140.39,-2.37,1350.68,0.0,70.1,0.79,54,0.0,22,0.0,32,0.0,0,0.0,40.74,0.0,2022-05-29,-,0,-
-,-,kilfara,-,1139.9,-1.13,1573.01,0.0,144.37,0.38,12,0.0,9,0.0,3,0.0,0,0.0,75.0,0.0,2019-11-10,-,0,-
-,-,Oslot,-,1139.65,-2.24,1360.04,0.0,73.46,0.75,42,0.0,18,0.0,24,0.0,0,0.0,42.86,0.0,2023-08-03,-,0,-
-,-,Michael1101,DE,1139.0,-2.39,1344.28,0.0,68.43,0.8,48,0.0,19,0.0,28,0.0,1,0.0,39.58,0.0,2023-04-16,-,0,-
-,-,BGTigger,-,1138.96,-3.69,1273.71,0.0,44.92,1.23,142,0.0,51,0.0,90,0.0,1,0.0,35.92,0.0,2025-02-01,-,0,751.0
-,-,RELandREL,-,1138.78,-1.22,1541.56,0.0,134.26,0.41,8,0.0,5,0.0,3,0.0,0,0.0,62.5,0.0,2023-01-22,-,0,-
-,-,Urbaneq,-,1138.61,-1.57,1451.09,0.0,104.16,0.52,18,0.0,7,0.0,10,0.0,1,0.0,38.89,0.0,2021-09-05,-,0,-
-,-,sbronzisjhonson,-,1138.35,-3.61,1278.67,0.0,46.77,1.2,168,0.0,52,0.0,114,0.0,2,0.0,30.95,0.0,2025-01-10,-,0,1287.0
-,-,origamifan,-,1138.26,-2.67,1322.72,0.0,61.49,0.89,114,0.0,44,0.0,69,0.0,1,0.0,38.6,0.0,2021-12-05,-,0,-
-,-,claybirds,-,1138.24,-2.27,1354.7,0.0,72.16,0.76,60,0.0,25,0.0,35,0.0,0,0.0,41.67,0.0,2021-03-02,-,0,-
-,-,Nikauw,-,1137.46,-1.49,1465.65,0.0,109.4,0.5,14,0.0,5,0.0,9,0.0,0,0.0,35.71,0.0,2024-04-04,-,0,-
1100,-21,tiagosilva,-,1137.33,-3.81,1267.69,0.0,43.45,1.27,246,0.0,78,0.0,167,0.0,1,0.0,31.71,0.0,2025-12-03,-,0,1050.0
1101,-20,Camy,-,1137.23,-1.32,1507.84,0.0,123.53,0.44,8,0.0,5,0.0,3,0.0,0,0.0,62.5,0.0,2026-01-15,-,0,-
-,-,youbib,-,1137.1,-1.05,1601.9,0.0,154.93,0.35,6,0.0,3,0.0,3,0.0,0,0.0,50.0,0.0,2024-02-23,-,0,-
1102,-20,Papella,-,1136.87,-1.51,1460.9,0.0,108.01,0.5,12,0.0,6,0.0,6,0.0,0,0.0,50.0,0.0,2026-01-27,-,0,-
1103,-17,BerdBlond,-,1136.17,0.56,1242.89,3.65,35.57,1.03,370,4.0,120,2.0,248,2.0,2,0.0,32.43,0.19,2026-07-28,-,0,836.0
-,-,TopDog,-,1135.32,-1.74,1417.38,0.0,94.02,0.58,18,0.0,8,0.0,10,0.0,0,0.0,44.44,0.0,2025-03-20,-,0,939.0
-,-,ManateeOverlord,-,1135.28,-1.01,1618.09,0.0,160.94,0.34,6,0.0,4,0.0,2,0.0,0,0.0,66.67,0.0,2020-09-06,-,0,-
-,-,LuisPerdomo,-,1134.91,-1.21,1538.94,0.0,134.68,0.4,12,0.0,7,0.0,5,0.0,0,0.0,58.33,0.0,2024-02-23,-,0,-
1104,-20,JohnDavie,-,1134.9,-2.12,1365.5,0.0,76.87,0.71,30,0.0,11,0.0,19,0.0,0,0.0,36.67,0.0,2026-01-30,-,0,939.0
-,-,LukeSpraywalker,IN,1134.7,-3.85,1264.22,0.0,43.17,1.28,174,0.0,51,0.0,119,0.0,4,0.0,29.31,0.0,2024-10-01,-,0,-
1105,-56,Ivan04,-,1134.63,-27.87,1296.56,-39.09,53.98,-3.74,60,8.0,20,0.0,39,7.0,1,1.0,33.33,-5.13,2026-07-11,-,0,1065.0
-,-,Kwang202,-,1134.2,-3.45,1283.68,0.0,49.83,1.15,198,0.0,68,0.0,123,0.0,7,0.0,34.34,0.0,2024-06-16,-,0,-
-,-,ctcheung,-,1134.03,-3.24,1287.38,0.0,51.12,1.08,90,0.0,32,0.0,54,0.0,4,0.0,35.56,0.0,2025-04-19,-,0,857.0
1106,-23,wisteria,MO,1133.18,-4.25,1254.2,0.0,40.34,1.42,256,0.0,86,0.0,166,0.0,4,0.0,33.59,0.0,2026-05-31,-,0,1388.0
1107,-19,icepick_mn,-,1132.58,-2.08,1370.38,0.0,79.27,0.69,30,0.0,10,0.0,20,0.0,0,0.0,33.33,0.0,2025-12-01,-,0,635.0
1108,-5,Izio,IT,1132.43,9.43,1241.69,12.18,36.42,0.91,304,6.0,88,3.0,214,3.0,2,0.0,28.95,0.43,2026-07-24,-,0,655.0
1109,-19,Moulbaert,-,1132.29,-1.77,1409.77,0.0,92.49,0.59,18,0.0,7,0.0,11,0.0,0,0.0,38.89,0.0,2026-03-14,-,0,-
1110,-21,Jocik,-,1132.18,-2.35,1341.19,0.0,69.67,0.78,38,0.0,13,0.0,25,0.0,0,0.0,34.21,0.0,2026-01-24,-,0,757.0
1111,-20,Raasay,-,1131.99,-1.89,1391.21,0.0,86.41,0.63,24,0.0,8,0.0,16,0.0,0,0.0,33.33,0.0,2026-01-27,-,0,989.0
-,-,Luitheone,-,1131.51,-2.57,1322.44,0.0,63.64,0.86,132,0.0,46,0.0,85,0.0,1,0.0,34.85,0.0,2021-05-24,-,0,-
-,-,JoeBa,-,1131.12,-2.98,1296.55,0.0,55.14,0.99,80,0.0,29,0.0,51,0.0,0,0.0,36.25,0.0,2024-06-02,-,0,-
1112,-25,buso1705,-,1131.12,-4.29,1296.09,-24.54,54.99,-6.75,48,10.0,17,3.0,28,7.0,3,0.0,35.42,-1.42,2026-08-02,-,0,1388.0
-,-,Ian357,-,1130.59,-1.79,1404.48,0.0,91.3,0.6,24,0.0,11,0.0,13,0.0,0,0.0,45.83,0.0,2024-04-04,-,0,-
-,-,adibendot,-,1130.38,-2.63,1319.76,0.0,63.13,0.88,90,0.0,33,0.0,57,0.0,0,0.0,36.67,0.0,2022-05-30,-,0,-
-,-,Horsard,-,1130.33,-2.21,1354.11,0.0,74.59,0.74,60,0.0,15,0.0,44,0.0,1,0.0,25.0,0.0,2025-02-28,-,0,729.0
-,-,RickLoftson,CA,1130.17,-1.41,1476.56,0.0,115.46,0.47,12,0.0,5,0.0,6,0.0,1,0.0,41.67,0.0,2022-03-06,-,0,-
-,-,Eduard69,-,1130.0,-1.29,1509.71,0.0,126.57,0.43,8,0.0,5,0.0,3,0.0,0,0.0,62.5,0.0,2025-01-23,-,0,1067.0
-,-,JDN115,CA,1129.68,-2.88,1307.4,0.0,59.24,0.96,78,0.0,26,0.0,52,0.0,0,0.0,33.33,0.0,2023-12-03,-,0,-
-,-,SMASH,-,1129.46,-2.14,1360.17,0.0,76.9,0.71,66,0.0,30,0.0,36,0.0,0,0.0,45.45,0.0,2021-02-15,-,0,-
-,-,Aquir,-,1129.46,-1.14,1559.99,0.0,143.51,0.38,12,0.0,7,0.0,5,0.0,0,0.0,58.33,0.0,2018-10-14,-,0,-
-,-,Samn4ation,-,1128.65,-1.6,1435.05,0.0,102.13,0.53,24,0.0,11,0.0,13,0.0,0,0.0,45.83,0.0,2020-11-27,-,0,-
-,-,Thyrus,-,1127.91,-4.18,1248.9,0.0,40.33,1.39,224,0.0,65,0.0,157,0.0,2,0.0,29.02,0.0,2025-05-31,-,0,1054.0
-,-,goldeneyeonline,DE,1127.07,-2.42,1330.08,0.0,67.67,0.81,66,0.0,24,0.0,42,0.0,0,0.0,36.36,0.0,2022-12-04,-,0,-
1113,-21,EvgenyRazinkov,-,1126.96,-2.08,1362.4,0.0,78.48,0.69,28,0.0,10,0.0,17,0.0,1,0.0,35.71,0.0,2026-03-25,-,0,872.0
1114,-20,Nati_1916,-,1126.87,-1.61,1431.75,0.0,101.63,0.54,12,0.0,6,0.0,6,0.0,0,0.0,50.0,0.0,2026-05-27,-,0,-
1115,-19,Jaspie,-,1126.52,-0.95,1641.54,0.0,171.67,0.32,4,0.0,2,0.0,2,0.0,0,0.0,50.0,0.0,2026-02-16,-,0,-
-,-,beecu,-,1126.27,-1.46,1462.25,0.0,111.99,0.49,14,0.0,6,0.0,8,0.0,0,0.0,42.86,0.0,2024-04-04,-,0,-
-,-,Vee,IN,1125.41,-1.78,1400.51,0.0,91.7,0.59,30,0.0,12,0.0,18,0.0,0,0.0,40.0,0.0,2023-11-17,-,0,-
-,-,ndzwdz,-,1125.03,-3.63,1262.27,0.0,45.75,1.21,188,0.0,61,0.0,126,0.0,1,0.0,32.45,0.0,2024-05-26,-,0,-
1116,-31,vyvy,-,1124.65,-11.34,1242.97,-9.76,39.44,0.53,134,6.0,40,0.0,93,6.0,1,0.0,29.85,-1.4,2026-07-24,-,0,755.0
1117,-22,GWItheUltimate,CA,1124.47,-3.59,1263.16,0.0,46.23,1.2,122,0.0,34,0.0,88,0.0,0,0.0,27.87,0.0,2025-12-01,-,0,1114.0
-,-,Raq82,-,1124.42,-1.66,1421.11,0.0,98.9,0.55,22,0.0,10,0.0,12,0.0,0,0.0,45.45,0.0,2024-02-23,-,0,-
1118,242,DucciEmi,-,1124.14,631.67,1468.25,215.56,114.7,-138.7,12,10.0,6,6.0,6,4.0,0,0.0,50.0,50.0,2026-08-04,-,0,-
1119,-154,Faeyon,-,1123.96,-91.71,1365.13,-149.9,80.39,-19.4,64,8.0,25,0.0,38,7.0,1,1.0,39.06,-5.58,2026-07-11,-,0,-
-,-,Grishnakk,-,1123.73,-1.4,1473.79,0.0,116.69,0.47,12,0.0,4,0.0,7,0.0,1,0.0,33.33,0.0,2024-04-04,-,0,-
-,-,deleted_user_1946622,-,1123.55,-2.63,1314.87,0.0,63.77,0.88,42,0.0,14,0.0,27,0.0,1,0.0,33.33,0.0,2024-10-01,-,0,-
1120,-20,Yavuial,-,1123.15,-0.95,1635.54,0.0,170.8,0.32,8,0.0,6,0.0,2,0.0,0,0.0,75.0,0.0,2026-01-17,-,0,-
-,-,vomisa,-,1122.88,-2.61,1311.68,0.0,62.93,0.87,84,0.0,36,0.0,48,0.0,0,0.0,42.86,0.0,2022-06-05,-,0,-
-,-,NillisLukins,-,1122.86,-1.18,1541.21,0.0,139.45,0.39,12,0.0,7,0.0,5,0.0,0,0.0,58.33,0.0,2020-06-28,-,0,-
-,-,fas723,-,1122.38,-1.64,1422.13,0.0,99.92,0.55,18,0.0,8,0.0,10,0.0,0,0.0,44.44,0.0,2024-04-04,-,0,-
1121,-14,Nymphaea,DE,1122.34,2.33,1239.79,3.73,39.15,0.47,188,4.0,60,2.0,126,2.0,2,0.0,31.91,0.39,2026-08-11,-,0,1271.0
1122,-25,SnowGolem,-,1121.92,-4.89,1226.26,0.0,34.78,1.63,408,0.0,119,0.0,287,0.0,2,0.0,29.17,0.0,2026-02-28,-,0,630.0
1123,-22,sparkyal,-,1121.73,-1.51,1447.03,0.0,108.43,0.5,18,0.0,8,0.0,10,0.0,0,0.0,44.44,0.0,2026-01-22,-,0,-
1124,-25,Franzy,-,1121.48,-3.21,1276.73,0.0,51.75,1.07,108,0.0,39,0.0,69,0.0,0,0.0,36.11,0.0,2026-01-26,-,0,746.0
-,-,Saish,ES,1121.42,-3.37,1271.13,0.0,49.9,1.12,196,0.0,64,0.0,132,0.0,0,0.0,32.65,0.0,2024-04-04,-,0,1173.0
-,-,Hamtes,CZ,1121.37,-2.03,1362.12,0.0,80.25,0.68,30,0.0,10,0.0,20,0.0,0,0.0,33.33,0.0,2023-12-03,-,0,-
1125,-27,WraightCZ,CZ,1121.24,-4.98,1212.29,-2.66,30.35,0.78,438,10.0,113,3.0,324,7.0,1,0.0,25.8,0.1,2026-08-01,-,0,778.0
-,-,Cleeve,-,1121.07,-1.28,1505.01,0.0,127.98,0.43,12,0.0,7,0.0,5,0.0,0,0.0,58.33,0.0,2021-06-02,-,0,-
-,-,Bushel,-,1120.94,-2.64,1307.57,0.0,62.21,0.88,70,0.0,27,0.0,43,0.0,0,0.0,38.57,0.0,2023-12-31,-,0,-
-,-,blubeck,-,1120.48,-1.9,1377.52,0.0,85.68,0.63,30,0.0,14,0.0,15,0.0,1,0.0,46.67,0.0,2022-06-05,-,0,-
-,-,Richy_DNF,-,1119.31,-2.03,1361.06,0.0,80.58,0.68,60,0.0,24,0.0,35,0.0,1,0.0,40.0,0.0,2020-11-22,-,0,-
1126,-22,Czechlands,-,1119.31,-1.59,1427.31,0.0,102.67,0.53,14,0.0,6,0.0,8,0.0,0,0.0,42.86,0.0,2026-03-22,-,0,-
1127,-22,Qirgi,-,1119.02,-1.71,1405.67,0.0,95.55,0.57,20,0.0,11,0.0,9,0.0,0,0.0,55.0,0.0,2026-01-24,-,0,1067.0
1128,-26,filgonfin,ES,1118.99,-4.11,1245.82,0.0,42.28,1.37,204,0.0,61,0.0,140,0.0,3,0.0,29.9,0.0,2026-01-23,-,0,1280.0
-,-,djed,-,1118.81,-2.65,1303.43,0.0,61.54,0.88,76,0.0,26,0.0,49,0.0,1,0.0,34.21,0.0,2023-03-05,-,0,-
-,-,Rikelev,-,1118.47,-1.95,1370.61,0.0,84.05,0.65,30,0.0,13,0.0,16,0.0,1,0.0,43.33,0.0,2022-06-05,-,0,-
-,-,ahowlin,-,1117.85,-2.92,1285.55,0.0,55.9,0.97,114,0.0,40,0.0,74,0.0,0,0.0,35.09,0.0,2024-03-03,-,0,-
-,-,Kelvinator,CA,1117.65,-3.18,1273.33,0.0,51.89,1.06,144,0.0,49,0.0,94,0.0,1,0.0,34.03,0.0,2025-04-16,-,0,1280.0
-,-,Nakatomy,-,1117.36,-1.09,1567.64,0.0,150.09,0.36,6,0.0,4,0.0,2,0.0,0,0.0,66.67,0.0,2022-12-04,-,0,-
-,-,omegasun,-,1117.18,-1.29,1495.5,0.0,126.11,0.43,12,0.0,8,0.0,4,0.0,0,0.0,66.67,0.0,2020-12-02,-,0,-
-,-,lorrico,-,1117.04,-1.62,1420.15,0.0,101.04,0.54,30,0.0,16,0.0,14,0.0,0,0.0,53.33,0.0,2020-11-27,-,0,-
-,-,Grassman,-,1116.65,-2.88,1290.91,0.0,58.09,0.96,92,0.0,34,0.0,58,0.0,0,0.0,36.96,0.0,2023-02-27,-,0,-
-,-,Schlotzky,-,1116.41,-2.51,1312.38,0.0,65.32,0.84,144,0.0,48,0.0,92,0.0,4,0.0,33.33,0.0,2021-05-21,-,0,-
-,-,Legolukadad,-,1116.23,-0.95,1633.81,0.0,172.53,0.32,6,0.0,4,0.0,2,0.0,0,0.0,66.67,0.0,2020-06-28,-,0,-
1129,-20,Lohmann,-,1115.77,-2.22,1336.81,0.0,73.68,0.74,30,0.0,11,0.0,19,0.0,0,0.0,36.67,0.0,2026-03-13,-,0,1118.0
-,-,bach0910,-,1115.26,-1.79,1398.67,0.0,94.47,0.6,42,0.0,22,0.0,20,0.0,0,0.0,52.38,0.0,2020-08-10,-,0,-
-,-,DAVOC,-,1115.25,-2.53,1311.82,0.0,65.52,0.84,72,0.0,24,0.0,47,0.0,1,0.0,33.33,0.0,2023-02-12,-,0,-
-,-,Ms.QTPi,-,1114.95,-2.01,1359.37,0.0,81.47,0.67,24,0.0,12,0.0,12,0.0,0,0.0,50.0,0.0,2025-05-29,-,0,1170.0
-,-,donperizoma,-,1114.62,-1.78,1390.48,0.0,91.95,0.59,18,0.0,8,0.0,10,0.0,0,0.0,44.44,0.0,2025-03-16,-,0,939.0
1130,-24,Icarium,US,1113.94,-6.48,1202.95,-3.85,29.67,0.88,628,10.0,172,3.0,449,7.0,7,0.0,27.39,0.04,2026-08-03,-,0,690.0
-,-,yellow23,-,1113.45,-1.35,1475.47,0.0,120.67,0.45,12,0.0,7,0.0,5,0.0,0,0.0,58.33,0.0,2022-02-21,-,0,-
-,-,ChipsChipsensen,NL,1113.33,-2.16,1340.21,0.0,75.63,0.72,30,0.0,13,0.0,16,0.0,1,0.0,43.33,0.0,2025-07-17,-,0,1388.0
1131,-20,EdWARlock,-,1112.68,-1.51,1436.74,0.0,108.02,0.5,12,0.0,3,0.0,8,0.0,1,0.0,25.0,0.0,2026-02-01,-,0,-
-,-,MonsieurFlynn,-,1112.54,-1.85,1383.69,0.0,90.38,0.62,42,0.0,18,0.0,24,0.0,0,0.0,42.86,0.0,2020-08-30,-,0,-
1132,-20,Ferris,-,1112.49,-1.46,1448.41,0.0,111.97,0.49,12,0.0,6,0.0,6,0.0,0,0.0,50.0,0.0,2026-02-08,-,0,-
1133,-23,MATADORDELMAR,-,1112.42,-2.1,1347.31,0.0,78.29,0.7,30,0.0,10,0.0,20,0.0,0,0.0,33.33,0.0,2026-01-20,-,0,1287.0
1134,-26,CuJ,-,1112.26,-7.46,1225.14,-8.46,37.63,-0.33,150,10.0,44,2.0,106,8.0,0,0.0,29.33,-0.67,2026-08-12,-,0,690.0
-,-,Scar_702,-,1111.95,-1.1,1558.12,0.0,148.72,0.37,6,0.0,4,0.0,2,0.0,0,0.0,66.67,0.0,2024-06-02,-,0,-
-,-,fadenpendler,-,1111.37,-0.84,1696.79,0.0,195.14,0.28,4,0.0,4,0.0,0,0.0,0,0.0,100.0,0.0,2025-02-06,-,0,-
-,-,mpilb,-,1110.42,-1.28,1492.42,0.0,127.33,0.43,12,0.0,5,0.0,7,0.0,0,0.0,41.67,0.0,2020-09-13,-,0,-
-,-,Bora_Horsa_Gobuchul,-,1110.29,-1.79,1384.26,0.0,91.32,0.6,24,0.0,9,0.0,15,0.0,0,0.0,37.5,0.0,2025-01-23,-,0,1118.0
-,-,JFK2016,US,1110.08,-3.79,1247.46,0.0,45.79,1.26,352,0.0,110,0.0,238,0.0,4,0.0,31.25,0.0,2023-11-30,-,0,-
1135,-22,Voras,-,1110.03,-2.09,1346.09,0.0,78.69,0.7,24,0.0,8,0.0,14,0.0,2,0.0,33.33,0.0,2026-01-25,-,0,989.0
-,-,mythianan,-,1109.69,-1.59,1418.11,0.0,102.81,0.53,18,0.0,8,0.0,10,0.0,0,0.0,44.44,0.0,2024-04-04,-,0,-
-,-,hhahanext,-,1109.66,-1.56,1423.96,0.0,104.76,0.52,14,0.0,5,0.0,9,0.0,0,0.0,35.71,0.0,2025-03-12,-,0,939.0
1136,-43,pj79,-,1109.64,-19.36,1226.86,-17.83,39.07,0.51,192,4.0,70,0.0,118,4.0,4,0.0,36.46,-0.77,2026-08-01,-,0,791.0
-,-,Neptian,-,1109.46,-1.4,1458.63,0.0,116.39,0.47,12,0.0,4,0.0,8,0.0,0,0.0,33.33,0.0,2024-04-04,-,0,-
-,-,marialy,-,1108.48,-1.37,1466.26,0.0,119.26,0.46,12,0.0,8,0.0,4,0.0,0,0.0,66.67,0.0,2024-08-30,-,0,-
-,-,Sebix,-,1108.2,-1.61,1412.27,0.0,101.36,0.54,18,0.0,7,0.0,11,0.0,0,0.0,38.89,0.0,2025-03-21,-,0,872.0
-,-,Evilc,-,1107.93,-1.51,1433.13,0.0,108.4,0.5,12,0.0,4,0.0,8,0.0,0,0.0,33.33,0.0,2023-03-01,-,0,-
-,-,RyGuy123,-,1107.79,-1.4,1458.52,0.0,116.91,0.47,12,0.0,5,0.0,7,0.0,0,0.0,41.67,0.0,2024-02-23,-,0,-
-,-,Gervais,IT,1107.58,-3.49,1252.23,0.0,48.22,1.16,218,0.0,71,0.0,145,0.0,2,0.0,32.57,0.0,2024-11-26,-,0,1287.0
-,-,jasondh10,AU,1106.99,-2.55,1301.67,0.0,64.89,0.85,40,0.0,14,0.0,26,0.0,0,0.0,35.0,0.0,2025-08-31,-,0,928.0
-,-,machine_elf,-,1106.79,-1.35,1468.61,0.0,120.6,0.45,18,0.0,9,0.0,9,0.0,0,0.0,50.0,0.0,2019-05-19,-,0,-
-,-,Skarsh,-,1106.32,-1.63,1408.15,0.0,100.61,0.54,18,0.0,7,0.0,10,0.0,1,0.0,38.89,0.0,2024-04-04,-,0,-
-,-,Twinkles,-,1106.19,-1.28,1490.27,0.0,128.03,0.43,12,0.0,6,0.0,6,0.0,0,0.0,50.0,0.0,2020-09-06,-,0,-
-,-,ADRILU,-,1106.19,-1.76,1384.31,0.0,92.7,0.59,24,0.0,12,0.0,12,0.0,0,0.0,50.0,0.0,2022-03-06,-,0,-
-,-,Galten,-,1106.16,-1.33,1473.5,0.0,122.45,0.44,12,0.0,6,0.0,6,0.0,0,0.0,50.0,0.0,2024-02-23,-,0,-
-,-,ack,ES,1106.12,-2.27,1321.72,0.0,71.87,0.76,48,0.0,19,0.0,29,0.0,0,0.0,39.58,0.0,2023-06-04,-,0,-
-,-,calculex,-,1105.89,-2.57,1298.05,0.0,64.05,0.86,72,0.0,27,0.0,45,0.0,0,0.0,37.5,0.0,2022-08-22,-,0,-
1137,-23,NixonSparrow,-,1105.48,-1.37,1463.98,0.0,119.5,0.46,12,0.0,5,0.0,7,0.0,0,0.0,41.67,0.0,2026-04-05,-,0,-
-,-,RainyDay,-,1105.23,-2.41,1309.19,0.0,67.99,0.8,48,0.0,14,0.0,32,0.0,2,0.0,29.17,0.0,2024-04-04,-,0,-
-,-,Polysics,-,1105.16,-1.04,1576.88,0.0,157.24,0.35,6,0.0,3,0.0,2,0.0,1,0.0,50.0,0.0,2020-12-02,-,0,-
-,-,Argent123,-,1104.87,-1.39,1456.92,0.0,117.35,0.46,12,0.0,7,0.0,5,0.0,0,0.0,58.33,0.0,2021-12-05,-,0,-
1138,-17,JakubZGandalfova,-,1104.73,7.42,1240.92,7.09,45.4,-0.11,116,6.0,33,2.0,81,4.0,2,0.0,28.45,0.27,2026-07-10,-,0,802.0
-,-,nchenche,-,1104.01,-1.21,1508.15,0.0,134.71,0.4,8,0.0,4,0.0,4,0.0,0,0.0,50.0,0.0,2025-01-14,-,0,939.0
1139,-24,Msandry,-,1103.6,-2.09,1341.29,0.0,79.23,0.7,30,0.0,11,0.0,19,0.0,0,0.0,36.67,0.0,2026-01-21,-,0,1287.0
-,-,AoR,-,1102.76,-2.22,1328.38,0.0,75.21,0.74,54,0.0,21,0.0,32,0.0,1,0.0,38.89,0.0,2023-01-15,-,0,-
1140,-24,cultro,-,1102.38,-1.65,1398.88,0.0,98.84,0.55,18,0.0,5,0.0,13,0.0,0,0.0,27.78,0.0,2025-12-06,-,0,1287.0
1141,-24,Ladden,-,1102.04,-1.74,1383.18,0.0,93.71,0.58,18,0.0,6,0.0,12,0.0,0,0.0,33.33,0.0,2026-03-19,-,0,-
-,-,Khashir,-,1101.62,-1.27,1488.31,0.0,128.9,0.42,12,0.0,7,0.0,5,0.0,0,0.0,58.33,0.0,2021-09-05,-,0,-
1142,-24,Garhett,-,1101.02,-2.02,1343.88,0.0,80.95,0.67,24,0.0,8,0.0,15,0.0,1,0.0,33.33,0.0,2025-12-01,-,0,939.0
-,-,tolong,-,1100.58,-1.35,1463.65,0.0,121.02,0.45,12,0.0,5,0.0,7,0.0,0,0.0,41.67,0.0,2021-06-02,-,0,-
1143,10,justnomame,VN,1100.37,42.79,1332.78,23.3,77.47,-6.5,30,4.0,15,3.0,14,1.0,1,0.0,50.0,3.85,2026-08-02,-,0,-
-,-,MikeyB,-,1100.29,-1.79,1374.11,0.0,91.27,0.6,24,0.0,8,0.0,15,0.0,1,0.0,33.33,0.0,2024-05-15,-,0,-
-,-,bloodies,-,1099.58,-0.99,1591.4,0.0,163.94,0.33,6,0.0,5,0.0,1,0.0,0,0.0,83.33,0.0,2021-06-02,-,0,-
-,-,Djurre,-,1099.54,-1.44,1440.17,0.0,113.54,0.48,12,0.0,5,0.0,7,0.0,0,0.0,41.67,0.0,2022-03-06,-,0,-
-,-,drivebyrobot,-,1098.97,-0.85,1674.92,0.0,191.98,0.28,6,0.0,5,0.0,1,0.0,0,0.0,83.33,0.0,2020-06-21,-,0,-
-,-,al_boev,RU,1098.96,-2.04,1339.46,0.0,80.17,0.68,26,0.0,12,0.0,13,0.0,1,0.0,46.15,0.0,2025-02-01,-,0,-
-,-,KwonJoonHo,-,1098.95,-2.48,1297.26,0.0,66.1,0.83,36,0.0,14,0.0,19,0.0,3,0.0,38.89,0.0,2024-10-01,-,0,-
-,-,Moxielle,-,1098.6,-2.02,1342.01,0.0,81.14,0.67,30,0.0,11,0.0,19,0.0,0,0.0,36.67,0.0,2025-01-25,-,0,868.0
-,-,Thaddeus,-,1098.19,-2.84,1272.69,0.0,58.16,0.95,180,0.0,64,0.0,114,0.0,2,0.0,35.56,0.0,2023-01-15,-,0,-
-,-,Nardo,-,1098.17,-1.09,1545.94,0.0,149.25,0.36,6,0.0,4,0.0,2,0.0,0,0.0,66.67,0.0,2021-09-05,-,0,-
-,-,yeokaiwei,-,1098.05,-1.15,1523.68,0.0,141.88,0.38,12,0.0,7,0.0,3,0.0,2,0.0,58.33,0.0,2020-02-09,-,0,-
-,-,croloris,-,1097.82,-1.65,1394.89,0.0,99.03,0.55,24,0.0,10,0.0,14,0.0,0,0.0,41.67,0.0,2022-06-05,-,0,-
-,-,linyan,-,1097.74,-1.62,1400.81,0.0,101.02,0.54,18,0.0,9,0.0,9,0.0,0,0.0,50.0,0.0,2023-01-15,-,0,-
-,-,Oriane,-,1097.7,-1.42,1442.5,0.0,114.93,0.47,18,0.0,9,0.0,9,0.0,0,0.0,50.0,0.0,2020-12-02,-,0,-
-,-,jbuergel,-,1097.39,-1.83,1366.42,0.0,89.68,0.61,36,0.0,13,0.0,21,0.0,2,0.0,36.11,0.0,2020-08-23,-,0,-
-,-,Lemth,-,1097.05,-2.01,1341.65,0.0,81.53,0.67,42,0.0,15,0.0,27,0.0,0,0.0,35.71,0.0,2022-03-06,-,0,-
1144,-25,Tonino,-,1096.65,-2.51,1188.77,1.71,30.71,1.41,606,4.0,158,2.0,439,2.0,9,0.0,26.07,0.16,2026-08-04,-,0,788.0
-,-,Devran,TR,1096.26,-1.68,1389.01,0.0,97.58,0.56,22,0.0,10,0.0,12,0.0,0,0.0,45.45,0.0,2025-01-18,-,0,989.0
-,-,jacobmaster,-,1095.73,-1.1,1542.19,0.0,148.82,0.37,6,0.0,4,0.0,2,0.0,0,0.0,66.67,0.0,2023-01-15,-,0,-
-,-,maffoffo,-,1095.24,-1.75,1375.84,0.0,93.53,0.58,20,0.0,9,0.0,11,0.0,0,0.0,45.0,0.0,2025-03-29,-,0,798.0
-,-,RolldUpTrips,-,1095.15,-2.05,1336.18,0.0,80.34,0.68,60,0.0,19,0.0,40,0.0,1,0.0,31.67,0.0,2019-11-10,-,0,-
1145,-25,szyszuniawiesz,-,1094.68,-3.07,1255.31,0.0,53.54,1.02,74,0.0,25,0.0,49,0.0,0,0.0,33.78,0.0,2026-01-22,-,0,1184.0
1146,-23,Marchely,-,1094.65,-1.71,1382.72,0.0,96.02,0.57,20,0.0,8,0.0,12,0.0,0,0.0,40.0,0.0,2025-12-02,-,0,1118.0
-,-,Moondarra,-,1094.56,-2.38,1300.4,0.0,68.61,0.79,54,0.0,20,0.0,34,0.0,0,0.0,37.04,0.0,2023-05-30,-,0,-
1147,-25,Broens,-,1094.5,-1.91,1351.63,0.0,85.71,0.64,24,0.0,10,0.0,13,0.0,1,0.0,41.67,0.0,2026-01-24,-,0,1118.0
-,-,JuanitosCZ,-,1093.93,-2.7,1276.48,0.0,60.85,0.9,108,0.0,39,0.0,69,0.0,0,0.0,36.11,0.0,2022-08-29,-,0,-
-,-,plaZer,-,1093.63,-2.23,1315.39,0.0,73.92,0.74,56,0.0,13,0.0,43,0.0,0,0.0,23.21,0.0,2023-01-22,-,0,-
-,-,Midyat,-,1093.59,-1.69,1385.22,0.0,97.21,0.56,20,0.0,6,0.0,14,0.0,0,0.0,30.0,0.0,2025-01-19,-,0,989.0
1148,-24,SargeGunz,-,1093.57,-1.69,1384.49,0.0,96.97,0.56,18,0.0,8,0.0,10,0.0,0,0.0,44.44,0.0,2026-01-29,-,0,-
-,-,Kruz,-,1093.29,-1.85,1361.01,0.0,89.24,0.62,24,0.0,9,0.0,15,0.0,0,0.0,37.5,0.0,2022-05-25,-,0,-
-,-,PinkrAnger,-,1093.06,-3.44,1242.76,0.0,49.9,1.15,252,0.0,75,0.0,170,0.0,7,0.0,29.76,0.0,2023-06-04,-,0,-
1149,18,Saph4ir,-,1092.65,46.68,1248.97,33.72,52.11,-4.32,70,10.0,24,6.0,45,4.0,1,0.0,34.29,4.29,2026-07-25,-,0,1241.0
1150,-25,Linsage,-,1091.29,-2.14,1320.98,0.0,76.56,0.71,38,0.0,10,0.0,28,0.0,0,0.0,26.32,0.0,2026-01-27,-,0,757.0
-,-,megathong,-,1091.03,-2.24,1310.04,0.0,73.01,0.75,72,0.0,27,0.0,45,0.0,0,0.0,37.5,0.0,2021-12-05,-,0,-
-,-,FlyFelix,-,1091.0,-1.43,1433.22,0.0,114.07,0.48,12,0.0,7,0.0,4,0.0,1,0.0,58.33,0.0,2024-02-27,-,0,-
-,-,sirivanhoe,-,1090.83,-0.92,1623.99,0.0,177.72,0.31,6,0.0,4,0.0,2,0.0,0,0.0,66.67,0.0,2020-06-28,-,0,-
-,-,matti5215,-,1090.67,-4.28,1210.95,0.0,40.09,1.43,402,0.0,121,0.0,278,0.0,3,0.0,30.1,0.0,2024-10-22,-,0,1287.0
-,-,Igorian,-,1090.32,-1.62,1392.87,0.0,100.85,0.54,18,0.0,9,0.0,9,0.0,0,0.0,50.0,0.0,2021-09-05,-,0,-
-,-,alexruzzier,-,1089.69,-1.19,1500.23,0.0,136.85,0.4,8,0.0,4,0.0,4,0.0,0,0.0,50.0,0.0,2024-02-23,-,0,-
-,-,Namian,-,1089.65,-1.9,1348.15,0.0,86.17,0.63,28,0.0,10,0.0,18,0.0,0,0.0,35.71,0.0,2024-04-04,-,0,-
-,-,Ske,-,1089.62,-1.22,1490.58,0.0,133.65,0.41,12,0.0,8,0.0,4,0.0,0,0.0,66.67,0.0,2020-11-24,-,0,-
1151,-25,Nomade,-,1088.75,-3.3,1241.04,0.0,50.76,1.1,144,0.0,49,0.0,94,0.0,1,0.0,34.03,0.0,2025-12-04,-,0,1118.0
1152,unretired,FuManchu,-,1088.62,9.59,1212.74,9.88,41.37,0.1,272,4.0,70,3.0,199,1.0,3,0.0,25.74,0.74,2026-08-01,-,0,1051.0
-,-,IsleOfDick,-,1088.45,-1.26,1478.01,0.0,129.85,0.42,12,0.0,6,0.0,6,0.0,0,0.0,50.0,0.0,2024-02-23,-,0,-
-,-,simone.farina,-,1087.93,-1.32,1463.77,0.0,125.28,0.44,18,0.0,11,0.0,7,0.0,0,0.0,61.11,0.0,2020-06-28,-,0,-
-,-,Toudi,-,1087.79,-1.84,1354.33,0.0,88.85,0.61,24,0.0,9,0.0,15,0.0,0,0.0,37.5,0.0,2022-12-04,-,0,-
1153,-26,MajorGaz,-,1087.16,-1.07,1235.46,-3.13,49.43,-0.69,114,4.0,32,1.0,82,3.0,0,0.0,28.07,-0.11,2026-07-27,-,0,-
-,-,t-die,-,1087.12,-1.39,1438.92,0.0,117.26,0.46,12,0.0,7,0.0,5,0.0,0,0.0,58.33,0.0,2022-11-30,-,0,-
1154,-26,EbaN,-,1086.61,-1.42,1431.19,0.0,114.86,0.47,12,0.0,5,0.0,7,0.0,0,0.0,41.67,0.0,2026-02-03,-,0,-
-,-,LordEenon,-,1086.33,-1.91,1343.71,0.0,85.79,0.64,36,0.0,16,0.0,20,0.0,0,0.0,44.44,0.0,2021-05-18,-,0,-
-,-,theblender,-,1085.92,-2.73,1268.19,0.0,60.76,0.91,84,0.0,24,0.0,50,0.0,10,0.0,28.57,0.0,2024-05-25,-,0,-
-,-,sam4sam4sam,-,1085.84,-2.47,1293.49,0.0,69.22,0.82,42,0.0,14,0.0,27,0.0,1,0.0,33.33,0.0,2025-02-28,-,0,1421.0
-,-,Albino,-,1085.57,-2.18,1312.08,0.0,75.5,0.73,36,0.0,14,0.0,22,0.0,0,0.0,38.89,0.0,2024-06-02,-,0,-
1155,-26,Pieter_NL,-,1085.33,-1.3,1460.76,0.0,125.14,0.43,8,0.0,3,0.0,5,0.0,0,0.0,37.5,0.0,2026-01-27,-,0,-
-,-,Ranger,-,1084.59,-1.61,1389.85,0.0,101.75,0.54,18,0.0,8,0.0,10,0.0,0,0.0,44.44,0.0,2025-01-27,-,0,1184.0
1156,-26,Serrapac,-,1084.32,-1.78,1359.6,0.0,91.76,0.59,20,0.0,9,0.0,11,0.0,0,0.0,45.0,0.0,2026-01-26,-,0,1118.0
-,-,logocentric,-,1084.17,-2.75,1264.06,0.0,59.96,0.92,132,0.0,40,0.0,91,0.0,1,0.0,30.3,0.0,2022-02-23,-,0,-
-,-,lpoulter,GB,1084.17,-1.7,1372.33,0.0,96.05,0.57,34,0.0,14,0.0,20,0.0,0,0.0,41.18,0.0,2021-02-23,-,0,-
-,-,ScottHMoore,-,1084.13,-1.06,1546.11,0.0,153.99,0.35,6,0.0,3,0.0,3,0.0,0,0.0,50.0,0.0,2020-12-02,-,0,-
-,-,Greenilocks,-,1084.03,-2.26,1300.8,0.0,72.26,0.75,78,0.0,26,0.0,52,0.0,0,0.0,33.33,0.0,2020-11-23,-,0,-
-,-,campsbayrich,-,1083.6,-2.78,1262.52,0.0,59.64,0.93,120,0.0,39,0.0,79,0.0,2,0.0,32.5,0.0,2022-06-05,-,0,-
-,-,DDD_D,-,1083.58,-1.45,1422.5,0.0,112.97,0.48,12,0.0,4,0.0,8,0.0,0,0.0,33.33,0.0,2025-01-16,-,0,989.0
-,-,samlives,-,1083.4,-2.24,1303.9,0.0,73.5,0.75,54,0.0,19,0.0,35,0.0,0,0.0,35.19,0.0,2025-04-03,-,0,1429.0
-,-,gaute,-,1083.14,-0.89,1634.26,0.0,183.71,0.3,6,0.0,4,0.0,2,0.0,0,0.0,66.67,0.0,2018-10-07,-,0,-
-,-,szesophie,-,1082.83,-3.54,1225.24,0.0,47.47,1.18,180,0.0,53,0.0,127,0.0,0,0.0,29.44,0.0,2024-09-15,-,0,1287.0
-,-,DPRK,-,1082.69,-1.48,1413.74,0.0,110.35,0.49,12,0.0,5,0.0,7,0.0,0,0.0,41.67,0.0,2025-01-27,-,0,989.0
1157,-25,datboidankjuice,-,1082.24,-1.4,1432.98,0.0,116.91,0.47,12,0.0,5,0.0,7,0.0,0,0.0,41.67,0.0,2026-01-23,-,0,-
-,-,JTazz01,-,1081.96,-1.87,1345.47,0.0,87.84,0.62,30,0.0,12,0.0,18,0.0,0,0.0,40.0,0.0,2022-03-06,-,0,-
-,-,Signor_Darcy,-,1081.94,-3.08,1243.97,0.0,54.01,1.03,162,0.0,48,0.0,113,0.0,1,0.0,29.63,0.0,2024-01-16,-,0,-
-,-,Rgjensen,-,1080.71,-1.41,1427.53,0.0,115.6,0.47,12,0.0,4,0.0,8,0.0,0,0.0,33.33,0.0,2025-01-22,-,0,989.0
-,-,MBK,-,1080.46,-0.99,1578.17,0.0,165.9,0.33,14,0.0,5,0.0,9,0.0,0,0.0,35.71,0.0,2024-02-23,-,0,-
-,-,mysoli,-,1080.27,-1.47,1414.46,0.0,111.4,0.49,12,0.0,7,0.0,5,0.0,0,0.0,58.33,0.0,2025-02-28,-,0,1287.0
-,-,zeminith,-,1079.49,-1.81,1352.46,0.0,90.99,0.6,36,0.0,14,0.0,20,0.0,2,0.0,38.89,0.0,2020-06-28,-,0,-
-,-,Gladue,-,1079.22,-1.51,1404.94,0.0,108.57,0.5,16,0.0,5,0.0,11,0.0,0,0.0,31.25,0.0,2023-03-05,-,0,-
-,-,Gondis,-,1078.56,-1.43,1420.72,0.0,114.05,0.48,24,0.0,10,0.0,14,0.0,0,0.0,41.67,0.0,2020-05-19,-,0,-
-,-,psutera,-,1078.56,-1.43,1420.72,0.0,114.05,0.48,24,0.0,10,0.0,14,0.0,0,0.0,41.67,0.0,2020-05-20,-,0,-
-,-,Alabastero,-,1078.56,-1.43,1420.72,0.0,114.05,0.48,24,0.0,10,0.0,14,0.0,0,0.0,41.67,0.0,2020-05-28,-,0,-
-,-,ferion,-,1078.49,-1.48,1409.23,0.0,110.25,0.49,18,0.0,8,0.0,10,0.0,0,0.0,44.44,0.0,2020-06-28,-,0,-
-,-,pupukani,-,1077.74,-1.93,1331.57,0.0,84.61,0.64,36,0.0,17,0.0,19,0.0,0,0.0,47.22,0.0,2022-05-29,-,0,-
-,-,Volt65,-,1076.71,-1.25,1469.1,0.0,130.8,0.42,16,0.0,10,0.0,6,0.0,0,0.0,62.5,0.0,2020-02-17,-,0,-
-,-,Eira,-,1076.64,-1.76,1354.19,0.0,92.52,0.59,24,0.0,11,0.0,13,0.0,0,0.0,45.83,0.0,2022-03-06,-,0,-
-,-,Svaldini,CA,1076.44,-2.42,1281.1,0.0,68.22,0.81,54,0.0,18,0.0,36,0.0,0,0.0,33.33,0.0,2023-02-23,-,0,-
-,-,Major.Tom,SE,1076.17,-1.36,1436.07,0.0,119.97,0.45,12,0.0,6,0.0,6,0.0,0,0.0,50.0,0.0,2024-09-15,-,0,-
1158,-24,PeskyGekko,-,1075.69,-2.1,1310.36,0.0,78.22,0.7,34,0.0,12,0.0,22,0.0,0,0.0,35.29,0.0,2025-12-07,-,0,1118.0
-,-,DonStealth,-,1075.49,-2.32,1287.4,0.0,70.64,0.77,36,0.0,10,0.0,26,0.0,0,0.0,27.78,0.0,2025-01-23,-,0,1184.0
-,-,lordzorath,-,1075.31,-1.39,1427.89,0.0,117.53,0.46,18,0.0,9,0.0,9,0.0,0,0.0,50.0,0.0,2020-12-02,-,0,-
-,-,Holtykins,GB,1074.99,-2.06,1313.63,0.0,79.55,0.69,32,0.0,12,0.0,20,0.0,0,0.0,37.5,0.0,2024-11-29,-,0,1184.0
1159,-23,Bruce.Twarze,-,1074.6,-2.25,1292.86,0.0,72.76,0.75,36,0.0,12,0.0,24,0.0,0,0.0,33.33,0.0,2026-02-04,-,0,1118.0
-,-,ergates,-,1074.47,-0.91,1611.34,0.0,178.96,0.3,6,0.0,4,0.0,2,0.0,0,0.0,66.67,0.0,2018-09-30,-,0,-
-,-,Hanthelmor,BR,1074.39,-4.04,1207.21,0.0,44.27,1.35,348,0.0,94,0.0,249,0.0,5,0.0,27.01,0.0,2024-06-16,-,0,-
1160,new,Pudroe,-,1074.35,624.35,1558.22,58.22,161.29,161.29,4,4.0,2,2.0,2,2.0,0,0.0,50.0,50.0,2026-07-30,-,0,1259.0
-,-,Atomtomate,DE,1073.71,-2.6,1266.03,0.0,64.11,0.87,66,0.0,18,0.0,48,0.0,0,0.0,27.27,0.0,2025-01-22,-,0,932.0
-,-,Stupidstupidrat,-,1073.56,-1.88,1333.72,0.0,86.72,0.63,24,0.0,7,0.0,17,0.0,0,0.0,29.17,0.0,2024-09-02,-,0,1278.0
-,-,Paracelso,-,1073.46,-2.75,1252.37,0.0,59.64,0.92,92,0.0,24,0.0,66,0.0,2,0.0,26.09,0.0,2025-01-30,-,0,986.0
1161,-24,Oleg787899,-,1073.32,-1.38,1429.31,0.0,118.66,0.46,12,0.0,4,0.0,8,0.0,0,0.0,33.33,0.0,2026-02-04,-,0,-
-,-,HarryW,-,1071.81,-1.07,1529.37,0.0,152.52,0.36,6,0.0,3,0.0,3,0.0,0,0.0,50.0,0.0,2024-02-20,-,0,-
-,-,biso,-,1071.7,-3.05,1237.25,0.0,55.18,1.02,168,0.0,51,0.0,115,0.0,2,0.0,30.36,0.0,2025-01-26,-,0,1416.0
-,-,Prince2B,-,1071.68,-1.2,1481.26,0.0,136.53,0.4,8,0.0,2,0.0,6,0.0,0,0.0,25.0,0.0,2025-01-26,-,0,989.0
-,-,Mlhovan,-,1071.22,-3.01,1236.28,0.0,55.02,1.0,116,0.0,36,0.0,79,0.0,1,0.0,31.03,0.0,2023-09-10,-,0,-
-,-,TheMorat,-,1071.13,-1.6,1376.5,0.0,101.79,0.53,18,0.0,6,0.0,12,0.0,0,0.0,33.33,0.0,2023-04-16,-,0,-
-,-,Werlix,-,1071.1,-1.19,1481.69,0.0,136.86,0.4,12,0.0,6,0.0,6,0.0,0,0.0,50.0,0.0,2018-09-23,-,0,-
1162,-23,Dave777,-,1070.99,-1.31,1446.0,0.0,125.0,0.44,12,0.0,5,0.0,7,0.0,0,0.0,41.67,0.0,2026-01-31,-,0,-
1163,-23,Kaputsky,-,1070.81,-1.34,1435.39,0.0,121.53,0.45,12,0.0,4,0.0,8,0.0,0,0.0,33.33,0.0,2026-01-23,-,0,-
-,-,soundfield,-,1070.04,-1.45,1406.93,0.0,112.3,0.48,18,0.0,9,0.0,9,0.0,0,0.0,50.0,0.0,2021-03-02,-,0,-
-,-,Zeclion,-,1070.04,-2.69,1254.95,0.0,61.64,0.9,170,0.0,44,0.0,114,0.0,12,0.0,25.88,0.0,2021-03-02,-,0,-
1164,new,nathanb,-,1069.8,619.8,1474.15,-25.85,134.79,134.79,6,6.0,3,3.0,3,3.0,0,0.0,50.0,50.0,2026-07-11,-,0,-
1165,-24,Jacko65,-,1067.73,-3.6,1205.29,0.0,45.85,1.2,172,0.0,43,0.0,127,0.0,2,0.0,25.0,0.0,2025-12-03,-,0,1184.0
1166,-24,2da6,-,1067.6,-2.08,1303.61,0.0,78.67,0.69,34,0.0,9,0.0,25,0.0,0,0.0,26.47,0.0,2026-01-22,-,0,939.0
1167,-24,oPPer,-,1066.8,-1.5,1392.77,0.0,108.66,0.5,12,0.0,4,0.0,8,0.0,0,0.0,33.33,0.0,2026-01-17,-,0,-
-,-,Edge613,-,1066.79,-2.97,1232.57,0.0,55.26,0.99,90,0.0,28,0.0,62,0.0,0,0.0,31.11,0.0,2025-04-15,-,0,1433.0
1168,-24,Algomi,-,1066.69,-1.17,1484.19,0.0,139.17,0.39,8,0.0,4,0.0,4,0.0,0,0.0,50.0,0.0,2026-01-27,-,0,-
-,-,ackbleh,-,1066.23,-1.22,1465.85,0.0,133.21,0.41,12,0.0,7,0.0,5,0.0,0,0.0,58.33,0.0,2020-11-19,-,0,-
1169,-34,IrenaX,-,1065.8,-11.87,1161.99,-9.45,32.06,0.81,324,10.0,76,1.0,246,9.0,2,0.0,23.46,-0.43,2026-07-28,-,0,645.0
1170,-25,thebigcheese,-,1065.63,-1.82,1334.31,0.0,89.56,0.61,24,0.0,8,0.0,16,0.0,0,0.0,33.33,0.0,2026-01-20,-,0,1287.0
1171,-25,Tomek,-,1065.39,-1.37,1421.69,0.0,118.77,0.46,12,0.0,6,0.0,6,0.0,0,0.0,50.0,0.0,2026-01-23,-,0,1287.0
-,-,LacekCZ,-,1064.97,-1.22,1469.39,0.0,134.81,0.41,12,0.0,6,0.0,6,0.0,0,0.0,50.0,0.0,2020-09-13,G,2,-
-,-,Ankaru,-,1064.89,-2.71,1248.17,0.0,61.09,0.9,58,0.0,22,0.0,36,0.0,0,0.0,37.93,0.0,2025-02-01,-,0,1067.0
-,-,CuteAnn,-,1064.62,-1.84,1330.83,0.0,88.74,0.61,24,0.0,6,0.0,18,0.0,0,0.0,25.0,0.0,2024-11-26,-,0,1114.0
1172,-12,gutibudoka,-,1063.88,13.77,1193.04,13.47,43.05,-0.1,110,4.0,42,3.0,68,1.0,0,0.0,38.18,1.39,2026-08-03,-,0,915.0
-,-,Droopy999,-,1063.59,-2.66,1252.1,0.0,62.84,0.89,102,0.0,36,0.0,66,0.0,0,0.0,35.29,0.0,2022-03-06,-,0,-
-,-,Kestutelis,-,1063.46,-1.61,1367.58,0.0,101.37,0.54,20,0.0,6,0.0,14,0.0,0,0.0,30.0,0.0,2025-02-05,-,0,989.0
1173,12,Clarinachos,-,1063.33,29.53,1250.11,22.71,62.26,-2.27,60,6.0,16,2.0,44,4.0,0,0.0,26.67,0.74,2026-07-21,-,0,1271.0
-,-,liladre,-,1063.25,-3.56,1204.55,0.0,47.1,1.19,266,0.0,73,0.0,192,0.0,1,0.0,27.44,0.0,2023-11-17,-,0,-
1174,-27,olawaco,-,1063.05,-3.55,1203.25,0.0,46.73,1.18,100,0.0,34,0.0,66,0.0,0,0.0,34.0,0.0,2026-03-10,-,0,1118.0
1175,-27,Jaan,-,1062.19,-1.65,1358.83,0.0,98.88,0.55,14,0.0,3,0.0,11,0.0,0,0.0,21.43,0.0,2026-03-20,-,0,-
-,-,RagingKozak,-,1061.61,-2.5,1263.09,0.0,67.16,0.83,90,0.0,32,0.0,58,0.0,0,0.0,35.56,0.0,2021-09-05,-,0,-
1176,-27,MareTheEnlightened,-,1061.56,-1.74,1342.44,0.0,93.62,0.58,20,0.0,7,0.0,12,0.0,1,0.0,35.0,0.0,2026-01-26,-,0,1067.0
-,-,AlexGc,-,1061.47,-0.87,1626.66,0.0,188.4,0.29,6,0.0,4,0.0,2,0.0,0,0.0,66.67,0.0,2020-06-28,-,0,-
-,-,Richy_Doulares,-,1061.06,-1.02,1540.96,0.0,159.97,0.34,6,0.0,4,0.0,2,0.0,0,0.0,66.67,0.0,2024-03-03,-,0,-
-,-,Joetaptaco,-,1060.93,-1.85,1325.6,0.0,88.22,0.62,30,0.0,12,0.0,18,0.0,0,0.0,40.0,0.0,2022-03-06,-,0,-
-,-,BoB94,-,1059.1,-1.61,1362.59,0.0,101.16,0.54,18,0.0,4,0.0,14,0.0,0,0.0,22.22,0.0,2024-07-01,-,0,-
-,-,RiccardoRaso,-,1058.88,-2.6,1248.61,0.0,63.24,0.87,72,0.0,21,0.0,50,0.0,1,0.0,29.17,0.0,2023-01-15,-,0,-
-,-,TonyMc1961,-,1058.43,-2.24,1278.61,0.0,73.39,0.75,72,0.0,21,0.0,51,0.0,0,0.0,29.17,0.0,2020-12-02,-,0,-
1177,new,MyriamVanErum,-,1056.95,606.95,1472.5,-27.5,138.52,138.52,6,6.0,3,3.0,3,3.0,0,0.0,50.0,50.0,2026-07-23,-,0,-
-,-,essence,IL,1056.69,-2.04,1297.0,0.0,80.1,0.68,30,0.0,10,0.0,19,0.0,1,0.0,33.33,0.0,2023-11-17,-,0,-
1178,-26,hardsoul,-,1056.31,-1.43,1397.95,0.0,113.88,0.48,12,0.0,3,0.0,9,0.0,0,0.0,25.0,0.0,2026-01-27,-,0,-
-,-,footjoy39,-,1056.26,-1.52,1379.4,0.0,107.71,0.51,12,0.0,6,0.0,6,0.0,0,0.0,50.0,0.0,2025-01-31,-,0,1067.0
-,-,davidx,-,1055.57,-1.91,1314.42,0.0,86.28,0.64,24,0.0,9,0.0,14,0.0,1,0.0,37.5,0.0,2023-08-22,-,0,-
1179,-24,Athafil,-,1054.97,-1.94,1307.62,0.0,84.22,0.65,24,0.0,9,0.0,15,0.0,0,0.0,37.5,0.0,2026-03-23,-,0,-
1180,-42,RodaxIII,-,1054.71,-18.38,1177.61,-18.58,40.97,-0.07,172,6.0,51,0.0,116,6.0,5,0.0,29.65,-1.07,2026-07-18,-,0,1270.0
1181,-27,hbendeguz,-,1054.63,-2.56,1246.45,0.0,63.94,0.85,54,0.0,9,0.0,41,0.0,4,0.0,16.67,0.0,2025-12-01,-,0,-
1182,-31,MartinCZE,CZ,1054.5,-4.12,1183.9,0.0,43.13,1.37,278,0.0,72,0.0,201,0.0,5,0.0,25.9,0.0,2026-01-03,-,0,915.0
-,-,Flamingpichu,-,1054.49,-2.21,1276.47,0.0,73.99,0.74,50,0.0,15,0.0,31,0.0,4,0.0,30.0,0.0,2023-01-22,-,0,-
-,-,Wirbin,-,1053.53,-1.28,1437.1,0.0,127.86,0.43,12,0.0,5,0.0,7,0.0,0,0.0,41.67,0.0,2020-09-06,-,0,-
-,-,Batallon,-,1053.18,-4.25,1173.35,0.0,40.05,1.42,298,0.0,80,0.0,215,0.0,3,0.0,26.85,0.0,2025-06-29,-,0,845.0
-,-,adocen,-,1053.01,-1.5,1378.82,0.0,108.6,0.5,24,0.0,9,0.0,13,0.0,2,0.0,37.5,0.0,2020-11-15,-,0,-
-,-,Guarddoesntsurrender,-,1052.66,-1.1,1499.08,0.0,148.81,0.37,6,0.0,4,0.0,2,0.0,0,0.0,66.67,0.0,2022-09-04,-,0,-
-,-,mehanik,-,1052.66,-1.72,1338.65,0.0,95.33,0.57,18,0.0,6,0.0,12,0.0,0,0.0,33.33,0.0,2023-01-15,-,0,-
1183,42,BuddhaBoost,-,1052.2,66.67,1249.24,36.93,65.68,-9.91,44,10.0,13,5.0,30,5.0,1,0.0,29.55,6.02,2026-08-02,-,0,-
-,-,Togodomus,-,1052.14,-1.28,1433.57,0.0,127.14,0.43,12,0.0,5,0.0,7,0.0,0,0.0,41.67,0.0,2024-02-23,-,0,-
-,-,Finch,-,1051.85,-0.89,1600.31,0.0,182.82,0.3,6,0.0,4,0.0,2,0.0,0,0.0,66.67,0.0,2020-06-28,-,0,-
-,-,funkenschlag,-,1051.63,-2.86,1224.61,0.0,57.66,0.95,180,0.0,46,0.0,132,0.0,2,0.0,25.56,0.0,2023-01-15,-,0,-
-,-,meeplematero,-,1051.31,-2.04,1291.29,0.0,79.99,0.68,36,0.0,12,0.0,23,0.0,1,0.0,33.33,0.0,2024-10-01,-,0,-
-,-,Paeoc,BR,1051.14,-1.04,1520.46,0.0,156.44,0.35,6,0.0,4,0.0,2,0.0,0,0.0,66.67,0.0,2023-04-04,-,0,-
1184,-26,janbandit,-,1051.06,-1.56,1364.56,0.0,104.5,0.52,16,0.0,5,0.0,11,0.0,0,0.0,31.25,0.0,2026-01-31,-,0,1118.0
-,-,rslyzc,-,1049.68,-1.56,1363.65,0.0,104.66,0.52,18,0.0,6,0.0,12,0.0,0,0.0,33.33,0.0,2024-04-04,-,0,-
1185,-26,LMB,-,1049.44,-1.5,1374.78,0.0,108.45,0.5,12,0.0,5,0.0,7,0.0,0,0.0,41.67,0.0,2026-04-16,-,0,-
-,-,GeoHub,-,1049.36,-1.81,1322.74,0.0,91.13,0.6,48,0.0,15,0.0,33,0.0,0,0.0,31.25,0.0,2020-11-26,-,0,-
-,-,hsss,-,1048.84,-1.25,1441.13,0.0,130.76,0.42,12,0.0,6,0.0,5,0.0,1,0.0,50.0,0.0,2025-01-29,-,0,1118.0
-,-,Swingles,-,1048.29,-1.72,1333.75,0.0,95.15,0.57,24,0.0,13,0.0,11,0.0,0,0.0,54.17,0.0,2022-06-05,-,0,-
1186,-24,wrx666,-,1047.94,-1.3,1423.72,0.0,125.26,0.43,12,0.0,4,0.0,8,0.0,0,0.0,33.33,0.0,2026-01-27,-,0,-
1187,-24,AvanAgornin,-,1047.45,-1.43,1388.94,0.0,113.83,0.48,12,0.0,4,0.0,8,0.0,0,0.0,33.33,0.0,2026-01-22,-,0,-
1188,-27,PatPunisher,-,1047.32,-1.99,1294.27,0.0,82.31,0.66,24,0.0,10,0.0,14,0.0,0,0.0,41.67,0.0,2026-01-22,-,0,1067.0
1189,-33,Suddoman,-,1046.88,-7.52,1234.77,-23.04,62.63,-5.17,42,6.0,10,1.0,29,5.0,3,0.0,23.81,-1.19,2026-07-17,-,0,932.0
-,-,anworsy,-,1046.48,-2.12,1280.05,0.0,77.86,0.71,72,0.0,26,0.0,45,0.0,1,0.0,36.11,0.0,2020-06-21,-,0,-
1190,-40,Dunketelin,-,1046.43,-14.12,1150.95,-13.68,34.84,0.15,304,10.0,78,1.0,225,9.0,1,0.0,25.66,-0.53,2026-08-02,-,0,676.0
1191,-27,OM_Para,-,1046.22,-1.82,1316.55,0.0,90.11,0.61,26,0.0,8,0.0,18,0.0,0,0.0,30.77,0.0,2026-03-13,-,0,1118.0
-,-,CeeJ,-,1046.19,-1.74,1327.59,0.0,93.8,0.58,26,0.0,11,0.0,15,0.0,0,0.0,42.31,0.0,2024-01-16,-,0,-
1192,-27,babaganoosh,-,1045.6,-1.78,1321.39,0.0,91.93,0.59,24,0.0,8,0.0,16,0.0,0,0.0,33.33,0.0,2026-01-19,-,0,1067.0
1193,-27,madmanmatt666,-,1044.65,-1.45,1382.78,0.0,112.71,0.48,12,0.0,3,0.0,8,0.0,1,0.0,25.0,0.0,2026-01-31,-,0,1287.0
1194,-26,rubenman,-,1043.62,-2.25,1261.35,0.0,72.58,0.75,36,0.0,13,0.0,23,0.0,0,0.0,36.11,0.0,2026-01-24,-,0,-
-,-,FoglyOgly,-,1043.58,-2.05,1282.6,0.0,79.67,0.68,54,0.0,12,0.0,41,0.0,1,0.0,22.22,0.0,2021-05-07,-,0,-
1195,-26,Castanicus,-,1043.43,-1.94,1295.77,0.0,84.11,0.65,24,0.0,7,0.0,17,0.0,0,0.0,29.17,0.0,2026-02-08,-,0,1184.0
-,-,EnterWrexer,-,1043.37,-1.46,1378.71,0.0,111.78,0.49,18,0.0,10,0.0,8,0.0,0,0.0,55.56,0.0,2020-12-02,-,0,-
-,-,Zenmaster,-,1043.14,-1.36,1403.57,0.0,120.14,0.45,12,0.0,5,0.0,7,0.0,0,0.0,41.67,0.0,2020-11-18,-,0,-
-,-,TheCat,-,1043.06,-1.5,1368.98,0.0,108.64,0.5,20,0.0,7,0.0,13,0.0,0,0.0,35.0,0.0,2020-04-08,-,0,-
1196,-18,Ilyanep,-,1043.06,3.05,1190.44,2.4,49.13,-0.22,134,6.0,34,1.0,100,5.0,0,0.0,25.37,-0.41,2026-07-21,-,0,1271.0
1197,-27,Moshmir,-,1043.05,-1.47,1375.19,0.0,110.71,0.49,12,0.0,5,0.0,7,0.0,0,0.0,41.67,0.0,2026-01-19,-,0,-
-,-,BlueJay,-,1041.9,-1.47,1374.63,0.0,110.91,0.49,12,0.0,5,0.0,7,0.0,0,0.0,41.67,0.0,2025-02-01,-,0,1184.0
1198,-26,lutzifer,-,1041.87,-1.53,1361.42,0.0,106.52,0.51,14,0.0,4,0.0,10,0.0,0,0.0,28.57,0.0,2026-03-13,-,0,-
1199,-42,Kazan,-,1041.32,-13.08,1181.53,-11.97,46.74,0.37,168,2.0,48,0.0,117,2.0,3,0.0,28.57,-0.35,2026-06-26,-,0,1184.0
1200,-27,rofler31337,-,1041.01,-1.88,1304.34,0.0,87.78,0.63,24,0.0,8,0.0,16,0.0,0,0.0,33.33,0.0,2026-01-31,-,0,989.0
1201,-30,Romulus07,-,1040.26,-3.53,1181.63,0.0,47.12,1.18,106,0.0,30,0.0,74,0.0,2,0.0,28.3,0.0,2026-02-28,-,0,1065.0
-,-,e_townsend,-,1039.61,-1.79,1314.02,0.0,91.47,0.6,30,0.0,11,0.0,19,0.0,0,0.0,36.67,0.0,2021-06-02,-,0,-
1202,-28,Vlasy,-,1039.42,-2.53,1233.38,0.0,64.65,0.84,48,0.0,11,0.0,36,0.0,1,0.0,22.92,0.0,2026-01-18,-,0,1184.0
1203,-28,Vaibhavaiyar,-,1038.61,-2.96,1205.16,0.0,55.51,0.99,104,0.0,28,0.0,74,0.0,2,0.0,26.92,0.0,2026-01-20,-,0,1184.0
1204,-16,stanze,-,1038.44,5.9,1224.09,-0.49,61.88,-2.13,44,4.0,15,2.0,29,2.0,0,0.0,34.09,1.59,2026-07-25,-,0,1118.0
1205,-26,Mighke,-,1037.71,-1.89,1297.04,0.0,86.44,0.63,24,0.0,8,0.0,16,0.0,0,0.0,33.33,0.0,2026-01-24,-,0,1118.0
-,-,BartoszN,-,1037.58,-1.91,1295.57,0.0,86.0,0.64,30,0.0,11,0.0,18,0.0,1,0.0,36.67,0.0,2022-02-18,-,0,-
1206,-26,KYO,-,1037.46,-1.92,1293.66,0.0,85.4,0.64,32,0.0,8,0.0,24,0.0,0,0.0,25.0,0.0,2026-01-31,-,0,939.0
-,-,Jbob2626,-,1036.73,-1.35,1401.82,0.0,121.7,0.45,12,0.0,6,0.0,6,0.0,0,0.0,50.0,0.0,2025-01-25,-,0,1118.0
1207,-26,lengesses,-,1036.67,-1.75,1317.37,0.0,93.57,0.58,18,0.0,4,0.0,14,0.0,0,0.0,22.22,0.0,2026-01-25,-,0,1184.0
1208,-25,DanielEss,-,1036.15,-1.74,1318.04,0.0,93.96,0.58,18,0.0,4,0.0,14,0.0,0,0.0,22.22,0.0,2026-03-16,-,0,-
-,-,thaes,-,1036.14,-1.58,1346.12,0.0,103.33,0.53,18,0.0,8,0.0,10,0.0,0,0.0,44.44,0.0,2022-06-05,-,0,-
1209,-25,BlackSmyth,-,1035.76,-1.91,1291.75,0.0,85.33,0.64,28,0.0,7,0.0,21,0.0,0,0.0,25.0,0.0,2026-01-27,-,0,1118.0
1210,-28,IngussTT,LV,1035.62,-2.29,1249.92,0.0,71.43,0.76,44,0.0,14,0.0,29,0.0,1,0.0,31.82,0.0,2025-12-13,-,0,1184.0
-,-,CRISPYBABY,-,1035.36,-1.68,1327.84,0.0,97.49,0.56,18,0.0,6,0.0,12,0.0,0,0.0,33.33,0.0,2024-04-04,-,0,-
1211,-34,Redda,-,1032.01,-8.25,1150.12,-5.37,39.37,0.96,132,2.0,29,0.0,100,2.0,3,0.0,21.97,-0.34,2026-06-29,-,0,939.0
1212,-26,Azami,-,1031.65,-1.48,1361.85,0.0,110.07,0.49,12,0.0,5,0.0,7,0.0,0,0.0,41.67,0.0,2026-01-26,-,0,1287.0
1213,-26,MadNut86,-,1031.51,-1.53,1352.22,0.0,106.9,0.51,20,0.0,6,0.0,14,0.0,0,0.0,30.0,0.0,2026-01-24,-,0,1067.0
-,-,Althaj,SK,1029.54,-2.52,1225.1,0.0,65.19,0.84,48,0.0,12,0.0,35,0.0,1,0.0,25.0,0.0,2024-09-15,-,0,-
1214,-25,Tomboy,-,1029.53,-1.41,1377.57,0.0,116.01,0.47,12,0.0,4,0.0,8,0.0,0,0.0,33.33,0.0,2026-01-29,-,0,-
-,-,Machote,-,1029.46,-1.26,1419.34,0.0,129.96,0.42,8,0.0,2,0.0,6,0.0,0,0.0,25.0,0.0,2024-04-04,-,0,-
-,-,Chuie,-,1029.32,-0.89,1580.56,0.0,183.75,0.3,6,0.0,4,0.0,2,0.0,0,0.0,66.67,0.0,2019-12-22,-,0,-
-,-,prnv1992,-,1028.86,-1.43,1372.22,0.0,114.45,0.48,14,0.0,4,0.0,9,0.0,1,0.0,28.57,0.0,2024-04-04,-,0,-
-,-,SiliconMeeple,-,1028.68,-2.4,1234.94,0.0,68.75,0.8,60,0.0,17,0.0,43,0.0,0,0.0,28.33,0.0,2022-09-04,-,0,-
-,-,Lynnir,-,1028.66,-1.44,1369.8,0.0,113.71,0.48,18,0.0,7,0.0,11,0.0,0,0.0,38.89,0.0,2021-06-02,-,0,-
-,-,ThroughTheVirus,-,1028.63,-1.01,1511.15,0.0,160.84,0.34,6,0.0,4,0.0,2,0.0,0,0.0,66.67,0.0,2022-06-05,-,0,-
-,-,wejejeei,-,1028.47,-1.53,1348.58,0.0,106.71,0.51,24,0.0,6,0.0,17,0.0,1,0.0,25.0,0.0,2024-04-04,-,0,-
-,-,SatoruGojo,-,1028.46,-1.18,1442.38,0.0,137.97,0.39,12,0.0,5,0.0,7,0.0,0,0.0,41.67,0.0,2024-02-23,-,0,-
-,-,Chesswizard42,-,1027.88,-1.06,1488.18,0.0,153.43,0.35,12,0.0,7,0.0,5,0.0,0,0.0,58.33,0.0,2020-02-09,-,0,-
-,-,Furlan,-,1027.78,-1.13,1459.61,0.0,143.94,0.38,6,0.0,2,0.0,4,0.0,0,0.0,33.33,0.0,2023-01-15,-,0,-
-,-,captpirat,-,1027.53,-1.87,1290.48,0.0,87.65,0.62,26,0.0,8,0.0,18,0.0,0,0.0,30.77,0.0,2024-01-16,-,0,-
-,-,lolcese,-,1026.74,-2.31,1242.29,0.0,71.85,0.77,60,0.0,17,0.0,42,0.0,1,0.0,28.33,0.0,2023-11-29,-,0,-
-,-,carlinator,-,1026.64,-1.57,1338.64,0.0,104.0,0.52,12,0.0,3,0.0,9,0.0,0,0.0,25.0,0.0,2023-11-29,-,0,-
-,-,J.J.,-,1026.48,-2.17,1254.56,0.0,76.02,0.72,74,0.0,20,0.0,54,0.0,0,0.0,27.03,0.0,2020-04-08,-,0,-
1215,-23,Samantho,-,1026.39,2.02,1130.38,4.67,34.66,0.88,422,6.0,88,2.0,330,4.0,4,0.0,20.85,0.18,2026-06-30,-,0,718.0
1216,-25,Aramirezm,-,1025.15,-0.69,1737.53,0.0,237.46,0.23,2,0.0,2,0.0,0,0.0,0,0.0,100.0,0.0,2025-12-01,-,0,-
1217,-41,DBaker17,-,1025.13,-15.42,1147.52,-15.11,40.79,0.11,232,6.0,50,0.0,181,6.0,1,0.0,21.55,-0.57,2026-07-15,-,0,651.0
1218,1,Monty1979,-,1024.31,32.25,1333.33,14.9,103.01,-5.78,16,2.0,6,1.0,10,1.0,0,0.0,37.5,1.79,2026-06-27,-,0,1183.0
1219,-29,Rhand,-,1024.17,-2.01,1268.95,0.0,81.59,0.67,26,0.0,6,0.0,20,0.0,0,0.0,23.08,0.0,2026-01-22,-,0,939.0
-,-,Petardillo,-,1023.87,-1.69,1313.84,0.0,96.66,0.56,18,0.0,6,0.0,12,0.0,0,0.0,33.33,0.0,2024-04-04,-,0,-
-,-,Diegaccio,IT,1023.42,-2.39,1230.18,0.0,68.92,0.8,78,0.0,20,0.0,57,0.0,1,0.0,25.64,0.0,2024-04-04,-,0,-
-,-,Spip74,-,1023.19,-2.64,1209.6,0.0,62.14,0.88,108,0.0,29,0.0,79,0.0,0,0.0,26.85,0.0,2022-06-05,-,0,-
-,-,MadAvenger,-,1021.56,-3.02,1189.52,0.0,55.99,1.01,194,0.0,44,0.0,149,0.0,1,0.0,22.68,0.0,2023-05-23,-,0,-
1220,-25,Scooti,-,1021.3,-1.22,1423.68,0.0,134.13,0.41,8,0.0,3,0.0,5,0.0,0,0.0,37.5,0.0,2026-01-28,-,0,-
1221,-27,Emerson6Motorcar,-,1021.03,-1.61,1324.89,0.0,101.29,0.54,14,0.0,4,0.0,10,0.0,0,0.0,28.57,0.0,2026-04-02,-,0,-
-,-,quartersmostly,-,1021.02,-1.48,1351.48,0.0,110.16,0.49,12,0.0,3,0.0,9,0.0,0,0.0,25.0,0.0,2025-01-19,-,0,989.0
-,-,applearn,-,1020.94,-1.42,1365.23,0.0,114.76,0.47,12,0.0,2,0.0,10,0.0,0,0.0,16.67,0.0,2023-03-01,-,0,-
-,-,Fivec,-,1020.89,-1.15,1449.6,0.0,142.9,0.38,12,0.0,7,0.0,5,0.0,0,0.0,58.33,0.0,2020-06-28,G,2,-
-,-,Nieva,-,1020.82,-1.24,1414.18,0.0,131.12,0.41,10,0.0,4,0.0,6,0.0,0,0.0,40.0,0.0,2023-03-05,-,0,-
-,-,Sonalator,-,1020.69,-1.91,1277.02,0.0,85.44,0.64,28,0.0,8,0.0,20,0.0,0,0.0,28.57,0.0,2025-02-14,-,0,932.0
-,-,DrThyme,-,1019.77,-1.13,1451.31,0.0,143.85,0.38,12,0.0,6,0.0,6,0.0,0,0.0,50.0,0.0,2020-08-18,-,0,-
1222,-26,Rickanchamun,-,1019.69,-2.73,1199.28,0.0,59.86,0.91,48,0.0,12,0.0,36,0.0,0,0.0,25.0,0.0,2026-05-31,-,0,1381.0
-,-,JibehArcher,-,1019.5,-1.08,1470.88,0.0,150.46,0.36,12,0.0,6,0.0,6,0.0,0,0.0,50.0,0.0,2021-05-27,-,0,-
-,-,OffDutyDad,-,1019.11,-1.23,1416.68,0.0,132.52,0.41,12,0.0,6,0.0,6,0.0,0,0.0,50.0,0.0,2024-02-23,-,0,1287.0
-,-,GomJabbar,CA,1018.95,-1.42,1364.74,0.0,115.26,0.47,12,0.0,5,0.0,7,0.0,0,0.0,41.67,0.0,2023-04-04,-,0,-
-,-,Xayide,-,1018.55,-0.98,1518.84,0.0,166.76,0.33,6,0.0,3,0.0,3,0.0,0,0.0,50.0,0.0,2020-03-30,-,0,-
1223,110,Karmoth,-,1018.02,278.23,1534.96,34.96,172.32,-81.09,6,4.0,4,3.0,2,1.0,0,0.0,66.67,16.67,2026-07-28,-,0,-
-,-,Somerent,-,1017.84,-2.05,1258.51,0.0,80.22,0.68,42,0.0,17,0.0,25,0.0,0,0.0,40.48,0.0,2022-06-05,-,0,-
1224,-27,Koberski,-,1017.74,-1.43,1359.22,0.0,113.83,0.48,12,0.0,4,0.0,8,0.0,0,0.0,33.33,0.0,2026-01-24,-,0,-
-,-,KytteKatte,-,1016.46,-1.12,1451.65,0.0,145.06,0.37,8,0.0,3,0.0,5,0.0,0,0.0,37.5,0.0,2023-01-22,-,0,-
-,-,sztukam,-,1015.63,-1.3,1391.84,0.0,125.4,0.43,12,0.0,6,0.0,5,0.0,1,0.0,50.0,0.0,2021-02-21,-,0,-
-,-,mmarr,-,1015.59,-1.6,1321.94,0.0,102.12,0.53,26,0.0,10,0.0,16,0.0,0,0.0,38.46,0.0,2018-11-09,-,0,-
-,-,Blizzo,-,1015.57,-1.55,1331.6,0.0,105.34,0.52,18,0.0,7,0.0,11,0.0,0,0.0,38.89,0.0,2022-06-05,-,0,-
-,-,MistWalker,-,1014.67,-1.67,1310.62,0.0,98.65,0.56,30,0.0,8,0.0,19,0.0,3,0.0,26.67,0.0,2020-08-15,-,0,-
-,-,dongz,-,1014.28,-1.1,1459.47,0.0,148.4,0.37,6,0.0,3,0.0,3,0.0,0,0.0,50.0,0.0,2022-03-06,-,0,-
1225,-25,SolPanda,-,1013.87,-2.02,1256.4,0.0,80.84,0.67,24,0.0,5,0.0,19,0.0,0,0.0,20.83,0.0,2026-01-23,-,0,1184.0
1226,-24,haakonaugustus,-,1013.61,-1.52,1336.85,0.0,107.75,0.51,12,0.0,3,0.0,9,0.0,0,0.0,25.0,0.0,2026-01-21,-,0,-
1227,-26,Kuti,-,1013.59,-1.71,1299.28,0.0,95.23,0.57,20,0.0,5,0.0,14,0.0,1,0.0,25.0,0.0,2026-01-19,-,0,1067.0
-,-,FRadar,-,1013.51,-1.44,1353.86,0.0,113.45,0.48,12,0.0,4,0.0,8,0.0,0,0.0,33.33,0.0,2024-02-23,-,0,-
1228,-30,Nitrosaurus24,US,1013.08,-3.63,1151.93,0.0,46.28,1.21,194,0.0,45,0.0,148,0.0,1,0.0,23.2,0.0,2025-12-12,-,0,844.0
-,-,wahrlator,-,1012.49,-2.76,1196.51,0.0,61.34,0.92,144,0.0,35,0.0,109,0.0,0,0.0,24.31,0.0,2025-02-03,-,0,1051.0
1229,-26,kackajoni,-,1012.16,-1.94,1265.29,0.0,84.38,0.65,24,0.0,9,0.0,15,0.0,0,0.0,37.5,0.0,2026-01-26,-,0,1118.0
1230,-26,SirHorse,-,1012.0,-1.83,1280.01,0.0,89.34,0.61,20,0.0,8,0.0,12,0.0,0,0.0,40.0,0.0,2026-01-24,-,0,1067.0
-,-,hippie,KR,1011.86,-0.94,1530.79,0.0,172.98,0.31,6,0.0,4,0.0,2,0.0,0,0.0,66.67,0.0,2020-06-28,-,0,-
1231,-32,JS619,US,1011.57,-4.69,1106.17,-2.59,31.53,0.7,644,10.0,117,3.0,524,7.0,3,0.0,18.17,0.19,2026-07-31,-,0,798.0
-,-,Pandaiga,-,1011.27,-1.04,1483.5,0.0,157.41,0.35,12,0.0,7,0.0,5,0.0,0,0.0,58.33,0.0,2018-10-14,-,0,-
-,-,wkawkfl,-,1011.1,-2.28,1226.85,0.0,71.92,0.76,72,0.0,18,0.0,53,0.0,1,0.0,25.0,0.0,2021-08-24,-,0,-
-,-,alanala,-,1010.86,-0.87,1574.73,0.0,187.96,0.29,6,0.0,4,0.0,2,0.0,0,0.0,66.67,0.0,2018-09-30,-,0,-
1232,-39,Mister_Pazel,-,1010.52,-12.25,1271.74,-41.57,87.08,-9.77,18,4.0,6,1.0,12,3.0,0,0.0,33.33,-2.38,2026-08-02,-,0,-
-,-,fuxio82,-,1010.38,-2.01,1256.5,0.0,82.04,0.67,36,0.0,13,0.0,22,0.0,1,0.0,36.11,0.0,2021-12-05,-,0,-
-,-,aps29965319,-,1010.24,-2.07,1251.91,0.0,80.56,0.69,48,0.0,12,0.0,32,0.0,4,0.0,25.0,0.0,2021-11-16,-,0,-
-,-,Dario5,-,1010.23,-1.13,1444.15,0.0,144.64,0.38,12,0.0,7,0.0,5,0.0,0,0.0,58.33,0.0,2019-01-27,-,0,-
1233,-28,Wonski,-,1009.98,-1.32,1381.73,0.0,123.91,0.44,10,0.0,3,0.0,7,0.0,0,0.0,30.0,0.0,2026-03-19,-,0,-
-,-,Wooojciech,-,1009.95,-1.86,1274.76,0.0,88.27,0.62,36,0.0,11,0.0,25,0.0,0,0.0,30.56,0.0,2021-02-20,-,0,-
-,-,Mazino,-,1008.92,-1.02,1488.15,0.0,159.74,0.34,6,0.0,4,0.0,2,0.0,0,0.0,66.67,0.0,2023-02-12,-,0,-
-,-,Tomo,-,1007.81,-3.12,1166.79,0.0,52.99,1.04,138,0.0,35,0.0,103,0.0,0,0.0,25.36,0.0,2024-03-17,-,0,-
-,-,onerija,-,1006.98,-1.31,1383.53,0.0,125.52,0.44,12,0.0,5,0.0,7,0.0,0,0.0,41.67,0.0,2021-03-02,-,0,-
-,-,Inco,-,1006.56,-1.42,1352.35,0.0,115.26,0.47,24,0.0,9,0.0,15,0.0,0,0.0,37.5,0.0,2019-12-29,-,0,-
-,-,Alexd,-,1006.45,-1.62,1308.93,0.0,100.82,0.54,18,0.0,7,0.0,11,0.0,0,0.0,38.89,0.0,2021-08-23,-,0,-
-,-,Esraymuk,-,1006.27,-1.71,1293.51,0.0,95.74,0.57,30,0.0,9,0.0,21,0.0,0,0.0,30.0,0.0,2021-05-15,-,0,-
1234,-27,jes-terday,-,1006.22,-1.88,1267.24,0.0,87.01,0.63,24,0.0,7,0.0,17,0.0,0,0.0,29.17,0.0,2026-01-24,-,0,1118.0
1235,-29,ToSt,PL,1005.96,-3.15,1162.72,0.0,52.25,1.05,134,0.0,30,0.0,103,0.0,1,0.0,22.39,0.0,2026-02-06,-,0,-
-,-,KuddelFA,-,1005.76,-2.01,1251.55,0.0,81.93,0.67,40,0.0,6,0.0,32,0.0,2,0.0,15.0,0.0,2020-08-15,-,0,-
-,-,DanReyLop,-,1005.31,-1.51,1329.0,0.0,107.9,0.5,14,0.0,5,0.0,9,0.0,0,0.0,35.71,0.0,2025-03-12,-,0,939.0
1236,-28,Gavatar82,-,1005.06,-1.33,1373.54,0.0,122.83,0.44,8,0.0,3,0.0,5,0.0,0,0.0,37.5,0.0,2026-01-16,-,0,-
-,-,Beru,-,1004.87,-1.4,1354.88,0.0,116.67,0.47,12,0.0,6,0.0,6,0.0,0,0.0,50.0,0.0,2021-12-05,-,0,-
-,-,Bonte,-,1004.75,-1.13,1438.31,0.0,144.52,0.38,6,0.0,2,0.0,4,0.0,0,0.0,33.33,0.0,2024-02-23,-,0,-
-,-,Brumkalinka,-,1004.66,-1.5,1331.16,0.0,108.83,0.5,14,0.0,5,0.0,9,0.0,0,0.0,35.71,0.0,2025-01-28,-,0,1067.0
-,-,Sune,-,1004.46,-1.02,1487.42,0.0,160.99,0.34,12,0.0,8,0.0,4,0.0,0,0.0,66.67,0.0,2020-09-06,-,0,-
-,-,Elucron,-,1004.34,-0.99,1500.82,0.0,165.49,0.33,6,0.0,4,0.0,2,0.0,0,0.0,66.67,0.0,2020-06-21,-,0,-
1237,-28,vekijo,-,1003.87,-1.45,1342.08,0.0,112.74,0.48,12,0.0,5,0.0,7,0.0,0,0.0,41.67,0.0,2026-01-23,-,0,-
-,-,MinSane,-,1003.48,-1.38,1358.15,0.0,118.22,0.46,12,0.0,4,0.0,8,0.0,0,0.0,33.33,0.0,2021-09-05,-,0,-
-,-,Kykelodeon,-,1003.27,-2.01,1246.53,0.0,81.09,0.67,54,0.0,19,0.0,35,0.0,0,0.0,35.19,0.0,2021-03-02,-,0,-
-,-,oginostok,-,1003.01,-1.29,1383.23,0.0,126.74,0.43,12,0.0,6,0.0,6,0.0,0,0.0,50.0,0.0,2020-12-02,-,0,-
-,-,Mirazzle,-,1002.82,-1.55,1320.23,0.0,105.8,0.52,18,0.0,4,0.0,13,0.0,1,0.0,22.22,0.0,2020-03-29,-,0,-
1238,-28,Seabrook,-,1000.31,-3.91,1129.42,0.0,43.04,1.3,128,0.0,21,0.0,99,0.0,8,0.0,16.41,0.0,2025-11-30,-,0,1060.0
-,-,henk,-,999.84,-1.75,1280.91,0.0,93.69,0.58,24,0.0,7,0.0,15,0.0,2,0.0,29.17,0.0,2021-06-02,-,0,-
1239,-25,Cowzapper,-,999.33,-1.4,1350.26,0.0,116.98,0.47,12,0.0,4,0.0,8,0.0,0,0.0,33.33,0.0,2026-01-23,-,0,-
1240,-27,rem_Abaddon,-,999.26,-1.71,1286.37,0.0,95.7,0.57,20,0.0,7,0.0,13,0.0,0,0.0,35.0,0.0,2026-01-25,-,0,1067.0
-,-,Zeti,-,998.98,-1.58,1310.77,0.0,103.93,0.53,30,0.0,10,0.0,18,0.0,2,0.0,33.33,0.0,2020-06-28,-,0,-
1241,-29,firstfloorfinest,BE,998.85,-3.15,1154.84,0.0,52.0,1.05,136,0.0,33,0.0,103,0.0,0,0.0,24.26,0.0,2025-12-01,-,0,-
-,-,wabatt,-,997.85,-1.32,1369.39,0.0,123.85,0.44,12,0.0,3,0.0,8,0.0,1,0.0,25.0,0.0,2020-09-13,G,2,-
-,-,Midkenium,-,997.69,-1.15,1424.39,0.0,142.24,0.38,12,0.0,6,0.0,6,0.0,0,0.0,50.0,0.0,2020-09-06,-,0,-
-,-,Chairman_Marv,-,997.64,-1.56,1311.49,0.0,104.62,0.52,24,0.0,8,0.0,16,0.0,0,0.0,33.33,0.0,2020-03-30,-,0,-
-,-,SirTommoth,-,997.37,-1.72,1281.62,0.0,94.75,0.57,24,0.0,11,0.0,13,0.0,0,0.0,45.83,0.0,2022-06-05,-,0,-
-,-,toptheworld,-,997.22,-1.84,1264.17,0.0,88.98,0.61,24,0.0,6,0.0,18,0.0,0,0.0,25.0,0.0,2025-01-24,-,0,1184.0
-,-,piopapero,-,996.75,-1.45,1335.09,0.0,112.78,0.48,18,0.0,8,0.0,10,0.0,0,0.0,44.44,0.0,2021-03-02,-,0,-
-,-,nachof,-,995.9,-1.15,1422.77,0.0,142.29,0.38,12,0.0,5,0.0,7,0.0,0,0.0,41.67,0.0,2018-09-30,-,0,-
1242,-25,Decontest,-,995.36,-1.47,1327.52,0.0,110.72,0.49,12,0.0,4,0.0,7,0.0,1,0.0,33.33,0.0,2026-01-24,-,0,1287.0
1243,-28,TheCenturion,-,995.24,-1.92,1250.82,0.0,85.19,0.64,26,0.0,5,0.0,21,0.0,0,0.0,19.23,0.0,2026-01-24,-,0,989.0
-,-,AHoppy,-,995.17,-1.27,1379.95,0.0,128.26,0.42,12,0.0,5,0.0,7,0.0,0,0.0,41.67,0.0,2020-09-06,-,0,-
1244,-28,Warstoryteller,-,994.96,-2.0,1240.98,0.0,82.01,0.67,24,0.0,6,0.0,18,0.0,0,0.0,25.0,0.0,2026-01-22,-,0,1118.0
-,-,Cormcolash,-,994.19,-1.72,1278.81,0.0,94.87,0.57,18,0.0,6,0.0,12,0.0,0,0.0,33.33,0.0,2025-04-15,-,0,1373.0
-,-,NapoRules,-,994.14,-1.69,1284.86,0.0,96.91,0.56,16,0.0,8,0.0,8,0.0,0,0.0,50.0,0.0,2025-09-04,-,0,1416.0
-,-,funpaul66,-,993.85,-2.6,1186.21,0.0,64.12,0.87,84,0.0,27,0.0,56,0.0,1,0.0,32.14,0.0,2023-06-04,-,0,-
-,-,thallium,-,993.42,-1.19,1404.97,0.0,137.19,0.4,12,0.0,4,0.0,8,0.0,0,0.0,33.33,0.0,2020-08-15,-,0,-
-,-,Jagophile,-,993.4,-1.27,1378.74,0.0,128.45,0.42,12,0.0,4,0.0,8,0.0,0,0.0,33.33,0.0,2024-02-23,-,0,-
-,-,Kermitoos,-,992.8,-1.39,1346.23,0.0,117.81,0.46,12,0.0,3,0.0,9,0.0,0,0.0,25.0,0.0,2025-01-21,-,0,989.0
-,-,apobel,-,992.25,-2.24,1211.94,0.0,73.23,0.75,66,0.0,12,0.0,51,0.0,3,0.0,18.18,0.0,2020-12-02,-,0,-
1245,-27,FabioMP,-,990.87,-3.69,1125.74,0.0,44.96,1.23,218,0.0,45,0.0,173,0.0,0,0.0,20.64,0.0,2026-01-29,-,0,1245.0
1246,-26,Nimnaros,-,989.94,-1.54,1308.0,0.0,106.02,0.51,12,0.0,4,0.0,8,0.0,0,0.0,33.33,0.0,2026-01-30,-,0,-
1247,-26,Lexa7,-,989.3,-1.52,1311.76,0.0,107.49,0.51,12,0.0,5,0.0,7,0.0,0,0.0,41.67,0.0,2026-01-24,-,0,-
-,-,18544415,-,989.19,-1.12,1427.51,0.0,146.11,0.37,6,0.0,3,0.0,3,0.0,0,0.0,50.0,0.0,2024-12-08,-,0,989.0
1248,-26,Trek,-,987.01,-1.77,1263.32,0.0,92.1,0.59,20,0.0,5,0.0,15,0.0,0,0.0,25.0,0.0,2026-01-27,-,0,1118.0
-,-,Aluc4rd,-,986.76,-1.34,1352.53,0.0,121.92,0.45,12,0.0,4,0.0,7,0.0,1,0.0,33.33,0.0,2021-06-02,-,0,-
-,-,Rodraca,-,986.73,-1.01,1469.32,0.0,160.86,0.34,6,0.0,3,0.0,3,0.0,0,0.0,50.0,0.0,2023-01-15,-,0,-
-,-,SayNoToGreen,-,986.17,-1.5,1312.0,0.0,108.61,0.5,18,0.0,8,0.0,10,0.0,0,0.0,44.44,0.0,2021-06-02,-,0,-
-,-,GeneralWaste,-,985.78,-1.08,1439.17,0.0,151.13,0.36,6,0.0,3,0.0,3,0.0,0,0.0,50.0,0.0,2023-01-15,-,0,-
1249,-25,Francesco_,-,985.44,-1.53,1305.01,0.0,106.52,0.51,12,0.0,4,0.0,8,0.0,0,0.0,33.33,0.0,2026-02-05,-,0,-
1250,-27,Gaulamos,-,985.1,-2.51,1092.44,-0.18,35.78,0.77,402,4.0,92,2.0,308,2.0,2,0.0,22.89,0.28,2026-07-31,-,0,1287.0
-,-,Silent82,-,984.56,-2.08,1220.01,0.0,78.48,0.69,48,0.0,10,0.0,38,0.0,0,0.0,20.83,0.0,2021-08-27,-,0,-
-,-,Sabastapul,-,984.07,-1.58,1295.09,0.0,103.67,0.53,18,0.0,7,0.0,11,0.0,0,0.0,38.89,0.0,2025-01-23,-,0,1118.0
-,-,CleanerCode,-,983.74,-1.18,1402.3,0.0,139.52,0.39,12,0.0,6,0.0,6,0.0,0,0.0,50.0,0.0,2020-12-02,-,0,-
1251,-25,schumaky,-,983.41,-1.8,1256.15,0.0,90.91,0.6,26,0.0,6,0.0,20,0.0,0,0.0,23.08,0.0,2026-01-23,-,0,1184.0
-,-,MythMoth,-,983.15,-1.86,1247.35,0.0,88.07,0.62,26,0.0,7,0.0,16,0.0,3,0.0,26.92,0.0,2023-02-28,-,0,-
1252,-25,Irmo,-,982.81,-1.55,1298.29,0.0,105.16,0.52,12,0.0,2,0.0,10,0.0,0,0.0,16.67,0.0,2026-01-21,-,0,-
-,-,MrDosu,-,982.44,-0.9,1527.61,0.0,181.73,0.3,6,0.0,3,0.0,3,0.0,0,0.0,50.0,0.0,2020-03-29,-,0,-
-,-,loggum,-,982.04,-1.42,1326.57,0.0,114.84,0.47,18,0.0,6,0.0,12,0.0,0,0.0,33.33,0.0,2020-03-30,-,0,-
-,-,CombatTom,-,981.26,-1.21,1384.58,0.0,134.44,0.4,12,0.0,5,0.0,7,0.0,0,0.0,41.67,0.0,2020-12-02,-,0,-
-,-,Grandmaster_Max,-,981.09,-1.45,1320.15,0.0,113.02,0.48,18,0.0,7,0.0,11,0.0,0,0.0,38.89,0.0,2020-12-02,-,0,-
-,-,Petoss,-,981.09,-1.16,1401.54,0.0,140.15,0.39,6,0.0,2,0.0,4,0.0,0,0.0,33.33,0.0,2023-04-04,-,0,-
-,-,zcarvalh87,-,980.64,-1.6,1287.88,0.0,102.41,0.53,24,0.0,6,0.0,18,0.0,0,0.0,25.0,0.0,2020-11-24,-,0,-
-,-,monads,-,979.28,-1.43,1321.19,0.0,113.97,0.48,18,0.0,6,0.0,12,0.0,0,0.0,33.33,0.0,2020-03-16,-,0,-
-,-,Bossland,-,979.09,-1.5,1306.52,0.0,109.14,0.5,18,0.0,8,0.0,10,0.0,0,0.0,44.44,0.0,2020-12-02,-,0,-
-,-,DaMeager,-,978.98,-1.27,1364.04,0.0,128.36,0.42,12,0.0,5,0.0,7,0.0,0,0.0,41.67,0.0,2021-12-05,-,0,-
-,-,lxy,-,978.78,-1.55,1295.87,0.0,105.69,0.52,24,0.0,12,0.0,12,0.0,0,0.0,50.0,0.0,2020-05-25,-,0,-
-,-,Nethrix,-,978.21,-1.18,1393.85,0.0,138.55,0.39,12,0.0,5,0.0,7,0.0,0,0.0,41.67,0.0,2020-08-24,-,0,-
1253,new,Marinheiro,-,976.2,526.2,1391.27,-108.73,138.36,138.36,6,6.0,2,2.0,4,4.0,0,0.0,33.33,33.33,2026-07-27,-,0,-
1254,-26,emifon90,-,975.38,-2.55,1167.97,0.0,64.2,0.85,42,0.0,10,0.0,32,0.0,0,0.0,23.81,0.0,2026-05-29,-,0,1421.0
-,-,fokos,-,975.21,-1.56,1290.65,0.0,105.15,0.52,18,0.0,6,0.0,12,0.0,0,0.0,33.33,0.0,2021-09-05,-,0,-
-,-,Redder,-,974.9,-1.15,1400.85,0.0,141.99,0.38,6,0.0,2,0.0,4,0.0,0,0.0,33.33,0.0,2023-01-15,-,0,-
-,-,pepinecko,-,974.19,-1.84,1240.01,0.0,88.6,0.61,30,0.0,11,0.0,19,0.0,0,0.0,36.67,0.0,2024-12-08,-,0,1287.0
-,-,Ender17,-,974.1,-1.71,1261.2,0.0,95.7,0.57,30,0.0,4,0.0,26,0.0,0,0.0,13.33,0.0,2022-07-06,-,0,-
-,-,opk,-,973.13,-1.79,1246.39,0.0,91.09,0.6,24,0.0,6,0.0,18,0.0,0,0.0,25.0,0.0,2025-02-01,-,0,1118.0
1255,-26,moigaren,-,972.43,-2.71,1154.33,0.0,60.63,0.9,48,0.0,7,0.0,40,0.0,1,0.0,14.58,0.0,2026-05-27,-,0,1385.0
-,-,kinmener,-,971.97,-1.74,1255.37,0.0,94.47,0.58,24,0.0,8,0.0,16,0.0,0,0.0,33.33,0.0,2021-02-26,-,0,-
-,-,greatscotttch,-,971.95,-2.18,1197.6,0.0,75.22,0.73,54,0.0,11,0.0,39,0.0,4,0.0,20.37,0.0,2021-11-16,-,0,-
-,-,raymebeats,-,971.75,-1.04,1443.42,0.0,157.22,0.35,6,0.0,4,0.0,2,0.0,0,0.0,66.67,0.0,2024-03-03,-,0,-
-,-,xoiben,-,971.46,-1.95,1226.78,0.0,85.11,0.65,42,0.0,11,0.0,31,0.0,0,0.0,26.19,0.0,2020-08-24,-,0,-
-,-,tricky5,-,970.2,-1.16,1390.74,0.0,140.18,0.39,12,0.0,6,0.0,6,0.0,0,0.0,50.0,0.0,2021-02-27,-,0,-
-,-,T_error,-,968.75,-2.77,1146.64,0.0,59.3,0.92,146,0.0,34,0.0,111,0.0,1,0.0,23.29,0.0,2023-01-22,-,0,-
1256,-26,Yeoman,-,968.21,-1.88,1228.62,0.0,86.8,0.63,18,0.0,5,0.0,13,0.0,0,0.0,27.78,0.0,2026-05-31,-,0,-
-,-,Jusaz,-,968.07,-2.68,1151.88,0.0,61.27,0.89,120,0.0,27,0.0,93,0.0,0,0.0,22.5,0.0,2024-12-06,-,0,1287.0
-,-,rvanloon,-,967.14,-2.05,1208.03,0.0,80.3,0.68,48,0.0,12,0.0,36,0.0,0,0.0,25.0,0.0,2021-02-15,-,0,-
-,-,alex20030190,-,966.93,-1.33,1334.73,0.0,122.6,0.44,18,0.0,7,0.0,10,0.0,1,0.0,38.89,0.0,2020-09-06,-,0,-
-,-,astrostl,-,966.28,-1.23,1363.16,0.0,132.3,0.41,14,0.0,4,0.0,7,0.0,3,0.0,28.57,0.0,2019-12-09,-,0,-
-,-,CantGetAway,-,965.29,-1.28,1347.8,0.0,127.5,0.43,12,0.0,4,0.0,8,0.0,0,0.0,33.33,0.0,2020-08-12,-,0,-
-,-,FidelC,-,964.69,-2.03,1207.46,0.0,80.92,0.68,42,0.0,11,0.0,31,0.0,0,0.0,26.19,0.0,2022-09-04,-,0,-
-,-,flo3,-,963.86,-1.68,1255.08,0.0,97.07,0.56,18,0.0,4,0.0,14,0.0,0,0.0,22.22,0.0,2025-03-10,-,0,939.0
-,-,CrAzian18,-,963.76,-1.85,1228.67,0.0,88.3,0.62,30,0.0,7,0.0,23,0.0,0,0.0,23.33,0.0,2025-03-06,-,0,939.0
1257,new,GrazDozTrez,-,963.73,513.73,1373.61,-126.39,136.63,136.63,6,6.0,2,2.0,4,4.0,0,0.0,33.33,33.33,2026-07-19,-,0,-
-,-,Heyitstheasian,-,963.7,-0.91,1504.09,0.0,180.13,0.3,6,0.0,4,0.0,2,0.0,0,0.0,66.67,0.0,2020-09-06,-,0,-
1258,-26,Tleilaxx,-,963.7,-1.13,1396.47,0.0,144.26,0.38,8,0.0,2,0.0,6,0.0,0,0.0,25.0,0.0,2026-01-18,-,0,-
-,-,IndieErikJones,-,963.05,-1.31,1335.59,0.0,124.18,0.44,12,0.0,5,0.0,7,0.0,0,0.0,41.67,0.0,2024-02-23,-,0,-
1259,-26,Giulio_GC,-,962.69,-1.44,1303.92,0.0,113.74,0.48,12,0.0,3,0.0,9,0.0,0,0.0,25.0,0.0,2026-01-19,-,0,-
-,-,meni,-,962.24,-1.17,1380.42,0.0,139.39,0.39,6,0.0,2,0.0,4,0.0,0,0.0,33.33,0.0,2023-02-12,-,0,-
-,-,ALEKYD,-,961.62,-1.61,1267.22,0.0,101.86,0.54,18,0.0,7,0.0,11,0.0,0,0.0,38.89,0.0,2021-12-05,-,0,-
1260,new,Brick1984,-,961.56,511.56,1681.34,181.34,239.92,239.92,2,2.0,2,2.0,0,0.0,0,0.0,100.0,100.0,2026-08-04,-,0,-
1261,-30,Moskbnea,-,960.91,-8.19,1062.39,-5.32,33.83,0.96,378,4.0,73,1.0,305,3.0,0,0.0,19.31,0.06,2026-07-31,-,0,1057.0
-,-,Crygen,-,960.89,-1.88,1221.51,0.0,86.87,0.63,42,0.0,11,0.0,31,0.0,0,0.0,26.19,0.0,2020-12-02,-,0,-
1262,-27,DaddySparky,-,960.81,0.35,1193.03,-33.64,77.41,-11.33,24,6.0,5,1.0,17,5.0,2,0.0,20.83,-1.39,2026-07-16,-,0,-
-,-,HeM99,-,960.41,-1.43,1305.53,0.0,115.04,0.48,12,0.0,4,0.0,8,0.0,0,0.0,33.33,0.0,2025-01-25,-,0,989.0
-,-,transporter96,-,958.84,-1.54,1284.21,0.0,108.46,0.51,24,0.0,6,0.0,17,0.0,1,0.0,25.0,0.0,2025-02-28,-,0,1381.0
1263,-29,beny85,IT,958.28,-4.07,1082.53,0.0,41.42,1.36,182,0.0,25,0.0,149,0.0,8,0.0,13.74,0.0,2026-05-31,-,0,796.0
-,-,yoyo0507,-,957.65,-1.7,1248.15,0.0,96.83,0.57,30,0.0,10,0.0,19,0.0,1,0.0,33.33,0.0,2020-11-30,-,0,-
-,-,Kokhran,-,957.23,-1.89,1219.08,0.0,87.28,0.63,36,0.0,6,0.0,30,0.0,0,0.0,16.67,0.0,2021-05-26,-,0,-
-,-,Neyragrat,-,957.23,-1.1,1400.23,0.0,147.67,0.37,6,0.0,2,0.0,4,0.0,0,0.0,33.33,0.0,2023-01-15,-,0,-
-,-,icedrakin,-,956.67,-1.64,1255.92,0.0,99.75,0.55,20,0.0,7,0.0,13,0.0,0,0.0,35.0,0.0,2023-01-22,-,0,-
-,-,AlexanderChwiszczuk,-,956.39,-1.16,1376.95,0.0,140.19,0.39,12,0.0,4,0.0,8,0.0,0,0.0,33.33,0.0,2020-08-15,-,0,-
1264,-28,Kecso,-,956.35,-1.78,1232.87,0.0,92.17,0.59,24,0.0,7,0.0,17,0.0,0,0.0,29.17,0.0,2026-01-22,-,0,1118.0
1265,-28,Meklaurufen,-,956.31,-1.42,1300.38,0.0,114.69,0.47,12,0.0,4,0.0,8,0.0,0,0.0,33.33,0.0,2026-01-26,-,0,-
-,-,Shadez22,-,955.34,-1.61,1259.31,0.0,101.32,0.54,24,0.0,6,0.0,18,0.0,0,0.0,25.0,0.0,2020-12-02,-,0,-
1266,-28,I-Y-T,TR,955.26,-1.72,1239.57,0.0,94.77,0.57,18,0.0,3,0.0,15,0.0,0,0.0,16.67,0.0,2026-01-26,-,0,-
-,-,CharlieFish,-,954.51,-1.31,1328.14,0.0,124.54,0.44,12,0.0,6,0.0,6,0.0,0,0.0,50.0,0.0,2025-01-18,-,0,1118.0
-,-,Math4u,-,954.49,-2.14,1184.58,0.0,76.7,0.71,44,0.0,11,0.0,33,0.0,0,0.0,25.0,0.0,2023-06-04,-,0,-
-,-,GlobalT,-,954.49,-1.31,1328.61,0.0,124.7,0.44,12,0.0,4,0.0,8,0.0,0,0.0,33.33,0.0,2021-02-18,-,0,-
1267,-28,ZHULIN,-,954.44,-0.95,1470.89,0.0,172.15,0.32,4,0.0,1,0.0,3,0.0,0,0.0,25.0,0.0,2026-02-22,-,0,-
-,-,monsieurt,-,953.21,-1.68,1245.23,0.0,97.34,0.56,20,0.0,6,0.0,14,0.0,0,0.0,30.0,0.0,2025-01-17,-,0,1067.0
-,-,marcelodadf,-,952.67,-1.07,1408.18,0.0,151.84,0.36,6,0.0,2,0.0,4,0.0,0,0.0,33.33,0.0,2024-02-23,-,0,-
-,-,HnNAdventures,-,952.13,-3.03,1116.17,0.0,54.68,1.01,176,0.0,36,0.0,140,0.0,0,0.0,20.45,0.0,2024-02-23,-,0,-
-,-,Izmar,-,952.04,-1.01,1434.34,0.0,160.77,0.34,6,0.0,4,0.0,2,0.0,0,0.0,66.67,0.0,2021-06-02,-,0,-
-,-,PandaJJ,-,952.0,-1.39,1304.75,0.0,117.58,0.46,12,0.0,4,0.0,8,0.0,0,0.0,33.33,0.0,2025-01-10,-,0,1112.0
-,-,DecMoon,FR,951.06,-2.99,1117.2,0.0,55.38,1.0,114,0.0,25,0.0,89,0.0,0,0.0,21.93,0.0,2024-03-03,-,0,-
-,-,DrDuff,-,950.11,-0.96,1462.1,0.0,170.66,0.32,6,0.0,4,0.0,2,0.0,0,0.0,66.67,0.0,2024-01-16,-,0,-
-,-,Jango,-,949.67,-1.39,1302.76,0.0,117.69,0.46,12,0.0,3,0.0,8,0.0,1,0.0,25.0,0.0,2024-05-15,-,0,-
-,-,Nele,-,949.23,-2.72,1129.24,0.0,60.0,0.91,104,0.0,18,0.0,83,0.0,3,0.0,17.31,0.0,2023-07-15,-,0,-
-,-,Michael437,-,948.51,-1.05,1413.52,0.0,155.0,0.35,6,0.0,2,0.0,4,0.0,0,0.0,33.33,0.0,2020-03-30,-,0,-
-,-,dejwut,-,948.31,-1.31,1323.53,0.0,125.07,0.44,12,0.0,3,0.0,9,0.0,0,0.0,25.0,0.0,2024-02-23,-,0,-
1268,-27,Less5,-,948.18,-2.8,1125.93,0.0,59.25,0.93,68,0.0,16,0.0,52,0.0,0,0.0,23.53,0.0,2026-01-01,-,0,987.0
-,-,Krisztciii,-,947.81,-2.32,1159.88,0.0,70.69,0.77,78,0.0,15,0.0,61,0.0,2,0.0,19.23,0.0,2023-02-05,-,0,-
1269,-29,VladBenez,IT,947.44,-4.01,1071.29,0.0,41.28,1.34,144,0.0,24,0.0,120,0.0,0,0.0,16.67,0.0,2026-05-31,-,0,861.0
-,-,Zosia,-,947.31,-1.18,1362.38,0.0,138.36,0.39,12,0.0,5,0.0,7,0.0,0,0.0,41.67,0.0,2023-06-04,-,0,-
-,-,Joshweiss789,-,947.13,-1.23,1345.53,0.0,132.8,0.41,8,0.0,3,0.0,4,0.0,1,0.0,37.5,0.0,2025-02-13,-,0,-
-,-,kunayala,-,946.41,-1.1,1389.77,0.0,147.79,0.37,10,0.0,4,0.0,6,0.0,0,0.0,40.0,0.0,2020-09-13,-,0,-
-,-,Chris_Bray,-,946.22,-1.99,1192.21,0.0,82.0,0.66,48,0.0,12,0.0,36,0.0,0,0.0,25.0,0.0,2021-05-20,-,0,-
1270,new,Argionelite,-,945.72,495.72,1677.5,177.5,243.93,243.93,2,2.0,2,2.0,0,0.0,0,0.0,100.0,100.0,2026-08-07,-,0,-
1271,-29,Guerrita,-,945.58,-2.32,1157.61,0.0,70.68,0.77,36,0.0,5,0.0,30,0.0,1,0.0,13.89,0.0,2026-02-22,-,0,1385.0
-,-,danjoy72,-,945.52,-1.33,1315.02,0.0,123.17,0.44,12,0.0,4,0.0,8,0.0,0,0.0,33.33,0.0,2024-02-23,-,0,-
-,-,Nyita,-,945.3,-1.09,1394.1,0.0,149.6,0.36,6,0.0,2,0.0,4,0.0,0,0.0,33.33,0.0,2023-01-15,-,0,-
-,-,Sukhjit,-,944.68,-1.41,1293.53,0.0,116.28,0.47,30,0.0,10,0.0,20,0.0,0,0.0,33.33,0.0,2020-11-24,-,0,-
-,-,ukjohnboy,-,943.52,-1.3,1319.05,0.0,125.17,0.43,12,0.0,5,0.0,7,0.0,0,0.0,41.67,0.0,2021-09-05,-,0,-
-,-,ijthegreat,-,943.43,-1.36,1303.6,0.0,120.06,0.45,12,0.0,0,0.0,9,0.0,3,0.0,0.0,0.0,2020-11-25,-,0,-
1272,-29,Veggis,-,943.36,-1.54,1261.34,0.0,105.99,0.51,12,0.0,2,0.0,10,0.0,0,0.0,16.67,0.0,2026-01-26,-,0,-
-,-,Master_Nodu,-,943.13,-1.93,1196.81,0.0,84.56,0.64,30,0.0,9,0.0,20,0.0,1,0.0,30.0,0.0,2023-02-05,-,0,-
-,-,1point21gigawatts,-,941.57,-1.74,1223.15,0.0,93.86,0.58,46,0.0,14,0.0,32,0.0,0,0.0,30.43,0.0,2019-04-12,-,0,-
-,-,Secretfool,-,941.13,-1.76,1219.61,0.0,92.83,0.59,24,0.0,9,0.0,15,0.0,0,0.0,37.5,0.0,2022-06-05,-,0,-
1273,-29,majin,-,938.22,-1.13,1371.36,0.0,144.38,0.38,6,0.0,1,0.0,5,0.0,0,0.0,16.67,0.0,2025-12-01,-,0,-
-,-,jessjia,-,938.06,-0.94,1457.96,0.0,173.3,0.31,6,0.0,3,0.0,3,0.0,0,0.0,50.0,0.0,2020-09-06,-,0,-
-,-,RayBird,-,937.57,-1.15,1362.34,0.0,141.59,0.38,6,0.0,1,0.0,5,0.0,0,0.0,16.67,0.0,2023-03-01,-,0,-
-,-,Jazper,-,936.35,-1.15,1363.31,0.0,142.32,0.38,12,0.0,5,0.0,7,0.0,0,0.0,41.67,0.0,2020-08-19,-,0,-
1274,-29,Vojvoda_Micko,-,936.27,-1.52,1259.63,0.0,107.79,0.51,18,0.0,5,0.0,13,0.0,0,0.0,27.78,0.0,2026-05-31,-,0,-
-,-,UncleBenon,-,936.02,-1.46,1271.59,0.0,111.86,0.49,12,0.0,3,0.0,9,0.0,0,0.0,25.0,0.0,2025-05-31,-,0,1421.0
1275,-29,KeNMansters,-,935.91,-1.26,1323.5,0.0,129.19,0.42,8,0.0,3,0.0,5,0.0,0,0.0,37.5,0.0,2026-01-24,-,0,-
-,-,Samut,-,935.33,-1.3,1311.44,0.0,125.37,0.43,12,0.0,3,0.0,9,0.0,0,0.0,25.0,0.0,2024-02-23,-,0,-
-,-,VOLDO1989,-,934.8,-0.87,1500.0,0.0,188.4,0.29,6,0.0,3,0.0,3,0.0,0,0.0,50.0,0.0,2020-06-21,-,0,-
-,-,feanorek,-,934.6,-1.01,1417.54,0.0,160.98,0.34,6,0.0,2,0.0,4,0.0,0,0.0,33.33,0.0,2020-09-06,-,0,-
-,-,Adunak,-,933.52,-1.32,1302.92,0.0,123.13,0.44,12,0.0,4,0.0,8,0.0,0,0.0,33.33,0.0,2021-06-02,-,0,-
-,-,Ryktus,-,932.7,-1.9,1191.37,0.0,86.22,0.63,36,0.0,8,0.0,27,0.0,1,0.0,22.22,0.0,2022-03-06,-,0,-
-,-,Lookaszk,-,932.09,-1.39,1284.42,0.0,117.44,0.46,12,0.0,4,0.0,8,0.0,0,0.0,33.33,0.0,2024-08-26,-,0,-
-,-,Penisbursche,-,931.95,-1.23,1330.64,0.0,132.9,0.41,12,0.0,5,0.0,7,0.0,0,0.0,41.67,0.0,2020-06-28,-,0,-
-,-,anyhotcountry,-,930.57,-0.91,1467.45,0.0,178.96,0.3,6,0.0,3,0.0,3,0.0,0,0.0,50.0,0.0,2018-09-23,-,0,-
-,-,Martinp,-,930.32,-1.03,1404.58,0.0,158.09,0.34,6,0.0,2,0.0,4,0.0,0,0.0,33.33,0.0,2020-09-13,-,0,-
1276,34,NoJoVin,-,930.17,115.0,1250.86,-4.72,106.9,-39.91,12,6.0,3,2.0,9,4.0,0,0.0,25.0,8.33,2026-07-18,-,0,-
-,-,Unternehmer,-,928.78,-0.86,1500.0,0.0,190.41,0.29,6,0.0,3,0.0,3,0.0,0,0.0,50.0,0.0,2018-09-30,-,0,-
1277,-30,MLucient,-,928.13,-1.36,1287.64,0.0,119.83,0.45,12,0.0,3,0.0,9,0.0,0,0.0,25.0,0.0,2026-01-30,-,0,-
-,-,wheelerruss,GB,927.88,-4.12,1051.78,0.0,41.3,1.37,308,0.0,46,0.0,253,0.0,9,0.0,14.94,0.0,2025-08-26,-,0,1111.0
-,-,Sultos,-,926.88,-1.53,1247.14,0.0,106.75,0.51,18,0.0,5,0.0,13,0.0,0,0.0,27.78,0.0,2020-12-02,-,0,-
-,-,Arensivia,-,926.4,-1.48,1257.54,0.0,110.38,0.49,12,0.0,3,0.0,9,0.0,0,0.0,25.0,0.0,2022-08-23,-,0,-
1278,-30,landrew,-,926.35,-1.59,1234.1,0.0,102.58,0.53,24,0.0,6,0.0,18,0.0,0,0.0,25.0,0.0,2026-02-05,-,0,-
-,-,Skrad,-,926.15,-1.26,1314.28,0.0,129.37,0.42,12,0.0,5,0.0,7,0.0,0,0.0,41.67,0.0,2020-11-21,-,0,-
-,-,SunTiger,-,925.94,-1.39,1277.61,0.0,117.22,0.46,12,0.0,4,0.0,8,0.0,0,0.0,33.33,0.0,2025-01-18,-,0,1184.0
-,-,XiePei,-,925.5,-1.41,1274.1,0.0,116.2,0.47,18,0.0,6,0.0,11,0.0,1,0.0,33.33,0.0,2020-08-31,-,0,-
-,-,Mincha,-,924.59,-1.25,1316.04,0.0,130.48,0.42,12,0.0,6,0.0,6,0.0,0,0.0,50.0,0.0,2022-05-29,-,0,-
-,-,MartyParty,-,924.58,-1.1,1371.04,0.0,148.82,0.37,6,0.0,2,0.0,4,0.0,0,0.0,33.33,0.0,2023-01-15,-,0,-
-,-,SPEEDOWAGON,-,922.66,-1.29,1301.95,0.0,126.43,0.43,12,0.0,5,0.0,7,0.0,0,0.0,41.67,0.0,2024-01-16,-,0,1287.0
1279,-13,Redders,-,921.67,24.12,1232.02,-27.4,103.45,-17.17,18,4.0,5,1.0,13,3.0,0,0.0,27.78,-0.79,2026-07-30,-,0,-
1280,-31,Leoneed.P87,-,921.64,-1.52,1244.84,0.0,107.74,0.51,12,0.0,3,0.0,9,0.0,0,0.0,25.0,0.0,2026-01-21,-,0,-
-,-,mowglee,-,919.86,-1.27,1304.47,0.0,128.2,0.42,12,0.0,3,0.0,9,0.0,0,0.0,25.0,0.0,2019-12-22,-,0,-
-,-,SagYer,-,919.56,-1.14,1349.05,0.0,143.17,0.38,8,0.0,2,0.0,6,0.0,0,0.0,25.0,0.0,2023-01-22,-,0,-
-,-,Raphi,-,919.43,-1.79,1193.32,0.0,91.3,0.6,24,0.0,4,0.0,20,0.0,0,0.0,16.67,0.0,2025-02-05,-,0,1184.0
-,-,lissi,-,918.33,-2.15,1147.65,0.0,76.44,0.72,32,0.0,6,0.0,23,0.0,3,0.0,18.75,0.0,2024-06-02,-,0,-
1281,-30,stshow123,-,917.97,-1.13,1352.51,0.0,144.85,0.38,6,0.0,2,0.0,4,0.0,0,0.0,33.33,0.0,2025-10-08,-,0,1245.0
-,-,Andras,-,917.78,-0.88,1470.74,0.0,184.32,0.29,6,0.0,3,0.0,3,0.0,0,0.0,50.0,0.0,2018-06-17,-,0,-
1282,-32,Hengoroth,-,917.61,-1.86,1181.68,0.0,88.02,0.62,30,0.0,8,0.0,22,0.0,0,0.0,26.67,0.0,2026-02-06,-,0,1184.0
1283,-30,XRipper,-,917.4,-1.47,1250.35,0.0,110.98,0.49,12,0.0,3,0.0,9,0.0,0,0.0,25.0,0.0,2026-01-24,-,0,-
-,-,DrunkenPete,-,917.28,-1.33,1284.67,0.0,122.47,0.44,12,0.0,3,0.0,9,0.0,0,0.0,25.0,0.0,2025-01-29,-,0,1184.0
-,-,jjmancini,-,916.34,-1.0,1407.01,0.0,163.56,0.33,10,0.0,5,0.0,5,0.0,0,0.0,50.0,0.0,2024-01-16,-,0,-
-,-,vladslavBR,-,916.13,-1.29,1295.94,0.0,126.6,0.43,12,0.0,4,0.0,7,0.0,1,0.0,33.33,0.0,2019-12-15,-,0,-
-,-,CharmingP,-,915.8,-1.01,1401.92,0.0,162.04,0.34,6,0.0,3,0.0,2,0.0,1,0.0,50.0,0.0,2023-06-04,-,0,-
-,-,salmonpizza,-,915.78,-1.9,1176.16,0.0,86.79,0.63,36,0.0,8,0.0,26,0.0,2,0.0,22.22,0.0,2022-02-20,-,0,-
1284,-30,Tietzsche,-,915.18,-1.69,1205.28,0.0,96.7,0.56,30,0.0,7,0.0,23,0.0,0,0.0,23.33,0.0,2026-02-04,-,0,1109.0
1285,-30,qman,-,914.65,-1.77,1191.94,0.0,92.43,0.59,18,0.0,4,0.0,14,0.0,0,0.0,22.22,0.0,2025-12-01,-,0,1184.0
-,-,fader_master,-,914.41,-1.99,1160.83,0.0,82.14,0.66,42,0.0,9,0.0,33,0.0,0,0.0,21.43,0.0,2022-03-06,-,0,-
-,-,hongcha,-,914.36,-1.12,1352.0,0.0,145.88,0.37,6,0.0,0,0.0,4,0.0,2,0.0,0.0,0.0,2023-01-15,-,0,-
-,-,JaBulani,CH,913.86,-0.82,1511.03,0.0,199.06,0.27,4,0.0,3,0.0,1,0.0,0,0.0,75.0,0.0,2025-05-22,-,0,-
-,-,Sir_Jacob,-,912.85,-2.33,1124.66,0.0,70.6,0.78,60,0.0,9,0.0,50,0.0,1,0.0,15.0,0.0,2022-02-28,-,0,-
-,-,Prablemzzz,-,912.62,-1.54,1231.34,0.0,106.24,0.51,18,0.0,7,0.0,10,0.0,1,0.0,38.89,0.0,2022-03-06,-,0,-
1286,-29,mkuz18,-,912.57,-1.52,1237.13,0.0,108.19,0.51,14,0.0,5,0.0,9,0.0,0,0.0,35.71,0.0,2025-12-11,-,0,1118.0
-,-,MadsB,-,911.01,-2.17,1139.02,0.0,76.0,0.72,38,0.0,10,0.0,28,0.0,0,0.0,26.32,0.0,2023-09-10,-,0,-
-,-,Millership,-,910.87,-3.06,1072.92,0.0,54.02,1.02,158,0.0,20,0.0,135,0.0,3,0.0,12.66,0.0,2024-05-27,-,0,-
1287,-28,Hampsink,-,910.56,-1.96,1161.14,0.0,83.52,0.65,32,0.0,4,0.0,28,0.0,0,0.0,12.5,0.0,2025-12-04,-,0,863.0
-,-,Korn73,-,910.2,-0.96,1418.72,0.0,169.51,0.32,6,0.0,3,0.0,3,0.0,0,0.0,50.0,0.0,2019-12-30,-,0,-
1288,-28,Gigot,-,909.62,-1.91,1167.3,0.0,85.89,0.64,24,0.0,4,0.0,20,0.0,0,0.0,16.67,0.0,2026-01-22,-,0,1184.0
1289,-31,Frabac,-,909.41,-4.32,1026.49,0.0,39.03,1.44,492,0.0,59,0.0,431,0.0,2,0.0,11.99,0.0,2026-05-25,-,0,711.0
-,-,Johnthemilkman,-,909.28,-1.94,1163.16,0.0,84.62,0.65,42,0.0,8,0.0,31,0.0,3,0.0,19.05,0.0,2021-11-21,-,0,-
-,-,postalrat,-,908.99,-1.19,1320.72,0.0,137.24,0.4,12,0.0,5,0.0,7,0.0,0,0.0,41.67,0.0,2024-02-23,-,0,-
-,-,cymerdown,-,908.58,-1.7,1196.28,0.0,95.9,0.57,18,0.0,5,0.0,12,0.0,1,0.0,27.78,0.0,2025-02-28,-,0,1287.0
1290,-29,Smithereens,-,907.85,-0.69,1617.38,0.0,236.51,0.23,2,0.0,2,0.0,0,0.0,0,0.0,100.0,0.0,2025-12-02,-,0,-
-,-,eotta,-,907.25,-1.87,1168.68,0.0,87.14,0.62,32,0.0,8,0.0,23,0.0,1,0.0,25.0,0.0,2024-07-01,-,0,-
-,-,Swup,-,907.14,-1.19,1318.79,0.0,137.22,0.4,12,0.0,6,0.0,6,0.0,0,0.0,50.0,0.0,2020-08-21,-,0,-
-,-,alanbateman,-,907.02,-0.95,1424.61,0.0,172.53,0.32,6,0.0,2,0.0,4,0.0,0,0.0,33.33,0.0,2020-06-28,-,0,-
1291,-29,Wolfdragons,-,906.89,-1.49,1236.4,0.0,109.84,0.5,12,0.0,4,0.0,8,0.0,0,0.0,33.33,0.0,2026-02-03,-,0,-
-,-,jobe,-,906.3,-2.11,1139.13,0.0,77.61,0.7,42,0.0,9,0.0,33,0.0,0,0.0,21.43,0.0,2025-02-28,-,0,1421.0
-,-,ancientmagellan,-,905.67,-2.05,1147.91,0.0,80.75,0.68,48,0.0,12,0.0,35,0.0,1,0.0,25.0,0.0,2021-02-19,-,0,-
-,-,gameofstu,-,905.35,-1.23,1303.85,0.0,132.83,0.41,12,0.0,4,0.0,8,0.0,0,0.0,33.33,0.0,2019-12-29,-,0,-
1292,-29,Wookiebutcher,-,905.24,-1.67,1199.99,0.0,98.25,0.56,30,0.0,7,0.0,23,0.0,0,0.0,23.33,0.0,2026-03-26,-,0,-
1293,new,nolucknoskill,-,905.16,455.16,1620.52,120.52,238.45,238.45,2,2.0,2,2.0,0,0.0,0,0.0,100.0,100.0,2026-07-28,-,0,-
-,-,kissnicky,-,904.98,-1.06,1367.32,0.0,154.11,0.35,12,0.0,6,0.0,6,0.0,0,0.0,50.0,0.0,2020-08-10,-,0,-
-,-,thundermain,-,904.45,-1.25,1296.06,0.0,130.54,0.42,12,0.0,4,0.0,8,0.0,0,0.0,33.33,0.0,2024-02-23,-,0,-
-,-,ZguZimZguZa,-,903.42,-1.05,1370.46,0.0,155.68,0.35,6,0.0,2,0.0,4,0.0,0,0.0,33.33,0.0,2023-01-15,-,0,-
-,-,calatravag,-,903.1,-1.34,1270.13,0.0,122.34,0.45,10,0.0,2,0.0,8,0.0,0,0.0,20.0,0.0,2024-04-04,-,0,-
-,-,PortugueseBandit,-,902.8,-1.41,1249.83,0.0,115.68,0.47,12,0.0,3,0.0,9,0.0,0,0.0,25.0,0.0,2025-01-27,-,0,1118.0
-,-,gregg900,-,902.2,-1.21,1308.5,0.0,135.43,0.4,12,0.0,4,0.0,8,0.0,0,0.0,33.33,0.0,2020-09-13,-,0,-
1294,-30,MarsU-NL,-,902.06,-1.41,1249.77,0.0,115.91,0.47,18,0.0,3,0.0,14,0.0,1,0.0,16.67,0.0,2026-04-03,-,0,-
-,-,DionysosKing,-,902.05,-1.02,1381.06,0.0,159.67,0.34,6,0.0,3,0.0,3,0.0,0,0.0,50.0,0.0,2023-02-05,-,0,-
1295,11,Fifagi,-,901.86,72.5,1184.73,35.74,94.29,-12.25,18,4.0,4,2.0,14,2.0,0,0.0,22.22,7.93,2026-07-28,-,0,-
-,-,Kirian,-,901.27,-1.39,1253.08,0.0,117.27,0.46,12,0.0,2,0.0,9,0.0,1,0.0,16.67,0.0,2025-02-02,-,0,1067.0
-,-,Sorio,-,901.09,-2.42,1103.51,0.0,67.48,0.81,64,0.0,13,0.0,51,0.0,0,0.0,20.31,0.0,2023-08-24,-,0,-
-,-,Yerdua,-,900.88,-1.44,1241.59,0.0,113.57,0.48,18,0.0,6,0.0,12,0.0,0,0.0,33.33,0.0,2020-09-06,-,0,-
-,-,forofo27,-,900.22,-1.08,1351.68,0.0,150.49,0.36,12,0.0,7,0.0,5,0.0,0,0.0,58.33,0.0,2020-08-25,-,0,-
-,-,Seif,-,899.7,-0.94,1418.61,0.0,172.97,0.31,6,0.0,3,0.0,3,0.0,0,0.0,50.0,0.0,2020-03-22,-,0,-
1296,-31,TarisI,-,899.22,-1.42,1243.08,0.0,114.62,0.47,12,0.0,3,0.0,9,0.0,0,0.0,25.0,0.0,2026-01-22,-,0,-
-,-,pansiano,-,899.2,-1.37,1255.59,0.0,118.79,0.46,12,0.0,4,0.0,8,0.0,0,0.0,33.33,0.0,2021-12-05,-,0,-
-,-,Adrianucho,-,898.98,-1.35,1262.96,0.0,121.33,0.45,12,0.0,3,0.0,9,0.0,0,0.0,25.0,0.0,2024-02-23,-,0,-
-,-,TimtheGreat,-,898.65,-1.15,1323.18,0.0,141.51,0.38,12,0.0,5,0.0,6,0.0,1,0.0,41.67,0.0,2020-09-06,-,0,-
-,-,KingMomo,-,898.47,-1.87,1161.56,0.0,87.7,0.62,24,0.0,5,0.0,18,0.0,1,0.0,20.83,0.0,2024-11-30,-,0,1287.0
-,-,MrPandy,-,898.36,-1.71,1186.33,0.0,95.99,0.57,24,0.0,6,0.0,18,0.0,0,0.0,25.0,0.0,2021-02-22,-,0,-
-,-,Jaydash808,-,897.72,-0.92,1427.2,0.0,176.49,0.31,6,0.0,3,0.0,3,0.0,0,0.0,50.0,0.0,2020-06-28,-,0,-
-,-,Prezez,-,897.55,-1.38,1252.7,0.0,118.38,0.46,12,0.0,5,0.0,7,0.0,0,0.0,41.67,0.0,2022-02-24,-,0,-
-,-,F1087,-,897.2,-1.39,1250.13,0.0,117.64,0.46,12,0.0,4,0.0,8,0.0,0,0.0,33.33,0.0,2022-03-06,-,0,-
-,-,Dreadpiratejosh,-,897.02,-1.18,1313.04,0.0,138.67,0.39,12,0.0,5,0.0,7,0.0,0,0.0,41.67,0.0,2019-02-10,-,0,-
-,-,alban,-,896.69,-1.37,1255.03,0.0,119.45,0.46,12,0.0,3,0.0,9,0.0,0,0.0,25.0,0.0,2025-02-05,-,0,1118.0
-,-,Maraxus,-,896.29,-1.25,1287.16,0.0,130.29,0.42,12,0.0,4,0.0,8,0.0,0,0.0,33.33,0.0,2020-12-02,-,0,-
1297,-30,Lint,-,895.82,-1.63,1196.78,0.0,100.32,0.54,18,0.0,2,0.0,16,0.0,0,0.0,11.11,0.0,2026-02-02,-,0,-
-,-,anakbawang,-,894.85,-1.33,1262.72,0.0,122.62,0.44,22,0.0,5,0.0,17,0.0,0,0.0,22.73,0.0,2018-05-12,-,0,-
1298,-30,Captain_Alex,-,894.34,-1.51,1219.49,0.0,108.38,0.5,12,0.0,2,0.0,10,0.0,0,0.0,16.67,0.0,2025-12-01,-,0,-
1299,-30,joonseok,-,894.01,-1.08,1348.82,0.0,151.6,0.36,6,0.0,3,0.0,3,0.0,0,0.0,50.0,0.0,2026-01-31,-,0,-
1300,-30,gusanitocruz,-,893.54,-1.39,1245.24,0.0,117.23,0.46,16,0.0,3,0.0,13,0.0,0,0.0,18.75,0.0,2025-12-01,-,0,1109.0
1301,-30,S.C.U.D.,-,893.35,-1.35,1255.55,0.0,120.73,0.45,10,0.0,2,0.0,8,0.0,0,0.0,20.0,0.0,2025-12-01,-,0,1067.0
-,-,Naismith,-,891.59,-1.03,1368.58,0.0,159.0,0.34,6,0.0,2,0.0,4,0.0,0,0.0,33.33,0.0,2020-09-06,-,0,-
-,-,TbeDataGuy,-,891.38,-1.46,1226.42,0.0,111.68,0.49,12,0.0,2,0.0,10,0.0,0,0.0,16.67,0.0,2024-04-04,-,0,-
1302,-30,Sopelek,-,891.37,-1.56,1205.77,0.0,104.8,0.52,24,0.0,4,0.0,19,0.0,1,0.0,16.67,0.0,2025-12-01,-,0,912.0
-,-,Hubcap4x4,-,890.83,-1.32,1262.12,0.0,123.76,0.44,18,0.0,7,0.0,11,0.0,0,0.0,38.89,0.0,2019-06-23,-,0,-
-,-,Durdler,-,890.72,-1.01,1374.54,0.0,161.27,0.34,6,0.0,3,0.0,3,0.0,0,0.0,50.0,0.0,2022-06-05,-,0,-
-,-,PikaSex,-,890.5,-1.24,1285.14,0.0,131.55,0.41,12,0.0,3,0.0,9,0.0,0,0.0,25.0,0.0,2020-06-28,-,0,-
-,-,Rusticista,-,890.11,-1.06,1352.35,0.0,154.08,0.35,6,0.0,2,0.0,4,0.0,0,0.0,33.33,0.0,2023-01-15,-,0,-
-,-,bigbird85,-,889.87,-1.64,1188.75,0.0,99.63,0.55,18,0.0,6,0.0,12,0.0,0,0.0,33.33,0.0,2022-03-06,-,0,-
-,-,ValeriaDeMot,-,889.63,-1.25,1282.56,0.0,130.98,0.42,12,0.0,4,0.0,8,0.0,0,0.0,33.33,0.0,2021-02-18,-,0,-
1303,-30,mariyka,RU,889.5,-2.66,1075.58,0.0,62.03,0.89,90,0.0,17,0.0,72,0.0,1,0.0,18.89,0.0,2025-12-02,-,0,1287.0
-,-,Bummelmuhkuh,-,889.38,-1.44,1228.58,0.0,113.07,0.48,18,0.0,7,0.0,11,0.0,0,0.0,38.89,0.0,2021-05-19,-,0,-
1304,-52,ViznessDaBizness,-,888.89,-30.19,1164.0,-64.3,91.7,-11.37,20,4.0,6,0.0,14,4.0,0,0.0,30.0,-7.5,2026-08-12,-,0,-
-,-,Chatir,-,888.81,-1.8,1160.54,0.0,90.58,0.6,30,0.0,6,0.0,24,0.0,0,0.0,20.0,0.0,2021-06-02,-,0,-
-,-,Azazelek,-,888.77,-1.28,1271.75,0.0,127.66,0.43,10,0.0,2,0.0,8,0.0,0,0.0,20.0,0.0,2024-04-04,-,0,-
-,-,Friedthelt,-,888.26,-1.38,1244.0,0.0,118.58,0.46,18,0.0,6,0.0,12,0.0,0,0.0,33.33,0.0,2025-02-03,-,0,1118.0
-,-,Nognix,-,886.46,-1.53,1206.81,0.0,106.78,0.51,14,0.0,4,0.0,9,0.0,1,0.0,28.57,0.0,2024-02-23,-,0,-
-,-,flogae,-,886.45,-0.95,1401.52,0.0,171.69,0.32,6,0.0,4,0.0,2,0.0,0,0.0,66.67,0.0,2021-03-02,-,0,-
-,-,Vxn,-,885.91,-1.64,1185.95,0.0,100.01,0.55,18,0.0,4,0.0,13,0.0,1,0.0,22.22,0.0,2023-06-04,-,0,-
1305,-31,Ivan_A_Destructalot,-,885.06,-1.49,1212.92,0.0,109.29,0.5,12,0.0,2,0.0,10,0.0,0,0.0,16.67,0.0,2026-01-27,-,0,-
-,-,AmazingMrHedge,-,885.02,-0.92,1418.33,0.0,177.77,0.31,6,0.0,2,0.0,4,0.0,0,0.0,33.33,0.0,2024-02-23,-,0,-
-,-,Gyrocopter,-,884.89,-0.95,1397.35,0.0,170.82,0.32,6,0.0,3,0.0,3,0.0,0,0.0,50.0,0.0,2021-03-02,-,0,-
1306,-31,Wing,-,884.84,-1.54,1202.05,0.0,105.74,0.51,14,0.0,2,0.0,12,0.0,0,0.0,14.29,0.0,2025-12-08,-,0,1118.0
-,-,hors7,-,884.63,-2.05,1124.56,0.0,79.97,0.68,30,0.0,2,0.0,27,0.0,1,0.0,6.67,0.0,2023-11-15,-,0,-
-,-,scalp,-,883.69,-1.9,1142.84,0.0,86.38,0.63,36,0.0,8,0.0,27,0.0,1,0.0,22.22,0.0,2021-03-02,-,0,-
-,-,Aogaog,-,883.66,-1.24,1278.11,0.0,131.48,0.41,12,0.0,4,0.0,8,0.0,0,0.0,33.33,0.0,2020-08-17,-,0,-
1307,new,chessmonster,-,883.08,433.08,1452.69,-47.31,189.87,189.87,4,4.0,3,3.0,1,1.0,0,0.0,75.0,75.0,2026-08-12,-,0,-
-,-,Pastiness,-,882.76,-1.26,1272.99,0.0,130.08,0.42,12,0.0,3,0.0,9,0.0,0,0.0,25.0,0.0,2024-04-04,-,0,-
-,-,ThonosP,BE,881.64,-1.53,1201.87,0.0,106.75,0.51,18,0.0,3,0.0,14,0.0,1,0.0,16.67,0.0,2024-06-16,-,0,-
-,-,Moon2g,-,881.05,-1.59,1189.67,0.0,102.87,0.53,30,0.0,6,0.0,23,0.0,1,0.0,20.0,0.0,2020-06-28,-,0,-
1308,-31,paroova,-,880.97,-1.03,1355.79,0.0,158.27,0.34,6,0.0,1,0.0,5,0.0,0,0.0,16.67,0.0,2025-12-05,-,0,-
-,-,Jerry_Kacmar,-,880.84,-1.44,1220.88,0.0,113.35,0.48,18,0.0,3,0.0,15,0.0,0,0.0,16.67,0.0,2020-12-02,-,0,-
1309,-33,Daliman13,-,880.59,-2.13,1110.59,0.0,76.67,0.71,54,0.0,8,0.0,45,0.0,1,0.0,14.81,0.0,2025-11-27,-,0,1421.0
-,-,Dashing,-,880.32,-1.48,1212.26,0.0,110.65,0.49,24,0.0,6,0.0,16,0.0,2,0.0,25.0,0.0,2020-09-06,-,0,-
-,-,Frank92,-,880.28,-1.01,1363.12,0.0,160.95,0.34,6,0.0,3,0.0,3,0.0,0,0.0,50.0,0.0,2025-07-10,-,0,1286.0
-,-,mdross1,-,879.88,-1.28,1261.75,0.0,127.29,0.43,16,0.0,4,0.0,12,0.0,0,0.0,25.0,0.0,2020-09-13,-,0,-
-,-,Quality_Jones,-,878.86,-1.71,1165.4,0.0,95.51,0.57,32,0.0,8,0.0,24,0.0,0,0.0,25.0,0.0,2023-01-22,-,0,-
-,-,namenloser,-,877.89,-2.43,1082.02,0.0,68.04,0.81,122,0.0,20,0.0,102,0.0,0,0.0,16.39,0.0,2023-02-27,-,0,-
-,-,ludnunes,-,877.34,-1.82,1146.31,0.0,89.66,0.61,36,0.0,7,0.0,29,0.0,0,0.0,19.44,0.0,2023-01-15,-,0,-
1310,-31,Gregoriocasa,-,877.04,-1.52,1198.87,0.0,107.28,0.51,12,0.0,3,0.0,9,0.0,0,0.0,25.0,0.0,2026-01-27,-,0,-
-,-,Asturia,-,877.02,-1.23,1275.74,0.0,132.91,0.41,8,0.0,1,0.0,7,0.0,0,0.0,12.5,0.0,2023-01-22,-,0,-
1311,-31,Paajosh,-,875.84,-1.62,1177.75,0.0,100.64,0.54,24,0.0,5,0.0,19,0.0,0,0.0,20.83,0.0,2025-12-14,-,0,1118.0
-,-,Conor_Osullivan,-,875.41,-1.65,1172.86,0.0,99.15,0.55,30,0.0,6,0.0,24,0.0,0,0.0,20.0,0.0,2020-05-22,-,0,-
-,-,OxyGee,-,874.7,-1.78,1155.11,0.0,93.47,0.59,48,0.0,9,0.0,39,0.0,0,0.0,18.75,0.0,2021-02-14,-,0,-
-,-,Darzic,-,873.16,-0.94,1393.05,0.0,173.3,0.31,6,0.0,2,0.0,4,0.0,0,0.0,33.33,0.0,2020-09-06,-,0,-
1312,-31,TuZhao,-,872.51,-1.69,1162.46,0.0,96.65,0.56,26,0.0,5,0.0,21,0.0,0,0.0,19.23,0.0,2026-01-21,-,0,1287.0
-,-,Supergabibbo,-,872.07,-1.02,1351.87,0.0,159.93,0.34,6,0.0,2,0.0,4,0.0,0,0.0,33.33,0.0,2020-12-02,-,0,-
-,-,nikos63,-,870.56,-1.06,1332.9,0.0,154.11,0.35,12,0.0,6,0.0,6,0.0,0,0.0,50.0,0.0,2020-08-09,-,0,-
-,-,Kefka,-,870.41,-1.36,1230.87,0.0,120.15,0.45,18,0.0,8,0.0,10,0.0,0,0.0,44.44,0.0,2019-12-30,-,0,-
-,-,Dim_,-,869.84,-1.67,1163.68,0.0,97.95,0.56,24,0.0,6,0.0,18,0.0,0,0.0,25.0,0.0,2023-01-15,-,0,-
-,-,Maximus,-,869.56,-1.41,1217.34,0.0,115.93,0.47,24,0.0,8,0.0,16,0.0,0,0.0,33.33,0.0,2021-05-21,-,0,-
1313,-31,Tapio,-,869.1,-1.53,1188.98,0.0,106.63,0.51,24,0.0,5,0.0,19,0.0,0,0.0,20.83,0.0,2026-01-24,-,0,1287.0
-,-,Xanpat,-,869.0,-1.52,1191.26,0.0,107.42,0.51,24,0.0,5,0.0,19,0.0,0,0.0,20.83,0.0,2020-09-06,-,0,-
1314,-30,deleted_user_6305131,-,868.61,-1.27,1253.31,0.0,128.23,0.42,8,0.0,0,0.0,6,0.0,2,0.0,0.0,0.0,2026-01-19,-,0,-
1315,-32,omoi,-,868.52,-1.6,1174.75,0.0,102.08,0.53,16,0.0,5,0.0,11,0.0,0,0.0,31.25,0.0,2026-01-20,-,0,-
-,-,DarthElendil,-,868.45,-1.01,1351.38,0.0,160.98,0.34,6,0.0,3,0.0,3,0.0,0,0.0,50.0,0.0,2025-04-26,-,0,1388.0
-,-,Amadeus,-,868.22,-1.5,1194.97,0.0,108.92,0.5,12,0.0,0,0.0,10,0.0,2,0.0,0.0,0.0,2024-05-24,-,0,-
-,-,Xioph,-,867.49,-1.44,1209.71,0.0,114.07,0.48,18,0.0,5,0.0,13,0.0,0,0.0,27.78,0.0,2021-03-02,-,0,-
-,-,Yahtzee12,-,864.88,-3.01,1030.87,0.0,55.33,1.0,228,0.0,29,0.0,193,0.0,6,0.0,12.72,0.0,2024-02-26,-,0,-
-,-,Totox,-,864.54,-1.11,1306.76,0.0,147.41,0.37,6,0.0,2,0.0,4,0.0,0,0.0,33.33,0.0,2023-02-12,-,0,-
-,-,Kubenboa,-,864.27,-1.75,1144.66,0.0,93.47,0.58,24,0.0,6,0.0,18,0.0,0,0.0,25.0,0.0,2023-01-15,-,0,-
1316,-31,Bafbeer,-,864.23,-1.19,1274.94,0.0,136.9,0.4,8,0.0,1,0.0,7,0.0,0,0.0,12.5,0.0,2026-01-21,-,0,-
-,-,ghudbishs,-,863.61,-1.1,1307.99,0.0,148.13,0.37,6,0.0,2,0.0,4,0.0,0,0.0,33.33,0.0,2024-12-16,-,0,1287.0
-,-,kuatz,-,863.58,-1.16,1285.63,0.0,140.68,0.39,6,0.0,1,0.0,5,0.0,0,0.0,16.67,0.0,2023-01-15,-,0,-
-,-,Tasslehoff,-,863.48,-1.24,1258.35,0.0,131.62,0.41,12,0.0,3,0.0,9,0.0,0,0.0,25.0,0.0,2020-12-02,-,0,-
1317,new,dragonst33d,-,862.93,412.93,1222.91,-277.09,119.99,119.99,10,10.0,2,2.0,8,8.0,0,0.0,20.0,20.0,2026-08-07,-,0,-
-,-,omniswitcher,-,862.74,-2.13,1092.95,0.0,76.74,0.71,72,0.0,13,0.0,59,0.0,0,0.0,18.06,0.0,2021-08-19,-,0,-
-,-,Leonidas33,-,862.61,-1.39,1215.77,0.0,117.72,0.46,12,0.0,3,0.0,9,0.0,0,0.0,25.0,0.0,2025-01-23,-,0,1118.0
-,-,somanyrocks,-,862.34,-1.08,1314.98,0.0,150.88,0.36,6,0.0,1,0.0,5,0.0,0,0.0,16.67,0.0,2023-01-15,-,0,-
-,-,Shalif,FR,861.87,-2.28,1077.06,0.0,71.73,0.76,74,0.0,11,0.0,61,0.0,2,0.0,14.86,0.0,2024-12-04,-,0,1184.0
-,-,Pecheros,-,861.5,-1.62,1164.98,0.0,101.16,0.54,30,0.0,4,0.0,23,0.0,3,0.0,13.33,0.0,2023-01-15,-,0,-
-,-,mdscolour,-,861.19,-1.08,1315.91,0.0,151.57,0.36,12,0.0,6,0.0,6,0.0,0,0.0,50.0,0.0,2020-09-06,-,0,-
-,-,valvonauta,IT,860.88,-2.21,1082.63,0.0,73.92,0.74,54,0.0,7,0.0,46,0.0,1,0.0,12.96,0.0,2024-09-15,-,0,-
1318,-32,NerAlgert,-,860.81,-1.95,1112.62,0.0,83.94,0.65,24,0.0,3,0.0,21,0.0,0,0.0,12.5,0.0,2026-02-28,-,0,1385.0
-,-,Pampio,-,860.29,-0.96,1369.26,0.0,169.66,0.32,6,0.0,3,0.0,3,0.0,0,0.0,50.0,0.0,2020-09-06,-,0,-
-,-,Markariah,-,859.72,-1.64,1158.19,0.0,99.49,0.55,24,0.0,5,0.0,13,0.0,6,0.0,20.83,0.0,2023-11-20,-,0,-
1319,-32,FeroDigital,-,859.65,-1.11,1302.46,0.0,147.6,0.37,6,0.0,1,0.0,5,0.0,0,0.0,16.67,0.0,2025-12-01,-,0,-
-,-,Dharkan_Kaazar,-,859.09,-1.1,1304.77,0.0,148.56,0.37,6,0.0,1,0.0,5,0.0,0,0.0,16.67,0.0,2024-02-23,-,0,-
-,-,BabaYega,-,858.0,-1.28,1240.12,0.0,127.37,0.43,12,0.0,4,0.0,8,0.0,0,0.0,33.33,0.0,2021-08-24,-,0,-
1320,-32,monorator,-,857.98,-2.73,1037.83,0.0,59.95,0.91,102,0.0,12,0.0,90,0.0,0,0.0,11.76,0.0,2025-12-01,-,0,1184.0
-,-,Vaalna,-,855.95,-1.09,1304.3,0.0,149.45,0.36,8,0.0,1,0.0,7,0.0,0,0.0,12.5,0.0,2024-02-23,-,0,-
1321,-32,NedNutt,-,855.4,-1.15,1280.01,0.0,141.53,0.38,8,0.0,2,0.0,6,0.0,0,0.0,25.0,0.0,2026-02-03,-,0,-
-,-,DislexicBigot,-,855.28,-1.23,1252.21,0.0,132.31,0.41,12,0.0,4,0.0,8,0.0,0,0.0,33.33,0.0,2021-06-02,-,0,-
-,-,Toniolamachine,-,854.19,-1.78,1130.13,0.0,91.98,0.59,30,0.0,6,0.0,24,0.0,0,0.0,20.0,0.0,2022-09-04,-,0,-
-,-,whiteraven,-,853.39,-0.92,1387.93,0.0,178.18,0.31,6,0.0,2,0.0,3,0.0,1,0.0,33.33,0.0,2020-06-28,-,0,-
-,-,Fakkus,-,853.02,-1.86,1116.15,0.0,87.71,0.62,24,0.0,4,0.0,18,0.0,2,0.0,16.67,0.0,2023-06-04,-,0,-
-,-,Scottus,-,852.34,-1.35,1216.3,0.0,121.32,0.45,12,0.0,4,0.0,8,0.0,0,0.0,33.33,0.0,2022-05-29,-,0,-
1322,-32,Zielonus,-,852.15,-1.6,1159.27,0.0,102.38,0.53,24,0.0,5,0.0,19,0.0,0,0.0,20.83,0.0,2026-02-03,-,0,1118.0
-,-,halbsodoppelt,-,851.93,-2.07,1089.21,0.0,79.09,0.69,38,0.0,6,0.0,30,0.0,2,0.0,15.79,0.0,2024-10-22,-,0,-
-,-,Left-fire-egg,-,851.79,-1.21,1257.92,0.0,135.38,0.4,12,0.0,3,0.0,9,0.0,0,0.0,25.0,0.0,2024-02-23,-,0,-
1323,-32,iindianajones,-,851.62,-1.48,1182.52,0.0,110.3,0.49,12,0.0,3,0.0,9,0.0,0,0.0,25.0,0.0,2026-01-26,-,0,1287.0
-,-,mliszewski,-,851.56,-1.23,1250.05,0.0,132.83,0.41,12,0.0,4,0.0,8,0.0,0,0.0,33.33,0.0,2020-12-02,-,0,-
-,-,Eels,-,851.39,-1.49,1179.39,0.0,109.33,0.5,12,0.0,1,0.0,9,0.0,2,0.0,8.33,0.0,2025-02-28,-,0,1375.0
-,-,Strange,-,851.08,-1.45,1190.08,0.0,113.0,0.48,24,0.0,6,0.0,18,0.0,0,0.0,25.0,0.0,2020-03-30,-,0,-
-,-,Naawi,-,851.02,-1.09,1298.94,0.0,149.31,0.36,6,0.0,2,0.0,4,0.0,0,0.0,33.33,0.0,2022-06-05,-,0,-
1324,-32,pjorge,-,850.0,-2.09,1084.86,0.0,78.29,0.7,40,0.0,7,0.0,32,0.0,1,0.0,17.5,0.0,2025-12-07,-,0,1184.0
1325,-31,andregois,-,849.58,-1.16,1270.29,0.0,140.24,0.39,12,0.0,4,0.0,8,0.0,0,0.0,33.33,0.0,2026-01-25,-,0,-
-,-,JohnMarc,-,849.22,-2.16,1076.45,0.0,75.74,0.72,60,0.0,10,0.0,49,0.0,1,0.0,16.67,0.0,2022-09-04,-,0,-
1326,-33,Titiman,-,849.02,-1.96,1098.65,0.0,83.21,0.65,30,0.0,4,0.0,26,0.0,0,0.0,13.33,0.0,2026-01-24,-,0,1287.0
-,-,Ralpher,-,848.97,-0.93,1377.85,0.0,176.3,0.31,6,0.0,2,0.0,4,0.0,0,0.0,33.33,0.0,2020-06-21,-,0,-
1327,-32,Oyvind,-,848.64,-1.8,1120.86,0.0,90.74,0.6,26,0.0,3,0.0,23,0.0,0,0.0,11.54,0.0,2025-12-03,-,0,1184.0
1328,-32,silverpaun,-,848.3,-1.09,1297.55,0.0,149.75,0.36,6,0.0,0,0.0,6,0.0,0,0.0,0.0,0.0,2026-01-26,-,0,-
-,-,Tikki,US,848.19,-2.25,1065.65,0.0,72.49,0.75,72,0.0,8,0.0,61,0.0,3,0.0,11.11,0.0,2022-06-05,-,0,-
-,-,Oenaud,-,845.96,-1.74,1127.28,0.0,93.77,0.58,24,0.0,4,0.0,20,0.0,0,0.0,16.67,0.0,2022-02-24,-,0,-
-,-,dburstin,-,845.95,-1.14,1275.49,0.0,143.18,0.38,8,0.0,2,0.0,6,0.0,0,0.0,25.0,0.0,2025-01-31,-,0,939.0
-,-,Edenys,-,842.51,-1.23,1240.44,0.0,132.64,0.41,8,0.0,1,0.0,7,0.0,0,0.0,12.5,0.0,2023-01-22,-,0,-
-,-,ArrogantMenace,-,841.83,-1.63,1142.37,0.0,100.18,0.54,36,0.0,8,0.0,28,0.0,0,0.0,22.22,0.0,2020-08-18,-,0,-
-,-,Ben96,-,840.93,-1.44,1180.6,0.0,113.23,0.48,24,0.0,5,0.0,19,0.0,0,0.0,20.83,0.0,2020-09-13,-,0,-
1329,-32,Merclaw,-,840.87,-1.57,1152.86,0.0,104.0,0.52,14,0.0,1,0.0,13,0.0,0,0.0,7.14,0.0,2025-12-03,-,0,928.0
-,-,KILLERST,-,840.7,-1.6,1146.95,0.0,102.08,0.53,24,0.0,5,0.0,19,0.0,0,0.0,20.83,0.0,2021-05-20,-,0,-
-,-,RockStar3AG,-,840.54,-1.32,1211.53,0.0,123.66,0.44,12,0.0,2,0.0,9,0.0,1,0.0,16.67,0.0,2021-06-02,-,0,-
-,-,HumptyMonkey,-,840.26,-2.08,1077.32,0.0,79.02,0.69,66,0.0,12,0.0,54,0.0,0,0.0,18.18,0.0,2021-06-02,-,0,-
-,-,Adas,-,840.04,-1.3,1215.33,0.0,125.1,0.43,18,0.0,4,0.0,14,0.0,0,0.0,22.22,0.0,2020-09-06,-,0,-
-,-,Dariusz,-,839.3,-1.51,1164.08,0.0,108.26,0.5,12,0.0,3,0.0,9,0.0,0,0.0,25.0,0.0,2025-01-31,-,0,1067.0
-,-,Ivalice,-,839.07,-1.21,1242.65,0.0,134.53,0.4,12,0.0,4,0.0,7,0.0,1,0.0,33.33,0.0,2019-12-29,-,0,-
-,-,avo_liao,-,838.38,-1.28,1222.06,0.0,127.89,0.43,12,0.0,2,0.0,10,0.0,0,0.0,16.67,0.0,2020-11-20,-,0,-
-,-,Fembrosia,-,837.84,-1.09,1287.66,0.0,149.94,0.36,6,0.0,2,0.0,4,0.0,0,0.0,33.33,0.0,2022-03-06,-,0,-
-,-,Pir4t,-,836.51,-1.16,1258.66,0.0,140.72,0.39,12,0.0,4,0.0,8,0.0,0,0.0,33.33,0.0,2020-09-06,-,0,-
1330,-32,Axius9,-,836.4,-1.57,1147.58,0.0,103.73,0.52,14,0.0,3,0.0,11,0.0,0,0.0,21.43,0.0,2025-12-03,-,0,1184.0
1331,-32,Mathilda,-,835.58,-1.17,1255.73,0.0,140.05,0.39,6,0.0,0,0.0,6,0.0,0,0.0,0.0,0.0,2025-12-01,-,0,-
-,-,Blahu,-,835.35,-1.11,1277.38,0.0,147.34,0.37,8,0.0,1,0.0,7,0.0,0,0.0,12.5,0.0,2024-02-23,-,0,-
-,-,dylyla,-,833.45,-1.19,1244.11,0.0,136.89,0.4,12,0.0,4,0.0,8,0.0,0,0.0,33.33,0.0,2021-03-02,-,0,-
-,-,switch201,-,832.77,-1.56,1147.62,0.0,104.95,0.52,12,0.0,1,0.0,11,0.0,0,0.0,8.33,0.0,2025-02-28,-,0,1416.0
-,-,balarithon,-,832.75,-3.04,1000.07,0.0,55.77,1.01,194,0.0,23,0.0,171,0.0,0,0.0,11.86,0.0,2023-06-04,-,0,-
1332,-32,WowaduHek,-,832.6,-0.9,1375.42,0.0,180.94,0.3,4,0.0,0,0.0,3,0.0,1,0.0,0.0,0.0,2026-02-15,-,0,318.0
1333,-32,TomaszW,-,831.05,-1.18,1244.79,0.0,137.91,0.39,6,0.0,0,0.0,6,0.0,0,0.0,0.0,0.0,2025-12-01,-,0,-
-,-,Xela1988,-,830.67,-1.5,1157.47,0.0,108.93,0.5,16,0.0,2,0.0,14,0.0,0,0.0,12.5,0.0,2025-01-24,-,0,1184.0
-,-,Jakuu,-,830.28,-1.66,1124.53,0.0,98.08,0.55,24,0.0,3,0.0,21,0.0,0,0.0,12.5,0.0,2025-01-25,-,0,1184.0
1334,-32,Devonia,-,830.07,-1.74,1111.77,0.0,93.9,0.58,26,0.0,4,0.0,22,0.0,0,0.0,15.38,0.0,2026-01-23,-,0,1118.0
1335,-31,Monken,-,828.62,-1.41,1176.26,0.0,115.88,0.47,18,0.0,3,0.0,15,0.0,0,0.0,16.67,0.0,2025-12-01,-,0,1287.0
-,-,Agathon,TR,828.12,-1.01,1314.09,0.0,161.99,0.34,6,0.0,0,0.0,6,0.0,0,0.0,0.0,0.0,2024-03-17,-,0,-
1336,-33,captainparadise,FR,827.97,-2.77,1005.97,0.0,59.33,0.92,68,0.0,7,0.0,57,0.0,4,0.0,10.29,0.0,2025-11-18,-,0,1415.0
-,-,Klapaucjusz,PL,827.95,-0.86,1399.73,0.0,190.59,0.29,6,0.0,3,0.0,3,0.0,0,0.0,50.0,0.0,2020-06-28,-,0,-
1337,-32,sjgardner3,-,827.91,-1.53,1147.55,0.0,106.55,0.51,26,0.0,6,0.0,20,0.0,0,0.0,23.08,0.0,2026-01-28,-,0,1184.0
-,-,rakimmitt,-,826.12,-1.27,1212.84,0.0,128.91,0.42,18,0.0,3,0.0,15,0.0,0,0.0,16.67,0.0,2020-09-06,-,0,-
-,-,Jonasmeister,-,824.79,-1.11,1266.6,0.0,147.27,0.37,6,0.0,1,0.0,4,0.0,1,0.0,16.67,0.0,2023-12-03,-,0,-
-,-,Judiot,-,823.83,-1.38,1178.06,0.0,118.08,0.46,12,0.0,1,0.0,11,0.0,0,0.0,8.33,0.0,2024-02-23,-,0,-
-,-,billymorph,-,823.81,-1.01,1310.49,0.0,162.23,0.34,6,0.0,2,0.0,4,0.0,0,0.0,33.33,0.0,2021-06-02,-,0,-
-,-,Calamar,-,823.46,-1.36,1184.17,0.0,120.24,0.45,12,0.0,3,0.0,9,0.0,0,0.0,25.0,0.0,2024-02-23,-,0,-
1338,-31,Execut0r,-,823.43,-1.52,1145.34,0.0,107.31,0.51,16,0.0,3,0.0,13,0.0,0,0.0,18.75,0.0,2026-01-21,-,0,1118.0
-,-,paulydev,-,823.42,-1.18,1239.06,0.0,138.55,0.39,12,0.0,3,0.0,9,0.0,0,0.0,25.0,0.0,2020-08-24,-,0,-
-,-,Aghamin,-,822.17,-3.22,977.11,0.0,51.64,1.07,300,0.0,31,0.0,268,0.0,1,0.0,10.33,0.0,2023-08-30,-,0,-
-,-,Cesaras,-,820.69,-0.85,1394.79,0.0,191.37,0.28,4,0.0,2,0.0,2,0.0,0,0.0,50.0,0.0,2020-06-21,-,0,-
-,-,VesperDraco,-,820.63,-1.6,1127.35,0.0,102.24,0.53,30,0.0,7,0.0,23,0.0,0,0.0,23.33,0.0,2020-09-13,-,0,-
-,-,Ruthless741,-,819.83,-0.96,1329.76,0.0,169.98,0.32,6,0.0,2,0.0,4,0.0,0,0.0,33.33,0.0,2020-06-28,-,0,-
-,-,TomaszWielki,-,819.83,-0.96,1329.76,0.0,169.98,0.32,6,0.0,2,0.0,4,0.0,0,0.0,33.33,0.0,2020-06-21,-,0,-
-,-,rporrini,-,819.83,-1.82,1089.43,0.0,89.87,0.61,72,0.0,10,0.0,56,0.0,6,0.0,13.89,0.0,2019-12-30,-,0,-
-,-,Pachuca74,-,818.99,-2.48,1018.56,0.0,66.52,0.83,150,0.0,21,0.0,129,0.0,0,0.0,14.0,0.0,2022-09-04,-,0,-
-,-,GuiStempelme,-,818.74,-1.15,1244.02,0.0,141.76,0.38,6,0.0,0,0.0,5,0.0,1,0.0,0.0,0.0,2023-01-15,-,0,-
1339,-31,Estia,-,818.45,-1.17,1236.67,0.0,139.41,0.39,6,0.0,0,0.0,6,0.0,0,0.0,0.0,0.0,2025-12-01,-,0,-
-,-,KingPerun,-,818.06,-1.66,1113.97,0.0,98.64,0.55,24,0.0,4,0.0,20,0.0,0,0.0,16.67,0.0,2025-01-20,-,0,1184.0
-,-,Grotaron,-,817.7,-1.08,1270.28,0.0,150.86,0.36,6,0.0,1,0.0,5,0.0,0,0.0,16.67,0.0,2020-12-02,-,0,-
1340,-31,PriestCthulhu,-,817.14,-1.17,1234.97,0.0,139.28,0.39,6,0.0,1,0.0,5,0.0,0,0.0,16.67,0.0,2025-12-01,-,0,-
-,-,Lindoro,-,815.76,-1.71,1103.67,0.0,95.97,0.57,18,0.0,5,0.0,13,0.0,0,0.0,27.78,0.0,2024-06-02,-,0,-
-,-,gvasil,-,815.71,-1.53,1136.82,0.0,107.04,0.51,30,0.0,4,0.0,26,0.0,0,0.0,13.33,0.0,2020-06-28,-,0,-
-,-,Olympia,-,815.31,-1.24,1209.05,0.0,131.25,0.41,8,0.0,0,0.0,8,0.0,0,0.0,0.0,0.0,2025-02-03,-,0,989.0
-,-,aigarsgaa,-,814.14,-1.22,1214.79,0.0,133.55,0.41,12,0.0,3,0.0,9,0.0,0,0.0,25.0,0.0,2021-03-02,-,0,-
-,-,BillyTheBanana,-,814.08,-1.11,1253.73,0.0,146.55,0.37,8,0.0,2,0.0,6,0.0,0,0.0,25.0,0.0,2019-03-01,-,0,-
-,-,Emir,-,813.69,-0.89,1365.88,0.0,184.06,0.3,6,0.0,4,0.0,2,0.0,0,0.0,66.67,0.0,2024-03-17,-,0,-
-,-,Hot.Cocoa,-,812.05,-1.67,1106.78,0.0,98.24,0.56,22,0.0,3,0.0,16,0.0,3,0.0,13.64,0.0,2024-09-22,-,0,-
-,-,Beldaran10,-,811.65,-1.17,1229.56,0.0,139.3,0.39,12,0.0,2,0.0,9,0.0,1,0.0,16.67,0.0,2020-09-06,-,0,-
-,-,Sobain,-,811.26,-0.94,1330.65,0.0,173.13,0.31,6,0.0,2,0.0,4,0.0,0,0.0,33.33,0.0,2023-02-12,-,0,-
-,-,Gelsomiina,-,810.22,-1.02,1291.67,0.0,160.49,0.34,6,0.0,1,0.0,5,0.0,0,0.0,16.67,0.0,2024-12-05,-,0,1184.0
1341,-30,Kradmesor,-,809.97,-1.41,1157.77,0.0,115.93,0.47,18,0.0,1,0.0,17,0.0,0,0.0,5.56,0.0,2025-12-01,-,0,1287.0
-,-,Scotty4s,-,809.85,-0.94,1330.46,0.0,173.54,0.31,4,0.0,1,0.0,3,0.0,0,0.0,25.0,0.0,2025-01-26,-,0,1067.0
-,-,UrbanSammie,-,808.14,-0.87,1373.34,0.0,188.4,0.29,6,0.0,2,0.0,4,0.0,0,0.0,33.33,0.0,2020-06-21,-,0,-
-,-,Desossi,-,806.89,-1.34,1171.08,0.0,121.4,0.45,12,0.0,3,0.0,9,0.0,0,0.0,25.0,0.0,2022-08-29,-,0,-
-,-,defazze,-,805.58,-1.26,1195.42,0.0,129.95,0.42,10,0.0,1,0.0,8,0.0,1,0.0,10.0,0.0,2023-03-05,-,0,-
-,-,Bender86,-,805.46,-1.95,1058.04,0.0,84.19,0.65,48,0.0,5,0.0,41,0.0,2,0.0,10.42,0.0,2022-05-31,-,0,-
1342,-30,greslack,-,805.27,-1.53,1125.15,0.0,106.63,0.51,18,0.0,3,0.0,14,0.0,1,0.0,16.67,0.0,2026-01-18,-,0,-
1343,-30,psztika,-,804.92,-1.0,1295.92,0.0,163.66,0.33,6,0.0,1,0.0,5,0.0,0,0.0,16.67,0.0,2025-12-13,-,0,-
-,-,Athelis,-,804.77,-1.3,1180.07,0.0,125.1,0.43,10,0.0,0,0.0,9,0.0,1,0.0,0.0,0.0,2023-03-05,-,0,-
1344,-30,Saginse,-,803.87,-1.67,1096.66,0.0,97.6,0.56,30,0.0,4,0.0,26,0.0,0,0.0,13.33,0.0,2025-12-06,-,0,-
-,-,Malekith,-,802.29,-1.39,1155.63,0.0,117.78,0.46,12,0.0,1,0.0,11,0.0,0,0.0,8.33,0.0,2025-02-01,-,0,1184.0
1345,-30,Dolio,-,802.25,-1.0,1289.18,0.0,162.31,0.33,6,0.0,1,0.0,5,0.0,0,0.0,16.67,0.0,2025-12-02,-,0,-
-,-,bence233,-,801.61,-1.41,1148.77,0.0,115.72,0.47,12,0.0,0,0.0,9,0.0,3,0.0,0.0,0.0,2023-05-22,-,0,-
-,-,Tsu,-,800.25,-1.23,1198.8,0.0,132.85,0.41,12,0.0,2,0.0,10,0.0,0,0.0,16.67,0.0,2020-09-13,-,0,-
-,-,Cubeec,-,799.86,-0.93,1324.1,0.0,174.75,0.31,6,0.0,2,0.0,4,0.0,0,0.0,33.33,0.0,2020-06-28,-,0,-
1346,-30,SCN,-,797.88,-1.92,1054.83,0.0,85.65,0.64,26,0.0,2,0.0,24,0.0,0,0.0,7.69,0.0,2026-01-29,-,0,1184.0
-,-,Dunedrain,-,797.43,-1.38,1153.37,0.0,118.65,0.46,12,0.0,2,0.0,10,0.0,0,0.0,16.67,0.0,2025-07-16,-,0,1435.0
-,-,Casaubon,-,797.23,-1.53,1121.5,0.0,108.09,0.51,24,0.0,10,0.0,14,0.0,0,0.0,41.67,0.0,2021-02-28,-,0,-
1347,new,LoreNacho,-,797.19,347.19,1201.99,-298.01,134.94,134.94,6,6.0,0,0.0,5,5.0,1,1.0,0.0,0.0,2026-07-14,-,0,-
-,-,maurice986,-,796.64,-1.38,1150.88,0.0,118.08,0.46,12,0.0,2,0.0,10,0.0,0,0.0,16.67,0.0,2025-01-22,-,0,1118.0
-,-,vince_ma,-,796.61,-1.04,1269.31,0.0,157.57,0.35,6,0.0,2,0.0,4,0.0,0,0.0,33.33,0.0,2022-03-06,-,0,-
-,-,Hank62299,-,793.94,-1.4,1142.69,0.0,116.25,0.47,12,0.0,2,0.0,10,0.0,0,0.0,16.67,0.0,2021-11-19,-,0,-
-,-,jeffcorrie,-,792.34,-0.9,1334.84,0.0,180.83,0.3,6,0.0,2,0.0,4,0.0,0,0.0,33.33,0.0,2019-09-30,-,0,-
-,-,Anchy,-,792.01,-1.53,1112.01,0.0,106.67,0.51,18,0.0,3,0.0,14,0.0,1,0.0,16.67,0.0,2022-06-05,-,0,-
-,-,aramaic,-,791.99,-1.62,1093.66,0.0,100.56,0.54,26,0.0,5,0.0,20,0.0,1,0.0,19.23,0.0,2024-02-23,-,0,-
-,-,machalCZ,-,791.79,-1.14,1222.07,0.0,143.43,0.38,12,0.0,2,0.0,10,0.0,0,0.0,16.67,0.0,2020-09-06,-,0,-
-,-,Majinbuu,-,790.52,-2.05,1029.66,0.0,79.71,0.68,42,0.0,3,0.0,37,0.0,2,0.0,7.14,0.0,2024-01-16,-,0,-
-,-,Mochiman,-,789.94,-0.9,1331.2,0.0,180.42,0.3,6,0.0,2,0.0,4,0.0,0,0.0,33.33,0.0,2019-09-29,-,0,-
-,-,Stinus,-,789.82,-1.28,1172.41,0.0,127.53,0.43,12,0.0,3,0.0,9,0.0,0,0.0,25.0,0.0,2024-08-11,-,0,-
-,-,Gripperas,-,789.53,-1.3,1165.63,0.0,125.37,0.43,12,0.0,0,0.0,4,0.0,8,0.0,0.0,0.0,2023-11-19,-,0,-
1348,-30,Caps,-,789.34,-1.22,1190.5,0.0,133.72,0.41,8,0.0,2,0.0,6,0.0,0,0.0,25.0,0.0,2026-01-19,-,0,-
-,-,Badavan,-,789.32,-0.83,1379.88,0.0,196.85,0.28,6,0.0,3,0.0,3,0.0,0,0.0,50.0,0.0,2024-01-16,-,0,-
-,-,CivEnginner,-,789.3,-1.03,1262.87,0.0,157.86,0.34,12,0.0,5,0.0,7,0.0,0,0.0,41.67,0.0,2020-08-22,-,0,-
-,-,Horazon,-,787.92,-0.98,1286.07,0.0,166.05,0.33,6,0.0,2,0.0,4,0.0,0,0.0,33.33,0.0,2021-03-02,-,0,-
1349,-30,Boniu_bon,-,787.86,-0.9,1332.2,0.0,181.44,0.3,4,0.0,0,0.0,4,0.0,0,0.0,0.0,0.0,2026-02-17,-,0,-
-,-,kissfish,-,787.57,-0.88,1345.15,0.0,185.86,0.29,6,0.0,2,0.0,4,0.0,0,0.0,33.33,0.0,2018-06-17,-,0,-
1350,-30,woogi,-,787.5,-1.06,1248.95,0.0,153.81,0.35,6,0.0,1,0.0,5,0.0,0,0.0,16.67,0.0,2025-12-01,-,0,-
1351,-30,Maximouse,-,787.47,-1.04,1257.38,0.0,156.64,0.35,6,0.0,0,0.0,6,0.0,0,0.0,0.0,0.0,2025-12-10,-,0,-
-,-,sleepwalker,-,786.59,-1.11,1225.6,0.0,146.34,0.37,6,0.0,0,0.0,6,0.0,0,0.0,0.0,0.0,2025-05-01,-,0,-
-,-,KorE,US,786.24,-1.06,1249.49,0.0,154.42,0.35,6,0.0,1,0.0,5,0.0,0,0.0,16.67,0.0,2023-02-12,-,0,-
1352,-30,johnboy,-,786.03,-1.67,1079.44,0.0,97.81,0.56,18,0.0,1,0.0,16,0.0,1,0.0,5.56,0.0,2026-01-25,-,0,989.0
-,-,TwoFold,-,784.72,-1.17,1203.4,0.0,139.56,0.39,12,0.0,2,0.0,10,0.0,0,0.0,16.67,0.0,2024-12-01,-,0,1184.0
-,-,hbattosai83,-,784.55,-1.24,1179.33,0.0,131.59,0.41,12,0.0,3,0.0,9,0.0,0,0.0,25.0,0.0,2021-06-02,-,0,-
-,-,pasin11,-,782.32,-1.38,1137.22,0.0,118.3,0.46,12,0.0,1,0.0,11,0.0,0,0.0,8.33,0.0,2024-01-16,-,0,-
1353,-30,paul7xyz,-,782.18,-1.06,1243.56,0.0,153.79,0.35,6,0.0,1,0.0,5,0.0,0,0.0,16.67,0.0,2026-04-13,-,0,-
-,-,Apriori1,-,781.74,-1.34,1148.19,0.0,122.15,0.45,12,0.0,1,0.0,11,0.0,0,0.0,8.33,0.0,2025-01-25,-,0,1184.0
-,-,StartPlayer,GB,780.98,-1.12,1216.85,0.0,145.29,0.37,6,0.0,0,0.0,5,0.0,1,0.0,0.0,0.0,2023-01-15,-,0,-
-,-,miberale,-,779.59,-2.25,998.0,0.0,72.8,0.75,46,0.0,1,0.0,43,0.0,2,0.0,2.17,0.0,2023-06-04,-,0,-
-,-,SoupyDan,-,779.38,-0.87,1340.85,0.0,187.16,0.29,6,0.0,2,0.0,4,0.0,0,0.0,33.33,0.0,2020-06-28,-,0,-
-,-,K0ncept,-,778.5,-1.15,1203.63,0.0,141.71,0.38,8,0.0,1,0.0,6,0.0,1,0.0,12.5,0.0,2025-07-25,-,0,1429.0
1354,-30,weide,-,778.42,-1.08,1233.33,0.0,151.64,0.36,6,0.0,0,0.0,6,0.0,0,0.0,0.0,0.0,2025-12-02,-,0,-
-,-,KaiMorten,-,777.78,-1.47,1110.65,0.0,110.96,0.49,12,0.0,1,0.0,11,0.0,0,0.0,8.33,0.0,2025-01-18,-,0,1184.0
-,-,Ev85,-,777.78,-1.04,1246.92,0.0,156.38,0.35,6,0.0,2,0.0,4,0.0,0,0.0,33.33,0.0,2025-04-29,-,0,1429.0
-,-,Melonduck4000,-,777.76,-1.07,1236.49,0.0,152.91,0.36,6,0.0,1,0.0,5,0.0,0,0.0,16.67,0.0,2024-02-23,-,0,-
-,-,Mustarda,PT,777.07,-1.04,1245.66,0.0,156.19,0.35,6,0.0,1,0.0,5,0.0,0,0.0,16.67,0.0,2024-06-16,-,0,-
-,-,Bartas,-,776.74,-1.4,1127.75,0.0,117.0,0.47,12,0.0,2,0.0,10,0.0,0,0.0,16.67,0.0,2023-06-04,-,0,-
-,-,cardboard,-,776.47,-1.17,1193.38,0.0,138.97,0.39,8,0.0,1,0.0,7,0.0,0,0.0,12.5,0.0,2025-01-22,-,0,989.0
-,-,to118,-,776.31,-1.26,1166.14,0.0,129.95,0.42,12,0.0,3,0.0,9,0.0,0,0.0,25.0,0.0,2020-12-02,-,0,-
-,-,Rhop8,-,776.11,-1.7,1064.44,0.0,96.11,0.57,24,0.0,3,0.0,21,0.0,0,0.0,12.5,0.0,2022-11-30,-,0,-
-,-,Maciej,-,775.41,-1.69,1067.36,0.0,97.32,0.56,36,0.0,9,0.0,27,0.0,0,0.0,25.0,0.0,2024-04-04,-,0,-
1355,-38,Hetman,-,774.59,-23.09,1193.5,-110.28,139.64,-29.07,10,2.0,5,0.0,5,2.0,0,0.0,50.0,-12.5,2026-06-22,-,0,-
1356,-31,Mewunit,-,774.58,-1.2,1181.64,0.0,135.69,0.4,6,0.0,0,0.0,6,0.0,0,0.0,0.0,0.0,2025-12-01,-,0,-
-,-,Dipac,-,774.53,-1.46,1111.26,0.0,112.25,0.49,12,0.0,1,0.0,11,0.0,0,0.0,8.33,0.0,2025-01-25,-,0,1184.0
-,-,Guernnister,-,774.53,-1.2,1184.22,0.0,136.56,0.4,12,0.0,3,0.0,9,0.0,0,0.0,25.0,0.0,2020-08-19,-,0,-
-,-,ZappBranigan,-,773.94,-1.34,1140.35,0.0,122.14,0.45,12,0.0,1,0.0,11,0.0,0,0.0,8.33,0.0,2024-02-23,-,0,-
-,-,Jammykins,-,773.27,-0.95,1288.73,0.0,171.82,0.32,6,0.0,2,0.0,4,0.0,0,0.0,33.33,0.0,2020-06-28,-,0,-
-,-,NomadicPpl,-,772.33,-0.83,1364.93,0.0,197.53,0.28,6,0.0,2,0.0,3,0.0,1,0.0,33.33,0.0,2020-06-28,-,0,-
-,-,Pietro,-,771.96,-1.44,1111.44,0.0,113.16,0.48,12,0.0,2,0.0,10,0.0,0,0.0,16.67,0.0,2023-04-16,-,0,1388.0
-,-,hewb2006,-,771.75,-1.74,1053.43,0.0,93.89,0.58,42,0.0,3,0.0,38,0.0,1,0.0,7.14,0.0,2021-11-30,-,0,-
1357,-31,bltoby,-,771.68,-1.16,1195.36,0.0,141.23,0.39,8,0.0,0,0.0,8,0.0,0,0.0,0.0,0.0,2026-01-23,-,0,-
1358,-31,Dexray,-,770.86,-1.05,1235.87,0.0,155.0,0.35,8,0.0,3,0.0,5,0.0,0,0.0,37.5,0.0,2026-01-20,-,0,-
-,-,N2ll,-,769.3,-1.11,1210.97,0.0,147.22,0.37,12,0.0,5,0.0,7,0.0,0,0.0,41.67,0.0,2020-08-23,-,0,-
1359,-31,Shuvo2406,-,768.4,-1.09,1218.77,0.0,150.12,0.36,6,0.0,0,0.0,5,0.0,1,0.0,0.0,0.0,2025-10-06,-,0,1435.0
-,-,SpillisWillis,-,767.87,-1.69,1057.16,0.0,96.43,0.56,24,0.0,2,0.0,22,0.0,0,0.0,8.33,0.0,2025-08-31,-,0,1177.0
-,-,Borewitsch,-,767.66,-0.95,1284.1,0.0,172.15,0.32,6,0.0,2,0.0,4,0.0,0,0.0,33.33,0.0,2020-09-06,-,0,-
-,-,LaFuria,-,765.99,-1.12,1204.71,0.0,146.24,0.37,12,0.0,6,0.0,6,0.0,0,0.0,50.0,0.0,2021-05-26,-,0,-
-,-,CapraTriada,-,765.5,-1.33,1134.41,0.0,122.97,0.44,12,0.0,3,0.0,9,0.0,0,0.0,25.0,0.0,2022-09-04,-,0,-
-,-,intelligentskeleton,VN,765.11,-0.99,1259.1,0.0,164.66,0.33,6,0.0,1,0.0,5,0.0,0,0.0,16.67,0.0,2024-06-16,-,0,-
1360,-31,jurgen18,-,764.53,-1.49,1093.32,0.0,109.6,0.5,18,0.0,3,0.0,15,0.0,0,0.0,16.67,0.0,2026-01-31,-,0,1287.0
-,-,Donnin,-,764.52,-0.99,1258.57,0.0,164.68,0.33,6,0.0,1,0.0,4,0.0,1,0.0,16.67,0.0,2021-03-02,-,0,-
-,-,Tleilax,-,764.2,-0.84,1349.87,0.0,195.22,0.28,4,0.0,2,0.0,2,0.0,0,0.0,50.0,0.0,2024-04-28,-,0,-
-,-,hkl,-,764.07,-1.11,1206.8,0.0,147.58,0.37,6,0.0,0,0.0,5,0.0,1,0.0,0.0,0.0,2023-01-15,-,0,-
-,-,stacy_ovsyanka,-,763.74,-1.24,1158.06,0.0,131.44,0.41,12,0.0,0,0.0,9,0.0,3,0.0,0.0,0.0,2020-11-18,-,0,-
-,-,Cespac,-,763.12,-1.51,1086.87,0.0,107.92,0.5,18,0.0,2,0.0,16,0.0,0,0.0,11.11,0.0,2023-01-15,-,0,-
-,-,Adamantium18,-,761.42,-1.43,1103.59,0.0,114.06,0.48,24,0.0,2,0.0,22,0.0,0,0.0,8.33,0.0,2020-05-24,-,0,-
-,-,nima_msg,-,759.92,-0.99,1254.47,0.0,164.85,0.33,6,0.0,2,0.0,4,0.0,0,0.0,33.33,0.0,2023-09-03,-,0,-
-,-,woosan,-,759.38,-1.46,1095.29,0.0,111.97,0.49,12,0.0,2,0.0,10,0.0,0,0.0,16.67,0.0,2023-08-31,-,0,-
-,-,BGMafia12,-,758.74,-0.97,1261.44,0.0,167.57,0.32,6,0.0,2,0.0,4,0.0,0,0.0,33.33,0.0,2021-06-02,-,0,-
-,-,Stefanos,-,756.7,-1.82,1026.11,0.0,89.8,0.61,42,0.0,4,0.0,38,0.0,0,0.0,9.52,0.0,2021-12-05,-,0,-
-,-,reddog,-,756.54,-1.41,1102.73,0.0,115.4,0.47,12,0.0,1,0.0,11,0.0,0,0.0,8.33,0.0,2025-02-01,-,0,1184.0
-,-,doodoo,-,755.64,-0.96,1263.3,0.0,169.22,0.32,6,0.0,1,0.0,5,0.0,0,0.0,16.67,0.0,2020-12-02,-,0,-
-,-,CaveMan8683,-,755.09,-1.09,1204.53,0.0,149.81,0.36,6,0.0,0,0.0,6,0.0,0,0.0,0.0,0.0,2024-11-24,-,0,1287.0
-,-,Fad23,-,754.37,-0.88,1308.16,0.0,184.6,0.29,6,0.0,2,0.0,4,0.0,0,0.0,33.33,0.0,2018-06-10,-,0,-
-,-,Dr.MilkDuck,-,753.93,-0.99,1249.99,0.0,165.35,0.33,6,0.0,1,0.0,5,0.0,0,0.0,16.67,0.0,2020-12-02,-,0,-
-,-,Kangaroodi,-,753.78,-0.86,1325.56,0.0,190.59,0.29,6,0.0,2,0.0,4,0.0,0,0.0,33.33,0.0,2020-06-21,-,0,-
-,-,thokk,-,753.7,-1.14,1181.59,0.0,142.63,0.38,6,0.0,0,0.0,5,0.0,1,0.0,0.0,0.0,2024-06-02,-,0,-
-,-,Feel_Young,-,753.53,-1.3,1129.73,0.0,125.4,0.43,12,0.0,0,0.0,12,0.0,0,0.0,0.0,0.0,2020-11-16,-,0,-
-,-,PennyOrange,-,753.38,-1.28,1136.24,0.0,127.62,0.43,12,0.0,0,0.0,12,0.0,0,0.0,0.0,0.0,2024-12-02,-,0,1287.0
-,-,budi,-,753.11,-0.99,1245.65,0.0,164.18,0.33,6,0.0,1,0.0,5,0.0,0,0.0,16.67,0.0,2021-03-02,-,0,-
1361,-31,kulho,-,752.74,-1.23,1149.93,0.0,132.4,0.41,8,0.0,1,0.0,7,0.0,0,0.0,12.5,0.0,2026-01-29,-,0,-
-,-,lingdianyike,-,752.11,-1.14,1180.61,0.0,142.83,0.38,6,0.0,0,0.0,6,0.0,0,0.0,0.0,0.0,2023-01-15,-,0,-
-,-,MortenStor,-,752.02,-1.33,1120.73,0.0,122.9,0.44,12,0.0,2,0.0,10,0.0,0,0.0,16.67,0.0,2021-11-29,-,0,-
-,-,Mmcgo2,-,751.84,-1.08,1205.01,0.0,151.06,0.36,6,0.0,1,0.0,5,0.0,0,0.0,16.67,0.0,2022-03-06,-,0,-
-,-,ralba,-,751.78,-1.25,1144.52,0.0,130.91,0.42,12,0.0,2,0.0,10,0.0,0,0.0,16.67,0.0,2022-06-05,-,0,-
-,-,Arual,-,751.31,-1.78,1026.63,0.0,91.77,0.59,48,0.0,7,0.0,41,0.0,0,0.0,14.58,0.0,2020-05-25,-,0,-
-,-,Graffuh,-,748.66,-1.0,1237.76,0.0,163.03,0.33,6,0.0,2,0.0,4,0.0,0,0.0,33.33,0.0,2022-06-05,-,0,-
-,-,StarFollower,-,748.59,-1.52,1070.48,0.0,107.3,0.51,12,0.0,0,0.0,12,0.0,0,0.0,0.0,0.0,2023-11-28,-,0,-
-,-,wik84,-,748.51,-1.23,1146.5,0.0,132.66,0.41,12,0.0,2,0.0,10,0.0,0,0.0,16.67,0.0,2020-08-29,-,0,-
-,-,LucaDiGennaro,-,748.4,-0.87,1312.05,0.0,187.88,0.29,6,0.0,2,0.0,4,0.0,0,0.0,33.33,0.0,2018-10-07,-,0,-
-,-,Bricks718,-,748.26,-1.31,1122.55,0.0,124.77,0.44,14,0.0,2,0.0,12,0.0,0,0.0,14.29,0.0,2024-04-04,-,0,-
-,-,Tippin,-,747.36,-1.03,1223.79,0.0,158.81,0.34,6,0.0,0,0.0,6,0.0,0,0.0,0.0,0.0,2024-02-23,-,0,-
1362,-31,Shary,-,746.67,-1.04,1218.44,0.0,157.26,0.35,6,0.0,0,0.0,6,0.0,0,0.0,0.0,0.0,2025-12-01,-,0,-
-,-,chizcw,-,744.41,-1.31,1118.16,0.0,124.58,0.44,18,0.0,4,0.0,14,0.0,0,0.0,22.22,0.0,2021-03-02,-,0,-
-,-,Alain23,-,743.61,-1.26,1133.34,0.0,129.91,0.42,12,0.0,3,0.0,9,0.0,0,0.0,25.0,0.0,2025-01-22,-,0,1184.0
-,-,lolowest,-,743.35,-1.15,1168.45,0.0,141.7,0.38,6,0.0,0,0.0,6,0.0,0,0.0,0.0,0.0,2023-01-15,-,0,-
-,-,noppi,-,741.7,-0.89,1292.94,0.0,183.75,0.3,6,0.0,2,0.0,4,0.0,0,0.0,33.33,0.0,2019-12-29,-,0,-
-,-,James2at8,-,740.74,-1.06,1201.22,0.0,153.49,0.35,6,0.0,0,0.0,6,0.0,0,0.0,0.0,0.0,2024-02-23,-,0,-
1363,new,anonaki,-,740.49,290.49,1332.06,-167.94,197.19,197.19,4,4.0,2,2.0,2,2.0,0,0.0,50.0,50.0,2026-07-29,-,0,-
-,-,Pascalculate,VN,740.33,-1.86,1003.44,0.0,87.7,0.62,52,0.0,5,0.0,46,0.0,1,0.0,9.62,0.0,2023-06-04,-,0,-
1364,-32,Kugi,-,739.66,-1.55,1055.64,0.0,105.33,0.52,18,0.0,1,0.0,17,0.0,0,0.0,5.56,0.0,2026-01-22,-,0,1287.0
-,-,GreyFrog,-,738.75,-0.85,1313.42,0.0,191.56,0.28,6,0.0,1,0.0,3,0.0,2,0.0,16.67,0.0,2018-10-14,-,0,-
-,-,MaLoY,-,737.96,-1.43,1081.4,0.0,114.48,0.48,12,0.0,0,0.0,12,0.0,0,0.0,0.0,0.0,2022-08-24,-,0,-
-,-,LordCreed,-,736.3,-1.01,1222.37,0.0,162.03,0.34,6,0.0,0,0.0,6,0.0,0,0.0,0.0,0.0,2020-09-13,-,0,-
-,-,Rincy73,-,736.17,-1.13,1170.56,0.0,144.8,0.38,6,0.0,0,0.0,6,0.0,0,0.0,0.0,0.0,2023-01-15,-,0,-
-,-,Davidson,-,735.94,-0.87,1297.78,0.0,187.28,0.29,4,0.0,0,0.0,4,0.0,0,0.0,0.0,0.0,2025-02-05,-,0,-
-,-,Drako,-,734.11,-1.14,1163.54,0.0,143.15,0.38,8,0.0,1,0.0,7,0.0,0,0.0,12.5,0.0,2024-02-23,-,0,-
-,-,Rona_the_Terrible,-,733.56,-1.04,1202.88,0.0,156.44,0.35,6,0.0,1,0.0,4,0.0,1,0.0,16.67,0.0,2024-03-03,-,0,-
-,-,TTTE,-,732.62,-0.71,1418.92,0.0,228.77,0.24,2,0.0,1,0.0,1,0.0,0,0.0,50.0,0.0,2025-01-08,-,0,1375.0
1365,-31,Vroshnak,-,732.56,-1.06,1195.38,0.0,154.27,0.35,6,0.0,0,0.0,6,0.0,0,0.0,0.0,0.0,2025-12-01,-,0,-
-,-,captanc,-,731.95,-1.47,1064.5,0.0,110.85,0.49,12,0.0,0,0.0,12,0.0,0,0.0,0.0,0.0,2021-11-16,-,0,-
-,-,Billtje,-,729.85,-0.98,1229.89,0.0,166.68,0.33,6,0.0,2,0.0,4,0.0,0,0.0,33.33,0.0,2021-03-02,-,0,-
-,-,dudurban,-,729.82,-1.03,1206.69,0.0,158.96,0.34,6,0.0,1,0.0,5,0.0,0,0.0,16.67,0.0,2024-01-16,-,0,-
-,-,BigAAA,-,729.49,-1.16,1152.66,0.0,141.06,0.39,8,0.0,0,0.0,8,0.0,0,0.0,0.0,0.0,2024-04-04,-,0,-
-,-,Flam3ister,-,728.52,-1.13,1162.92,0.0,144.8,0.38,6,0.0,0,0.0,6,0.0,0,0.0,0.0,0.0,2023-01-15,-,0,-
-,-,bouzou,-,728.4,-1.11,1170.74,0.0,147.45,0.37,12,0.0,3,0.0,9,0.0,0,0.0,25.0,0.0,2021-02-26,-,0,-
-,-,williamtywong,-,728.0,-1.61,1032.97,0.0,101.66,0.54,24,0.0,4,0.0,19,0.0,1,0.0,16.67,0.0,2021-03-02,-,0,-
1366,-31,horangz,-,727.1,-1.53,1046.96,0.0,106.62,0.51,12,0.0,0,0.0,12,0.0,0,0.0,0.0,0.0,2026-05-31,-,0,-
-,-,Sleepwalker,-,727.05,-0.93,1253.88,0.0,175.61,0.31,6,0.0,2,0.0,4,0.0,0,0.0,33.33,0.0,2019-12-30,-,0,-
-,-,Melo0,-,726.37,-1.15,1153.52,0.0,142.39,0.38,6,0.0,0,0.0,6,0.0,0,0.0,0.0,0.0,2023-01-15,-,0,-
-,-,dyz,-,726.07,-1.04,1194.42,0.0,156.12,0.35,6,0.0,0,0.0,6,0.0,0,0.0,0.0,0.0,2023-01-15,-,0,-
-,-,flacoforro,-,725.7,-1.22,1127.38,0.0,133.89,0.41,14,0.0,2,0.0,12,0.0,0,0.0,14.29,0.0,2025-03-20,-,0,939.0
-,-,VeniVidiVindi,-,725.49,-0.97,1228.19,0.0,167.57,0.32,6,0.0,2,0.0,4,0.0,0,0.0,33.33,0.0,2021-06-02,-,0,-
-,-,john1325,-,724.2,-2.11,957.17,0.0,77.66,0.7,120,0.0,14,0.0,105,0.0,1,0.0,11.67,0.0,2021-08-28,-,0,-
-,-,HostileApostle,-,723.66,-1.59,1032.59,0.0,102.98,0.53,42,0.0,6,0.0,34,0.0,2,0.0,14.29,0.0,2020-03-15,-,0,-
-,-,S0neca_,-,723.41,-0.9,1267.05,0.0,181.21,0.3,4,0.0,1,0.0,3,0.0,0,0.0,25.0,0.0,2024-11-30,-,0,1287.0
-,-,Alpha.K,-,722.21,-1.08,1176.65,0.0,151.48,0.36,10,0.0,0,0.0,8,0.0,2,0.0,0.0,0.0,2023-03-05,-,0,-
-,-,disszy,-,721.96,-1.31,1096.47,0.0,124.84,0.44,12,0.0,0,0.0,12,0.0,0,0.0,0.0,0.0,2021-05-31,-,0,-
-,-,atry,-,721.91,-1.13,1153.45,0.0,143.85,0.38,12,0.0,3,0.0,9,0.0,0,0.0,25.0,0.0,2020-08-08,-,0,-
-,-,Diglosgr,-,721.34,-1.72,1006.12,0.0,94.93,0.57,24,0.0,1,0.0,23,0.0,0,0.0,4.17,0.0,2022-11-23,-,0,-
-,-,FOX23,-,720.74,-1.25,1113.08,0.0,130.78,0.42,24,0.0,3,0.0,19,0.0,2,0.0,12.5,0.0,2025-02-28,-,0,1421.0
-,-,eduarsu,-,720.47,-1.21,1126.11,0.0,135.21,0.4,10,0.0,1,0.0,7,0.0,2,0.0,10.0,0.0,2024-09-22,-,0,-
1367,new,Alistair,-,720.47,270.47,1137.75,-362.25,139.09,139.09,6,6.0,0,0.0,6,6.0,0,0.0,0.0,0.0,2026-07-17,-,0,-
-,-,Maghda,-,719.73,-1.02,1199.53,0.0,159.93,0.34,6,0.0,0,0.0,5,0.0,1,0.0,0.0,0.0,2020-12-02,-,0,-
-,-,Apofis,BG,719.49,-1.13,1154.48,0.0,145.0,0.38,6,0.0,0,0.0,6,0.0,0,0.0,0.0,0.0,2023-01-15,-,0,-
-,-,Hectek,-,719.14,-1.37,1076.15,0.0,119.0,0.46,12,0.0,0,0.0,12,0.0,0,0.0,0.0,0.0,2025-04-16,-,0,1433.0
-,-,Hethalos,-,718.23,-0.63,1500.0,0.0,260.59,0.21,2,0.0,1,0.0,1,0.0,0,0.0,50.0,0.0,2018-02-18,-,0,-
-,-,AshLikeSnow,-,717.6,-0.63,1500.0,0.0,260.8,0.21,2,0.0,1,0.0,1,0.0,0,0.0,50.0,0.0,2017-11-12,-,0,-
1368,-32,William_Adama,-,717.56,-1.02,1199.53,0.0,160.66,0.34,6,0.0,0,0.0,6,0.0,0,0.0,0.0,0.0,2025-12-03,-,0,-
-,-,Baseballbob,-,716.48,-1.35,1079.0,0.0,120.84,0.45,18,0.0,2,0.0,16,0.0,0,0.0,11.11,0.0,2020-08-07,-,0,-
-,-,TroutYossarian,-,715.93,-1.45,1054.29,0.0,112.79,0.48,12,0.0,0,0.0,12,0.0,0,0.0,0.0,0.0,2022-08-24,-,0,-
1369,-32,FabioFurious,-,715.02,-1.13,1147.25,0.0,144.08,0.38,6,0.0,0,0.0,6,0.0,0,0.0,0.0,0.0,2025-12-01,-,0,-
-,-,KingBilly,-,714.88,-1.3,1090.64,0.0,125.25,0.43,12,0.0,1,0.0,11,0.0,0,0.0,8.33,0.0,2024-02-23,-,0,-
-,-,amit871,-,714.74,-1.54,1032.84,0.0,106.03,0.51,16,0.0,1,0.0,14,0.0,1,0.0,6.25,0.0,2024-12-03,-,0,-
-,-,Proximo,-,713.04,-1.1,1159.47,0.0,148.81,0.37,6,0.0,0,0.0,6,0.0,0,0.0,0.0,0.0,2024-12-02,-,0,1184.0
-,-,IndianaJones,-,712.8,-1.62,1014.81,0.0,100.67,0.54,24,0.0,1,0.0,22,0.0,1,0.0,4.17,0.0,2023-02-25,-,0,-
-,-,gavanoza,-,710.91,-1.43,1053.87,0.0,114.32,0.48,12,0.0,0,0.0,12,0.0,0,0.0,0.0,0.0,2023-05-22,-,0,-
1370,-32,Kuraiite,-,709.57,-1.17,1128.61,0.0,139.68,0.39,6,0.0,0,0.0,6,0.0,0,0.0,0.0,0.0,2025-12-01,-,0,-
-,-,Zurabman,-,709.17,-0.98,1207.64,0.0,166.16,0.33,6,0.0,1,0.0,5,0.0,0,0.0,16.67,0.0,2020-12-02,-,0,-
-,-,snowwll,-,708.83,-1.3,1084.93,0.0,125.37,0.43,12,0.0,0,0.0,6,0.0,6,0.0,0.0,0.0,2023-11-24,-,0,-
-,-,DiegoCoelho,-,708.1,-1.28,1089.88,0.0,127.26,0.43,12,0.0,2,0.0,10,0.0,0,0.0,16.67,0.0,2022-06-05,-,0,-
-,-,cassini23,-,706.94,-1.09,1156.3,0.0,149.79,0.36,6,0.0,0,0.0,5,0.0,1,0.0,0.0,0.0,2023-06-04,-,0,-
-,-,Tapis_volant,-,704.98,-0.95,1217.56,0.0,170.86,0.32,6,0.0,2,0.0,4,0.0,0,0.0,33.33,0.0,2020-09-06,-,0,-
-,-,Dleco,-,704.37,-1.09,1154.13,0.0,149.92,0.36,6,0.0,1,0.0,5,0.0,0,0.0,16.67,0.0,2021-12-05,-,0,-
-,-,Athenaios,-,703.35,-1.01,1185.7,0.0,160.78,0.34,6,0.0,0,0.0,6,0.0,0,0.0,0.0,0.0,2020-06-28,-,0,-
1371,-32,dra49,-,702.95,-2.03,944.39,0.0,80.48,0.68,64,0.0,3,0.0,59,0.0,2,0.0,4.69,0.0,2026-05-18,-,0,-
1372,-32,Rox123,-,702.13,-1.19,1114.55,0.0,137.47,0.4,6,0.0,0,0.0,6,0.0,0,0.0,0.0,0.0,2025-12-05,-,0,-
-,-,ElArchitekto,-,701.56,-1.37,1060.44,0.0,119.63,0.46,12,0.0,2,0.0,10,0.0,0,0.0,16.67,0.0,2025-01-27,-,0,1184.0
1373,-32,Natulya,-,701.24,-1.18,1117.62,0.0,138.8,0.39,6,0.0,0,0.0,6,0.0,0,0.0,0.0,0.0,2025-12-01,-,0,-
-,-,popdragon,-,701.12,-1.34,1067.35,0.0,122.08,0.45,14,0.0,0,0.0,14,0.0,0,0.0,0.0,0.0,2024-01-16,-,0,-
-,-,Bsquared,-,700.41,-0.98,1199.07,0.0,166.22,0.33,6,0.0,1,0.0,5,0.0,0,0.0,16.67,0.0,2021-03-02,-,0,-
-,-,Paakit,AR,698.66,-1.44,1038.29,0.0,113.21,0.48,12,0.0,0,0.0,12,0.0,0,0.0,0.0,0.0,2023-01-15,-,0,-
-,-,Vv_Sazer,-,697.96,-1.24,1091.64,0.0,131.23,0.41,12,0.0,1,0.0,9,0.0,2,0.0,8.33,0.0,2021-06-02,-,0,-
-,-,kivirowei,-,697.56,-1.44,1036.93,0.0,113.12,0.48,12,0.0,0,0.0,12,0.0,0,0.0,0.0,0.0,2025-01-21,-,0,1174.0
-,-,fmfglkhk,-,696.98,-1.1,1143.08,0.0,148.7,0.37,6,0.0,0,0.0,6,0.0,0,0.0,0.0,0.0,2023-01-15,-,0,-
-,-,Muzerious,-,695.86,-1.08,1147.61,0.0,150.58,0.36,6,0.0,0,0.0,6,0.0,0,0.0,0.0,0.0,2024-11-30,-,0,1287.0
1374,-31,BennyV,-,695.61,-1.17,1112.69,0.0,139.03,0.39,6,0.0,0,0.0,6,0.0,0,0.0,0.0,0.0,2025-12-01,-,0,-
1375,-33,Durpan,-,695.41,-1.4,1044.89,0.0,116.5,0.47,18,0.0,0,0.0,18,0.0,0,0.0,0.0,0.0,2025-12-01,-,0,1184.0
-,-,roderigo,-,695.25,-1.31,1068.77,0.0,124.51,0.44,22,0.0,2,0.0,20,0.0,0,0.0,9.09,0.0,2020-01-27,-,0,-
1376,-32,ZeroMaximus,-,694.8,-1.51,1018.71,0.0,107.97,0.5,18,0.0,0,0.0,17,0.0,1,0.0,0.0,0.0,2026-01-23,-,0,-
-,-,deleted_user_8469282,-,693.87,-1.04,1165.85,0.0,157.33,0.35,6,0.0,1,0.0,5,0.0,0,0.0,16.67,0.0,2025-08-16,-,0,1416.0
-,-,jimlaughs64,-,692.57,-1.07,1150.51,0.0,152.65,0.36,6,0.0,0,0.0,6,0.0,0,0.0,0.0,0.0,2024-12-10,-,0,1287.0
-,-,MacBad,-,692.02,-1.03,1167.18,0.0,158.39,0.34,6,0.0,0,0.0,6,0.0,0,0.0,0.0,0.0,2020-06-28,-,0,-
-,-,StefanOkrzeja,-,691.43,-1.12,1127.6,0.0,145.39,0.37,6,0.0,0,0.0,6,0.0,0,0.0,0.0,0.0,2024-12-09,-,0,1287.0
-,-,shall7,-,690.76,-1.02,1171.41,0.0,160.22,0.34,6,0.0,0,0.0,6,0.0,0,0.0,0.0,0.0,2020-06-21,-,0,-
-,-,janneskoehler,-,688.29,-1.45,1025.65,0.0,112.45,0.48,12,0.0,0,0.0,12,0.0,0,0.0,0.0,0.0,2025-05-31,-,0,1421.0
-,-,shanwh,-,686.03,-1.12,1123.35,0.0,145.78,0.37,12,0.0,0,0.0,12,0.0,0,0.0,0.0,0.0,2020-08-08,-,0,-
-,-,kamilya,-,682.67,-0.75,1337.13,0.0,218.15,0.25,2,0.0,0,0.0,2,0.0,0,0.0,0.0,0.0,2024-12-10,-,0,1287.0
-,-,irvan,-,682.14,-1.43,1024.31,0.0,114.06,0.48,24,0.0,0,0.0,24,0.0,0,0.0,0.0,0.0,2020-05-23,-,0,-
-,-,dralbright,-,681.47,-0.87,1246.67,0.0,188.4,0.29,6,0.0,1,0.0,5,0.0,0,0.0,16.67,0.0,2020-06-28,-,0,-
-,-,denguny,-,681.47,-0.87,1246.67,0.0,188.4,0.29,6,0.0,1,0.0,5,0.0,0,0.0,16.67,0.0,2020-06-21,-,0,-
-,-,Frimandyr,-,681.47,-0.87,1246.67,0.0,188.4,0.29,6,0.0,1,0.0,5,0.0,0,0.0,16.67,0.0,2020-06-28,-,0,-
-,-,Masaka,-,681.26,-1.15,1105.58,0.0,141.44,0.38,12,0.0,2,0.0,10,0.0,0,0.0,16.67,0.0,2021-03-02,-,0,-
1377,-32,kemal,-,681.25,-1.08,1133.64,0.0,150.79,0.36,6,0.0,0,0.0,6,0.0,0,0.0,0.0,0.0,2026-01-15,-,0,1184.0
-,-,bananarepublic,-,681.09,-1.04,1149.63,0.0,156.18,0.35,6,0.0,1,0.0,5,0.0,0,0.0,16.67,0.0,2021-06-02,-,0,-
-,-,bbpiszczu,-,680.96,-0.99,1177.32,0.0,165.45,0.33,6,0.0,2,0.0,4,0.0,0,0.0,33.33,0.0,2025-09-01,-,0,-
-,-,putritralala,-,680.83,-1.36,1041.66,0.0,120.28,0.45,18,0.0,2,0.0,16,0.0,0,0.0,11.11,0.0,2021-06-02,-,0,-
-,-,Monacomat,-,680.02,-0.75,1332.47,0.0,217.48,0.25,4,0.0,1,0.0,3,0.0,0,0.0,25.0,0.0,2017-11-12,-,0,-
1378,-32,GoodThoughtRhythm,-,679.09,-1.12,1116.89,0.0,145.93,0.37,8,0.0,1,0.0,7,0.0,0,0.0,12.5,0.0,2026-01-31,-,0,-
-,-,TheJamesBlake,-,678.18,-1.11,1120.72,0.0,147.51,0.37,6,0.0,0,0.0,6,0.0,0,0.0,0.0,0.0,2023-01-15,-,0,-
-,-,Nemo233,-,677.94,-0.96,1187.57,0.0,169.87,0.32,6,0.0,2,0.0,4,0.0,0,0.0,33.33,0.0,2020-12-02,-,0,-
-,-,mitroCZECH,-,675.41,-0.94,1194.16,0.0,172.92,0.31,6,0.0,2,0.0,4,0.0,0,0.0,33.33,0.0,2020-12-02,-,0,-
-,-,SirBrandalot,-,674.6,-0.94,1195.86,0.0,173.75,0.31,6,0.0,1,0.0,5,0.0,0,0.0,16.67,0.0,2020-09-06,-,0,-
-,-,Ramoneror,-,673.96,-1.03,1147.66,0.0,157.9,0.34,6,0.0,1,0.0,5,0.0,0,0.0,16.67,0.0,2022-03-06,-,0,-
-,-,WWG1WGA,-,673.27,-1.06,1135.61,0.0,154.11,0.35,12,0.0,4,0.0,8,0.0,0,0.0,33.33,0.0,2020-08-09,-,0,-
-,-,hs8127,-,672.53,-1.13,1104.57,0.0,144.01,0.38,6,0.0,0,0.0,6,0.0,0,0.0,0.0,0.0,2023-02-12,-,0,-
-,-,SimonLaycock,-,671.35,-0.65,1429.26,0.0,252.64,0.22,2,0.0,1,0.0,1,0.0,0,0.0,50.0,0.0,2025-01-04,-,0,-
-,-,KingCarlos,-,670.9,-1.29,1048.99,0.0,126.03,0.43,12,0.0,2,0.0,10,0.0,0,0.0,16.67,0.0,2022-09-04,-,0,-
-,-,AzzCark,-,670.63,-1.05,1136.45,0.0,155.27,0.35,6,0.0,1,0.0,5,0.0,0,0.0,16.67,0.0,2024-09-04,-,0,-
-,-,Sislar,-,669.59,-1.06,1130.53,0.0,153.65,0.35,6,0.0,0,0.0,6,0.0,0,0.0,0.0,0.0,2024-12-02,-,0,1287.0
1379,-31,OblongOrange,-,669.18,-0.98,1169.64,0.0,166.82,0.33,6,0.0,1,0.0,5,0.0,0,0.0,16.67,0.0,2025-12-07,-,0,-
1380,-33,Miles1,-,669.14,-1.64,968.28,0.0,99.71,0.55,14,0.0,0,0.0,14,0.0,0,0.0,0.0,0.0,2026-02-28,-,0,-
-,-,Roybocop,-,667.96,-1.12,1106.04,0.0,146.03,0.37,12,0.0,2,0.0,10,0.0,0,0.0,16.67,0.0,2022-03-06,-,0,-
-,-,jineegood,-,666.84,-1.13,1099.56,0.0,144.24,0.38,6,0.0,0,0.0,6,0.0,0,0.0,0.0,0.0,2023-01-15,-,0,-
-,-,torang_ei,-,665.62,-1.07,1122.13,0.0,152.17,0.36,6,0.0,0,0.0,6,0.0,0,0.0,0.0,0.0,2024-02-23,-,0,-
-,-,JurisII,-,664.53,-1.59,972.26,0.0,102.58,0.53,18,0.0,1,0.0,16,0.0,1,0.0,5.56,0.0,2023-04-16,-,0,-
-,-,JaneHatke,-,664.49,-2.2,888.11,0.0,74.54,0.73,156,0.0,11,0.0,144,0.0,1,0.0,7.05,0.0,2022-02-28,-,0,-
-,-,GullyRiddims,-,664.24,-1.32,1034.97,0.0,123.58,0.44,12,0.0,1,0.0,11,0.0,0,0.0,8.33,0.0,2021-09-05,-,0,-
-,-,picoro-kun,-,662.17,-1.24,1057.33,0.0,131.72,0.41,12,0.0,2,0.0,10,0.0,0,0.0,16.67,0.0,2020-11-24,-,0,-
-,-,Igrokratiya,-,661.79,-1.39,1014.83,0.0,117.68,0.46,14,0.0,1,0.0,13,0.0,0,0.0,7.14,0.0,2025-01-23,-,0,1184.0
-,-,suburbius,-,660.81,-1.59,968.64,0.0,102.61,0.53,36,0.0,3,0.0,33,0.0,0,0.0,8.33,0.0,2020-12-02,-,0,-
-,-,CuteMiner,-,659.89,-0.97,1165.16,0.0,168.42,0.32,6,0.0,1,0.0,4,0.0,1,0.0,16.67,0.0,2021-12-05,-,0,-
-,-,AlbertoMCS,-,659.89,-0.97,1165.16,0.0,168.42,0.32,6,0.0,1,0.0,4,0.0,1,0.0,16.67,0.0,2021-12-05,-,0,-
-,-,denwiller,-,658.73,-1.14,1087.24,0.0,142.84,0.38,8,0.0,0,0.0,8,0.0,0,0.0,0.0,0.0,2024-12-08,-,0,1287.0
-,-,jasdrakken,-,657.8,-1.06,1118.08,0.0,153.43,0.35,12,0.0,2,0.0,9,0.0,1,0.0,16.67,0.0,2019-05-19,-,0,-
-,-,Toreander,-,655.26,-1.0,1142.61,0.0,162.45,0.33,6,0.0,0,0.0,5,0.0,1,0.0,0.0,0.0,2021-03-02,-,0,-
-,-,CefreBunda,-,654.91,-0.87,1219.32,0.0,188.14,0.29,6,0.0,1,0.0,5,0.0,0,0.0,16.67,0.0,2018-06-10,-,0,-
-,-,JasonZhang0826,-,654.56,-1.41,1001.83,0.0,115.76,0.47,12,0.0,0,0.0,11,0.0,1,0.0,0.0,0.0,2022-05-28,-,0,-
-,-,XenoMatt,-,653.59,-1.26,1043.41,0.0,129.94,0.42,12,0.0,2,0.0,10,0.0,0,0.0,16.67,0.0,2021-05-20,-,0,-
-,-,Lahila,-,652.92,-1.69,943.77,0.0,96.95,0.56,36,0.0,2,0.0,33,0.0,1,0.0,5.56,0.0,2021-11-23,-,0,-
-,-,krull007,-,652.91,-0.86,1220.33,0.0,189.14,0.29,6,0.0,1,0.0,5,0.0,0,0.0,16.67,0.0,2019-09-30,-,0,-
-,-,checkmate4200,-,652.58,-0.93,1177.72,0.0,175.05,0.31,6,0.0,1,0.0,5,0.0,0,0.0,16.67,0.0,2018-06-17,-,0,-
1381,-25,Alex2297,-,651.88,52.59,1006.15,-39.67,118.09,-30.75,12,6.0,0,0.0,11,5.0,1,1.0,0.0,0.0,2026-07-05,-,0,-
-,-,Esqarrouth,-,651.46,-1.13,1086.17,0.0,144.9,0.38,6,0.0,0,0.0,6,0.0,0,0.0,0.0,0.0,2024-05-15,-,0,-
1382,-126,Seiza,-,650.72,-263.57,1047.71,-624.18,132.33,-120.2,10,8.0,2,0.0,8,8.0,0,0.0,20.0,-80.0,2026-07-06,-,0,-
-,-,12thManStanding,-,650.6,-0.85,1224.88,0.0,191.43,0.28,6,0.0,1,0.0,5,0.0,0,0.0,16.67,0.0,2018-06-17,-,0,-
-,-,burnedPotato,-,650.35,-0.87,1210.39,0.0,186.68,0.29,6,0.0,1,0.0,5,0.0,0,0.0,16.67,0.0,2020-06-28,-,0,-
1383,-33,Xirf,-,649.49,-1.06,1111.11,0.0,153.87,0.35,8,0.0,3,0.0,5,0.0,0,0.0,37.5,0.0,2026-01-26,-,0,-
-,-,Moncop,-,649.24,-1.07,1108.3,0.0,153.02,0.36,6,0.0,0,0.0,6,0.0,0,0.0,0.0,0.0,2021-12-05,-,0,-
-,-,NicolasJavier,-,646.64,-1.26,1034.22,0.0,129.19,0.42,12,0.0,0,0.0,12,0.0,0,0.0,0.0,0.0,2025-01-20,-,0,1184.0
-,-,syc8295,-,642.72,-0.89,1190.38,0.0,182.55,0.3,6,0.0,0,0.0,6,0.0,0,0.0,0.0,0.0,2020-09-06,-,0,-
-,-,Ragnar18,-,641.69,-1.33,1008.92,0.0,122.41,0.44,12,0.0,0,0.0,12,0.0,0,0.0,0.0,0.0,2022-08-27,-,0,-
-,-,FSY,-,641.11,-1.14,1069.08,0.0,142.65,0.38,6,0.0,0,0.0,6,0.0,0,0.0,0.0,0.0,2024-12-10,-,0,1063.0
-,-,Walleywalker,-,641.06,-0.94,1161.41,0.0,173.45,0.31,6,0.0,1,0.0,5,0.0,0,0.0,16.67,0.0,2021-03-02,-,0,-
-,-,SpectralB4dger,-,640.26,-1.1,1086.64,0.0,148.79,0.37,6,0.0,0,0.0,6,0.0,0,0.0,0.0,0.0,2024-12-06,-,0,1184.0
1384,-33,Rikard,-,639.41,-1.02,1120.58,0.0,160.39,0.34,6,0.0,1,0.0,5,0.0,0,0.0,16.67,0.0,2025-12-02,-,0,-
-,-,Weasel69,-,639.1,-1.34,1004.22,0.0,121.7,0.45,12,0.0,0,0.0,10,0.0,2,0.0,0.0,0.0,2022-11-30,-,0,-
-,-,Vladmech,-,637.66,-1.56,953.71,0.0,105.35,0.52,24,0.0,5,0.0,18,0.0,1,0.0,20.83,0.0,2021-05-25,-,0,-
1385,-32,HolyOne,-,632.36,-1.25,1025.66,0.0,131.1,0.42,12,0.0,0,0.0,12,0.0,0,0.0,0.0,0.0,2025-12-05,-,0,1287.0
1386,-34,JackoKun,-,631.91,-6.71,933.04,-20.71,100.38,-4.67,20,2.0,0,0.0,20,2.0,0,0.0,0.0,0.0,2026-06-22,-,0,1287.0
-,-,LavenderQueen,-,630.38,-0.88,1183.34,0.0,184.32,0.29,6,0.0,0,0.0,5,0.0,1,0.0,0.0,0.0,2024-01-16,-,0,-
-,-,BengtBapper,-,627.63,-1.09,1077.12,0.0,149.83,0.36,6,0.0,0,0.0,6,0.0,0,0.0,0.0,0.0,2021-09-05,-,0,-
-,-,Anto-8080,-,624.5,-0.92,1156.0,0.0,177.17,0.31,6,0.0,1,0.0,5,0.0,0,0.0,16.67,0.0,2020-09-13,-,0,-
-,-,Kozzie,-,623.87,-1.31,997.89,0.0,124.67,0.44,12,0.0,2,0.0,10,0.0,0,0.0,16.67,0.0,2024-05-24,-,0,-
-,-,ImPlayingN4K3D,-,623.71,-0.99,1117.76,0.0,164.68,0.33,6,0.0,0,0.0,5,0.0,1,0.0,0.0,0.0,2021-03-02,-,0,-
-,-,withmuzic,-,622.01,-0.9,1166.36,0.0,181.45,0.3,6,0.0,1,0.0,5,0.0,0,0.0,16.67,0.0,2018-12-17,-,0,-
-,-,Zeider,-,620.24,-0.74,1278.67,0.0,219.48,0.25,4,0.0,1,0.0,3,0.0,0,0.0,25.0,0.0,2018-02-18,-,0,-
-,-,SanaRana,-,619.92,-0.94,1139.82,0.0,173.3,0.31,6,0.0,0,0.0,6,0.0,0,0.0,0.0,0.0,2020-09-13,-,0,-
-,-,snoozefest,-,619.74,-1.1,1064.24,0.0,148.17,0.37,12,0.0,1,0.0,11,0.0,0,0.0,8.33,0.0,2020-09-13,-,0,-
-,-,neomore,-,619.43,-1.08,1073.19,0.0,151.25,0.36,6,0.0,0,0.0,6,0.0,0,0.0,0.0,0.0,2021-09-05,-,0,-
1387,-33,Viceroy,-,618.29,-1.1,1062.55,0.0,148.08,0.37,6,0.0,0,0.0,6,0.0,0,0.0,0.0,0.0,2025-12-08,-,0,-
-,-,NICKnACK,-,618.14,-0.87,1183.34,0.0,188.4,0.29,6,0.0,0,0.0,5,0.0,1,0.0,0.0,0.0,2020-06-28,-,0,-
-,-,ducos,-,618.14,-0.87,1183.34,0.0,188.4,0.29,6,0.0,0,0.0,5,0.0,1,0.0,0.0,0.0,2020-06-28,-,0,-
-,-,rachpablo182,-,617.87,-1.04,1089.91,0.0,157.34,0.35,6,0.0,0,0.0,6,0.0,0,0.0,0.0,0.0,2024-12-06,-,0,1287.0
-,-,iLuden,-,617.16,-1.26,1006.54,0.0,129.79,0.42,16,0.0,1,0.0,15,0.0,0,0.0,6.25,0.0,2020-12-02,-,0,-
-,-,Fleron,-,616.52,-1.16,1038.93,0.0,140.8,0.39,12,0.0,2,0.0,10,0.0,0,0.0,16.67,0.0,2020-11-27,-,0,-
-,-,plamen,-,616.21,-1.11,1057.82,0.0,147.21,0.37,6,0.0,0,0.0,6,0.0,0,0.0,0.0,0.0,2022-06-05,-,0,1287.0
-,-,Fair_Kate,-,616.14,-1.43,958.16,0.0,114.01,0.48,12,0.0,0,0.0,11,0.0,1,0.0,0.0,0.0,2023-08-31,-,0,-
1388,new,Caligulala,-,616.13,166.13,1376.34,-123.66,253.4,253.4,2,2.0,0,0.0,1,1.0,1,1.0,0.0,0.0,2026-07-29,-,0,-
-,-,jjk,-,615.78,-1.04,1088.41,0.0,157.54,0.35,6,0.0,0,0.0,6,0.0,0,0.0,0.0,0.0,2023-01-15,-,0,-
-,-,ching_chong,-,614.76,-1.39,968.53,0.0,117.92,0.46,14,0.0,0,0.0,13,0.0,1,0.0,0.0,0.0,2024-02-17,-,0,-
-,-,DeNu,-,614.28,-1.39,965.72,0.0,117.15,0.46,12,0.0,0,0.0,12,0.0,0,0.0,0.0,0.0,2022-05-26,-,0,-
1389,-34,UgoNuma,-,611.63,-0.97,1118.28,0.0,168.88,0.32,6,0.0,0,0.0,6,0.0,0,0.0,0.0,0.0,2025-12-01,-,0,-
-,-,zyx19951124,-,611.5,-1.03,1089.42,0.0,159.31,0.34,18,0.0,2,0.0,16,0.0,0,0.0,11.11,0.0,2020-09-13,-,0,-
-,-,Gontz,-,610.63,-1.23,1010.27,0.0,133.21,0.41,12,0.0,0,0.0,12,0.0,0,0.0,0.0,0.0,2020-11-19,-,0,-
-,-,fedevet86,-,610.32,-1.03,1085.5,0.0,158.39,0.34,6,0.0,0,0.0,4,0.0,2,0.0,0.0,0.0,2022-06-05,-,0,-
-,-,PixiePete,-,607.09,-1.12,1045.78,0.0,146.23,0.37,12,0.0,2,0.0,10,0.0,0,0.0,16.67,0.0,2020-09-06,-,0,-
-,-,PeaceAndProsperity,-,606.76,-0.91,1141.79,0.0,178.34,0.3,6,0.0,0,0.0,5,0.0,1,0.0,0.0,0.0,2020-09-06,-,0,-
-,-,Overmindless,-,605.73,-1.06,1069.51,0.0,154.59,0.35,6,0.0,0,0.0,6,0.0,0,0.0,0.0,0.0,2021-09-05,-,0,-
-,-,Alfredo094,-,605.7,-0.88,1159.78,0.0,184.69,0.29,6,0.0,0,0.0,6,0.0,0,0.0,0.0,0.0,2020-06-28,-,0,-
-,-,timmypolilla92,-,605.7,-0.88,1159.78,0.0,184.69,0.29,6,0.0,0,0.0,6,0.0,0,0.0,0.0,0.0,2020-06-28,-,0,-
-,-,Marcin82,-,604.74,-1.18,1020.39,0.0,138.55,0.39,12,0.0,0,0.0,12,0.0,0,0.0,0.0,0.0,2020-08-05,-,0,-
-,-,Galaxy_Rhino,-,604.7,-0.91,1144.05,0.0,179.78,0.3,6,0.0,1,0.0,5,0.0,0,0.0,16.67,0.0,2024-01-16,-,0,-
-,-,Kaspipos,-,603.23,-0.9,1146.56,0.0,181.11,0.3,6,0.0,0,0.0,6,0.0,0,0.0,0.0,0.0,2024-12-05,-,0,1287.0
-,-,VerrueckterMax,-,602.78,-0.98,1101.44,0.0,166.22,0.33,6,0.0,0,0.0,6,0.0,0,0.0,0.0,0.0,2021-03-02,-,0,-
-,-,or0b0to,-,602.22,-0.92,1134.11,0.0,177.3,0.31,6,0.0,1,0.0,5,0.0,0,0.0,16.67,0.0,2024-01-16,-,0,-
-,-,ruben_san,-,601.46,-0.91,1140.61,0.0,179.72,0.3,6,0.0,1,0.0,5,0.0,0,0.0,16.67,0.0,2024-01-16,-,0,-
-,-,nihao,-,599.92,-1.07,1059.39,0.0,153.16,0.36,6,0.0,0,0.0,6,0.0,0,0.0,0.0,0.0,2021-12-05,-,0,-
-,-,tigeralleycat,-,599.31,-0.93,1122.87,0.0,174.52,0.31,6,0.0,2,0.0,4,0.0,0,0.0,33.33,0.0,2020-12-02,-,0,-
-,-,Cholismo89,-,599.18,-1.43,942.68,0.0,114.5,0.48,18,0.0,0,0.0,17,0.0,1,0.0,0.0,0.0,2021-03-02,-,0,-
-,-,issv,-,599.04,-1.04,1068.35,0.0,156.44,0.35,6,0.0,0,0.0,5,0.0,1,0.0,0.0,0.0,2024-03-03,-,0,-
-,-,aboadaa,-,598.99,-0.88,1153.76,0.0,184.92,0.29,6,0.0,2,0.0,4,0.0,0,0.0,33.33,0.0,2021-03-02,-,0,-
1390,-33,Pancake1,-,597.72,-1.22,999.87,0.0,134.05,0.41,12,0.0,0,0.0,12,0.0,0,0.0,0.0,0.0,2025-12-01,-,0,-
-,-,WulfstanCyning,-,596.56,-1.19,1007.34,0.0,136.92,0.4,12,0.0,1,0.0,11,0.0,0,0.0,8.33,0.0,2020-09-06,-,0,-
-,-,pollitis,-,595.89,-1.25,988.85,0.0,130.99,0.42,18,0.0,2,0.0,16,0.0,0,0.0,11.11,0.0,2019-09-29,-,0,-
1391,-33,Podrik,-,595.51,-1.28,977.11,0.0,127.2,0.43,12,0.0,0,0.0,12,0.0,0,0.0,0.0,0.0,2026-04-26,-,0,-
-,-,Kittyclaws,-,595.5,-1.04,1064.05,0.0,156.18,0.35,6,0.0,0,0.0,6,0.0,0,0.0,0.0,0.0,2021-06-02,-,0,-
-,-,Imperator_Europy,-,594.27,-1.38,950.46,0.0,118.73,0.46,18,0.0,2,0.0,16,0.0,0,0.0,11.11,0.0,2020-11-21,-,0,-
-,-,C4nt3r,-,592.64,-1.03,1065.81,0.0,157.72,0.34,6,0.0,0,0.0,6,0.0,0,0.0,0.0,0.0,2020-12-02,-,0,-
-,-,Toledator,-,592.47,-0.91,1131.0,0.0,179.51,0.3,6,0.0,0,0.0,5,0.0,1,0.0,0.0,0.0,2019-09-15,-,0,-
-,-,Lnena,-,591.43,-0.97,1093.54,0.0,167.37,0.32,6,0.0,1,0.0,5,0.0,0,0.0,16.67,0.0,2024-01-16,-,0,-
-,-,greatestdecade,-,591.12,-1.11,1031.78,0.0,146.88,0.37,6,0.0,0,0.0,6,0.0,0,0.0,0.0,0.0,2023-12-03,-,0,-
-,-,HectorDart,-,591.02,-1.04,1061.62,0.0,156.87,0.35,6,0.0,0,0.0,6,0.0,0,0.0,0.0,0.0,2023-06-04,-,0,-
-,-,Kerrigan99,-,589.59,-1.09,1040.48,0.0,150.3,0.36,8,0.0,0,0.0,6,0.0,2,0.0,0.0,0.0,2025-01-26,-,0,1435.0
-,-,Yannis,-,589.08,-1.14,1016.86,0.0,142.59,0.38,12,0.0,0,0.0,11,0.0,1,0.0,0.0,0.0,2020-09-13,-,0,-
-,-,apricot,-,580.16,-1.03,1053.57,0.0,157.8,0.34,6,0.0,0,0.0,4,0.0,2,0.0,0.0,0.0,2022-09-04,-,0,-
-,-,GreatKingRat78,-,579.8,-0.83,1168.19,0.0,196.13,0.28,4,0.0,0,0.0,4,0.0,0,0.0,0.0,0.0,2025-01-20,-,0,1118.0
-,-,SrLantes,-,578.83,-0.91,1118.08,0.0,179.75,0.3,6,0.0,1,0.0,5,0.0,0,0.0,16.67,0.0,2019-12-30,-,0,-
-,-,xinjv,-,576.73,-1.02,1056.93,0.0,160.07,0.34,6,0.0,0,0.0,6,0.0,0,0.0,0.0,0.0,2021-12-05,-,0,-
-,-,DanKamu,-,576.26,-1.02,1054.14,0.0,159.29,0.34,10,0.0,2,0.0,8,0.0,0,0.0,20.0,0.0,2018-09-02,-,0,-
-,-,deaddams,-,575.97,-1.54,895.08,0.0,106.37,0.51,36,0.0,2,0.0,34,0.0,0,0.0,5.56,0.0,2021-03-02,-,0,-
-,-,dchampoy,-,575.96,-1.03,1049.88,0.0,157.97,0.34,6,0.0,0,0.0,6,0.0,0,0.0,0.0,0.0,2020-12-02,-,0,-
-,-,whitepand,-,574.21,-1.05,1041.06,0.0,155.62,0.35,6,0.0,0,0.0,6,0.0,0,0.0,0.0,0.0,2021-09-05,-,0,-
-,-,Jenny909,-,574.17,-1.31,946.92,0.0,124.25,0.44,12,0.0,0,0.0,12,0.0,0,0.0,0.0,0.0,2022-02-25,-,0,-
-,-,ShepherdOfSheep,-,571.9,-1.23,969.55,0.0,132.55,0.41,12,0.0,0,0.0,12,0.0,0,0.0,0.0,0.0,2020-11-16,-,0,-
-,-,Nanozawr,-,570.78,-0.97,1072.84,0.0,167.35,0.32,6,0.0,0,0.0,6,0.0,0,0.0,0.0,0.0,2020-09-06,-,0,-
-,-,gaberosser,-,569.6,-1.18,984.03,0.0,138.14,0.39,12,0.0,0,0.0,12,0.0,0,0.0,0.0,0.0,2024-01-16,-,0,-
-,-,Claudio,-,568.02,-1.37,924.67,0.0,118.88,0.46,30,0.0,2,0.0,26,0.0,2,0.0,6.67,0.0,2020-02-09,-,0,-
-,-,dub,-,564.85,-0.91,1101.74,0.0,178.96,0.3,6,0.0,0,0.0,6,0.0,0,0.0,0.0,0.0,2018-10-14,-,0,-
-,-,Nordenwatch,-,564.74,-0.92,1097.53,0.0,177.59,0.31,6,0.0,0,0.0,5,0.0,1,0.0,0.0,0.0,2020-06-28,-,0,-
-,-,LeoLeo,-,564.74,-0.92,1097.53,0.0,177.59,0.31,6,0.0,0,0.0,5,0.0,1,0.0,0.0,0.0,2020-06-28,-,0,-
-,-,Oanti,-,554.8,-0.87,1120.01,0.0,188.4,0.29,6,0.0,0,0.0,6,0.0,0,0.0,0.0,0.0,2020-06-21,-,0,-
-,-,jadeuk,-,554.37,-1.03,1029.1,0.0,158.24,0.34,6,0.0,0,0.0,6,0.0,0,0.0,0.0,0.0,2021-06-02,-,0,-
-,-,8469282,-,553.44,-1.01,1040.1,0.0,162.22,0.34,6,0.0,0,0.0,4,0.0,2,0.0,0.0,0.0,2025-08-31,-,0,-
-,-,badoomboom,-,551.77,-1.04,1022.23,0.0,156.82,0.35,6,0.0,0,0.0,6,0.0,0,0.0,0.0,0.0,2024-11-30,-,0,1287.0
-,-,FalcoFernandes,-,550.15,-1.1,993.71,0.0,147.85,0.37,12,0.0,0,0.0,12,0.0,0,0.0,0.0,0.0,2019-12-29,-,0,-
-,-,Phlegm,-,549.52,-0.92,1080.62,0.0,177.04,0.31,6,0.0,1,0.0,5,0.0,0,0.0,16.67,0.0,2024-01-16,-,0,-
-,-,GuilleNCP,-,548.26,-0.79,1170.34,0.0,207.36,0.26,4,0.0,2,0.0,2,0.0,0,0.0,50.0,0.0,2023-04-16,-,0,-
-,-,Potti,-,543.93,-1.01,1028.03,0.0,161.37,0.34,6,0.0,0,0.0,4,0.0,2,0.0,0.0,0.0,2021-12-05,-,0,-
-,-,Golgotha,-,542.05,-0.91,1078.6,0.0,178.85,0.3,6,0.0,1,0.0,5,0.0,0,0.0,16.67,0.0,2020-09-06,-,0,-
-,-,gh1,-,540.39,-1.0,1030.56,0.0,163.39,0.33,6,0.0,0,0.0,6,0.0,0,0.0,0.0,0.0,2021-06-02,-,0,-
-,-,Mscislaw,-,538.52,-0.84,1119.84,0.0,193.77,0.28,6,0.0,1,0.0,5,0.0,0,0.0,16.67,0.0,2020-06-21,-,0,-
-,-,FLIIIPER,-,538.52,-0.84,1119.84,0.0,193.77,0.28,6,0.0,1,0.0,5,0.0,0,0.0,16.67,0.0,2020-06-21,-,0,-
-,-,bigshotrob,-,534.62,-0.95,1048.09,0.0,171.16,0.32,6,0.0,0,0.0,6,0.0,0,0.0,0.0,0.0,2020-09-13,-,0,-
-,-,Rwhite88,-,534.5,-0.92,1068.54,0.0,178.01,0.31,6,0.0,0,0.0,5,0.0,1,0.0,0.0,0.0,2019-12-29,-,0,-
-,-,thedayne,-,532.29,-1.54,851.18,0.0,106.3,0.51,30,0.0,0,0.0,30,0.0,0,0.0,0.0,0.0,2023-01-15,-,0,-
1392,-33,kynj,-,529.46,-0.96,1036.69,0.0,169.08,0.32,6,0.0,0,0.0,6,0.0,0,0.0,0.0,0.0,2025-12-09,-,0,-
-,-,deleted_user_9720913,-,526.39,-1.4,876.94,0.0,116.85,0.47,12,0.0,0,0.0,12,0.0,0,0.0,0.0,0.0,2024-05-27,-,0,-
-,-,Xevi,-,521.91,-0.98,1022.96,0.0,167.02,0.33,6,0.0,0,0.0,5,0.0,1,0.0,0.0,0.0,2020-12-02,-,0,-
-,-,TwoJay,-,521.47,-0.89,1069.94,0.0,182.82,0.3,6,0.0,0,0.0,6,0.0,0,0.0,0.0,0.0,2020-06-28,-,0,-
-,-,WhiteKnight1987,-,516.96,-1.05,981.83,0.0,154.96,0.35,6,0.0,0,0.0,6,0.0,0,0.0,0.0,0.0,2022-03-06,-,0,-
-,-,tbrofromspace,-,515.36,-0.7,1214.74,0.0,233.13,0.23,2,0.0,0,0.0,2,0.0,0,0.0,0.0,0.0,2024-11-25,-,0,1184.0
-,-,amaze,-,515.18,-0.96,1026.1,0.0,170.31,0.32,6,0.0,1,0.0,4,0.0,1,0.0,16.67,0.0,2025-01-26,-,0,1435.0
-,-,pidzi,-,513.65,-1.0,1002.76,0.0,163.03,0.33,6,0.0,0,0.0,6,0.0,0,0.0,0.0,0.0,2022-06-05,-,0,-
-,-,Eroticus,-,509.12,-1.0,1000.06,0.0,163.65,0.33,12,0.0,0,0.0,12,0.0,0,0.0,0.0,0.0,2018-10-14,-,0,-
-,-,DannyTheKing,-,508.36,-0.99,1001.21,0.0,164.28,0.33,6,0.0,0,0.0,6,0.0,0,0.0,0.0,0.0,2021-09-05,-,0,-
-,-,ppatrickme9,-,506.85,-1.0,995.98,0.0,163.04,0.33,6,0.0,1,0.0,5,0.0,0,0.0,16.67,0.0,2022-09-04,-,0,-
-,-,Elionoir,-,506.09,-1.0,993.32,0.0,162.41,0.33,6,0.0,1,0.0,5,0.0,0,0.0,16.67,0.0,2022-09-04,-,0,-
-,-,Felis33,-,504.47,-0.93,1029.15,0.0,174.89,0.31,6,0.0,1,0.0,5,0.0,0,0.0,16.67,0.0,2023-04-16,-,0,-
-,-,Ronald1,-,502.51,-1.01,989.46,0.0,162.32,0.34,6,0.0,0,0.0,6,0.0,0,0.0,0.0,0.0,2024-01-16,-,0,-
-,-,Crazybrandon,-,498.47,-1.03,975.85,0.0,159.13,0.34,6,0.0,0,0.0,6,0.0,0,0.0,0.0,0.0,2023-02-05,-,0,-
1393,-32,bodyontheocean,-,491.18,-0.64,1252.68,0.0,253.83,0.21,2,0.0,0,0.0,2,0.0,0,0.0,0.0,0.0,2026-02-05,-,0,-
-,-,Flynn,-,490.14,-1.02,970.53,0.0,160.13,0.34,12,0.0,0,0.0,12,0.0,0,0.0,0.0,0.0,2018-10-14,-,0,-
-,-,Demianv,-,489.18,-1.03,966.28,0.0,159.03,0.34,12,0.0,0,0.0,12,0.0,0,0.0,0.0,0.0,2019-01-27,-,0,-
-,-,dogrockbeeboy,-,486.06,-0.64,1252.68,0.0,255.54,0.21,2,0.0,0,0.0,2,0.0,0,0.0,0.0,0.0,2024-01-16,-,0,-
-,-,Slavik2,-,482.37,-1.37,841.32,0.0,119.65,0.46,12,0.0,0,0.0,12,0.0,0,0.0,0.0,0.0,2023-11-22,-,0,-
-,-,Ssimpson,-,481.78,-0.96,990.76,0.0,169.66,0.32,6,0.0,0,0.0,6,0.0,0,0.0,0.0,0.0,2020-09-13,-,0,-
1394,-32,D.C.A,-,479.0,-0.64,1240.67,0.0,253.89,0.21,2,0.0,0,0.0,1,0.0,1,0.0,0.0,0.0,2025-10-10,-,0,-
1395,-27,Teadiddy14,-,469.66,166.31,921.77,-139.18,150.7,-101.83,10,8.0,0,0.0,10,8.0,0,0.0,0.0,0.0,2026-07-13,-,0,-
-,-,Reif,-,467.41,-0.95,980.01,0.0,170.87,0.32,6,0.0,0,0.0,6,0.0,0,0.0,0.0,0.0,2020-09-06,-,0,-
-,-,skwaeron,-,461.4,-0.93,988.24,0.0,175.61,0.31,6,0.0,0,0.0,6,0.0,0,0.0,0.0,0.0,2019-12-22,-,0,-
-,-,diverhawks,-,460.55,-1.01,946.83,0.0,162.1,0.34,6,0.0,0,0.0,6,0.0,0,0.0,0.0,0.0,2021-09-05,-,0,-
1396,-33,uhujb,-,457.63,-1.04,930.49,0.0,157.62,0.35,8,0.0,0,0.0,7,0.0,1,0.0,0.0,0.0,2025-10-11,-,0,-
-,-,Patrickdsp7,-,446.34,-1.17,866.48,0.0,140.05,0.39,12,0.0,0,0.0,12,0.0,0,0.0,0.0,0.0,2020-11-22,-,0,-
-,-,Copocioff,-,446.0,-0.92,979.9,0.0,177.97,0.31,6,0.0,1,0.0,5,0.0,0,0.0,16.67,0.0,2024-08-11,-,0,-
1397,-33,Fr3nChi,-,445.35,-0.71,1134.22,0.0,229.62,0.24,2,0.0,0,0.0,2,0.0,0,0.0,0.0,0.0,2025-12-25,-,0,-
-,-,Marthy,-,444.34,-0.83,1031.73,0.0,195.8,0.28,6,0.0,1,0.0,5,0.0,0,0.0,16.67,0.0,2024-01-16,-,0,-
-,-,RobinBanks,-,442.14,-1.28,823.87,0.0,127.25,0.43,24,0.0,1,0.0,23,0.0,0,0.0,4.17,0.0,2021-05-26,-,0,-
-,-,Rahul,-,441.5,-1.15,866.96,0.0,141.82,0.38,12,0.0,1,0.0,11,0.0,0,0.0,8.33,0.0,2019-08-04,-,0,-
-,-,Jeff_Ffej,-,440.0,-0.92,974.67,0.0,178.22,0.31,6,0.0,0,0.0,6,0.0,0,0.0,0.0,0.0,2024-01-16,-,0,-
-,-,Deect,-,437.06,-1.02,915.23,0.0,159.39,0.34,6,0.0,0,0.0,6,0.0,0,0.0,0.0,0.0,2022-03-06,-,0,-
1398,-33,JVCSC,-,433.38,-1.12,869.11,0.0,145.24,0.37,12,0.0,0,0.0,12,0.0,0,0.0,0.0,0.0,2025-12-01,-,0,-
-,-,saet1a,-,432.31,-0.91,972.32,0.0,180.0,0.3,6,0.0,0,0.0,6,0.0,0,0.0,0.0,0.0,2024-01-16,-,0,-
-,-,shuihan,-,428.48,-0.91,965.03,0.0,178.85,0.3,6,0.0,0,0.0,6,0.0,0,0.0,0.0,0.0,2020-09-13,-,0,-
-,-,beeri,-,428.23,-1.04,897.49,0.0,156.42,0.35,8,0.0,0,0.0,8,0.0,0,0.0,0.0,0.0,2023-03-05,-,0,-
-,-,Bethesda,-,424.82,-0.92,959.59,0.0,178.26,0.31,6,0.0,0,0.0,5,0.0,1,0.0,0.0,0.0,2021-06-02,-,0,-
-,-,9275835,-,419.16,-0.66,1157.6,0.0,246.15,0.22,2,0.0,0,0.0,2,0.0,0,0.0,0.0,0.0,2024-12-12,-,0,-
-,-,vrhpires,-,419.13,-0.89,967.84,0.0,182.9,0.3,6,0.0,0,0.0,6,0.0,0,0.0,0.0,0.0,2020-09-06,-,0,-
-,-,Igor_TheGreatest,-,410.9,-1.0,901.97,0.0,163.69,0.33,6,0.0,0,0.0,6,0.0,0,0.0,0.0,0.0,2022-06-05,-,0,-
1399,new,CaNaLLA,-,410.46,-39.54,1130.23,-369.77,239.92,239.92,2,2.0,0,0.0,2,2.0,0,0.0,0.0,0.0,2026-08-04,-,0,-
-,-,cord_red,-,408.97,-0.71,1102.48,0.0,231.17,0.24,2,0.0,0,0.0,2,0.0,0,0.0,0.0,0.0,2024-12-04,-,0,1184.0
-,-,Starflower,-,403.94,-0.84,985.27,0.0,193.78,0.28,6,0.0,0,0.0,6,0.0,0,0.0,0.0,0.0,2020-06-28,-,0,-
1400,-34,ukrseaman,-,402.63,-1.18,819.2,0.0,138.85,0.39,14,0.0,0,0.0,14,0.0,0,0.0,0.0,0.0,2026-01-06,-,0,-
-,-,H4Y3K,-,402.44,-1.13,833.86,0.0,143.81,0.38,18,0.0,0,0.0,18,0.0,0,0.0,0.0,0.0,2024-01-16,-,0,-
-,-,Goozy_Sosa,-,399.25,-0.69,1106.84,0.0,235.86,0.23,2,0.0,0,0.0,2,0.0,0,0.0,0.0,0.0,2024-12-13,-,0,-
-,-,Top8,-,388.52,-0.64,1157.17,0.0,256.22,0.21,2,0.0,0,0.0,2,0.0,0,0.0,0.0,0.0,2024-09-22,-,0,-
-,-,win021795,-,378.02,-0.96,886.74,0.0,169.57,0.32,6,0.0,0,0.0,6,0.0,0,0.0,0.0,0.0,2021-03-02,-,0,-
-,-,FilipDabrowski,-,350.48,-0.86,916.83,0.0,188.79,0.29,6,0.0,0,0.0,6,0.0,0,0.0,0.0,0.0,2024-01-16,-,0,-
-,-,Mirefox,-,347.53,-1.06,809.88,0.0,154.12,0.35,12,0.0,0,0.0,12,0.0,0,0.0,0.0,0.0,2020-08-09,-,0,-
-,-,Juanitosssss,-,347.53,-1.06,809.88,0.0,154.12,0.35,12,0.0,0,0.0,12,0.0,0,0.0,0.0,0.0,2020-08-07,-,0,-
1401,-34,Vincera,-,344.22,-0.66,1087.55,0.0,247.78,0.22,2,0.0,0,0.0,2,0.0,0,0.0,0.0,0.0,2026-05-18,-,0,-
-,-,Storzo,-,333.36,-1.12,772.29,0.0,146.31,0.37,12,0.0,0,0.0,12,0.0,0,0.0,0.0,0.0,2019-11-10,-,0,-
-,-,Szymon767,-,329.39,-0.97,836.25,0.0,168.95,0.32,6,0.0,0,0.0,5,0.0,1,0.0,0.0,0.0,2024-09-15,-,0,-
-,-,mladodoc,-,304.6,-0.86,873.17,0.0,189.52,0.29,6,0.0,0,0.0,6,0.0,0,0.0,0.0,0.0,2024-01-16,-,0,-
-,-,King11,-,296.53,-1.32,667.25,0.0,123.57,0.44,54,0.0,0,0.0,52,0.0,2,0.0,0.0,0.0,2023-06-04,-,0,-
-,-,Lobbakak,-,291.97,-0.93,819.15,0.0,175.72,0.31,6,0.0,0,0.0,6,0.0,0,0.0,0.0,0.0,2020-12-02,-,0,-
-,-,Eysteinh,-,291.59,-1.22,694.78,0.0,134.4,0.41,12,0.0,0,0.0,12,0.0,0,0.0,0.0,0.0,2023-05-28,-,0,-
-,-,wapper,-,266.7,-0.84,849.63,0.0,194.31,0.28,6,0.0,0,0.0,5,0.0,1,0.0,0.0,0.0,2024-06-16,-,0,-
-,-,Kaaz,-,265.34,-0.96,776.95,0.0,170.54,0.32,8,0.0,0,0.0,8,0.0,0,0.0,0.0,0.0,2023-03-05,-,0,-
1402,-33,altiSocke,-,264.72,-0.69,976.13,0.0,237.14,0.23,2,0.0,0,0.0,2,0.0,0,0.0,0.0,0.0,2026-04-16,-,0,-
-,-,Wicked_Liz,-,255.31,-0.84,837.61,0.0,194.1,0.28,6,0.0,0,0.0,6,0.0,0,0.0,0.0,0.0,2024-01-16,-,0,-
-,-,PengenCurry,-,251.7,-1.25,644.93,0.0,131.08,0.42,12,0.0,0,0.0,12,0.0,0,0.0,0.0,0.0,2023-11-24,-,0,-
-,-,Roms90,-,249.32,-0.9,793.28,0.0,181.32,0.3,6,0.0,0,0.0,5,0.0,1,0.0,0.0,0.0,2021-03-02,-,0,-
1403,-33,GnoseR,-,232.0,-0.62,1022.75,0.0,263.58,0.21,2,0.0,0,0.0,2,0.0,0,0.0,0.0,0.0,2026-05-19,-,0,-
-,-,Dante870502,-,200.49,-0.65,955.74,0.0,251.75,0.22,2,0.0,0,0.0,2,0.0,0,0.0,0.0,0.0,2023-03-05,-,0,-
-,-,deleted_user_4359608,-,196.47,-0.89,748.67,0.0,184.06,0.3,6,0.0,0,0.0,6,0.0,0,0.0,0.0,0.0,2024-03-17,-,0,-
-,-,boheg,-,195.09,-0.83,785.04,0.0,196.65,0.28,4,0.0,0,0.0,4,0.0,0,0.0,0.0,0.0,2024-10-22,-,0,-
-,-,TheExiledPrince,-,180.02,-1.23,577.77,0.0,132.58,0.41,24,0.0,0,0.0,24,0.0,0,0.0,0.0,0.0,2021-05-26,-,0,-
-,-,Atheas,-,67.34,-0.63,846.61,0.0,259.76,0.21,2,0.0,0,0.0,2,0.0,0,0.0,0.0,0.0,2024-12-07,-,0,-
-,-,__Alex__,-,-128.15,-1.13,312.5,0.0,146.88,0.38,40,0.0,2,0.0,37,0.0,1,0.0,5.0,0.0,2024-10-01,-,0,-
