Rank,Rank Δ,Player,Code,C Rating,C Rating Δ,Rating,Rating Δ,RD,RD Δ,Opps,Opps Δ,Ws,Ws Δ,Ls,Ls Δ,Ds,Ds Δ,W%,W% Δ,Last Played,Title,Title Count,Leaderboard Rank
1,6,a440,CA,1940.4,46.65,2028.85,41.77,29.48,-1.62,463,30.0,341,25.0,118,4.0,4,1.0,73.65,0.67,2026-08-31,-,0,26.0
2,2,Grozz,RU,1935.49,28.99,1998.72,28.92,21.08,-0.02,772,78.0,550,59.0,217,19.0,5,0.0,71.24,0.49,2026-08-28,M,1,6.0
3,-2,Genghisip,UA,1915.38,-13.06,2000.91,-12.91,28.51,0.05,575,18.0,386,8.0,185,10.0,4,0.0,67.13,-0.73,2026-07-30,GM,9,27.0
4,-2,Wawrzyniec,PL,1913.61,-13.1,1996.44,-15.82,27.61,-0.91,601,30.0,423,14.0,174,16.0,4,0.0,70.38,-1.25,2026-08-31,GM,8,94.0
5,4,SandHippo,CN,1912.96,35.7,2044.53,-0.48,43.86,-12.06,91,30.0,67,20.0,24,10.0,0,0.0,73.63,-3.42,2026-08-29,-,0,238.0
6,0,Weidenbaum,DE,1909.39,10.25,1974.17,9.72,21.59,-0.18,1390,75.0,925,49.0,453,25.0,12,1.0,66.55,-0.07,2026-08-29,GM,27,10.0
7,-4,DireNTropy,US,1905.69,-4.57,2016.08,-5.82,36.8,-0.42,344,10.0,267,6.0,76,4.0,1,0.0,77.62,-0.52,2026-08-15,GM,3,-
-,-,Airren,US,1895.27,-3.61,2034.27,0.0,46.34,1.2,262,0.0,209,0.0,52,0.0,1,0.0,79.77,0.0,2025-02-17,GM,5,622.0
8,-3,Martin_Pecheur,FR,1891.04,-11.21,1951.22,-11.66,20.06,-0.15,1497,77.0,962,37.0,519,39.0,16,1.0,64.26,-0.88,2026-08-28,GM,15,1.0
9,-1,wolvs,UA,1888.23,9.28,1956.09,9.52,22.62,0.08,1381,75.0,927,49.0,445,26.0,9,0.0,67.13,-0.1,2026-08-31,GM,3,5.0
10,3,funestus,NO,1875.67,17.13,1952.36,18.84,25.56,0.57,581,24.0,391,18.0,188,6.0,2,0.0,67.3,0.33,2026-08-09,GM,2,11.0
11,0,Plunderteig,CN,1864.0,-3.58,2004.49,0.0,46.83,1.19,105,0.0,84,0.0,21,0.0,0,0.0,80.0,0.0,2025-10-11,-,0,102.0
-,-,Pascalotopia,CA,1862.72,-4.19,1980.44,0.0,39.24,1.4,322,0.0,222,0.0,99,0.0,1,0.0,68.94,0.0,2024-09-10,GM,5,-
12,-2,Arne,DE,1862.07,-7.18,1926.17,-5.85,21.37,0.44,703,50.0,465,28.0,234,22.0,4,0.0,66.15,-0.77,2026-08-12,M,4,14.0
13,6,pv4,BE,1850.75,6.17,1918.71,8.48,22.65,0.77,1061,36.0,633,25.0,415,11.0,13,0.0,59.66,0.34,2026-08-26,GM,14,3.0
14,-2,Majondor,AU,1848.42,-15.17,1910.68,-15.86,20.75,-0.23,996,67.0,629,32.0,360,35.0,7,0.0,63.15,-1.11,2026-08-30,GM,5,8.0
15,3,mwi,PL,1848.06,2.16,1911.77,2.6,21.24,0.15,749,54.0,486,33.0,260,21.0,3,0.0,64.89,-0.29,2026-08-09,M,1,13.0
16,1,Palino,SK,1847.36,-1.6,1934.85,1.58,29.17,1.06,814,8.0,531,5.0,283,3.0,0,0.0,65.23,-0.03,2026-08-14,GM,5,77.0
17,-2,whsvin,HK,1846.29,-5.63,1949.68,0.0,34.47,1.88,564,0.0,426,0.0,137,0.0,1,0.0,75.53,0.0,2026-05-17,GM,6,64.0
18,-2,St4nkk,PL,1845.26,-6.13,1953.31,-2.26,36.02,1.29,362,2.0,279,1.0,82,1.0,1,0.0,77.07,-0.15,2026-07-04,M,1,265.0
19,3,DANeo,DE,1841.28,12.84,1911.57,13.79,23.43,0.31,753,37.0,462,22.0,285,15.0,6,0.0,61.35,-0.1,2026-08-31,GM,3,7.0
20,0,Eepogi,FI,1840.08,-1.17,1910.05,3.37,23.32,1.51,1209,22.0,731,11.0,470,11.0,8,0.0,60.46,-0.2,2026-07-30,GM,1,2.0
21,2,Pitor,NL,1840.03,12.75,1926.49,-6.59,28.82,-6.45,221,65.0,174,41.0,46,24.0,1,0.0,78.73,-6.53,2026-08-20,-,0,-
22,8,Kolo,IT,1831.81,21.47,1923.39,9.09,30.53,-4.13,279,40.0,204,25.0,74,15.0,1,0.0,73.12,-1.78,2026-08-15,M,2,607.0
23,-2,Dantes,US,1830.06,-1.92,1891.91,-3.53,20.62,-0.54,553,71.0,350,38.0,200,33.0,3,0.0,63.29,-1.44,2026-08-31,P,1,36.0
24,4,kyshantry,US,1829.46,16.08,1919.27,9.92,29.94,-2.06,404,30.0,241,17.0,161,13.0,2,0.0,59.65,-0.24,2026-08-31,M,1,53.0
25,-11,Vovka,UA,1824.07,-33.63,1893.01,-35.4,22.98,-0.59,419,58.0,286,22.0,131,36.0,2,0.0,68.26,-4.87,2026-08-21,-,0,43.0
26,-2,Sylvain,FR,1822.55,0.44,1889.22,1.6,22.22,0.39,1159,46.0,701,28.0,451,17.0,7,1.0,60.48,0.01,2026-08-31,M,2,38.0
-,-,Sandwhale,US,1820.03,-4.3,1933.71,0.0,37.89,1.43,323,0.0,218,0.0,105,0.0,0,0.0,67.49,0.0,2025-08-19,GM,2,82.0
27,4,dannyboy14,US,1819.18,9.87,1886.38,9.35,22.4,-0.17,735,48.0,455,31.0,275,17.0,5,0.0,61.9,0.18,2026-08-31,GM,2,23.0
28,-3,barboucha,FR,1815.56,-4.38,1900.64,2.43,28.36,2.27,573,7.0,390,6.0,177,1.0,6,0.0,68.06,0.22,2026-07-20,GM,1,50.0
29,32,FCKAFD,DE,1815.35,43.89,1911.88,34.49,32.18,-3.14,188,30.0,133,23.0,55,7.0,0,0.0,70.74,1.12,2026-08-31,-,0,100.0
30,5,Lcfyx,FR,1813.78,13.89,1886.81,17.39,24.34,1.17,819,18.0,504,14.0,309,3.0,6,1.0,61.54,0.37,2026-07-21,M,5,16.0
31,12,Eske,DK,1812.56,21.81,1896.2,18.27,27.88,-1.18,627,30.0,410,20.0,212,10.0,5,0.0,65.39,0.06,2026-08-28,GM,4,110.0
-,-,Dirkules,DE,1811.7,-4.47,1930.37,0.0,39.55,1.49,363,0.0,241,0.0,121,0.0,1,0.0,66.39,0.0,2024-07-15,GM,3,-
32,13,tianren4561367,-,1811.49,20.92,1903.67,-1.72,30.73,-7.55,166,56.0,132,33.0,33,22.0,1,1.0,79.52,-10.48,2026-08-31,-,0,-
33,-7,Lambda,ES,1811.11,-5.58,1903.18,0.0,30.69,1.86,378,0.0,251,0.0,123,0.0,4,0.0,66.4,0.0,2026-04-26,GM,2,22.0
34,2,totsilence,DE,1811.0,12.69,1877.09,12.13,22.03,-0.19,1206,58.0,759,38.0,436,20.0,11,0.0,62.94,0.14,2026-08-31,GM,2,9.0
35,-6,Dots,DE,1809.97,-3.1,1910.21,-5.19,33.42,-0.7,278,15.0,192,9.0,86,6.0,0,0.0,69.06,-0.52,2026-07-16,GM,2,123.0
36,13,Jaracz,PL,1804.45,21.17,1886.23,19.12,27.26,-0.68,545,30.0,394,23.0,144,7.0,7,0.0,72.29,0.25,2026-08-31,P,6,258.0
37,0,ERock37,CA,1802.83,6.61,1869.12,6.85,22.1,0.08,524,53.0,336,32.0,185,21.0,3,0.0,64.12,-0.42,2026-08-31,-,0,51.0
38,169,FrenkDeTank,NL,1800.83,144.94,1936.16,100.18,45.11,-14.92,83,42.0,79,41.0,3,1.0,1,0.0,95.18,2.5,2026-08-31,-,0,-
39,0,Tamirys,US,1799.75,4.22,1870.33,7.83,23.53,1.2,1144,22.0,667,13.0,468,9.0,9,0.0,58.3,0.01,2026-07-22,GM,9,69.0
40,-2,yaop,CN,1796.36,0.82,1860.55,2.25,21.4,0.48,603,56.0,395,30.0,204,26.0,4,0.0,65.51,-1.22,2026-08-08,G,1,28.0
41,5,zoldaria,US,1795.8,10.34,1868.62,4.47,24.27,-1.96,311,58.0,216,32.0,92,26.0,3,0.0,69.45,-3.28,2026-08-31,-,0,288.0
42,-10,Michiel,BE,1795.09,-13.45,1903.34,-31.21,36.08,-5.92,127,30.0,85,13.0,41,17.0,1,0.0,66.93,-7.3,2026-08-31,-,0,176.0
43,-9,Lech,PL,1792.36,-8.17,1859.62,-7.81,22.42,0.12,950,64.0,579,29.0,367,34.0,4,1.0,60.95,-1.13,2026-08-20,M,3,17.0
-,-,Binki,RU,1791.52,-4.35,1913.82,0.0,40.77,1.45,505,0.0,341,0.0,160,0.0,4,0.0,67.52,0.0,2023-12-03,GM,3,-
44,6,IdkIdcIdgaf,UA,1790.44,8.13,1878.8,0.69,29.45,-2.48,291,34.0,212,18.0,77,15.0,2,1.0,72.85,-2.64,2026-08-31,G,2,398.0
45,-12,Lander90,BE,1788.96,-13.97,1852.18,-15.14,21.08,-0.39,556,75.0,385,35.0,168,40.0,3,0.0,69.24,-3.53,2026-08-31,-,0,80.0
46,-4,Icallhimtest,-,1786.75,-4.53,1907.22,-21.26,40.15,-5.57,94,28.0,72,18.0,22,10.0,0,0.0,76.6,-5.22,2026-08-11,-,0,-
47,4,FirstOfDao,CN,1785.39,3.88,1846.03,5.81,20.21,0.64,1092,57.0,680,35.0,406,21.0,6,1.0,62.27,-0.05,2026-08-31,P,2,29.0
48,-7,Angor,RU,1784.87,-7.57,1863.72,-9.37,26.28,-0.6,627,33.0,410,16.0,212,17.0,5,0.0,65.39,-0.94,2026-07-23,GM,1,104.0
-,-,LeonC,TW,1784.35,-2.61,1975.27,0.0,63.64,0.87,168,0.0,130,0.0,36,0.0,2,0.0,77.38,0.0,2020-10-28,-,0,-
49,20,pigfans,CN,1783.46,26.87,1953.04,22.04,56.53,-1.61,90,6.0,73,6.0,17,0.0,0,0.0,81.11,1.35,2026-08-02,-,0,1057.0
50,-6,Gandin,CH,1783.28,-7.39,1852.38,-3.63,23.03,1.25,784,21.0,480,9.0,296,12.0,8,0.0,61.22,-0.51,2026-08-07,M,4,15.0
51,-4,Gutemetralla,FR,1782.82,-2.21,1855.82,-3.84,24.33,-0.55,501,41.0,323,20.0,175,21.0,3,0.0,64.47,-1.4,2026-08-31,-,0,24.0
52,0,GZ95,CN,1781.85,2.08,1922.73,1.78,46.96,-0.1,108,3.0,82,2.0,26,1.0,0,0.0,75.93,-0.26,2026-06-12,-,0,1106.0
53,15,dellcan,-,1780.84,24.13,1968.88,-0.29,62.68,-8.14,43,13.0,38,10.0,5,3.0,0,0.0,88.37,-4.96,2026-08-17,-,0,852.0
54,-6,Cogito3,US,1778.9,-4.41,1837.16,-4.16,19.42,0.08,708,75.0,456,42.0,248,33.0,4,0.0,64.41,-0.99,2026-08-31,G,1,34.0
55,42,maximpodg,-,1777.98,46.15,1875.39,36.9,32.47,-3.08,299,29.0,188,17.0,111,12.0,0,0.0,62.88,-0.45,2026-08-26,M,2,-
56,-3,Sektat,CH,1777.69,-1.55,1840.71,0.07,21.01,0.54,917,52.0,546,28.0,367,24.0,4,0.0,59.54,-0.34,2026-08-16,M,11,18.0
-,-,megumi,CN,1774.51,-2.68,1957.75,0.0,61.08,0.89,48,0.0,33,0.0,15,0.0,0,0.0,68.75,0.0,2025-05-14,-,0,90.0
57,-3,Fourierrr,BR,1773.66,-4.55,1843.35,0.32,23.23,1.62,785,14.0,500,8.0,281,6.0,4,0.0,63.69,-0.12,2026-07-26,M,2,49.0
58,0,Raffaello,DE,1772.4,-0.86,1834.1,0.87,20.57,0.58,649,54.0,421,27.0,224,26.0,4,1.0,64.87,-1.35,2026-08-19,G,2,39.0
59,7,jantteri,-,1772.04,10.09,1834.94,12.32,20.97,0.74,850,58.0,527,39.0,319,19.0,4,0.0,62.0,0.38,2026-08-31,G,5,46.0
-,-,e5582768,CN,1771.53,-4.24,1889.38,0.0,39.28,1.41,164,0.0,100,0.0,62,0.0,2,0.0,60.98,0.0,2025-08-21,-,0,238.0
60,10,Nickeberg,-,1770.69,15.77,1865.81,14.95,31.71,-0.27,341,15.0,215,10.0,126,5.0,0,0.0,63.05,0.17,2026-07-14,P,2,216.0
61,28,bluecube,-,1768.85,32.06,1869.7,18.78,33.62,-4.42,144,30.0,107,16.0,34,13.0,3,1.0,74.31,-5.51,2026-08-31,-,0,1287.0
62,20,SpartacusImperator,DK,1768.73,27.29,1852.93,26.99,28.07,-0.1,537,24.0,326,20.0,208,4.0,3,0.0,60.71,1.06,2026-07-27,P,6,133.0
63,-6,Allfather,US,1767.6,-7.33,1836.93,-3.49,23.11,1.28,523,25.0,331,12.0,187,13.0,5,0.0,63.29,-0.77,2026-08-08,-,0,30.0
64,-8,Drikhen,EE,1767.25,-10.0,1845.88,-12.23,26.21,-0.74,347,34.0,255,15.0,88,18.0,4,1.0,73.49,-3.19,2026-08-20,-,0,226.0
65,-25,pajada,CZ,1766.97,-27.38,1833.43,-23.91,22.15,1.16,1543,44.0,889,15.0,640,29.0,14,0.0,57.62,-0.69,2026-07-28,GM,11,12.0
66,-4,DrSniken,NO,1765.87,-2.77,1855.33,-2.45,29.82,0.11,255,15.0,168,8.0,84,7.0,3,0.0,65.88,-0.79,2026-07-23,-,0,72.0
67,-8,scipio238,GB,1764.88,-8.22,1840.78,-4.63,25.3,1.2,580,18.0,349,7.0,231,11.0,0,0.0,60.17,-0.68,2026-07-23,P,3,41.0
-,-,Sugoi,CA,1764.31,-4.09,1892.48,0.0,42.72,1.36,240,0.0,175,0.0,64,0.0,1,0.0,72.92,0.0,2024-07-01,P,2,-
68,-8,Gilgamesh2,NL,1764.17,-8.75,1847.18,-4.15,27.67,1.54,430,7.0,297,2.0,131,5.0,2,0.0,69.07,-0.67,2026-08-08,G,2,32.0
69,-42,saru,CN,1763.71,-50.21,1846.62,-42.63,27.64,2.53,1380,62.0,858,29.0,501,33.0,21,0.0,62.17,-0.73,2026-08-31,M,3,4.0
-,-,silent_x111,US,1763.5,-3.42,1913.95,0.0,50.15,1.14,410,0.0,278,0.0,132,0.0,0,0.0,67.8,0.0,2022-07-06,GM,14,-
70,-5,moemoe,DE,1761.89,-4.47,1832.23,4.33,23.45,2.93,682,8.0,440,5.0,234,3.0,8,0.0,64.52,-0.02,2026-08-22,-,0,65.0
71,-16,Doughnut,GB,1761.83,-16.08,1851.19,-16.99,29.79,-0.31,346,18.0,235,6.0,106,12.0,5,0.0,67.92,-1.9,2026-07-28,G,6,308.0
72,31,DarKStyle,-,1760.31,35.41,1848.1,18.09,29.26,-5.77,191,60.0,140,42.0,49,18.0,2,0.0,73.3,-1.51,2026-08-31,-,0,-
-,-,Lemmingsplayer,GB,1758.89,-3.69,1904.79,0.0,48.63,1.23,229,0.0,173,0.0,54,0.0,2,0.0,75.55,0.0,2025-07-11,GM,1,-
73,4,AaronGreen,US,1758.72,10.85,1842.14,7.1,27.81,-1.25,892,33.0,507,18.0,380,15.0,5,0.0,56.84,-0.09,2026-08-31,GM,7,729.0
74,-3,Boromir7,PL,1758.5,3.69,1826.37,8.12,22.63,1.48,1166,30.0,690,19.0,464,11.0,12,0.0,59.18,0.11,2026-08-03,M,8,31.0
75,8,Spartan1337,NL,1754.91,13.74,1818.66,14.48,21.25,0.25,1122,55.0,658,31.0,453,23.0,11,1.0,58.65,-0.11,2026-08-31,P,10,37.0
76,-12,Dazzy,CN,1754.08,-13.95,1822.38,-9.36,22.77,1.53,881,23.0,537,10.0,334,13.0,10,0.0,60.95,-0.47,2026-08-11,M,2,20.0
-,-,Sohoof,NL,1752.35,-4.89,1857.22,0.0,34.96,1.63,300,0.0,204,0.0,95,0.0,1,0.0,68.0,0.0,2025-08-18,-,0,218.0
77,-10,Momomillion,DE,1749.05,-10.72,1813.7,-11.33,21.55,-0.2,508,58.0,316,26.0,186,31.0,6,1.0,62.2,-2.24,2026-08-31,-,0,83.0
78,-5,Brightfuture,RU,1748.77,-3.06,1810.0,-1.27,20.41,0.6,1107,49.0,692,27.0,408,21.0,7,1.0,62.51,-0.34,2026-07-31,P,7,48.0
79,-7,Kesterer,GB,1747.71,-5.15,1861.67,-17.98,37.99,-4.28,153,22.0,113,11.0,39,11.0,1,0.0,73.86,-4.0,2026-08-09,-,0,-
80,5,Huettengaudi,DE,1745.83,5.96,1808.41,9.67,20.86,1.24,1093,38.0,644,22.0,443,15.0,6,1.0,58.92,-0.04,2026-07-31,P,6,71.0
-,-,mbbchess,US,1744.49,-4.5,1858.66,0.0,38.06,1.5,305,0.0,216,0.0,86,0.0,3,0.0,70.82,0.0,2025-06-28,P,2,398.0
81,-7,Magnetiseur,DE,1744.47,-6.66,1823.48,0.0,26.34,2.22,829,0.0,514,0.0,306,0.0,9,0.0,62.0,0.0,2026-05-25,P,10,57.0
82,2,RestlessMe,US,1744.29,3.87,1807.41,7.46,21.04,1.2,1308,42.0,741,24.0,559,17.0,8,1.0,56.65,0.01,2026-08-31,P,5,34.0
83,64,lhrljr,SG,1743.28,49.5,1832.35,39.31,29.69,-3.4,191,41.0,144,32.0,46,9.0,1,0.0,75.39,0.72,2026-08-31,-,0,852.0
84,-9,jezza101,AU,1741.53,-7.83,1805.68,-5.96,21.38,0.63,770,45.0,467,25.0,294,20.0,9,0.0,60.65,-0.32,2026-08-02,G,4,40.0
85,14,Doobie,CN,1741.0,12.62,1805.17,13.73,21.39,0.37,1249,67.0,687,36.0,548,30.0,14,1.0,55.0,-0.08,2026-08-31,G,21,87.0
-,-,Rabbles,AU,1740.76,-3.36,1890.74,0.0,49.99,1.12,244,0.0,185,0.0,58,0.0,1,0.0,75.82,0.0,2023-09-03,M,1,-
86,-10,yaba,PL,1740.01,-8.88,1816.05,0.0,25.35,2.96,885,0.0,513,0.0,363,0.0,9,0.0,57.97,0.0,2026-05-31,M,6,55.0
87,6,BoatyMcBoatface,US,1739.86,5.18,1802.11,6.23,20.75,0.35,910,56.0,547,34.0,355,21.0,8,1.0,60.11,0.04,2026-08-14,P,2,88.0
88,114,W1TCH0R,-,1739.84,81.47,1901.36,40.77,53.84,-13.57,54,22.0,49,19.0,5,3.0,0,0.0,90.74,-3.01,2026-08-08,-,0,-
89,-10,takusto_II,JP,1739.28,-7.67,1803.52,-8.02,21.41,-0.12,1435,58.0,770,25.0,656,33.0,9,0.0,53.66,-0.44,2026-08-31,M,3,59.0
-,-,P373R,GB,1737.46,-2.57,1928.12,0.0,63.55,0.86,96,0.0,82,0.0,14,0.0,0,0.0,85.42,0.0,2022-09-04,G,2,-
90,6,Shagrat,CZ,1735.37,2.56,1796.99,5.05,20.54,0.83,775,50.0,502,28.0,267,21.0,6,1.0,64.77,-0.61,2026-08-20,G,1,112.0
-,-,Veivi,FI,1734.5,-3.28,1889.94,0.0,51.81,1.09,246,0.0,163,0.0,82,0.0,1,0.0,66.26,0.0,2022-04-08,GM,4,-
91,-5,Wanderlust,CN,1734.42,-5.21,1829.34,0.0,31.64,1.74,253,0.0,154,0.0,99,0.0,0,0.0,60.87,0.0,2025-11-30,-,0,25.0
92,9,drodriguez,-,1734.09,8.19,1800.45,7.36,22.12,-0.27,436,50.0,281,28.0,154,22.0,1,0.0,64.45,-1.09,2026-08-10,-,0,126.0
-,-,littlesquirrel,CN,1733.53,-2.62,1921.77,0.0,62.75,0.87,44,0.0,36,0.0,8,0.0,0,0.0,81.82,0.0,2025-08-13,-,0,138.0
93,41,Malakesh,DE,1732.8,31.25,1807.1,27.92,24.77,-1.11,312,48.0,213,33.0,99,15.0,0,0.0,68.27,0.09,2026-08-10,-,0,298.0
-,-,Andrethegiant,NO,1731.58,-3.67,1867.28,0.0,45.24,1.22,294,0.0,202,0.0,92,0.0,0,0.0,68.71,0.0,2023-07-18,GM,1,-
94,-14,321letsjam,DE,1730.96,-14.42,1809.49,-8.4,26.17,2.01,635,15.0,408,4.0,224,11.0,3,0.0,64.25,-0.91,2026-07-20,G,5,67.0
95,3,HCsquared,CA,1730.73,1.01,1805.04,1.5,24.77,0.16,870,33.0,529,17.0,334,16.0,7,0.0,60.8,-0.37,2026-07-17,P,6,66.0
96,-4,Raskonin,-,1730.18,-4.69,1835.82,-9.15,35.22,-1.49,135,15.0,83,7.0,50,8.0,2,0.0,61.48,-1.85,2026-07-15,-,0,214.0
97,8,Dethar,PL,1730.13,5.85,1813.43,2.41,27.77,-1.15,226,32.0,151,17.0,74,14.0,1,1.0,66.81,-2.26,2026-08-22,-,0,302.0
98,-10,tupper,CA,1729.54,-8.65,1790.46,-7.23,20.31,0.47,790,56.0,496,27.0,288,29.0,6,0.0,62.78,-1.12,2026-08-13,G,3,78.0
99,3,BlixLT,LT,1729.16,3.87,1788.38,7.56,19.74,1.23,2086,47.0,1136,28.0,937,18.0,13,1.0,54.46,0.12,2026-08-31,P,18,56.0
-,-,DJParson,DE,1727.99,-4.88,1831.32,0.0,34.44,1.63,814,0.0,447,0.0,364,0.0,3,0.0,54.91,0.0,2025-07-07,GM,8,321.0
100,94,Silvester,-,1727.57,66.38,1831.57,50.72,34.67,-5.22,137,33.0,108,25.0,29,8.0,0,0.0,78.83,-0.98,2026-08-31,-,0,-
101,28,Goldfinger_,-,1726.54,21.99,1825.57,17.79,33.01,-1.4,167,18.0,118,13.0,49,5.0,0,0.0,70.66,0.19,2026-07-25,-,0,1287.0
102,24,Beebs,-,1725.22,17.52,1796.91,14.68,23.89,-0.95,317,55.0,213,37.0,100,18.0,4,0.0,67.19,0.01,2026-08-21,-,0,463.0
-,-,Cleanbulk,NL,1725.04,-3.85,1858.64,0.0,44.53,1.28,355,0.0,231,0.0,121,0.0,3,0.0,65.07,0.0,2023-08-30,M,5,-
103,6,Fjantarik,-,1724.9,3.59,1795.95,5.35,23.68,0.59,576,33.0,347,19.0,228,14.0,1,0.0,60.24,-0.17,2026-07-27,P,2,58.0
104,33,Bad_Horse,-,1724.07,23.3,1845.29,2.62,40.41,-6.89,94,27.0,68,17.0,26,10.0,0,0.0,72.34,-3.78,2026-08-10,-,0,-
-,-,Weida,CN,1723.92,-2.06,1962.63,0.0,79.57,0.69,33,0.0,22,0.0,11,0.0,0,0.0,66.67,0.0,2022-07-01,-,0,-
105,-14,darwinian,GB,1723.19,-11.84,1796.41,-9.09,24.41,0.91,586,22.0,370,8.0,211,14.0,5,0.0,63.14,-1.04,2026-08-21,P,2,91.0
-,-,gothark,PL,1723.07,-4.76,1825.89,0.0,34.27,1.59,292,0.0,210,0.0,80,0.0,2,0.0,71.92,0.0,2025-05-31,G,2,74.0
106,-12,DrRerNate,DE,1722.53,-11.55,1796.44,-9.89,24.64,0.55,1099,31.0,641,14.0,448,17.0,10,0.0,58.33,-0.38,2026-08-07,GM,4,142.0
107,9,Turdle,AT,1721.74,8.59,1781.27,9.96,19.84,0.46,869,73.0,503,40.0,357,33.0,9,0.0,57.88,-0.29,2026-08-30,P,4,111.0
108,-21,zoiedberg,BE,1721.56,-16.85,1817.56,-18.57,32.0,-0.57,192,15.0,118,5.0,74,10.0,0,0.0,61.46,-2.38,2026-07-08,-,0,265.0
-,-,Crey,-,1720.27,-4.05,1844.52,0.0,41.42,1.35,202,0.0,147,0.0,54,0.0,1,0.0,72.77,0.0,2025-09-03,G,2,299.0
109,-5,Raulone,ES,1719.35,-5.24,1814.97,0.0,31.87,1.75,319,0.0,205,0.0,114,0.0,0,0.0,64.26,0.0,2026-02-26,G,5,93.0
110,-29,discodancer,-,1718.88,-25.03,1801.61,-23.83,27.58,0.4,438,18.0,282,4.0,153,14.0,3,0.0,64.38,-1.81,2026-07-13,P,4,130.0
111,-33,zadokk,BE,1718.84,-28.9,1784.64,-28.29,21.93,0.2,947,54.0,549,16.0,393,38.0,5,0.0,57.97,-1.72,2026-08-31,P,14,80.0
112,-49,Vantablack,MO,1718.58,-49.76,1790.78,-46.05,24.06,1.24,1081,33.0,638,3.0,436,30.0,7,0.0,59.02,-1.57,2026-07-24,GM,1,84.0
113,-7,iyakhoop,TH,1718.53,-5.65,1810.81,0.0,30.76,1.88,839,0.0,495,0.0,327,0.0,17,0.0,59.0,0.0,2025-11-30,GM,1,297.0
-,-,Himmelstosh,RU,1718.14,-6.2,1856.48,0.0,46.11,2.07,607,0.0,357,0.0,241,0.0,9,0.0,58.81,0.0,2024-07-15,GM,1,-
114,-14,bobaboba,-,1717.8,-10.4,1834.2,-20.91,38.8,-3.5,140,18.0,98,9.0,42,9.0,0,0.0,70.0,-2.95,2026-07-24,-,0,-
115,-1,weisswurst,NL,1715.37,-3.51,1795.91,-0.83,26.85,0.89,702,15.0,418,7.0,280,8.0,4,0.0,59.54,-0.29,2026-07-17,M,4,120.0
116,12,MrBiz,US,1714.64,9.61,1792.35,9.06,25.9,-0.18,284,30.0,198,16.0,84,13.0,2,1.0,69.72,-1.93,2026-08-16,-,0,480.0
117,-22,CaesarSalah,US,1713.86,-19.45,1780.45,-16.29,22.19,1.05,1491,50.0,847,18.0,635,32.0,9,0.0,56.81,-0.72,2026-08-16,P,15,21.0
-,-,jmamos,-,1711.96,-3.91,1838.98,0.0,42.34,1.3,219,0.0,166,0.0,53,0.0,0,0.0,75.8,0.0,2025-05-27,G,4,380.0
118,-7,Tim248,-,1710.97,-10.09,1830.36,-7.37,39.8,0.91,150,2.0,124,0.0,24,2.0,2,0.0,82.67,-1.11,2026-07-04,-,0,863.0
-,-,RutgerHauer,SE,1710.0,-5.26,1806.71,0.0,32.24,1.75,468,0.0,298,0.0,167,0.0,3,0.0,63.68,0.0,2025-08-27,M,2,75.0
-,-,vanishadow,CN,1709.9,-3.25,1865.27,0.0,51.79,1.08,111,0.0,83,0.0,27,0.0,1,0.0,74.77,0.0,2025-02-10,-,0,88.0
119,4,Kay,HK,1709.21,0.22,1773.95,3.88,21.58,1.22,699,28.0,427,17.0,268,11.0,4,0.0,61.09,-0.01,2026-07-28,P,2,61.0
120,-12,Papaver,HR,1709.15,-12.6,1788.91,-13.17,26.59,-0.19,584,30.0,368,13.0,211,17.0,5,0.0,63.01,-1.07,2026-07-24,P,2,149.0
121,-3,Darkriddler,-,1709.05,-3.24,1860.97,0.0,50.64,1.08,60,0.0,41,0.0,19,0.0,0,0.0,68.33,0.0,2026-05-18,-,0,-
122,-7,Footloop,CA,1708.73,-4.89,1813.51,0.0,34.93,1.63,486,0.0,299,0.0,180,0.0,7,0.0,61.52,0.0,2026-05-13,GM,7,-
123,-2,KarlThomas,NO,1708.13,-1.45,1803.83,2.49,31.9,1.31,619,4.0,370,3.0,242,1.0,7,0.0,59.77,0.1,2026-07-27,M,4,-
124,-5,Sellux,IT,1706.58,-4.82,1789.65,-6.71,27.69,-0.63,286,31.0,178,15.0,108,16.0,0,0.0,62.24,-1.68,2026-08-31,-,0,203.0
125,-1,Yookie,CN,1706.4,-2.38,1775.6,-1.01,23.07,0.46,452,41.0,321,25.0,130,16.0,1,0.0,71.02,-1.0,2026-08-13,-,0,201.0
126,-16,Tordread,US,1706.37,-14.71,1776.08,-11.72,23.24,0.99,1240,33.0,690,12.0,538,21.0,12,0.0,55.65,-0.52,2026-08-03,GM,3,44.0
127,56,Barnes,-,1706.31,39.56,1791.98,32.42,28.56,-2.38,223,41.0,163,32.0,59,9.0,1,0.0,73.09,1.11,2026-08-16,-,0,1287.0
128,107,bryanckh,SG,1706.05,64.58,1801.65,53.46,31.87,-3.71,185,42.0,134,35.0,51,7.0,0,0.0,72.43,3.2,2026-08-13,-,0,1262.0
129,-12,Phalanxx,US,1706.01,-7.0,1780.84,0.0,24.94,2.33,385,0.0,246,0.0,139,0.0,0,0.0,63.9,0.0,2026-05-26,-,0,95.0
130,5,Hisbossness,US,1705.9,4.65,1775.29,7.07,23.13,0.81,506,33.0,315,18.0,188,15.0,3,0.0,62.25,-0.54,2026-07-15,-,0,135.0
131,-24,mikechike,US,1705.12,-17.23,1813.39,-25.64,36.09,-2.8,141,21.0,94,9.0,46,12.0,1,0.0,66.67,-4.16,2026-07-25,-,0,480.0
132,84,condemor,-,1704.94,52.61,1891.69,-8.94,62.25,-20.52,60,23.0,50,18.0,10,5.0,0,0.0,83.33,-3.16,2026-08-08,-,0,-
133,-13,PlanarFreak,US,1704.11,-5.96,1770.91,-4.63,22.27,0.45,862,38.0,521,19.0,337,19.0,4,0.0,60.44,-0.48,2026-08-01,G,12,151.0
-,-,Sjir,NL,1703.67,-4.9,1821.75,0.0,39.36,1.63,610,0.0,367,0.0,239,0.0,4,0.0,60.16,0.0,2024-07-15,M,5,-
134,-9,Snucka,US,1703.22,-5.4,1802.79,0.0,33.19,1.8,253,0.0,167,0.0,84,0.0,2,0.0,66.01,0.0,2025-11-30,-,0,128.0
135,-13,gregt,-,1703.09,-6.26,1786.52,0.0,27.81,2.09,553,0.0,349,0.0,202,0.0,2,0.0,63.11,0.0,2026-05-21,P,4,321.0
136,-9,Cmacu,-,1702.35,-4.53,1814.38,0.0,37.34,1.51,186,0.0,121,0.0,64,0.0,1,0.0,65.05,0.0,2026-04-25,-,0,321.0
137,3,borz.zrob,HU,1702.29,3.83,1774.58,7.12,24.1,1.1,843,18.0,488,11.0,349,7.0,6,0.0,57.89,0.07,2026-07-24,P,4,85.0
138,-5,heisenberg_97,IT,1701.37,-0.54,1778.82,1.73,25.81,0.76,668,18.0,398,10.0,262,7.0,8,1.0,59.58,-0.11,2026-07-26,P,4,118.0
139,-27,WhateverParsley,-,1700.9,-18.88,1768.69,-17.33,22.6,0.52,893,39.0,519,14.0,371,25.0,3,0.0,58.12,-1.01,2026-07-27,P,12,106.0
140,11,jhutc,GB,1700.77,8.21,1766.89,6.64,22.04,-0.52,531,59.0,340,33.0,186,25.0,5,1.0,64.03,-1.01,2026-08-15,-,0,113.0
-,-,elo8000,-,1699.61,-2.85,1871.81,0.0,57.4,0.95,106,0.0,92,0.0,14,0.0,0,0.0,86.79,0.0,2024-10-13,-,0,1412.0
-,-,Bool,-,1699.24,-3.0,1864.38,0.0,55.05,1.0,87,0.0,59,0.0,28,0.0,0,0.0,67.82,0.0,2023-07-18,-,0,-
141,-2,Xterm,NO,1696.99,-2.92,1774.06,-0.21,25.69,0.9,714,18.0,436,9.0,274,9.0,4,0.0,61.06,-0.29,2026-07-17,G,10,167.0
-,-,Cyphen,US,1696.52,-3.56,1835.12,0.0,46.2,1.19,426,0.0,264,0.0,158,0.0,4,0.0,61.97,0.0,2023-09-03,GM,3,-
142,16,errliu,-,1696.38,10.27,1811.1,12.01,38.24,0.58,131,6.0,101,6.0,30,0.0,0,0.0,77.1,1.1,2026-08-03,-,0,619.0
143,0,WanderingWolf,AU,1696.26,1.02,1769.31,3.96,24.35,0.98,906,24.0,528,14.0,370,10.0,8,0.0,58.28,0.0,2026-08-04,M,1,115.0
144,-6,Gagic,CZ,1695.57,-4.58,1760.06,-0.21,21.5,1.46,872,32.0,497,16.0,372,16.0,3,0.0,57.0,-0.26,2026-08-19,G,5,73.0
145,-9,gomensky,CZ,1694.69,-6.41,1779.27,0.0,28.19,2.14,468,0.0,312,0.0,155,0.0,1,0.0,66.67,0.0,2026-05-29,G,2,96.0
146,-56,GerisNezus,LT,1694.59,-41.85,1784.96,-39.14,30.12,0.9,1099,75.0,651,33.0,438,42.0,10,0.0,59.24,-1.11,2026-08-30,P,3,45.0
147,-3,jonswar,US,1694.55,-0.07,1790.66,3.41,32.04,1.16,491,6.0,296,5.0,195,1.0,0,0.0,60.29,0.29,2026-08-08,M,1,514.0
148,8,Rob_Stedman,AU,1694.01,5.43,1758.15,9.95,21.38,1.51,1325,24.0,741,19.0,578,5.0,6,0.0,55.92,0.42,2026-07-31,M,1,122.0
149,73,GrandHedgehog,RU,1693.95,43.45,1787.43,31.13,31.16,-4.11,193,41.0,137,27.0,55,14.0,1,0.0,70.98,-1.39,2026-08-20,-,0,-
150,-5,daimx,-,1691.99,-2.28,1755.37,1.06,21.13,1.11,1144,41.0,619,19.0,521,22.0,4,0.0,54.11,-0.29,2026-08-16,P,4,63.0
-,-,MruczekW,PL,1691.98,-4.09,1812.72,0.0,40.25,1.36,206,0.0,154,0.0,51,0.0,1,0.0,74.76,0.0,2024-10-01,G,4,1245.0
151,-3,Straszyk,PL,1691.95,-1.62,1780.34,-0.84,29.46,0.26,377,15.0,218,7.0,157,8.0,2,0.0,57.82,-0.47,2026-07-14,G,4,179.0
152,-6,BelieveDream,-,1691.45,-2.67,1875.71,0.0,61.42,0.89,43,0.0,32,0.0,10,0.0,1,0.0,74.42,0.0,2025-11-10,-,0,130.0
-,-,Veikka,FI,1691.32,-4.33,1820.41,0.0,43.03,1.44,511,0.0,314,0.0,194,0.0,3,0.0,61.45,0.0,2023-11-15,P,10,-
153,34,Sonder.,-,1691.16,27.23,1812.33,12.93,40.39,-4.77,98,23.0,79,16.0,19,7.0,0,0.0,80.61,-3.39,2026-08-08,-,0,-
154,-2,Unterjochen,DE,1690.71,-0.48,1754.53,2.98,21.27,1.15,573,36.0,344,23.0,226,13.0,3,0.0,60.03,0.25,2026-08-31,-,0,100.0
-,-,WDD,CN,1689.57,-4.06,1811.16,0.0,40.53,1.35,140,0.0,89,0.0,49,0.0,2,0.0,63.57,0.0,2025-07-01,-,0,224.0
155,6,Obinger_Alphons,AT,1689.51,7.05,1759.35,8.0,23.28,0.31,459,37.0,287,24.0,169,13.0,3,0.0,62.53,0.21,2026-08-16,-,0,125.0
156,-15,Oprah,DK,1689.38,-7.14,1773.67,0.0,28.1,2.38,1038,0.0,614,0.0,419,0.0,5,0.0,59.15,0.0,2026-01-13,GM,2,60.0
157,24,Andiii,-,1688.23,19.99,1782.68,12.13,31.48,-2.62,200,30.0,125,13.0,74,17.0,1,0.0,62.5,-3.38,2026-08-20,-,0,662.0
-,-,Draculade,-,1687.57,-4.65,1804.51,0.0,38.98,1.55,482,0.0,312,0.0,166,0.0,4,0.0,64.73,0.0,2025-01-08,P,2,653.0
-,-,Olorin_,-,1687.34,-3.03,1848.92,0.0,53.86,1.01,148,0.0,109,0.0,38,0.0,1,0.0,73.65,0.0,2022-06-05,M,1,-
-,-,edan92,-,1687.33,-3.51,1830.63,0.0,47.77,1.17,386,0.0,252,0.0,131,0.0,3,0.0,65.28,0.0,2022-11-29,M,4,-
158,-1,DiddleySquat,BE,1687.14,-0.12,1755.77,3.38,22.88,1.17,914,24.0,539,12.0,369,12.0,6,0.0,58.97,-0.24,2026-08-31,GM,1,98.0
159,1,ben0728,KR,1686.73,3.6,1764.14,8.37,25.8,1.59,631,13.0,376,9.0,252,4.0,3,0.0,59.59,0.2,2026-08-12,-,0,19.0
160,-28,invalidName,NO,1686.54,-15.41,1795.24,-13.03,36.24,0.8,493,6.0,305,3.0,186,3.0,2,0.0,61.87,-0.14,2026-07-24,GM,2,-
161,-8,delonecarter,GB,1686.07,-5.0,1767.61,0.24,27.18,1.75,788,4.0,499,2.0,281,2.0,8,0.0,63.32,-0.07,2026-07-29,G,15,243.0
162,-12,Boyo,TW,1685.69,-7.29,1764.02,0.0,26.11,2.43,648,0.0,399,0.0,240,0.0,9,0.0,61.57,0.0,2026-04-01,G,2,54.0
163,-14,FreddyCrugerKiller,UA,1685.46,-7.95,1760.73,-5.1,25.09,0.95,912,18.0,495,7.0,407,10.0,10,1.0,54.28,-0.31,2026-07-14,M,6,164.0
164,-34,syras,-,1684.78,-18.46,1804.57,-19.98,39.93,-0.51,126,7.0,83,1.0,42,6.0,1,0.0,65.87,-3.04,2026-08-19,-,0,254.0
-,-,SnailZane,CN,1684.61,-5.04,1795.39,0.0,36.93,1.68,566,0.0,317,0.0,249,0.0,0,0.0,56.01,0.0,2025-03-03,M,6,757.0
165,0,brunoerwin,-,1684.51,4.33,1752.74,7.56,22.74,1.08,932,30.0,550,21.0,374,9.0,8,0.0,59.01,0.36,2026-08-07,P,2,119.0
166,16,Gyphon,DE,1684.27,16.7,1753.07,17.79,22.93,0.36,445,41.0,281,31.0,161,10.0,3,0.0,63.15,1.27,2026-08-23,-,0,104.0
-,-,Ktung,-,1683.42,-3.84,1818.23,0.0,44.94,1.28,390,0.0,239,0.0,150,0.0,1,0.0,61.28,0.0,2023-06-04,M,5,-
167,-3,funnytortoise,ID,1681.89,1.7,1755.98,6.66,24.7,1.65,1149,22.0,653,12.0,486,10.0,10,0.0,56.83,-0.05,2026-07-28,G,9,70.0
-,-,Fizi,GB,1681.14,-3.23,1837.83,0.0,52.23,1.08,154,0.0,90,0.0,61,0.0,3,0.0,58.44,0.0,2024-07-07,GM,3,-
168,-6,RudyRunner666,IT,1680.8,-0.43,1761.4,1.43,26.87,0.62,508,18.0,312,9.0,191,9.0,5,0.0,61.42,-0.42,2026-08-05,G,4,220.0
-,-,Bidenbaum,-,1680.39,-2.48,1878.69,0.0,66.1,0.83,68,0.0,60,0.0,8,0.0,0,0.0,88.24,0.0,2025-08-27,-,0,522.0
-,-,Hierostrafio,SE,1678.97,-3.2,1832.65,0.0,51.23,1.07,228,0.0,137,0.0,89,0.0,2,0.0,60.09,0.0,2022-05-28,GM,3,-
169,6,Zegs,-,1678.44,5.82,1757.78,4.05,26.45,-0.59,371,35.0,227,21.0,144,14.0,0,0.0,61.19,-0.12,2026-08-14,P,4,441.0
170,-4,NFGM,DE,1678.19,-0.82,1747.7,-0.23,23.17,0.2,361,41.0,226,23.0,129,18.0,6,0.0,62.6,-0.84,2026-08-10,-,0,306.0
171,-40,mlhibou,US,1677.73,-25.48,1798.11,-24.24,40.13,0.41,252,4.0,166,0.0,86,4.0,0,0.0,65.87,-1.07,2026-07-28,GM,1,-
-,-,mm34nn,CN,1677.1,-3.07,1837.55,0.0,53.48,1.02,178,0.0,107,0.0,69,0.0,2,0.0,60.11,0.0,2022-03-06,M,4,-
172,-2,Kimmo,FI,1677.05,1.15,1740.18,4.89,21.04,1.25,1592,45.0,838,28.0,740,16.0,14,1.0,52.64,0.28,2026-08-10,GM,1,124.0
173,-31,Praetorianer,DE,1675.45,-20.94,1739.6,-17.38,21.38,1.19,1737,50.0,905,19.0,821,31.0,11,0.0,52.1,-0.42,2026-08-16,GM,1,33.0
174,-2,Romendil,IT,1674.83,-0.36,1752.31,1.83,25.83,0.73,557,18.0,332,10.0,219,8.0,6,0.0,59.61,-0.13,2026-07-24,G,12,229.0
175,-12,vaLfizzL,DE,1673.55,-6.78,1758.13,0.0,28.19,2.26,1028,0.0,570,0.0,453,0.0,5,0.0,55.45,0.0,2025-11-30,M,4,109.0
-,-,FoLKeN91,FR,1672.38,-4.7,1785.95,0.0,37.85,1.57,372,0.0,234,0.0,134,0.0,4,0.0,62.9,0.0,2025-05-14,M,2,578.0
176,-22,Reenter73,-,1672.37,-18.64,1754.51,-16.08,27.38,0.85,895,18.0,520,6.0,367,12.0,8,0.0,58.1,-0.51,2026-08-02,M,5,154.0
-,-,Japhet,US,1670.47,-2.47,1871.29,0.0,66.94,0.82,98,0.0,70,0.0,28,0.0,0,0.0,71.43,0.0,2020-11-21,P,2,-
177,-10,GerionLannister,CZ,1670.44,-6.06,1757.27,0.0,28.94,2.02,265,0.0,180,0.0,85,0.0,0,0.0,67.92,0.0,2026-04-27,-,0,231.0
-,-,qyi,-,1670.08,-2.51,1865.37,0.0,65.1,0.84,96,0.0,74,0.0,22,0.0,0,0.0,77.08,0.0,2021-03-02,P,4,-
178,-23,DyziK,PL,1670.07,-19.99,1758.9,-19.36,29.61,0.21,223,15.0,146,2.0,76,13.0,1,0.0,65.47,-3.76,2026-07-18,-,0,319.0
-,-,Straalberg,NO,1668.94,-3.11,1829.03,0.0,53.36,1.04,120,0.0,87,0.0,33,0.0,0,0.0,72.5,0.0,2023-08-21,G,4,-
179,74,Technicolourism,CA,1668.59,36.63,1780.7,31.18,37.37,-1.82,120,15.0,74,9.0,45,6.0,1,0.0,61.67,-0.23,2026-07-11,-,0,662.0
180,-7,ciufile,-,1668.06,-6.44,1750.64,0.0,27.53,2.15,280,0.0,179,0.0,98,0.0,3,0.0,63.93,0.0,2026-05-31,-,0,163.0
-,-,Shorty55,-,1667.28,-3.2,1829.94,0.0,54.22,1.07,235,0.0,159,0.0,74,0.0,2,0.0,67.66,0.0,2022-05-31,M,3,-
181,-7,ed_vins,LV,1667.19,-6.54,1734.89,-2.2,22.57,1.45,864,41.0,531,20.0,326,21.0,7,0.0,61.46,-0.63,2026-08-13,-,0,114.0
182,-3,laozhou,-,1667.12,-2.77,1844.84,0.0,59.24,0.92,45,0.0,37,0.0,8,0.0,0,0.0,82.22,0.0,2026-03-23,-,0,-
183,-24,Ristey,GB,1667.04,-16.84,1735.27,-10.77,22.74,2.02,1308,22.0,737,6.0,556,13.0,15,3.0,56.35,-0.49,2026-08-04,P,3,52.0
184,-7,Demetrius,UA,1665.78,-4.9,1767.74,0.0,33.99,1.63,241,0.0,152,0.0,89,0.0,0,0.0,63.07,0.0,2025-11-21,-,0,236.0
-,-,Ronnan,-,1665.1,-2.97,1831.18,0.0,55.36,0.99,90,0.0,56,0.0,34,0.0,0,0.0,62.22,0.0,2023-05-14,P,2,-
185,-7,Arcee,-,1664.78,-5.57,1748.31,-2.04,27.85,1.18,517,11.0,292,4.0,223,7.0,2,0.0,56.48,-0.44,2026-08-17,M,2,184.0
186,51,FenPlays,RU,1664.33,23.24,1731.78,25.24,22.48,0.67,542,41.0,337,31.0,200,10.0,5,0.0,62.18,1.1,2026-08-23,-,0,221.0
187,-7,Kloef,-,1664.17,-5.15,1760.26,0.0,32.03,1.72,207,0.0,136,0.0,68,0.0,3,0.0,65.7,0.0,2026-05-31,-,0,922.0
188,206,xYotsuba,-,1663.71,106.59,1814.51,50.89,50.27,-18.57,65,33.0,57,28.0,8,5.0,0,0.0,87.69,-2.93,2026-08-17,-,0,-
-,-,Chuckles_the_second,-,1662.24,-3.96,1797.49,0.0,45.08,1.32,245,0.0,159,0.0,83,0.0,3,0.0,64.9,0.0,2023-12-03,M,1,-
189,35,MindKillazz,CA,1662.01,12.58,1732.93,16.73,23.64,1.38,712,23.0,404,18.0,304,5.0,4,0.0,56.74,0.72,2026-08-17,P,2,134.0
190,-6,LittleBob,TW,1661.83,-4.19,1730.95,-0.86,23.04,1.11,1071,25.0,586,13.0,479,11.0,6,1.0,54.72,-0.06,2026-08-08,P,14,68.0
191,-5,Shmu,-,1660.88,-3.82,1790.03,0.0,43.05,1.27,100,0.0,70,0.0,30,0.0,0,0.0,70.0,0.0,2026-05-26,-,0,578.0
-,-,frotes,US,1660.21,-3.33,1823.77,0.0,54.52,1.11,366,0.0,211,0.0,150,0.0,5,0.0,57.65,0.0,2021-12-05,GM,5,-
192,7,roverandom,HR,1659.73,0.89,1724.48,4.61,21.58,1.24,1334,41.0,748,25.0,580,15.0,6,1.0,56.07,0.15,2026-08-11,P,10,121.0
193,-24,Dread_84,DE,1659.59,-16.43,1732.74,-19.07,24.38,-0.88,313,46.0,193,16.0,119,29.0,1,1.0,61.66,-4.63,2026-08-21,-,0,384.0
-,-,Zulda,-,1659.55,-3.2,1816.6,0.0,52.35,1.07,186,0.0,113,0.0,68,0.0,5,0.0,60.75,0.0,2022-05-23,M,1,-
194,7,Masox,DE,1659.31,0.79,1718.71,2.62,19.8,0.61,1307,56.0,737,30.0,558,26.0,12,0.0,56.39,-0.12,2026-08-20,P,2,92.0
195,0,t0mk0t,-,1659.28,-1.68,1760.8,1.31,33.84,1.0,207,6.0,143,5.0,61,1.0,3,0.0,69.08,0.42,2026-08-09,-,0,690.0
196,-5,jRune,-,1659.23,-3.73,1749.93,-6.89,30.23,-1.05,445,24.0,263,12.0,178,12.0,4,0.0,59.1,-0.52,2026-08-09,P,6,327.0
197,43,Gavatron,CA,1659.12,19.21,1730.84,20.67,23.91,0.49,1244,37.0,664,24.0,570,13.0,10,0.0,53.38,0.36,2026-07-29,P,3,155.0
198,10,maxolino,IT,1658.6,2.79,1726.01,6.45,22.47,1.22,983,24.0,573,15.0,403,9.0,7,0.0,58.29,0.1,2026-08-02,G,6,140.0
199,-31,holy834,CN,1658.45,-18.05,1720.66,-15.38,20.74,0.89,632,56.0,364,24.0,265,32.0,3,0.0,57.59,-1.44,2026-08-10,-,0,146.0
-,-,ArtPlay,FR,1658.35,-3.74,1789.18,0.0,43.61,1.25,295,0.0,189,0.0,104,0.0,2,0.0,64.07,0.0,2023-11-15,P,4,-
200,-8,SwaulgustusCaesar,-,1658.03,-4.23,1791.96,-13.52,44.64,-3.1,80,13.0,50,7.0,29,6.0,1,0.0,62.5,-1.68,2026-08-13,-,0,-
-,-,DJLAODIE,CN,1657.63,-4.49,1771.01,0.0,37.79,1.5,236,0.0,143,0.0,87,0.0,6,0.0,60.59,0.0,2025-07-02,-,0,340.0
201,-5,WowaduHek,-,1657.29,-3.37,1804.66,0.0,49.12,1.12,72,0.0,50,0.0,21,0.0,1,0.0,69.44,0.0,2026-05-12,-,0,318.0
202,-31,kevinsbane,-,1657.22,-18.26,1773.52,-41.04,38.76,-7.59,101,32.0,66,14.0,34,18.0,1,0.0,65.35,-10.01,2026-08-10,-,0,-
203,-6,Jorrig,CH,1656.91,-3.38,1736.22,-0.45,26.44,0.98,965,21.0,516,11.0,439,10.0,10,0.0,53.47,-0.03,2026-07-16,M,1,79.0
-,-,chumchu,-,1656.73,-3.27,1808.58,0.0,50.62,1.09,184,0.0,95,0.0,89,0.0,0,0.0,51.63,0.0,2024-02-06,-,0,-
204,-14,speedstone,PL,1655.89,-7.15,1737.78,-1.55,27.3,1.87,396,3.0,231,2.0,159,1.0,6,0.0,58.33,0.06,2026-06-27,-,0,108.0
-,-,shpand,-,1655.63,-3.21,1809.69,0.0,51.35,1.07,92,0.0,67,0.0,25,0.0,0,0.0,72.83,0.0,2024-10-31,-,0,-
205,23,TorbenOfHerpes,DE,1654.32,11.91,1729.99,9.12,25.22,-0.93,290,41.0,189,24.0,99,17.0,2,0.0,65.17,-1.1,2026-08-11,-,0,622.0
206,-8,OlaWictorin,SE,1653.6,-6.66,1739.96,0.0,28.79,2.22,417,0.0,264,0.0,147,0.0,6,0.0,63.31,0.0,2026-05-26,G,3,150.0
207,14,MidnightFox,SE,1653.49,2.91,1725.36,4.95,23.96,0.68,526,31.0,306,16.0,215,14.0,5,1.0,58.17,-0.42,2026-08-12,G,2,62.0
208,-23,occupied,-,1653.48,-11.56,1731.69,-8.92,26.07,0.88,869,18.0,499,9.0,364,9.0,6,0.0,57.42,-0.16,2026-07-20,M,2,161.0
209,-3,Balan,CN,1653.24,-2.67,1837.52,0.0,61.43,0.89,44,0.0,37,0.0,7,0.0,0,0.0,84.09,0.0,2026-05-07,-,0,1051.0
210,35,richardhell,UA,1652.12,14.38,1731.47,14.46,26.45,0.03,359,28.0,227,19.0,129,8.0,3,1.0,63.23,0.39,2026-08-14,-,0,214.0
211,4,fugg,US,1652.1,-0.33,1732.52,6.32,26.81,2.22,748,6.0,452,6.0,291,0.0,5,0.0,60.43,0.32,2026-07-27,G,2,473.0
212,50,JCleek,US,1651.64,28.01,1744.45,25.78,30.94,-0.74,576,18.0,294,13.0,280,5.0,2,0.0,51.04,0.68,2026-07-16,M,2,570.0
213,23,Aruta,-,1651.46,10.23,1749.32,7.34,32.62,-0.96,177,18.0,122,13.0,55,5.0,0,0.0,68.93,0.38,2026-07-19,-,0,711.0
214,-10,HeirOfValyria,-,1650.72,-6.49,1727.46,-1.41,25.58,1.69,771,11.0,428,5.0,332,6.0,11,0.0,55.51,-0.15,2026-08-21,P,14,190.0
215,-22,belowfox,CN,1650.54,-11.56,1719.1,-10.04,22.85,0.51,417,37.0,257,20.0,158,17.0,2,0.0,61.63,-0.74,2026-08-09,-,0,155.0
216,13,Nightvayne,CH,1650.37,8.0,1720.31,10.56,23.32,0.86,774,30.0,443,19.0,324,10.0,7,1.0,57.24,0.25,2026-08-09,G,5,127.0
217,-5,fathope,SK,1650.13,-4.58,1714.94,-0.95,21.6,1.21,1137,31.0,640,18.0,486,12.0,11,1.0,56.29,0.05,2026-08-16,P,2,168.0
218,-4,PacificKonradin,-,1649.56,-3.91,1777.27,0.0,42.57,1.3,183,0.0,135,0.0,46,0.0,2,0.0,73.77,0.0,2025-09-23,-,0,711.0
-,-,BeatrixAnd,PL,1648.74,-4.41,1764.27,0.0,38.51,1.47,196,0.0,148,0.0,46,0.0,2,0.0,75.51,0.0,2025-05-20,-,0,194.0
219,-19,Olesch,DE,1648.69,-10.07,1722.1,-6.12,24.47,1.32,897,18.0,511,8.0,378,10.0,8,0.0,56.97,-0.25,2026-08-08,P,2,207.0
220,-7,FunkyLere,-,1648.01,-6.51,1727.58,-1.24,26.52,1.76,466,5.0,271,2.0,191,3.0,4,0.0,58.15,-0.2,2026-06-19,G,8,259.0
221,-3,madrabbit,-,1646.84,-4.87,1755.14,0.0,36.1,1.62,328,0.0,193,0.0,135,0.0,0,0.0,58.84,0.0,2025-10-24,P,2,552.0
222,22,Budde,DE,1646.55,7.73,1717.91,6.87,23.78,-0.29,363,46.0,233,25.0,130,21.0,0,0.0,64.19,-1.43,2026-07-30,-,0,352.0
-,-,devilchn,-,1646.44,-3.66,1782.4,0.0,45.32,1.22,114,0.0,84,0.0,30,0.0,0,0.0,73.68,0.0,2025-07-28,-,0,496.0
223,8,Skaiwalker,CZ,1646.38,4.46,1722.36,8.57,25.33,1.37,947,18.0,534,13.0,405,4.0,8,1.0,56.39,0.31,2026-07-19,M,2,141.0
224,-21,Aranwar,IL,1646.35,-11.02,1723.06,-8.51,25.57,0.84,904,21.0,509,9.0,386,12.0,9,0.0,56.31,-0.32,2026-08-04,P,12,252.0
225,-14,Boristina,US,1646.29,-8.46,1743.98,-5.25,32.56,1.07,177,6.0,120,3.0,55,2.0,2,1.0,67.8,-0.62,2026-08-04,-,0,372.0
226,8,Dvale112,US,1645.54,3.99,1714.64,8.48,23.03,1.5,999,24.0,562,18.0,426,6.0,11,0.0,56.26,0.47,2026-07-29,G,12,148.0
227,-39,MiloslavIII,CA,1645.28,-18.23,1749.18,-23.89,34.63,-1.89,138,21.0,73,6.0,64,15.0,1,0.0,52.9,-4.36,2026-07-25,-,0,398.0
228,-19,ElChupacabra,MK,1644.77,-10.44,1721.64,0.0,25.62,3.48,797,0.0,446,0.0,344,0.0,7,0.0,55.96,0.0,2026-04-22,M,1,42.0
229,-6,PhiTrigger,US,1644.14,-6.18,1712.93,-1.83,22.93,1.45,1621,31.0,819,15.0,792,16.0,10,0.0,50.52,-0.05,2026-08-02,M,7,102.0
230,25,LeonidasI,-,1644.12,13.45,1709.42,16.49,21.77,1.01,853,35.0,490,26.0,358,9.0,5,0.0,57.44,0.72,2026-08-31,-,0,107.0
231,19,MartinW,DE,1643.72,9.97,1712.37,11.97,22.88,0.67,924,34.0,533,20.0,388,14.0,3,0.0,57.68,0.04,2026-07-31,G,4,132.0
232,-7,arDKee,-,1643.64,-4.06,1722.93,-6.96,26.43,-0.97,260,33.0,170,14.0,88,18.0,2,1.0,65.38,-3.34,2026-07-27,-,0,589.0
-,-,Raistlin3m,IT,1643.42,-4.84,1757.65,0.0,38.08,1.61,566,0.0,319,0.0,241,0.0,6,0.0,56.36,0.0,2024-10-01,M,2,-
233,63,zcx,-,1642.91,35.26,1857.27,-1.6,71.45,-12.29,32,7.0,23,4.0,9,3.0,0,0.0,71.88,-4.12,2026-08-16,-,0,1178.0
-,-,Toper,US,1642.75,-2.32,1855.61,0.0,70.95,0.77,90,0.0,57,0.0,32,0.0,1,0.0,63.33,0.0,2019-08-22,-,0,-
-,-,Bram,-,1642.42,-3.67,1779.83,0.0,45.8,1.22,321,0.0,178,0.0,141,0.0,2,0.0,55.45,0.0,2023-06-06,M,3,-
-,-,Musan,US,1642.19,-5.39,1742.35,0.0,33.39,1.8,730,0.0,458,0.0,270,0.0,2,0.0,62.74,0.0,2025-04-12,P,4,291.0
-,-,gorozei-12ans,CH,1641.91,-3.5,1786.12,0.0,48.07,1.17,190,0.0,127,0.0,63,0.0,0,0.0,66.84,0.0,2023-06-06,G,2,-
235,-59,Kharny,GB,1641.54,-30.66,1750.32,-38.18,36.26,-2.51,127,21.0,79,6.0,47,15.0,1,0.0,62.2,-6.67,2026-07-22,-,0,757.0
234,-29,Flackk,BG,1641.54,-15.39,1708.42,-11.16,22.29,1.41,961,33.0,527,14.0,426,19.0,8,0.0,54.84,-0.44,2026-07-23,P,5,47.0
236,18,eggmancs,GB,1641.37,9.67,1719.11,10.14,25.91,0.16,460,33.0,267,22.0,191,10.0,2,1.0,58.04,0.66,2026-08-31,-,0,191.0
237,-4,Garlett,-,1641.33,-0.27,1731.06,3.66,29.91,1.31,478,7.0,290,5.0,188,2.0,0,0.0,60.67,0.16,2026-08-16,P,4,389.0
238,-21,Flower4,-,1640.14,-11.83,1754.34,-17.03,38.07,-1.73,132,15.0,93,7.0,38,8.0,1,0.0,70.45,-3.05,2026-08-31,-,0,931.0
-,-,mushan,CN,1639.78,-3.84,1777.72,0.0,45.98,1.28,252,0.0,139,0.0,109,0.0,4,0.0,55.16,0.0,2025-03-03,GM,1,558.0
239,-12,Dragonite,US,1639.77,-4.39,1704.34,-0.47,21.52,1.3,1095,34.0,624,19.0,460,15.0,11,0.0,56.99,-0.03,2026-08-10,G,4,181.0
-,-,Isaia,KR,1639.73,-4.43,1776.26,0.0,45.51,1.48,312,0.0,199,0.0,111,0.0,2,0.0,63.78,0.0,2024-02-23,M,3,-
-,-,TBow,-,1639.63,-2.64,1826.63,0.0,62.33,0.88,94,0.0,70,0.0,23,0.0,1,0.0,74.47,0.0,2023-02-25,P,2,-
-,-,Mad_Tyrion,IT,1639.17,-2.03,1880.84,0.0,80.55,0.68,66,0.0,63,0.0,3,0.0,0,0.0,95.45,0.0,2022-09-04,-,0,-
-,-,Vorbrock,-,1638.81,-5.24,1741.13,0.0,34.11,1.75,459,0.0,243,0.0,211,0.0,5,0.0,52.94,0.0,2025-07-13,P,12,247.0
240,1,ElKhan,CL,1638.29,-1.27,1700.59,2.21,20.77,1.16,1419,45.0,773,26.0,637,19.0,9,0.0,54.47,0.1,2026-08-12,G,10,160.0
-,-,kuchjir,CZ,1637.98,-3.05,1810.31,0.0,57.45,1.02,258,0.0,157,0.0,100,0.0,1,0.0,60.85,0.0,2021-05-07,GM,2,-
242,-4,Beowls,-,1636.55,-4.28,1752.62,0.0,38.69,1.43,125,0.0,72,0.0,52,0.0,1,0.0,57.6,0.0,2026-05-14,-,0,321.0
241,-11,flaminghito,-,1636.55,-5.7,1729.83,0.0,31.09,1.9,540,0.0,303,0.0,236,0.0,1,0.0,56.11,0.0,2026-05-31,P,8,913.0
-,-,vermiliondk,-,1636.19,-2.9,1805.73,0.0,56.51,0.97,60,0.0,36,0.0,24,0.0,0,0.0,60.0,0.0,2024-07-15,-,0,-
-,-,VikingLeif,-,1635.41,-4.11,1760.09,0.0,41.56,1.37,425,0.0,245,0.0,179,0.0,1,0.0,57.65,0.0,2024-01-05,P,8,-
243,3,LJSHUEN,-,1634.25,-2.82,1746.78,-14.32,37.51,-3.83,116,21.0,68,9.0,47,12.0,1,0.0,58.62,-3.49,2026-07-22,-,0,662.0
-,-,rasattack,-,1632.74,-3.08,1795.29,0.0,54.18,1.03,93,0.0,70,0.0,23,0.0,0,0.0,75.27,0.0,2024-07-01,-,0,-
244,-24,CouchKing,PK,1632.19,-18.45,1699.33,-14.88,22.38,1.19,1207,34.0,662,11.0,530,18.0,15,5.0,54.85,-0.65,2026-08-13,P,2,99.0
245,-13,Rajeev,-,1632.13,-9.75,1707.89,-9.89,25.25,-0.05,398,39.0,241,21.0,154,18.0,3,0.0,60.55,-0.73,2026-08-17,G,1,129.0
246,19,Sunmaster14_LV,LV,1631.46,9.16,1695.96,12.62,21.5,1.15,1550,41.0,828,25.0,707,16.0,15,0.0,53.42,0.21,2026-08-22,P,6,137.0
247,-8,maiquelPS,ES,1631.34,-9.0,1708.45,0.0,25.7,3.0,971,0.0,516,0.0,452,0.0,3,0.0,53.14,0.0,2026-05-31,P,15,76.0
248,1,poikai2,-,1630.86,-3.42,1763.08,-36.25,44.07,-10.94,87,28.0,54,12.0,33,16.0,0,0.0,62.07,-9.12,2026-08-18,-,0,-
-,-,Anderkent,PL,1630.65,-3.45,1775.47,0.0,48.27,1.15,206,0.0,143,0.0,62,0.0,1,0.0,69.42,0.0,2023-04-16,G,4,-
-,-,Lothar,US,1630.57,-5.39,1740.53,0.0,36.65,1.8,568,0.0,343,0.0,224,0.0,1,0.0,60.39,0.0,2025-07-05,G,6,509.0
-,-,xRen1101,LT,1630.49,-3.3,1779.97,0.0,49.83,1.1,260,0.0,179,0.0,79,0.0,2,0.0,68.85,0.0,2023-06-06,P,4,-
-,-,JeJenan,KR,1630.47,-3.61,1768.38,0.0,45.97,1.2,284,0.0,169,0.0,115,0.0,0,0.0,59.51,0.0,2024-01-05,G,12,-
249,215,MysteriousWizard,-,1630.06,103.62,1798.53,67.44,56.16,-12.06,48,18.0,43,17.0,5,1.0,0,0.0,89.58,2.91,2026-07-17,-,0,-
250,2,ImmoDoP,-,1629.37,-2.87,1800.57,0.0,57.07,0.96,48,0.0,34,0.0,14,0.0,0,0.0,70.83,0.0,2026-05-13,-,0,-
251,88,J0hnny_Utah7,CA,1629.1,41.99,1734.55,39.23,35.15,-0.92,191,15.0,130,10.0,60,5.0,1,0.0,68.06,-0.12,2026-07-10,-,0,989.0
252,-10,maunzzz,SE,1628.58,-10.44,1692.44,-10.31,21.29,0.04,558,60.0,318,28.0,234,32.0,6,0.0,56.99,-1.24,2026-08-11,-,0,162.0
253,8,Sakic19,HU,1628.43,3.08,1695.77,5.12,22.45,0.68,445,41.0,270,27.0,169,14.0,6,0.0,60.67,0.52,2026-08-10,-,0,285.0
254,-28,CrownKiller,KR,1625.73,-19.44,1696.42,-15.97,23.56,1.16,623,23.0,370,8.0,251,15.0,2,0.0,59.39,-0.94,2026-08-18,G,2,213.0
-,-,SuperDon,-,1625.73,-1.49,1955.31,0.0,109.86,0.5,16,0.0,13,0.0,3,0.0,0,0.0,81.25,0.0,2022-03-01,-,0,-
-,-,CarloPedersoli,-,1625.62,-4.24,1748.33,0.0,40.9,1.41,174,0.0,119,0.0,54,0.0,1,0.0,68.39,0.0,2025-02-27,G,4,987.0
255,new,Sun_Zoo,-,1625.18,1175.18,1835.13,335.13,69.98,69.98,28,28.0,27,27.0,1,1.0,0,0.0,96.43,96.43,2026-08-02,-,0,-
256,2,SuperHans,-,1625.03,-1.49,1724.93,-1.51,33.3,-0.01,189,12.0,119,7.0,69,5.0,1,0.0,62.96,-0.32,2026-08-06,-,0,589.0
257,42,northlynx,DE,1624.54,18.47,1768.93,-18.31,48.13,-12.26,68,25.0,52,16.0,16,9.0,0,0.0,76.47,-7.25,2026-08-13,-,0,-
258,-39,snakilan,-,1623.24,-27.48,1748.07,-39.14,41.61,-3.89,110,25.0,79,16.0,30,9.0,1,0.0,71.82,-2.3,2026-08-25,-,0,-
-,-,ducky1,-,1623.09,-2.73,1804.71,0.0,60.54,0.91,75,0.0,51,0.0,24,0.0,0,0.0,68.0,0.0,2023-08-03,-,0,-
259,29,Composaurus,-,1622.99,11.41,1740.95,11.68,39.32,0.09,112,6.0,67,5.0,45,1.0,0,0.0,59.82,1.33,2026-08-08,-,0,578.0
260,21,Paolol65,FR,1622.95,6.66,1786.94,2.89,54.66,-1.25,64,6.0,52,5.0,11,1.0,1,0.0,81.25,0.22,2026-07-27,-,0,1271.0
261,-4,Shergar,GB,1622.64,-4.18,1741.11,0.0,39.49,1.39,106,0.0,66,0.0,38,0.0,2,0.0,62.26,0.0,2026-05-20,-,0,757.0
-,-,otis,-,1621.63,-2.92,1790.2,0.0,56.19,0.97,60,0.0,40,0.0,20,0.0,0,0.0,66.67,0.0,2025-05-04,-,0,578.0
-,-,tomaszchwiszczuk,-,1621.14,-3.01,1784.59,0.0,54.48,1.0,174,0.0,109,0.0,62,0.0,3,0.0,62.64,0.0,2022-03-06,P,4,-
262,-11,Vangelisb,GR,1620.66,-13.0,1686.05,-9.32,21.8,1.23,981,31.0,561,14.0,413,17.0,7,0.0,57.19,-0.39,2026-08-21,G,6,142.0
263,-4,Rhizom,-,1620.18,-5.77,1705.51,0.0,28.44,1.92,726,0.0,380,0.0,341,0.0,5,0.0,52.34,0.0,2025-11-30,P,2,144.0
264,26,jacksonray,-,1619.79,9.68,1692.8,10.97,24.34,0.43,398,31.0,245,19.0,146,11.0,7,1.0,61.56,-0.02,2026-08-09,-,0,491.0
265,5,daggsea,CN,1619.33,-2.1,1697.6,-2.92,26.09,-0.27,288,31.0,169,16.0,119,15.0,0,0.0,58.68,-0.85,2026-08-16,-,0,304.0
266,1,St-Amadeus,CA,1619.17,-2.87,1685.52,1.1,22.12,1.32,1382,37.0,757,23.0,617,14.0,8,0.0,54.78,0.21,2026-08-09,P,4,199.0
267,-11,flutter,US,1619.1,-9.53,1687.74,-6.78,22.88,0.92,714,31.0,401,15.0,304,16.0,9,0.0,56.16,-0.36,2026-08-10,P,2,172.0
268,7,Kor,BE,1618.7,-0.19,1695.84,0.64,25.71,0.28,321,25.0,185,15.0,135,10.0,1,0.0,57.63,0.2,2026-08-21,-,0,251.0
269,88,Pavnco,-,1618.35,39.49,1750.84,29.02,44.16,-3.49,81,14.0,53,12.0,28,2.0,0,0.0,65.43,4.24,2026-08-31,-,0,-
270,-10,Watlersen,-,1618.1,-7.68,1689.17,-4.05,23.69,1.21,433,25.0,253,15.0,177,10.0,3,0.0,58.43,0.1,2026-08-11,-,0,195.0
271,-5,mzotkiew,-,1618.06,-4.04,1740.64,0.0,40.86,1.35,130,0.0,92,0.0,38,0.0,0,0.0,70.77,0.0,2026-05-24,-,0,-
272,1,LordPeter,-,1618.03,-1.54,1699.02,0.21,27.0,0.58,499,18.0,277,7.0,217,11.0,5,0.0,55.51,-0.62,2026-07-22,G,8,204.0
-,-,Foolio,-,1618.0,-3.35,1770.27,0.0,50.76,1.12,228,0.0,138,0.0,89,0.0,1,0.0,60.53,0.0,2022-09-04,M,2,-
273,22,Slender,-,1617.47,9.64,1722.48,3.26,35.0,-2.12,222,18.0,138,8.0,82,10.0,2,0.0,62.16,-1.57,2026-08-04,G,6,1054.0
-,-,keizerCarel,-,1617.05,-3.4,1764.37,0.0,49.11,1.13,81,0.0,63,0.0,18,0.0,0,0.0,77.78,0.0,2025-03-20,-,0,684.0
274,44,Mkucharz,CA,1616.79,16.92,1714.03,17.35,32.41,0.14,203,12.0,123,10.0,77,2.0,3,0.0,60.59,1.43,2026-08-05,-,0,452.0
275,-1,ruby_buby,US,1616.66,-2.23,1698.04,1.87,27.13,1.37,340,10.0,201,6.0,136,4.0,3,0.0,59.12,0.03,2026-08-13,-,0,174.0
276,-8,Tharkis,-,1616.51,-5.49,1723.42,0.0,35.64,1.83,315,0.0,169,0.0,145,0.0,1,0.0,53.65,0.0,2026-05-20,P,2,1060.0
277,-14,ChampDeGlace,DE,1614.26,-8.38,1681.17,-6.11,22.3,0.76,812,35.0,489,19.0,315,16.0,8,0.0,60.22,-0.27,2026-08-13,G,1,188.0
278,-7,Adamez,PL,1614.13,-6.22,1696.65,-5.15,27.51,0.36,386,19.0,223,9.0,160,10.0,3,0.0,57.77,-0.54,2026-08-11,-,0,192.0
279,new,Kroplasowy,-,1614.08,1164.08,1841.88,341.88,75.93,75.93,26,26.0,21,21.0,5,5.0,0,0.0,80.77,80.77,2026-08-31,-,0,-
-,-,lukaszt,-,1613.98,-3.27,1767.38,0.0,51.13,1.09,226,0.0,161,0.0,64,0.0,1,0.0,71.24,0.0,2023-10-22,M,1,-
280,-1,Naleenae,BE,1613.73,-3.97,1738.14,0.0,41.47,1.32,126,0.0,75,0.0,50,0.0,1,0.0,59.52,0.0,2026-03-05,-,0,757.0
281,13,Trond79,-,1613.61,5.44,1705.54,-7.07,30.64,-4.17,205,41.0,142,22.0,61,18.0,2,1.0,69.27,-3.9,2026-08-11,-,0,1262.0
282,11,vitek,-,1613.24,4.13,1701.85,8.61,29.54,1.49,544,6.0,301,6.0,235,0.0,8,0.0,55.33,0.5,2026-07-25,G,18,246.0
-,-,Allmrak,-,1612.5,-2.55,1806.21,0.0,64.57,0.85,91,0.0,71,0.0,20,0.0,0,0.0,78.02,0.0,2024-08-11,-,0,-
-,-,JoyBoy,TH,1612.3,-4.25,1728.6,0.0,38.77,1.42,309,0.0,207,0.0,102,0.0,0,0.0,66.99,0.0,2024-09-04,G,4,-
283,-36,Amorin,ES,1612.15,-23.5,1686.06,-18.78,24.63,1.57,1057,16.0,580,4.0,470,11.0,7,1.0,54.87,-0.46,2026-08-13,-,0,212.0
-,-,Fayebian,-,1612.05,-4.06,1736.24,0.0,41.4,1.35,231,0.0,137,0.0,93,0.0,1,0.0,59.31,0.0,2025-08-01,G,2,398.0
-,-,slig123,US,1611.29,-2.88,1781.71,0.0,56.8,0.96,226,0.0,146,0.0,77,0.0,3,0.0,64.6,0.0,2021-02-07,GM,2,-
-,-,Jans,PL,1611.2,-3.64,1745.79,0.0,44.86,1.21,154,0.0,106,0.0,48,0.0,0,0.0,68.83,0.0,2024-09-15,-,0,-
284,-95,jingjing123,CN,1610.88,-52.27,1682.61,-43.06,23.91,3.07,835,32.0,466,3.0,352,25.0,17,4.0,55.81,-1.85,2026-08-12,-,0,147.0
285,-3,AxelKlaar,-,1610.41,-4.63,1716.6,0.0,35.39,1.54,174,0.0,113,0.0,61,0.0,0,0.0,64.94,0.0,2026-05-16,-,0,448.0
286,-38,Jonny125,RU,1610.39,-24.24,1677.52,-20.4,22.38,1.28,1318,30.0,716,11.0,591,19.0,11,0.0,54.32,-0.42,2026-08-02,P,2,173.0
-,-,Lloydinspace100,-,1610.38,-5.52,1712.62,0.0,34.08,1.84,826,0.0,456,0.0,363,0.0,7,0.0,55.21,0.0,2025-05-31,G,10,555.0
287,13,kenchan,HK,1610.11,5.26,1676.07,7.7,21.99,0.81,1255,42.0,675,20.0,569,21.0,11,1.0,53.78,-0.22,2026-08-15,G,8,170.0
288,-16,Firedart,GB,1609.79,-10.1,1681.76,-4.83,23.99,1.76,1741,45.0,939,25.0,790,20.0,12,0.0,53.93,0.04,2026-08-24,P,6,86.0
-,-,JohnnyD144,-,1609.63,-2.32,1822.2,0.0,70.86,0.77,78,0.0,68,0.0,10,0.0,0,0.0,87.18,0.0,2022-03-06,-,0,-
289,-3,mrcy,HU,1609.55,-2.67,1698.33,-3.38,29.59,-0.24,214,21.0,131,9.0,83,12.0,0,0.0,61.21,-2.0,2026-08-01,-,0,726.0
290,19,Jiffy,HK,1609.49,6.73,1712.34,7.52,34.28,0.26,177,8.0,112,5.0,62,3.0,3,0.0,63.28,-0.03,2026-07-29,-,0,351.0
-,-,Naval,-,1609.42,-3.05,1771.55,0.0,54.05,1.02,87,0.0,66,0.0,21,0.0,0,0.0,75.86,0.0,2025-03-21,-,0,805.0
-,-,ChrisTher,-,1609.35,-4.72,1720.39,0.0,37.01,1.57,274,0.0,161,0.0,111,0.0,2,0.0,58.76,0.0,2025-07-29,G,2,551.0
-,-,mlaticka_martanek,-,1609.19,-3.0,1772.98,0.0,54.6,1.0,72,0.0,46,0.0,24,0.0,2,0.0,63.89,0.0,2024-05-25,G,6,-
291,-11,Gelato,DE,1609.14,-8.35,1681.8,-4.05,24.22,1.43,483,17.0,279,7.0,198,8.0,6,2.0,57.76,-0.61,2026-08-12,-,0,153.0
-,-,Covfefe,US,1609.07,-4.04,1735.47,0.0,42.13,1.35,422,0.0,231,0.0,187,0.0,4,0.0,54.74,0.0,2024-12-04,GM,2,-
292,-15,Spence2102,GB,1608.08,-10.68,1676.23,-8.45,22.72,0.74,611,34.0,370,18.0,235,16.0,6,0.0,60.56,-0.45,2026-08-12,G,2,180.0
293,239,xiaoduan,-,1607.61,106.74,1787.7,70.7,60.03,-12.02,40,13.0,33,12.0,7,1.0,0,0.0,82.5,4.72,2026-08-13,-,0,-
294,-10,Neandrtalec,-,1607.29,-5.88,1694.44,0.0,29.05,1.96,306,0.0,170,0.0,132,0.0,4,0.0,55.56,0.0,2026-05-19,-,0,291.0
295,-8,JSauve,-,1605.78,-5.79,1707.74,-8.36,33.98,-0.86,180,15.0,112,4.0,68,11.0,0,0.0,62.22,-3.23,2026-07-22,-,0,662.0
296,-7,Tototrillion,DE,1605.75,-4.43,1719.82,0.0,38.02,1.48,130,0.0,72,0.0,57,0.0,1,0.0,55.38,0.0,2026-05-27,-,0,480.0
297,39,TrilceAC,ES,1605.36,15.39,1677.58,14.98,24.08,-0.14,967,38.0,520,25.0,440,12.0,7,1.0,53.77,0.49,2026-08-11,P,2,448.0
298,-29,BitterBlossom,CN,1605.18,-16.29,1681.25,-14.79,25.36,0.5,479,31.0,288,15.0,189,16.0,2,0.0,60.13,-0.81,2026-08-13,-,0,158.0
-,-,Galinlik,-,1605.04,-3.13,1774.43,0.0,56.46,1.04,90,0.0,59,0.0,29,0.0,2,0.0,65.56,0.0,2023-06-06,-,0,-
-,-,Arnaud,CH,1604.99,-3.49,1752.96,0.0,49.32,1.16,174,0.0,107,0.0,66,0.0,1,0.0,61.49,0.0,2023-04-16,P,6,-
299,24,DB.Starman,-,1604.92,9.16,1671.38,12.02,22.15,0.95,1047,30.0,575,19.0,466,10.0,6,1.0,54.92,0.25,2026-08-02,P,2,183.0
300,80,sTeVej,-,1604.91,39.42,1746.42,25.69,47.17,-4.58,85,13.0,57,10.0,26,3.0,2,0.0,67.06,1.78,2026-08-16,-,0,-
-,-,steve10716,-,1604.5,-3.64,1751.77,0.0,49.09,1.21,294,0.0,201,0.0,91,0.0,2,0.0,68.37,0.0,2023-06-06,P,6,-
-,-,C666,-,1604.27,-2.27,1823.56,0.0,73.1,0.76,54,0.0,40,0.0,14,0.0,0,0.0,74.07,0.0,2020-12-06,P,2,-
301,-10,treitze,DE,1603.99,-5.23,1717.33,0.0,37.78,1.74,657,0.0,357,0.0,295,0.0,5,0.0,54.34,0.0,2026-03-22,P,4,-
302,12,SimTubez,AU,1603.8,3.31,1690.01,6.55,28.74,1.08,631,18.0,391,14.0,236,4.0,4,0.0,61.97,0.47,2026-07-21,G,2,420.0
303,-27,Dayvs,-,1603.4,-15.48,1666.36,-12.6,20.99,0.96,1011,41.0,575,17.0,428,24.0,8,0.0,56.87,-0.66,2026-08-11,-,0,205.0
304,7,Garri,ES,1603.19,0.68,1680.11,3.81,25.64,1.04,1098,24.0,625,14.0,467,10.0,6,0.0,56.92,0.03,2026-07-25,G,6,145.0
305,3,cpp,-,1602.9,-0.01,1705.68,2.79,34.26,0.93,514,4.0,277,2.0,233,2.0,4,0.0,53.89,-0.03,2026-07-26,G,12,-
306,-42,Shincham,BR,1602.48,-19.88,1678.22,-17.16,25.25,0.91,883,24.0,505,8.0,366,16.0,12,0.0,57.19,-0.67,2026-07-22,G,14,249.0
307,-64,DayWalker1337,-,1602.17,-36.7,1711.37,-41.67,36.4,-1.66,138,15.0,79,0.0,58,15.0,1,0.0,57.25,-6.98,2026-07-14,-,0,757.0
-,-,Bonnie,-,1602.05,-3.23,1755.85,0.0,51.26,1.08,156,0.0,107,0.0,47,0.0,2,0.0,68.59,0.0,2022-12-04,P,2,-
308,-30,wittr,GR,1601.69,-16.03,1667.44,-11.38,21.92,1.55,1099,31.0,598,14.0,490,17.0,11,0.0,54.41,-0.27,2026-08-10,P,8,117.0
309,-12,MrFigu,-,1601.68,-5.36,1697.39,0.0,31.9,1.79,226,0.0,130,0.0,90,0.0,6,0.0,57.52,0.0,2026-05-31,-,0,198.0
310,-5,Padishar,-,1601.64,-1.67,1665.49,0.98,21.28,0.88,1230,41.0,659,21.0,564,20.0,7,0.0,53.58,-0.08,2026-08-15,G,3,138.0
-,-,zanydruid,-,1601.09,-1.51,1926.24,0.0,108.38,0.5,16,0.0,11,0.0,5,0.0,0,0.0,68.75,0.0,2022-03-01,-,0,-
311,-7,Scottrick,US,1599.98,-3.41,1745.86,0.0,48.63,1.14,93,0.0,64,0.0,29,0.0,0,0.0,68.82,0.0,2026-02-16,-,0,1429.0
-,-,AvPL,PL,1599.21,-2.95,1766.49,0.0,55.76,0.98,89,0.0,68,0.0,21,0.0,0,0.0,76.4,0.0,2023-10-22,-,0,-
312,7,cyb3k,-,1599.18,-0.33,1735.67,-11.0,45.5,-3.56,76,13.0,48,8.0,28,5.0,0,0.0,63.16,-0.33,2026-08-11,-,0,-
313,-12,peposqui,ES,1598.73,-5.91,1675.56,-2.65,25.61,1.09,617,18.0,352,12.0,263,6.0,2,0.0,57.05,0.29,2026-07-27,G,4,208.0
314,-29,phoang,-,1598.53,-14.39,1677.35,-15.57,26.27,-0.39,324,34.0,190,12.0,132,21.0,2,1.0,58.64,-2.74,2026-08-13,-,0,255.0
315,1,ChipsAhoya,US,1598.28,-1.91,1661.6,1.29,21.11,1.07,1891,45.0,970,26.0,907,19.0,14,0.0,51.3,0.16,2026-08-11,P,8,209.0
316,-14,BahbUrge,-,1598.13,-5.99,1686.76,0.0,29.54,2.0,228,0.0,139,0.0,84,0.0,5,0.0,60.96,0.0,2026-05-23,-,0,310.0
-,-,Lawful,-,1597.84,-2.3,1810.47,0.0,70.88,0.77,72,0.0,57,0.0,15,0.0,0,0.0,79.17,0.0,2021-05-29,-,0,-
317,20,StonedHenge420,US,1597.64,8.38,1663.9,12.08,22.09,1.24,820,31.0,454,19.0,363,12.0,3,0.0,55.37,0.24,2026-08-13,G,2,210.0
-,-,SergioCamp,-,1597.34,-3.19,1752.51,0.0,51.72,1.06,90,0.0,58,0.0,31,0.0,1,0.0,64.44,0.0,2024-07-15,-,0,-
-,-,chrroom,-,1597.26,-3.14,1756.52,0.0,53.09,1.05,216,0.0,137,0.0,75,0.0,4,0.0,63.43,0.0,2022-03-06,P,2,-
318,new,dfarhi,-,1597.25,1147.25,1842.81,342.81,81.85,81.85,18,18.0,17,17.0,1,1.0,0,0.0,94.44,94.44,2026-08-01,-,0,-
-,-,Rasmulde,-,1596.12,-3.61,1731.05,0.0,44.98,1.2,237,0.0,141,0.0,96,0.0,0,0.0,59.49,0.0,2024-07-01,P,8,-
-,-,TryAndStopUs,US,1595.88,-2.91,1771.25,0.0,58.46,0.97,186,0.0,108,0.0,77,0.0,1,0.0,58.06,0.0,2021-05-23,M,2,-
-,-,Goldan,-,1595.42,-3.43,1745.46,0.0,50.01,1.14,244,0.0,152,0.0,91,0.0,1,0.0,62.3,0.0,2022-09-04,G,10,-
319,-13,Thisisnotasmile,GB,1595.25,-8.06,1662.46,-0.72,22.4,2.45,1583,22.0,838,15.0,736,7.0,9,0.0,52.94,0.22,2026-07-30,P,2,171.0
-,-,V0jta,CZ,1595.2,-4.21,1720.77,0.0,41.85,1.4,517,0.0,288,0.0,226,0.0,3,0.0,55.71,0.0,2023-11-15,G,16,-
320,-37,Aftheiss,US,1595.08,-18.54,1668.56,-17.63,24.49,0.3,388,30.0,238,12.0,147,17.0,3,1.0,61.34,-1.79,2026-08-01,-,0,408.0
-,-,GBH_Grzegorz,-,1594.58,-3.08,1754.28,0.0,53.23,1.03,90,0.0,60,0.0,30,0.0,0,0.0,66.67,0.0,2025-03-24,-,0,757.0
321,-9,eNroamer,LV,1594.55,-6.6,1691.3,0.0,32.25,2.2,1364,0.0,726,0.0,627,0.0,11,0.0,53.23,0.0,2025-09-30,G,10,196.0
322,9,Mattian12000,IT,1594.37,1.76,1666.88,4.84,24.17,1.03,918,22.0,506,12.0,408,10.0,4,0.0,55.12,-0.01,2026-08-06,G,2,278.0
323,-6,Buldozer_bga,-,1593.69,-6.35,1675.92,0.0,27.41,2.12,404,0.0,230,0.0,171,0.0,3,0.0,56.93,0.0,2026-04-26,-,0,166.0
324,-32,arthurlam90,-,1592.45,-16.74,1680.82,-17.01,29.46,-0.09,230,18.0,142,4.0,86,14.0,2,0.0,61.74,-3.35,2026-07-17,-,0,389.0
-,-,Grogmir,PL,1592.14,-3.85,1722.07,0.0,43.31,1.28,333,0.0,203,0.0,128,0.0,2,0.0,60.96,0.0,2024-03-03,G,10,-
325,-12,Sengir80,-,1591.29,-9.85,1675.27,-10.16,27.99,-0.1,275,24.0,160,13.0,115,11.0,0,0.0,58.18,-0.39,2026-07-26,-,0,437.0
-,-,lfrantisek,FI,1591.03,-4.47,1706.42,0.0,38.46,1.49,422,0.0,247,0.0,172,0.0,3,0.0,58.53,0.0,2025-07-31,G,4,514.0
326,-6,MurphyAKL,US,1590.87,-7.19,1650.67,-3.99,19.93,1.07,1583,45.0,838,22.0,734,23.0,11,0.0,52.94,-0.12,2026-08-11,G,2,205.0
327,-20,amaj,US,1590.6,-12.45,1682.04,-8.25,30.48,1.4,218,4.0,139,0.0,78,4.0,1,0.0,63.76,-1.19,2026-07-26,-,0,439.0
-,-,Dooglassa,-,1590.55,-2.87,1761.9,0.0,57.12,0.96,64,0.0,39,0.0,25,0.0,0,0.0,60.94,0.0,2024-07-15,-,0,-
-,-,HealingAura,-,1590.48,-3.93,1718.45,0.0,42.66,1.31,147,0.0,92,0.0,55,0.0,0,0.0,62.59,0.0,2025-03-30,-,0,757.0
328,-4,Bulten,-,1590.16,-5.44,1681.07,0.0,30.3,1.81,353,0.0,218,0.0,131,0.0,4,0.0,61.76,0.0,2026-05-13,G,1,294.0
329,0,Ruudi,FI,1590.08,-3.35,1737.31,0.0,49.08,1.12,83,0.0,59,0.0,24,0.0,0,0.0,71.08,0.0,2025-10-22,-,0,686.0
330,0,matinghiasi,-,1589.84,-3.27,1741.63,0.0,50.6,1.09,72,0.0,46,0.0,26,0.0,0,0.0,63.89,0.0,2026-01-11,-,0,440.0
331,659,scaggi,-,1589.32,289.25,1768.64,166.66,59.77,-40.86,38,26.0,32,23.0,4,1.0,2,2.0,84.21,9.21,2026-08-31,-,0,-
332,-6,Prautim,-,1589.02,-5.17,1691.88,0.0,34.29,1.72,220,0.0,121,0.0,98,0.0,1,0.0,55.0,0.0,2026-05-29,-,0,729.0
-,-,Hsugneslie,-,1588.76,-4.41,1704.67,0.0,38.64,1.47,410,0.0,241,0.0,168,0.0,1,0.0,58.78,0.0,2024-08-27,G,8,-
333,138,LordTheodore,-,1588.53,63.53,1774.11,-2.83,61.86,-22.12,44,25.0,37,20.0,6,5.0,1,0.0,84.09,-5.38,2026-08-31,-,0,-
334,-1,Maximus1992,-,1587.79,-3.64,1725.4,0.0,45.87,1.21,72,0.0,51,0.0,21,0.0,0,0.0,70.83,0.0,2026-05-31,-,0,-
335,new,AdamYedidia,-,1587.7,1137.7,1846.93,346.93,86.41,86.41,18,18.0,17,17.0,1,1.0,0,0.0,94.44,94.44,2026-07-21,-,0,-
336,33,sergilicious,-,1587.55,15.62,1710.44,-18.92,40.96,-11.51,110,41.0,80,26.0,29,14.0,1,1.0,72.73,-5.53,2026-08-13,-,0,-
337,-3,virvett,BR,1587.5,-3.7,1657.42,2.62,23.31,2.11,825,7.0,454,4.0,365,3.0,6,0.0,55.03,0.02,2026-08-01,G,2,164.0
338,-6,isman,ES,1586.23,-5.68,1680.93,0.0,31.57,1.89,381,0.0,216,0.0,161,0.0,4,0.0,56.69,0.0,2026-01-23,G,2,182.0
339,4,Magnotta85,IT,1585.97,0.49,1698.78,-1.93,37.6,-0.81,129,10.0,67,4.0,61,6.0,1,0.0,51.94,-1.0,2026-07-27,-,0,605.0
-,-,Snuske,DK,1585.77,-3.4,1729.44,0.0,47.89,1.13,191,0.0,116,0.0,75,0.0,0,0.0,60.73,0.0,2023-06-04,P,4,-
-,-,jzebra,US,1585.38,-4.23,1720.43,0.0,45.02,1.41,402,0.0,210,0.0,187,0.0,5,0.0,52.24,0.0,2023-11-15,P,12,-
340,-18,LT.Stuntovic,-,1585.21,-11.03,1664.01,-8.74,26.27,0.76,711,18.0,408,7.0,302,11.0,1,0.0,57.38,-0.48,2026-07-25,G,12,274.0
341,-13,vodka,CZ,1585.18,-8.33,1653.33,-3.87,22.72,1.49,1021,24.0,588,15.0,428,9.0,5,0.0,57.59,0.12,2026-08-04,G,4,228.0
342,217,Nepgear,-,1585.15,100.05,1786.19,54.91,67.01,-15.05,33,13.0,25,11.0,8,2.0,0,0.0,75.76,5.76,2026-08-25,-,0,709.0
343,-16,gamblerch,CL,1584.69,-9.18,1659.48,-5.01,24.93,1.39,701,23.0,363,12.0,334,10.0,4,1.0,51.78,0.01,2026-08-14,-,0,306.0
-,-,Swampzombie,-,1584.62,-4.04,1726.42,0.0,47.27,1.35,350,0.0,192,0.0,154,0.0,4,0.0,54.86,0.0,2024-05-24,M,1,-
-,-,chogaling,-,1583.62,-2.98,1757.22,0.0,57.87,0.99,180,0.0,115,0.0,64,0.0,1,0.0,63.89,0.0,2021-03-02,M,2,-
344,-6,LuckyAnesa,-,1582.48,-5.01,1681.24,0.0,32.92,1.67,368,0.0,203,0.0,161,0.0,4,0.0,55.16,0.0,2026-03-23,-,0,271.0
-,-,Ender_Wiggin,CN,1582.04,-2.57,1784.85,0.0,67.61,0.86,66,0.0,40,0.0,24,0.0,2,0.0,60.61,0.0,2022-07-01,-,0,-
345,29,SvenSvift,AT,1581.81,11.32,1718.34,11.29,45.51,-0.01,86,6.0,54,6.0,32,0.0,0,0.0,62.79,2.79,2026-08-08,-,0,757.0
346,-48,Notbot66,FI,1581.56,-25.31,1653.53,-22.48,23.99,0.94,451,25.0,245,6.0,203,19.0,3,0.0,54.32,-1.78,2026-08-10,-,0,169.0
347,-32,brainac,-,1581.51,-18.78,1654.94,-16.35,24.48,0.81,930,24.0,502,9.0,425,15.0,3,0.0,53.98,-0.44,2026-07-26,G,14,232.0
348,10,nerficya,US,1581.48,2.98,1654.81,2.78,24.44,-0.07,339,41.0,174,26.0,164,15.0,1,0.0,51.33,1.67,2026-08-13,-,0,157.0
349,-39,LordMichael,DE,1581.46,-21.16,1655.63,-18.45,24.72,0.9,724,24.0,408,9.0,307,15.0,9,0.0,56.35,-0.65,2026-07-23,G,8,233.0
350,117,ysiad,-,1581.36,55.29,1708.34,51.29,42.32,-1.33,104,9.0,68,8.0,36,1.0,0,0.0,65.38,2.22,2026-08-31,-,0,460.0
-,-,ranch99,US,1581.23,-4.13,1704.86,0.0,41.21,1.38,311,0.0,179,0.0,127,0.0,5,0.0,57.56,0.0,2025-05-16,GM,1,578.0
351,10,Tasku,FI,1581.04,3.96,1661.0,2.78,26.65,-0.39,265,34.0,157,22.0,106,12.0,2,0.0,59.25,0.81,2026-08-10,-,0,561.0
352,-49,RoxasVen,IT,1580.93,-22.49,1652.95,-18.77,24.01,1.24,832,22.0,481,6.0,349,16.0,2,0.0,57.81,-0.83,2026-07-27,G,2,217.0
353,-18,DavidSegoviano,ES,1580.74,-9.62,1643.23,-6.8,20.83,0.94,938,41.0,506,17.0,424,24.0,8,0.0,53.94,-0.58,2026-08-16,G,2,186.0
354,-12,yliu386,AU,1580.27,-5.33,1672.42,0.0,30.72,1.78,232,0.0,141,0.0,91,0.0,0,0.0,60.78,0.0,2026-05-31,-,0,529.0
355,-7,Adi65,-,1579.92,-3.24,1732.93,0.0,51.0,1.08,60,0.0,37,0.0,23,0.0,0,0.0,61.67,0.0,2026-05-19,-,0,-
357,9,GoblinMatron,-,1579.81,5.93,1655.02,4.77,25.07,-0.39,338,35.0,192,21.0,145,14.0,1,0.0,56.8,0.36,2026-08-15,-,0,192.0
356,-31,Dovi,PL,1579.81,-14.59,1651.25,-11.92,23.81,0.89,934,24.0,533,10.0,395,14.0,6,0.0,57.07,-0.4,2026-07-28,G,2,200.0
358,-17,KenoshaKid,-,1579.79,-6.04,1667.31,0.0,29.17,2.01,498,0.0,301,0.0,193,0.0,4,0.0,60.44,0.0,2026-04-11,-,0,261.0
359,-19,Qiubag,PL,1579.65,-7.15,1658.05,0.0,26.14,2.38,876,0.0,444,0.0,426,0.0,6,0.0,50.68,0.0,2026-03-29,G,6,135.0
360,-16,PontiusPilatus,DK,1579.45,-5.12,1692.94,0.0,37.83,1.71,262,0.0,170,0.0,88,0.0,4,0.0,64.89,0.0,2026-04-01,G,4,1271.0
361,4,Durloc,US,1579.33,3.46,1649.37,7.88,23.35,1.47,675,18.0,381,11.0,291,7.0,3,0.0,56.44,0.12,2026-07-31,-,0,345.0
362,-9,lcj,-,1579.3,-2.59,1769.21,0.0,63.3,0.86,44,0.0,33,0.0,10,0.0,1,0.0,75.0,0.0,2026-02-28,-,0,677.0
-,-,shadow-knight,-,1579.22,-3.25,1727.26,0.0,49.35,1.08,238,0.0,137,0.0,98,0.0,3,0.0,57.56,0.0,2022-09-04,G,10,-
363,-16,smollov,NL,1579.01,-4.15,1702.9,0.0,41.3,1.38,173,0.0,109,0.0,63,0.0,1,0.0,63.01,0.0,2025-09-16,-,0,920.0
364,-18,MattM,-,1578.92,-4.95,1681.15,0.0,34.08,1.65,247,0.0,152,0.0,91,0.0,4,0.0,61.54,0.0,2026-04-15,-,0,1245.0
365,-20,ChosenWizard,-,1578.64,-5.43,1661.86,-2.81,27.74,0.87,875,18.0,496,13.0,368,5.0,11,0.0,56.69,0.33,2026-07-27,G,12,177.0
366,-17,Alistxi,-,1578.13,-4.95,1683.58,0.0,35.15,1.65,214,0.0,125,0.0,89,0.0,0,0.0,58.41,0.0,2026-05-25,-,0,1287.0
-,-,Kelume,-,1577.85,-2.73,1759.46,0.0,60.54,0.91,120,0.0,82,0.0,36,0.0,2,0.0,68.33,0.0,2021-06-02,G,2,-
-,-,Benni,-,1577.17,-3.68,1710.48,0.0,44.44,1.23,268,0.0,172,0.0,95,0.0,1,0.0,64.18,0.0,2023-09-03,G,2,-
367,-16,jhamra,DE,1577.13,-5.13,1675.99,0.0,32.95,1.71,224,0.0,134,0.0,90,0.0,0,0.0,59.82,0.0,2026-05-05,-,0,372.0
368,52,Pieroz88,-,1576.98,28.82,1665.16,28.91,29.39,0.03,243,18.0,132,15.0,107,3.0,4,0.0,54.32,2.32,2026-08-09,-,0,296.0
369,-7,pote,TN,1576.96,0.54,1664.75,4.08,29.26,1.18,468,9.0,283,7.0,183,2.0,2,0.0,60.47,0.34,2026-08-04,G,2,1262.0
370,-16,sdzy,-,1576.0,-5.38,1698.42,0.0,40.81,1.79,201,0.0,113,0.0,87,0.0,1,0.0,56.22,0.0,2026-02-28,-,0,321.0
371,-16,danilius,IT,1575.65,-5.65,1671.55,0.0,31.96,1.88,633,0.0,354,0.0,275,0.0,4,0.0,55.92,0.0,2026-03-22,P,2,327.0
372,-16,Pule,-,1575.27,-5.4,1665.9,0.0,30.21,1.8,474,0.0,255,0.0,217,0.0,2,0.0,53.8,0.0,2025-11-30,-,0,282.0
-,-,Swirek,-,1574.98,-3.25,1727.34,0.0,50.79,1.08,228,0.0,138,0.0,88,0.0,2,0.0,60.53,0.0,2022-06-05,P,2,-
-,-,Hunty93,US,1573.96,-4.49,1703.92,0.0,43.32,1.5,456,0.0,250,0.0,202,0.0,4,0.0,54.82,0.0,2025-05-07,M,3,1245.0
373,-14,VampireD,HK,1573.51,-4.1,1693.77,0.0,40.09,1.37,142,0.0,95,0.0,47,0.0,0,0.0,66.9,0.0,2025-12-29,-,0,219.0
-,-,hihihiji,HK,1573.47,-2.99,1739.26,0.0,55.26,1.0,186,0.0,95,0.0,88,0.0,3,0.0,51.08,0.0,2022-05-29,M,1,-
374,-22,baodalanxin,CN,1573.12,-8.94,1638.97,-5.55,21.95,1.13,1146,34.0,610,16.0,530,18.0,6,0.0,53.23,-0.19,2026-07-31,G,2,248.0
375,-11,Canifex,-,1572.83,-3.11,1730.91,0.0,52.69,1.04,59,0.0,41,0.0,18,0.0,0,0.0,69.49,0.0,2026-05-20,-,0,-
376,30,Rolls.Royal,DE,1572.81,18.97,1643.08,18.9,23.42,-0.02,443,41.0,261,27.0,180,14.0,2,0.0,58.92,0.71,2026-08-13,-,0,226.0
-,-,Dr.Ampelmann,-,1572.39,-3.59,1712.11,0.0,46.57,1.2,184,0.0,136,0.0,48,0.0,0,0.0,73.91,0.0,2023-11-15,-,0,-
-,-,ShiLin,-,1572.27,-2.82,1748.59,0.0,58.77,0.94,116,0.0,87,0.0,29,0.0,0,0.0,75.0,0.0,2022-09-04,-,0,-
377,-5,rap2,HK,1572.25,1.15,1645.23,4.51,24.33,1.12,878,24.0,464,13.0,406,11.0,8,0.0,52.85,0.04,2026-08-09,G,6,202.0
378,94,Bull3,-,1572.13,47.49,1678.69,31.2,35.52,-5.43,142,37.0,84,27.0,57,10.0,1,0.0,59.15,4.86,2026-08-24,-,0,805.0
379,-16,Kristin,-,1571.58,-4.42,1683.84,0.0,37.42,1.47,181,0.0,116,0.0,64,0.0,1,0.0,64.09,0.0,2026-05-25,-,0,578.0
-,-,Fingerzam,-,1570.05,-3.0,1734.17,0.0,54.71,1.0,72,0.0,52,0.0,20,0.0,0,0.0,72.22,0.0,2024-07-01,-,0,-
380,-7,LeoM,IT,1570.0,-1.03,1638.9,2.2,22.96,1.08,968,28.0,524,14.0,437,14.0,7,0.0,54.13,-0.13,2026-07-30,-,0,245.0
-,-,Berfner,SE,1569.95,-4.57,1692.43,0.0,40.83,1.52,197,0.0,112,0.0,83,0.0,2,0.0,56.85,0.0,2025-03-22,-,0,757.0
-,-,Taeybae,-,1569.36,-2.61,1757.38,0.0,62.67,0.87,44,0.0,28,0.0,16,0.0,0,0.0,63.64,0.0,2025-03-22,-,0,757.0
-,-,AXL79,-,1569.23,-3.71,1703.11,0.0,44.63,1.24,192,0.0,117,0.0,73,0.0,2,0.0,60.94,0.0,2024-04-04,G,6,-
-,-,gallinule,-,1567.87,-2.93,1736.79,0.0,56.31,0.98,130,0.0,65,0.0,63,0.0,2,0.0,50.0,0.0,2022-11-18,-,0,-
-,-,MikeyLear,-,1567.65,-3.99,1691.89,0.0,41.41,1.33,150,0.0,90,0.0,60,0.0,0,0.0,60.0,0.0,2025-05-20,-,0,478.0
381,4,Ralf-TtA,DE,1566.95,4.66,1639.96,6.22,24.34,0.52,696,30.0,364,15.0,327,15.0,5,0.0,52.3,-0.1,2026-08-05,G,4,314.0
382,-11,redyredy123,-,1565.28,-5.98,1661.9,0.0,32.21,1.99,205,0.0,106,0.0,96,0.0,3,0.0,51.71,0.0,2026-05-26,-,0,635.0
383,-33,Magesolo,DE,1565.09,-17.48,1631.49,-11.81,22.13,1.89,1652,22.0,855,6.0,785,16.0,12,0.0,51.76,-0.33,2026-07-24,P,10,174.0
384,-3,DarthVaderDLotS,-,1564.95,-0.04,1639.33,3.28,24.79,1.11,949,18.0,507,8.0,436,9.0,6,1.0,53.42,-0.18,2026-07-27,M,2,277.0
385,1,Mike1313,RU,1564.86,2.76,1631.92,6.79,22.35,1.34,1310,41.0,692,23.0,611,18.0,7,0.0,52.82,0.1,2026-08-08,-,0,229.0
386,-9,Mario86,IT,1564.35,-1.66,1656.71,1.94,30.79,1.2,420,7.0,236,4.0,182,3.0,2,0.0,56.19,0.02,2026-08-15,G,4,346.0
387,-17,Garghiii,IT,1564.27,-7.24,1629.83,-4.74,21.85,0.83,653,45.0,354,22.0,295,23.0,4,0.0,54.21,-0.4,2026-08-09,-,0,359.0
388,0,gabev,US,1563.78,2.87,1643.43,4.96,26.55,0.7,330,17.0,184,8.0,142,9.0,4,0.0,55.76,-0.47,2026-08-18,-,0,349.0
389,-68,Gudimundi,IS,1563.62,-32.76,1631.74,-31.45,22.71,0.44,447,41.0,254,10.0,187,29.0,6,2.0,56.82,-3.28,2026-08-25,-,0,222.0
390,-6,Panthera,PL,1563.07,0.5,1628.21,3.81,21.71,1.11,1159,36.0,643,19.0,504,17.0,12,0.0,55.48,-0.09,2026-08-12,-,0,255.0
391,-24,raist,SG,1562.83,-10.53,1630.45,-7.22,22.54,1.1,1700,45.0,866,18.0,819,26.0,15,1.0,50.94,-0.3,2026-08-11,P,2,185.0
392,0,GangwonTeacher,-,1562.31,3.7,1669.82,5.0,35.84,0.43,167,6.0,91,4.0,75,2.0,1,0.0,54.49,0.45,2026-07-27,-,0,711.0
393,-6,DadboBaggins,US,1562.16,0.64,1631.94,4.29,23.26,1.22,785,22.0,417,12.0,364,10.0,4,0.0,53.12,0.04,2026-07-28,G,3,178.0
-,-,ScoliopusB,-,1561.73,-4.03,1686.58,0.0,41.61,1.34,456,0.0,262,0.0,189,0.0,5,0.0,57.46,0.0,2024-05-26,P,2,-
394,81,DieKrake89,-,1561.72,38.31,1656.35,24.93,31.54,-4.46,171,41.0,108,28.0,61,13.0,2,0.0,63.16,1.62,2026-08-12,G,2,-
-,-,Cokey,AU,1561.33,-3.36,1721.82,0.0,53.49,1.12,144,0.0,86,0.0,54,0.0,4,0.0,59.72,0.0,2022-12-04,G,6,-
395,22,mezerrrrr,US,1561.28,11.72,1694.29,10.99,44.34,-0.24,100,6.0,58,5.0,41,1.0,1,0.0,58.0,1.62,2026-07-31,-,0,662.0
396,8,pessen,-,1560.76,6.75,1668.31,7.17,35.85,0.14,147,9.0,81,6.0,65,3.0,1,0.0,55.1,0.75,2026-08-06,-,0,549.0
397,unretired,G_7,-,1560.62,29.58,1684.46,16.43,41.28,-4.38,340,18.0,192,13.0,146,5.0,2,0.0,56.47,0.88,2026-07-16,G,12,-
398,-38,Shadowiscool500,US,1560.56,-16.61,1633.34,-11.65,24.26,1.65,1155,18.0,604,4.0,544,14.0,7,0.0,52.29,-0.48,2026-08-08,G,2,116.0
-,-,Winston11tw,-,1560.49,-3.1,1719.54,0.0,53.01,1.03,234,0.0,134,0.0,93,0.0,7,0.0,57.26,0.0,2021-12-05,P,4,-
399,-17,paradigm72,-,1560.16,-3.19,1714.53,0.0,51.46,1.06,55,0.0,31,0.0,24,0.0,0,0.0,56.36,0.0,2026-05-31,-,0,-
400,-17,mc_esher,-,1559.85,-3.41,1706.67,0.0,48.94,1.14,141,0.0,87,0.0,51,0.0,3,0.0,61.7,0.0,2026-04-16,P,6,-
401,-191,Djinges,-,1559.25,-95.55,1729.0,-97.72,56.58,-0.72,64,6.0,41,0.0,23,6.0,0,0.0,64.06,-6.63,2026-07-30,-,0,-
402,10,Stefan665,-,1559.07,7.26,1664.92,4.13,35.28,-1.04,173,18.0,112,13.0,61,5.0,0,0.0,64.74,0.87,2026-07-20,-,0,1287.0
403,29,Darain,SG,1559.03,16.98,1649.32,15.0,30.1,-0.66,192,23.0,121,18.0,71,5.0,0,0.0,63.02,2.07,2026-08-10,-,0,630.0
404,5,santhosh163,-,1558.79,6.05,1667.33,6.41,36.18,0.12,135,7.0,83,4.0,52,3.0,0,0.0,61.48,-0.24,2026-08-13,-,0,783.0
-,-,Nucrus,-,1558.69,-2.62,1747.74,0.0,63.02,0.87,55,0.0,35,0.0,20,0.0,0,0.0,63.64,0.0,2024-07-01,-,0,-
405,58,gaitimes,-,1557.81,30.68,1694.06,28.7,45.42,-0.66,102,6.0,72,6.0,29,0.0,1,0.0,70.59,1.84,2026-07-31,-,0,783.0
-,-,Royalhawk,-,1557.51,-3.37,1702.93,0.0,48.47,1.12,95,0.0,61,0.0,34,0.0,0,0.0,64.21,0.0,2025-03-25,-,0,872.0
406,-11,Crowther,-,1557.21,0.42,1649.17,4.27,30.65,1.28,259,6.0,148,5.0,108,1.0,3,0.0,57.14,0.62,2026-07-31,G,6,563.0
407,-18,dnomn8r,-,1556.82,-3.9,1685.01,0.0,42.73,1.3,93,0.0,55,0.0,37,0.0,1,0.0,59.14,0.0,2026-04-15,-,0,578.0
-,-,EvilBen,GB,1556.68,-2.44,1758.19,0.0,67.17,0.81,53,0.0,35,0.0,18,0.0,0,0.0,66.04,0.0,2023-04-16,-,0,-
408,-40,JimmyLin,TW,1556.53,-16.07,1621.25,-12.9,21.57,1.06,1554,41.0,762,16.0,778,24.0,14,1.0,49.03,-0.28,2026-08-22,M,2,152.0
409,31,Selya,-,1556.33,18.07,1645.16,20.55,29.61,0.83,280,12.0,172,11.0,103,1.0,5,0.0,61.43,1.36,2026-08-04,-,0,426.0
-,-,Diluvian,-,1555.75,-2.84,1728.48,0.0,57.58,0.95,90,0.0,65,0.0,25,0.0,0,0.0,72.22,0.0,2022-09-04,-,0,-
-,-,Runawaaayyy,CH,1555.67,-4.03,1680.39,0.0,41.57,1.34,339,0.0,201,0.0,138,0.0,0,0.0,59.29,0.0,2024-04-04,G,2,-
410,-35,TheKrunk,-,1555.67,-11.97,1638.93,-15.27,27.75,-1.1,241,37.0,153,18.0,87,19.0,1,0.0,63.49,-2.69,2026-08-12,-,0,757.0
411,-6,Hotti180,DE,1555.47,1.52,1652.29,-2.85,32.28,-1.46,178,25.0,103,15.0,74,10.0,1,0.0,57.87,0.35,2026-08-20,-,0,-
412,-19,milanmar,-,1553.9,-4.65,1664.82,0.0,36.97,1.55,223,0.0,134,0.0,88,0.0,1,0.0,60.09,0.0,2026-03-27,-,0,662.0
413,148,Caveman90,-,1553.81,70.71,1694.92,55.78,47.04,-4.97,65,13.0,43,11.0,21,1.0,1,1.0,66.15,4.61,2026-08-11,-,0,-
-,-,gnoliy,-,1553.77,-2.69,1736.6,0.0,60.94,0.9,132,0.0,88,0.0,44,0.0,0,0.0,66.67,0.0,2021-03-02,P,2,-
414,62,jSan,-,1553.45,30.18,1648.03,28.19,31.53,-0.66,426,18.0,257,13.0,167,5.0,2,0.0,60.33,0.53,2026-07-12,-,0,343.0
415,43,Muning,-,1553.41,24.75,1702.08,17.18,49.56,-2.52,61,7.0,37,4.0,24,3.0,0,0.0,60.66,-0.45,2026-08-14,-,0,565.0
-,-,Dunedain,US,1553.35,-5.27,1680.34,0.0,42.33,1.76,556,0.0,315,0.0,233,0.0,8,0.0,56.65,0.0,2024-06-03,G,12,-
416,-25,ktroop,-,1553.29,-5.84,1670.5,-4.42,39.07,0.47,248,4.0,107,1.0,139,3.0,2,0.0,43.15,-0.29,2026-08-07,-,0,-
417,-39,MoreHat,US,1553.15,-12.85,1651.36,-13.06,32.74,-0.07,184,12.0,99,5.0,83,7.0,2,0.0,53.8,-0.85,2026-07-22,-,0,670.0
418,128,Banderjax,-,1552.98,60.79,1686.49,39.25,44.5,-7.18,72,18.0,51,12.0,21,6.0,0,0.0,70.83,-1.39,2026-07-24,-,0,1271.0
-,-,follik,LV,1552.9,-4.03,1681.62,0.0,42.91,1.34,294,0.0,176,0.0,115,0.0,3,0.0,59.86,0.0,2023-11-15,G,2,-
419,-21,Ddafaith,CZ,1552.71,-3.22,1617.63,1.04,21.64,1.42,1464,41.0,745,22.0,705,17.0,14,2.0,50.89,0.08,2026-08-17,G,8,238.0
420,22,Daniii,-,1552.31,14.62,1626.8,18.14,24.83,1.17,832,24.0,456,19.0,369,5.0,7,0.0,54.81,0.73,2026-07-22,G,4,189.0
421,-45,llsgnm,-,1552.29,-14.68,1639.34,-19.38,29.02,-1.57,216,31.0,130,11.0,86,20.0,0,0.0,60.19,-4.13,2026-08-13,-,0,488.0
-,-,MugiwaraNoLofwyr,-,1551.41,-3.23,1705.09,0.0,51.23,1.08,264,0.0,152,0.0,112,0.0,0,0.0,57.58,0.0,2022-05-23,P,6,-
422,107,Aekk,-,1551.13,48.04,1724.16,38.1,57.68,-3.31,46,6.0,27,6.0,19,0.0,0,0.0,58.7,6.2,2026-07-28,-,0,-
423,151,wombats111,-,1551.05,72.76,1686.29,53.8,45.08,-6.32,132,18.0,78,15.0,52,2.0,2,1.0,59.09,3.83,2026-07-31,G,4,-
424,-22,trzeciakson,PL,1550.02,-4.5,1623.17,0.2,24.38,1.57,826,18.0,421,8.0,394,10.0,11,0.0,50.97,-0.14,2026-08-13,P,6,244.0
425,0,Aaronwebber,-,1549.87,4.07,1615.84,6.46,21.99,0.8,1166,37.0,610,22.0,551,13.0,5,2.0,52.32,0.24,2026-08-11,P,4,249.0
426,-23,Castigar,-,1549.61,-4.64,1660.39,0.0,36.93,1.55,294,0.0,162,0.0,131,0.0,1,0.0,55.1,0.0,2026-05-29,-,0,-
-,-,cs2376jr,US,1549.35,-2.93,1717.27,0.0,55.98,0.98,60,0.0,41,0.0,19,0.0,0,0.0,68.33,0.0,2025-05-17,-,0,729.0
427,-27,Alvin1912,-,1548.76,-6.77,1631.04,0.0,27.43,2.26,910,0.0,482,0.0,419,0.0,9,0.0,52.97,0.0,2026-02-28,P,4,223.0
-,-,roodBF,-,1547.97,-3.08,1710.92,0.0,54.32,1.03,93,0.0,54,0.0,39,0.0,0,0.0,58.06,0.0,2023-07-18,-,0,-
428,-13,Clayton,-,1547.26,-3.31,1696.39,0.0,49.71,1.1,146,0.0,91,0.0,54,0.0,1,0.0,62.33,0.0,2026-04-21,-,0,-
-,-,Bierfuizl,-,1547.23,-2.79,1724.51,0.0,59.09,0.93,120,0.0,84,0.0,35,0.0,1,0.0,70.0,0.0,2021-09-05,G,2,-
429,-2,InfiniteZest,-,1547.2,2.52,1629.93,4.4,27.58,0.63,646,18.0,356,13.0,288,5.0,2,0.0,55.11,0.49,2026-08-02,G,4,344.0
430,-17,sillysheep,HK,1546.61,-5.13,1646.65,0.0,33.35,1.71,319,0.0,180,0.0,138,0.0,1,0.0,56.43,0.0,2026-05-12,G,6,757.0
-,-,GerrySalinas,-,1546.56,-3.86,1682.8,0.0,45.41,1.29,260,0.0,143,0.0,115,0.0,2,0.0,55.0,0.0,2023-12-03,G,6,-
431,-23,BradSwan,US,1546.3,-6.68,1641.34,0.0,31.68,2.23,600,0.0,315,0.0,278,0.0,7,0.0,52.5,0.0,2025-11-30,G,14,548.0
432,-16,Haubentaucherwelpe,-,1545.93,-3.88,1675.89,0.0,43.32,1.29,188,0.0,122,0.0,65,0.0,1,0.0,64.89,0.0,2026-02-13,-,0,805.0
-,-,JarekWarsaw,-,1545.49,-3.58,1686.61,0.0,47.04,1.19,285,0.0,160,0.0,121,0.0,4,0.0,56.14,0.0,2023-02-18,G,10,-
433,-23,ThomRun974,FR,1545.41,-6.76,1630.62,0.0,28.4,2.25,706,0.0,354,0.0,346,0.0,6,0.0,50.14,0.0,2026-05-20,G,6,543.0
-,-,_Melkor,-,1545.33,-1.68,1837.26,0.0,97.31,0.56,27,0.0,19,0.0,8,0.0,0,0.0,70.37,0.0,2024-02-25,-,0,-
-,-,jkmushy,-,1545.29,-2.79,1721.04,0.0,58.59,0.93,162,0.0,102,0.0,60,0.0,0,0.0,62.96,0.0,2021-02-26,P,8,-
434,-20,danebed,IT,1545.24,-6.5,1632.16,0.0,28.98,2.17,910,0.0,494,0.0,411,0.0,5,0.0,54.29,0.0,2026-03-26,P,10,289.0
-,-,McLovinsBlueberry,-,1544.7,-4.27,1661.5,0.0,38.93,1.42,174,0.0,103,0.0,70,0.0,1,0.0,59.2,0.0,2025-07-26,-,0,720.0
435,-16,booyakasha,-,1544.45,-3.81,1675.03,0.0,43.53,1.27,90,0.0,52,0.0,38,0.0,0,0.0,57.78,0.0,2026-03-23,-,0,662.0
436,-35,AndriiN,DE,1544.39,-10.18,1617.52,-4.88,24.38,1.76,582,13.0,322,4.0,257,9.0,3,0.0,55.33,-0.56,2026-08-15,-,0,197.0
437,-26,Mark0n,HR,1544.21,-7.65,1637.4,0.0,31.06,2.55,969,0.0,526,0.0,428,0.0,15,0.0,54.28,0.0,2025-11-30,G,7,186.0
-,-,borostar,-,1544.08,-2.73,1723.64,0.0,59.85,0.91,60,0.0,34,0.0,26,0.0,0,0.0,56.67,0.0,2023-06-06,-,0,1388.0
438,-16,Fanti,-,1544.03,-3.35,1691.22,0.0,49.06,1.12,68,0.0,44,0.0,24,0.0,0,0.0,64.71,0.0,2026-03-21,-,0,-
439,-21,MoonlitShadow,-,1543.91,-4.97,1646.38,0.0,34.15,1.66,379,0.0,224,0.0,149,0.0,6,0.0,59.1,0.0,2025-11-28,-,0,237.0
440,-61,boonio88,PL,1543.89,-21.87,1661.32,-19.02,39.14,0.95,108,3.0,58,0.0,49,3.0,1,0.0,53.7,-1.54,2026-06-28,-,0,939.0
441,-34,Agnsild,NO,1543.06,-10.37,1626.83,-5.91,27.92,1.48,345,7.0,194,2.0,149,5.0,2,0.0,56.23,-0.57,2026-08-08,-,0,269.0
442,-19,Leeech,FI,1542.9,-3.93,1668.75,0.0,41.95,1.31,97,0.0,58,0.0,38,0.0,1,0.0,59.79,0.0,2026-05-16,-,0,805.0
443,7,wolfcub41,-,1542.87,11.72,1677.36,9.62,44.83,-0.7,85,6.0,54,5.0,30,1.0,1,0.0,63.53,1.5,2026-08-13,-,0,-
444,-47,Nostradamus5321,-,1542.62,-13.33,1634.64,-12.48,30.67,0.28,319,13.0,188,5.0,127,8.0,4,0.0,58.93,-0.87,2026-08-15,-,0,403.0
-,-,zbert,DE,1542.13,-5.54,1637.97,0.0,31.95,1.85,657,0.0,368,0.0,285,0.0,4,0.0,56.01,0.0,2025-07-18,G,2,295.0
-,-,JohnFreshKennedy,DE,1542.11,-4.42,1660.5,0.0,39.46,1.47,410,0.0,239,0.0,168,0.0,3,0.0,58.29,0.0,2024-07-01,G,10,-
445,unretired,leothelion,-,1541.99,95.68,1804.38,47.7,87.46,-15.99,18,6.0,17,5.0,1,1.0,0,0.0,94.44,-5.56,2026-07-22,-,0,1262.0
446,-7,Kuter,PL,1541.62,3.12,1610.51,6.37,22.96,1.08,1113,24.0,611,14.0,491,10.0,11,0.0,54.9,0.08,2026-08-09,-,0,369.0
447,-16,rcia,ES,1541.42,-1.61,1617.29,1.31,25.29,0.97,1069,24.0,583,15.0,475,9.0,11,0.0,54.54,0.19,2026-07-26,G,16,502.0
448,-58,Limubai,-,1541.38,-19.23,1673.76,-20.1,44.13,-0.29,90,6.0,53,2.0,37,4.0,0,0.0,58.89,-1.82,2026-07-26,-,0,757.0
449,-15,FunkcniPC,-,1541.14,1.32,1644.94,3.66,34.6,0.78,171,6.0,97,4.0,74,2.0,0,0.0,56.73,0.37,2026-07-24,-,0,872.0
-,-,DarthPsyonic,-,1541.08,-3.27,1693.79,0.0,50.9,1.09,240,0.0,136,0.0,101,0.0,3,0.0,56.67,0.0,2022-06-05,P,4,-
-,-,Snorky,-,1540.81,-3.32,1690.76,0.0,49.98,1.11,156,0.0,104,0.0,52,0.0,0,0.0,66.67,0.0,2023-06-04,-,0,-
450,-21,hypodg,IT,1539.78,-4.08,1607.96,0.18,22.73,1.42,1030,25.0,554,12.0,468,13.0,8,0.0,53.79,-0.14,2026-08-21,-,0,359.0
451,8,Sergeeeee,GB,1539.67,11.11,1605.44,14.95,21.92,1.28,996,34.0,528,25.0,463,9.0,5,0.0,53.01,0.72,2026-07-27,G,2,234.0
452,0,dougthonus,US,1539.5,8.83,1625.9,11.87,28.8,1.01,870,16.0,477,13.0,390,3.0,3,0.0,54.83,0.5,2026-08-01,G,6,362.0
453,-25,NapoleonB,PL,1539.26,-5.12,1643.77,0.0,34.83,1.71,221,0.0,116,0.0,105,0.0,0,0.0,52.49,0.0,2026-05-15,-,0,989.0
454,14,FlyGon,-,1539.07,13.11,1637.48,1.82,32.81,-3.76,151,31.0,98,16.0,53,15.0,0,0.0,64.9,-3.43,2026-08-16,-,0,1243.0
455,15,vito,-,1538.5,13.28,1667.82,-6.32,43.11,-6.53,87,25.0,54,17.0,31,7.0,2,1.0,62.07,2.39,2026-08-11,-,0,-
456,-11,Fleepa0,ES,1538.4,3.28,1630.07,8.25,30.56,1.66,960,18.0,511,10.0,437,8.0,12,0.0,53.23,0.05,2026-07-18,-,0,316.0
457,-24,Jelen117,-,1538.27,-3.41,1683.94,0.0,48.56,1.14,93,0.0,59,0.0,32,0.0,2,0.0,63.44,0.0,2026-05-15,-,0,-
-,-,lppl,-,1537.53,-3.66,1679.93,0.0,47.47,1.22,318,0.0,166,0.0,145,0.0,7,0.0,52.2,0.0,2024-04-05,-,0,-
458,-4,Graypilgrim,-,1537.1,7.07,1666.93,0.89,43.28,-2.06,85,10.0,53,6.0,31,4.0,1,0.0,62.35,-0.32,2026-08-13,-,0,-
459,-16,Saerleon,-,1536.83,-0.04,1653.08,-29.6,38.75,-9.85,277,41.0,154,23.0,122,18.0,1,0.0,55.6,0.09,2026-08-13,M,2,-
460,-30,JensIV,DE,1536.68,-6.71,1611.25,0.0,24.86,2.24,450,0.0,235,0.0,212,0.0,3,0.0,52.22,0.0,2026-05-31,G,1,158.0
461,-25,vagrantil,AU,1536.24,-3.25,1612.53,-1.44,25.43,0.6,310,23.0,157,11.0,150,12.0,3,0.0,50.65,-0.22,2026-08-15,-,0,264.0
462,-25,makoleon,-,1536.2,-2.71,1717.25,0.0,60.35,0.9,45,0.0,28,0.0,17,0.0,0,0.0,62.22,0.0,2026-03-23,-,0,-
463,-8,norbetk,PL,1535.99,6.04,1627.59,2.24,30.53,-1.27,215,24.0,125,12.0,88,12.0,2,0.0,58.14,-1.02,2026-07-22,-,0,742.0
464,-43,Hardco,CA,1535.92,-11.93,1620.82,-7.15,28.3,1.6,1021,4.0,483,0.0,526,4.0,12,0.0,47.31,-0.18,2026-07-21,M,1,791.0
465,-39,guppyfry,US,1535.82,-9.32,1601.56,-5.42,21.91,1.3,1120,29.0,586,11.0,523,18.0,11,0.0,52.32,-0.38,2026-08-15,G,2,332.0
466,-67,spaceport,-,1535.78,-20.02,1621.53,-17.99,28.58,0.68,291,14.0,166,4.0,123,10.0,2,0.0,57.04,-1.44,2026-07-31,-,0,444.0
-,-,riccccc,-,1535.39,-4.58,1644.66,0.0,36.42,1.53,384,0.0,229,0.0,151,0.0,4,0.0,59.64,0.0,2025-05-05,G,2,659.0
467,668,Marabu8,-,1535.21,325.07,1691.25,128.47,52.01,-65.53,52,41.0,41,33.0,11,8.0,0,0.0,78.85,6.12,2026-08-13,-,0,-
468,-72,Terence,-,1534.58,-22.15,1599.94,-19.55,21.79,0.87,1350,41.0,700,16.0,640,24.0,10,1.0,51.85,-0.4,2026-08-10,G,6,235.0
469,57,Sawell,-,1534.2,30.15,1648.94,25.94,38.25,-1.41,123,13.0,71,10.0,48,2.0,4,1.0,57.72,2.27,2026-08-12,G,2,-
-,-,Montanor,-,1534.1,-2.11,1766.47,0.0,77.46,0.7,54,0.0,47,0.0,7,0.0,0,0.0,87.04,0.0,2022-09-04,-,0,-
-,-,LaoHuang,CN,1533.98,-6.32,1698.49,0.0,54.84,2.11,727,0.0,359,0.0,356,0.0,12,0.0,49.38,0.0,2023-11-15,M,3,-
-,-,Traumatan,DE,1533.86,-3.82,1672.52,0.0,46.22,1.27,168,0.0,97,0.0,69,0.0,2,0.0,57.74,0.0,2024-11-21,-,0,1287.0
470,-32,Borgmo,DE,1532.56,-6.31,1618.42,0.0,28.62,2.1,555,0.0,315,0.0,236,0.0,4,0.0,56.76,0.0,2026-05-31,G,2,410.0
-,-,ugglor,-,1532.29,-5.39,1637.42,0.0,35.04,1.8,659,0.0,367,0.0,282,0.0,10,0.0,55.69,0.0,2025-03-24,G,2,757.0
-,-,HentaiLover69,US,1532.1,-4.59,1638.25,0.0,35.38,1.53,468,0.0,258,0.0,208,0.0,2,0.0,55.13,0.0,2025-05-07,-,0,910.0
-,-,claxic,-,1531.73,-3.93,1671.53,0.0,46.6,1.31,205,0.0,131,0.0,72,0.0,2,0.0,63.9,0.0,2024-07-01,-,0,-
471,-36,Cooper,US,1531.43,-8.13,1603.02,-9.0,23.86,-0.29,330,41.0,181,16.0,148,25.0,1,0.0,54.85,-2.24,2026-08-10,-,0,755.0
472,-26,Radvan,SK,1530.84,-3.64,1600.86,-1.02,23.34,0.87,653,30.0,368,19.0,281,11.0,4,0.0,56.36,0.34,2026-07-27,-,0,348.0
473,-26,schwam,US,1530.56,-1.7,1598.12,1.9,22.52,1.2,866,34.0,442,15.0,417,18.0,7,1.0,51.04,-0.28,2026-08-10,-,0,278.0
474,unretired,Jerry2017,-,1530.38,213.55,1824.37,86.44,98.0,-42.37,15,8.0,14,7.0,1,1.0,0,0.0,93.33,-6.67,2026-08-31,-,0,1262.0
475,unretired,_sleepwalker,-,1530.27,2.57,1634.74,5.65,34.82,1.03,490,6.0,292,5.0,195,1.0,3,0.0,59.59,0.29,2026-08-04,-,0,805.0
-,-,yangziduan,-,1530.22,-2.37,1736.78,0.0,68.85,0.79,84,0.0,41,0.0,42,0.0,1,0.0,48.81,0.0,2021-11-15,-,0,1245.0
476,17,lol1,-,1530.18,15.06,1625.05,15.45,31.62,0.13,211,13.0,116,10.0,93,3.0,2,0.0,54.98,1.44,2026-08-09,-,0,365.0
-,-,Pripek,FR,1529.97,-3.74,1661.87,0.0,43.97,1.25,246,0.0,152,0.0,92,0.0,2,0.0,61.79,0.0,2024-04-04,-,0,-
-,-,Bonisagius,-,1529.94,-3.05,1693.61,0.0,54.55,1.02,140,0.0,85,0.0,53,0.0,2,0.0,60.71,0.0,2022-05-27,-,0,-
477,836,Pigeonpostman,-,1529.33,488.46,1732.1,126.05,67.59,-120.8,32,28.0,25,22.0,6,5.0,1,1.0,78.12,3.12,2026-07-28,-,0,-
478,-27,Daemon3142,GB,1528.91,-1.95,1591.68,1.25,20.92,1.07,1551,45.0,769,26.0,767,19.0,15,0.0,49.58,0.24,2026-08-12,-,0,301.0
479,15,NoswordKnight,CN,1528.86,14.46,1642.63,15.38,37.92,0.31,194,6.0,112,5.0,81,1.0,1,0.0,57.73,0.82,2026-07-27,-,0,805.0
480,5,Zaij,-,1528.77,8.62,1606.06,13.1,25.76,1.5,1005,18.0,521,11.0,479,7.0,5,0.0,51.84,0.17,2026-07-21,G,2,329.0
481,26,BuWu,DE,1527.56,16.13,1593.34,18.52,21.93,0.8,490,40.0,273,29.0,214,11.0,3,0.0,55.71,1.49,2026-08-14,-,0,371.0
-,-,Tanario,DK,1527.41,-4.12,1651.11,0.0,41.23,1.37,232,0.0,161,0.0,71,0.0,0,0.0,69.4,0.0,2024-07-01,-,0,-
-,-,wallimaendu,-,1527.23,-3.22,1679.34,0.0,50.7,1.07,234,0.0,133,0.0,100,0.0,1,0.0,56.84,0.0,2022-08-28,G,8,-
-,-,Lonzo,DE,1526.22,-3.74,1668.16,0.0,47.32,1.25,248,0.0,143,0.0,104,0.0,1,0.0,57.66,0.0,2023-11-24,G,2,-
-,-,potpath,TH,1525.85,-2.67,1710.88,0.0,61.68,0.89,60,0.0,44,0.0,16,0.0,0,0.0,73.33,0.0,2024-03-17,-,0,-
482,7,ChunkySam,US,1525.6,7.95,1618.03,6.49,30.81,-0.49,216,19.0,138,12.0,78,7.0,0,0.0,63.89,-0.07,2026-08-09,-,0,1106.0
483,15,bcnoexceptions,US,1524.98,11.5,1594.51,15.61,23.18,1.37,1054,29.0,542,22.0,493,7.0,19,0.0,51.42,0.69,2026-08-31,G,4,273.0
-,-,Miklos,HU,1524.9,-5.1,1626.19,0.0,33.76,1.7,726,0.0,406,0.0,313,0.0,7,0.0,55.92,0.0,2024-10-01,-,0,1245.0
484,-28,Rumbleman,US,1524.55,-5.27,1621.26,0.0,32.24,1.76,496,0.0,259,0.0,235,0.0,2,0.0,52.22,0.0,2025-11-30,G,8,638.0
-,-,Vlaada,CZ,1524.53,-1.61,1828.77,0.0,101.42,0.54,18,0.0,14,0.0,3,0.0,1,0.0,77.78,0.0,2020-06-28,G,2,-
485,-7,tnawrocki,US,1524.52,2.17,1591.14,3.89,22.21,0.57,449,41.0,238,27.0,209,14.0,2,0.0,53.01,1.29,2026-08-10,-,0,280.0
486,-25,IVE,-,1523.78,-4.13,1645.55,0.0,40.59,1.38,109,0.0,54,0.0,53,0.0,2,0.0,49.54,0.0,2026-03-26,-,0,480.0
487,-30,AntoineBx,FR,1523.48,-5.48,1615.3,0.0,30.61,1.83,192,0.0,119,0.0,71,0.0,2,0.0,61.98,0.0,2026-04-28,-,0,794.0
-,-,Meowthfish,TW,1522.9,-3.87,1662.34,0.0,46.48,1.29,466,0.0,227,0.0,239,0.0,0,0.0,48.71,0.0,2023-06-04,M,3,-
-,-,barda,PT,1522.49,-5.25,1634.02,0.0,37.18,1.75,518,0.0,304,0.0,211,0.0,3,0.0,58.69,0.0,2025-07-19,-,0,638.0
488,-47,Spoobill,-,1522.26,-15.83,1596.38,-11.93,24.71,1.3,738,18.0,417,4.0,313,14.0,8,0.0,56.5,-0.86,2026-07-24,-,0,350.0
-,-,Asbestos,US,1521.42,-5.11,1622.44,0.0,33.67,1.7,742,0.0,389,0.0,342,0.0,11,0.0,52.43,0.0,2025-03-25,G,8,695.0
-,-,Bejn,-,1521.29,-2.85,1692.48,0.0,57.06,0.95,90,0.0,56,0.0,33,0.0,1,0.0,62.22,0.0,2022-09-04,-,0,-
489,10,Tony117,IT,1520.98,7.52,1603.21,10.96,27.41,1.15,711,18.0,381,13.0,325,5.0,5,0.0,53.59,0.49,2026-07-26,-,0,362.0
490,-17,deleted_user_8840806,-,1520.89,-2.74,1700.22,0.0,59.78,0.91,46,0.0,30,0.0,16,0.0,0,0.0,65.22,0.0,2025-10-26,-,0,-
-,-,GrzeHu,-,1520.65,-2.73,1700.66,0.0,60.0,0.91,88,0.0,58,0.0,30,0.0,0,0.0,65.91,0.0,2022-08-24,-,0,-
-,-,HLDM,-,1520.25,-2.59,1710.56,0.0,63.44,0.86,45,0.0,28,0.0,17,0.0,0,0.0,62.22,0.0,2024-07-01,-,0,-
-,-,Xxchaking,-,1520.06,-2.93,1689.65,0.0,56.53,0.98,126,0.0,86,0.0,39,0.0,1,0.0,68.25,0.0,2022-03-06,-,0,-
-,-,dayorbyte,-,1519.92,-3.14,1678.65,0.0,52.91,1.05,188,0.0,107,0.0,78,0.0,3,0.0,56.91,0.0,2023-08-05,P,4,-
-,-,Enki,-,1519.51,-2.79,1698.34,0.0,59.61,0.93,60,0.0,43,0.0,17,0.0,0,0.0,71.67,0.0,2024-07-01,-,0,-
491,-14,Montu,US,1519.11,-3.44,1614.19,-0.4,31.7,1.01,234,6.0,148,3.0,84,3.0,2,0.0,63.25,-0.35,2026-07-23,-,0,596.0
492,-39,MrGekz,PL,1518.92,-11.42,1593.79,-9.56,24.96,0.62,866,33.0,464,20.0,396,13.0,6,0.0,53.58,0.28,2026-08-17,G,4,267.0
493,-10,xy-y,-,1518.17,-2.92,1686.95,0.0,56.26,0.97,52,0.0,34,0.0,18,0.0,0,0.0,65.38,0.0,2026-05-18,-,0,-
494,901,ArthursDad,US,1518.11,632.01,1701.72,31.57,61.2,-200.15,44,42.0,33,31.0,11,11.0,0,0.0,75.0,-25.0,2026-08-16,-,0,-
-,-,Radorf,-,1518.06,-3.81,1654.37,0.0,45.44,1.27,310,0.0,161,0.0,147,0.0,2,0.0,51.94,0.0,2023-11-15,M,1,-
495,-26,Thronx,DE,1518.02,-7.47,1602.13,0.0,28.04,2.49,907,0.0,497,0.0,403,0.0,7,0.0,54.8,0.0,2026-03-25,G,4,396.0
496,-47,henrymerrivale,IT,1517.65,-13.89,1583.76,-11.31,22.04,0.86,1433,41.0,733,14.0,684,26.0,16,1.0,51.15,-0.5,2026-08-11,P,4,242.0
-,-,AlbertoMariani91,-,1517.5,-3.46,1672.63,0.0,51.71,1.15,203,0.0,127,0.0,74,0.0,2,0.0,62.56,0.0,2023-04-16,G,2,-
497,9,khyung,US,1517.46,5.59,1599.43,6.81,27.32,0.41,765,21.0,400,11.0,359,10.0,6,0.0,52.29,0.01,2026-07-11,G,4,466.0
498,115,KidCanuck,-,1517.37,56.76,1659.9,43.17,47.51,-4.53,64,13.0,42,11.0,22,2.0,0,0.0,65.62,4.84,2026-08-14,-,0,-
499,-20,Klakla92th,-,1517.07,-4.97,1618.43,0.0,33.78,1.66,824,0.0,449,0.0,369,0.0,6,0.0,54.49,0.0,2025-12-22,G,4,989.0
-,-,Woodmouth,NO,1517.06,-3.79,1647.22,0.0,43.39,1.26,262,0.0,143,0.0,116,0.0,3,0.0,54.58,0.0,2023-11-15,-,0,-
500,-14,Victory7,CA,1516.51,-3.46,1596.46,-7.98,26.65,-1.51,256,43.0,148,22.0,105,21.0,3,0.0,57.81,-1.34,2026-08-11,-,0,872.0
501,-17,refs,NO,1516.27,-4.06,1605.13,-2.14,29.62,0.64,233,13.0,133,8.0,100,5.0,0,0.0,57.08,0.26,2026-08-12,-,0,394.0
-,-,Rimuel,-,1516.22,-3.27,1669.36,0.0,51.05,1.09,156,0.0,103,0.0,53,0.0,0,0.0,66.03,0.0,2024-06-02,-,0,-
-,-,Andrew_Davidson,-,1516.21,-4.51,1625.39,0.0,36.39,1.5,429,0.0,247,0.0,180,0.0,2,0.0,57.58,0.0,2025-05-02,-,0,684.0
502,-5,rabalder,NO,1516.02,2.49,1604.47,4.23,29.48,0.58,343,13.0,196,8.0,145,5.0,2,0.0,57.14,0.17,2026-08-13,-,0,383.0
-,-,KrwawyPysio,-,1515.97,-2.73,1696.8,0.0,60.28,0.91,60,0.0,38,0.0,22,0.0,0,0.0,63.33,0.0,2024-07-01,-,0,-
-,-,GaryPan,-,1515.92,-2.37,1723.84,0.0,69.31,0.79,86,0.0,42,0.0,43,0.0,1,0.0,48.84,0.0,2020-05-08,-,0,-
-,-,Torzelan,-,1515.78,-2.91,1684.28,0.0,56.17,0.97,81,0.0,58,0.0,22,0.0,1,0.0,71.6,0.0,2023-04-16,-,0,-
504,-60,Attrill20,GB,1515.73,-19.98,1584.73,-15.88,23.0,1.37,1192,24.0,635,4.0,549,20.0,8,0.0,53.27,-0.75,2026-07-24,-,0,329.0
503,-23,JiriHosek,-,1515.73,-6.27,1620.03,-15.68,34.77,-3.14,149,24.0,91,10.0,56,14.0,2,0.0,61.07,-3.73,2026-08-11,-,0,989.0
-,-,Redgarex,-,1515.65,-1.47,1848.8,0.0,111.05,0.49,30,0.0,27,0.0,3,0.0,0,0.0,90.0,0.0,2020-09-27,-,0,-
505,9,Oleksandr,UA,1515.63,7.7,1601.93,7.75,28.77,0.02,268,19.0,146,12.0,120,7.0,2,0.0,54.48,0.66,2026-08-08,-,0,337.0
506,15,HopeForLuck,DE,1515.44,9.01,1587.06,11.68,23.87,0.89,664,28.0,368,19.0,291,9.0,5,0.0,55.42,0.55,2026-08-13,-,0,377.0
-,-,Asaf,IL,1515.11,-4.14,1634.37,0.0,39.75,1.38,329,0.0,200,0.0,127,0.0,2,0.0,60.79,0.0,2024-04-04,-,0,-
507,-42,Borman,-,1514.8,-11.56,1622.25,-9.39,35.82,0.72,181,6.0,114,3.0,66,3.0,1,0.0,62.98,-0.45,2026-07-26,-,0,805.0
508,-3,aaaaa,JP,1514.3,2.1,1594.05,1.13,26.58,-0.33,622,30.0,323,16.0,299,14.0,0,0.0,51.93,0.07,2026-08-03,G,2,546.0
509,-47,RiteInUrEye,CA,1514.06,-13.33,1617.34,-9.68,34.42,1.22,260,3.0,154,0.0,102,2.0,4,1.0,59.23,-0.69,2026-06-23,-,0,-
510,-20,K1N9,-,1514.01,-3.19,1669.01,0.0,51.66,1.06,62,0.0,36,0.0,26,0.0,0,0.0,58.06,0.0,2026-01-25,-,0,729.0
-,-,MastermindZeta,-,1513.93,-2.63,1700.3,0.0,62.12,0.88,84,0.0,52,0.0,31,0.0,1,0.0,61.9,0.0,2023-03-01,-,0,-
-,-,goeroezeboe,-,1513.84,-2.72,1704.21,0.0,63.46,0.91,108,0.0,68,0.0,40,0.0,0,0.0,62.96,0.0,2021-03-02,G,2,-
511,-20,ElTanque35,IT,1513.79,-2.4,1603.81,-8.33,30.01,-1.98,228,34.0,131,16.0,96,18.0,1,0.0,57.46,-1.82,2026-07-27,-,0,805.0
-,-,jaggl,-,1513.38,-3.89,1654.35,0.0,46.99,1.3,263,0.0,147,0.0,113,0.0,3,0.0,55.89,0.0,2025-02-28,P,2,757.0
-,-,Barnstormer,-,1513.15,-4.0,1644.78,0.0,43.88,1.33,273,0.0,161,0.0,110,0.0,2,0.0,58.97,0.0,2024-07-01,-,0,-
-,-,Redgood,-,1513.04,-3.29,1663.11,0.0,50.02,1.1,105,0.0,66,0.0,37,0.0,2,0.0,62.86,0.0,2025-03-27,-,0,805.0
-,-,DjesusHChrist,-,1512.7,-1.61,1817.77,0.0,101.69,0.54,18,0.0,15,0.0,3,0.0,0,0.0,83.33,0.0,2020-12-06,-,0,-
512,15,ShPini,-,1512.63,8.83,1621.67,5.69,36.35,-1.05,117,13.0,65,8.0,52,5.0,0,0.0,55.56,0.75,2026-08-08,-,0,-
-,-,Elwen,-,1512.39,-2.79,1691.38,0.0,59.66,0.93,126,0.0,88,0.0,37,0.0,1,0.0,69.84,0.0,2021-06-02,-,0,-
513,60,Sirkopczyk,-,1512.08,33.15,1660.37,16.22,49.43,-5.64,64,13.0,41,9.0,23,4.0,0,0.0,64.06,1.31,2026-08-10,-,0,-
514,-10,HomerJr,US,1512.01,-0.44,1605.77,3.48,31.25,1.31,896,4.0,440,2.0,449,2.0,7,0.0,49.11,0.01,2026-07-21,G,8,805.0
-,-,yood,-,1512.0,-3.11,1678.84,0.0,55.62,1.04,162,0.0,93,0.0,68,0.0,1,0.0,57.41,0.0,2021-12-05,G,2,-
515,-33,BemuthBambai,DE,1511.88,-9.51,1612.69,-6.56,33.6,0.98,252,6.0,141,3.0,109,3.0,2,0.0,55.95,-0.15,2026-07-27,-,0,616.0
-,-,IirionClaus,-,1511.47,-2.57,1701.47,0.0,63.33,0.86,114,0.0,71,0.0,43,0.0,0,0.0,62.28,0.0,2020-08-21,P,2,-
-,-,Robster,NL,1511.17,-6.1,1628.39,0.0,39.07,2.03,795,0.0,445,0.0,345,0.0,5,0.0,55.97,0.0,2025-03-19,G,10,647.0
516,-24,Rackare,SE,1511.05,-4.99,1645.28,-7.12,44.74,-0.71,91,6.0,53,3.0,38,3.0,0,0.0,58.24,-0.58,2026-08-01,-,0,805.0
-,-,fielmann,EE,1510.38,-3.21,1662.05,0.0,50.56,1.07,181,0.0,111,0.0,69,0.0,1,0.0,61.33,0.0,2023-03-01,G,2,-
-,-,zc74560,-,1510.16,-1.39,1862.55,0.0,117.46,0.46,12,0.0,9,0.0,3,0.0,0,0.0,75.0,0.0,2022-02-01,-,0,-
517,-36,AdiQue,PL,1509.67,-12.13,1581.85,-7.29,24.06,1.61,768,28.0,384,18.0,380,10.0,4,0.0,50.0,0.54,2026-07-30,P,4,293.0
518,18,SafeT,-,1509.23,14.58,1654.71,-0.8,48.49,-5.13,65,13.0,39,8.0,26,5.0,0,0.0,60.0,0.38,2026-08-10,-,0,-
519,-1,docpain,-,1509.13,2.28,1643.27,-12.28,44.72,-4.85,78,17.0,51,10.0,25,6.0,2,1.0,65.38,-1.83,2026-08-09,-,0,-
-,-,chiang831,-,1509.07,-2.59,1700.91,0.0,63.95,0.86,72,0.0,48,0.0,24,0.0,0,0.0,66.67,0.0,2022-02-24,-,0,-
-,-,Xsn,PL,1509.05,-3.4,1655.03,0.0,48.66,1.13,113,0.0,76,0.0,35,0.0,2,0.0,67.26,0.0,2025-02-28,-,0,640.0
520,-54,buttoxide,SG,1508.89,-17.24,1606.58,-13.21,32.57,1.35,212,3.0,133,0.0,79,3.0,0,0.0,62.74,-0.9,2026-07-03,-,0,681.0
521,-25,Arinmir,DE,1508.7,-4.92,1618.05,0.0,36.45,1.64,386,0.0,208,0.0,177,0.0,1,0.0,53.89,0.0,2026-02-01,G,4,989.0
-,-,Ondra,-,1508.69,-2.66,1693.7,0.0,61.67,0.89,90,0.0,49,0.0,39,0.0,2,0.0,54.44,0.0,2021-06-02,G,8,-
522,-22,pepikos,NL,1508.54,-4.82,1616.44,0.0,35.97,1.61,193,0.0,93,0.0,98,0.0,2,0.0,48.19,0.0,2026-04-02,-,0,805.0
523,-99,AlkashRusanovskiy,-,1508.36,-37.98,1684.74,-39.12,58.79,-0.38,83,3.0,39,0.0,43,2.0,1,1.0,46.99,-1.76,2026-07-01,-,0,-
524,-76,Mul,CA,1508.08,-24.15,1580.41,-19.25,24.11,1.63,734,18.0,399,5.0,330,12.0,5,1.0,54.36,-0.67,2026-07-25,-,0,319.0
525,-3,McNulty,US,1507.22,1.11,1586.31,4.89,26.36,1.26,909,14.0,473,10.0,428,4.0,8,0.0,52.04,0.31,2026-08-31,-,0,340.0
-,-,Alpha775,-,1507.21,-1.28,1889.62,0.0,127.47,0.43,12,0.0,10,0.0,2,0.0,0,0.0,83.33,0.0,2022-02-01,-,0,-
526,-17,aivin,PL,1507.07,-1.94,1595.03,0.3,29.32,0.75,390,12.0,201,6.0,187,6.0,2,0.0,51.54,-0.05,2026-08-17,-,0,352.0
527,-26,Medgar,-,1506.98,-6.3,1582.24,-2.93,25.08,1.12,516,18.0,289,5.0,223,13.0,4,0.0,56.01,-1.02,2026-07-22,-,0,398.0
528,-25,ABQ,HR,1506.62,-6.36,1589.34,0.0,27.57,2.12,736,0.0,404,0.0,326,0.0,6,0.0,54.89,0.0,2026-04-22,G,4,461.0
529,-34,Minik,-,1506.52,-7.78,1634.68,-5.47,42.72,0.77,93,3.0,53,2.0,40,1.0,0,0.0,56.99,0.32,2026-06-23,-,0,872.0
530,-28,justinkejs,-,1506.01,-7.24,1604.65,0.0,32.88,2.41,558,0.0,298,0.0,255,0.0,5,0.0,53.41,0.0,2026-05-27,G,6,805.0
-,-,Wolar,CZ,1505.41,-5.47,1602.54,0.0,32.38,1.82,535,0.0,296,0.0,234,0.0,5,0.0,55.33,0.0,2025-07-22,-,0,282.0
531,0,Cat12,CN,1505.28,3.06,1578.16,2.82,24.3,-0.08,557,41.0,303,20.0,252,21.0,2,0.0,54.4,-0.44,2026-08-21,-,0,338.0
532,370,quirrell,-,1505.13,164.52,1691.71,85.04,62.19,-26.49,36,18.0,25,14.0,11,4.0,0,0.0,69.44,8.33,2026-07-31,-,0,-
533,-23,Kvist,DK,1504.99,-3.82,1634.5,0.0,43.17,1.27,111,0.0,69,0.0,41,0.0,1,0.0,62.16,0.0,2026-01-29,-,0,1287.0
-,-,buste,-,1504.95,-4.17,1630.61,0.0,41.89,1.39,413,0.0,209,0.0,203,0.0,1,0.0,50.61,0.0,2024-06-02,G,14,-
-,-,Mariac,-,1504.7,-2.57,1695.6,0.0,63.63,0.86,48,0.0,30,0.0,18,0.0,0,0.0,62.5,0.0,2024-12-15,-,0,-
-,-,ttaf,-,1503.93,-1.88,1765.61,0.0,87.23,0.63,42,0.0,36,0.0,6,0.0,0,0.0,85.71,0.0,2023-02-23,-,0,-
534,-17,Tandeta,PL,1503.71,-3.37,1653.58,0.0,49.96,1.12,126,0.0,72,0.0,53,0.0,1,0.0,57.14,0.0,2025-11-13,G,4,695.0
535,-16,NozoEli,-,1503.69,-3.05,1666.79,0.0,54.36,1.02,55,0.0,32,0.0,21,0.0,2,0.0,58.18,0.0,2026-03-23,-,0,-
536,302,Vortex1612,-,1503.26,132.94,1626.87,114.23,41.2,-6.24,126,25.0,67,21.0,59,4.0,0,0.0,53.17,7.63,2026-08-14,-,0,1287.0
537,752,zhangyuchen,-,1503.04,422.2,1846.54,106.39,114.5,-105.27,15,12.0,14,11.0,1,1.0,0,0.0,93.33,-6.67,2026-07-29,-,0,-
538,49,tkornai,HU,1502.19,32.07,1622.82,26.43,40.21,-1.88,192,12.0,125,9.0,66,3.0,1,0.0,65.1,0.66,2026-08-01,-,0,-
-,-,ChinaWanping,-,1501.58,-2.26,1718.79,0.0,72.4,0.75,48,0.0,40,0.0,8,0.0,0,0.0,83.33,0.0,2021-09-05,-,0,-
539,-426,Maxxxx,-,1501.34,-217.87,1643.77,-218.68,47.48,-0.27,180,18.0,117,0.0,61,18.0,2,0.0,65.0,-7.22,2026-07-28,P,4,-
540,-15,Antigua,HU,1501.13,-3.81,1631.64,0.0,43.5,1.27,89,0.0,51,0.0,38,0.0,0,0.0,57.3,0.0,2026-03-28,-,0,757.0
-,-,dudzik,-,1501.08,-3.08,1661.14,0.0,53.36,1.03,168,0.0,90,0.0,78,0.0,0,0.0,53.57,0.0,2022-05-26,G,4,-
541,unretired,King.I.T.North,-,1501.02,-0.56,1634.7,0.53,44.56,0.36,137,3.0,77,2.0,60,1.0,0,0.0,56.2,0.23,2026-06-23,-,0,865.0
-,-,HollowKnight,-,1500.78,-3.0,1666.65,0.0,55.29,1.0,136,0.0,80,0.0,54,0.0,2,0.0,58.82,0.0,2023-06-06,-,0,-
-,-,Tshemmp,DE,1500.65,-4.08,1620.44,0.0,39.93,1.36,223,0.0,138,0.0,84,0.0,1,0.0,61.88,0.0,2024-08-11,-,0,-
542,8,BlueCardinal,-,1500.58,10.45,1608.75,10.55,36.06,0.03,138,9.0,77,6.0,61,3.0,0,0.0,55.8,0.76,2026-07-26,-,0,1067.0
543,-5,pavelceska,-,1500.46,6.54,1601.33,-10.26,33.62,-5.6,148,41.0,89,24.0,58,17.0,1,0.0,60.14,-0.61,2026-08-15,-,0,1372.0
544,-16,modjoaq,-,1500.33,-2.94,1669.36,0.0,56.34,0.98,94,0.0,60,0.0,34,0.0,0,0.0,63.83,0.0,2026-02-18,-,0,-
-,-,Chungdiddly,-,1500.06,-2.79,1675.39,0.0,58.44,0.93,110,0.0,74,0.0,35,0.0,1,0.0,67.27,0.0,2022-02-27,-,0,-
545,-30,Ricicle,-,1499.81,-8.09,1577.85,-5.88,26.01,0.73,875,22.0,413,10.0,453,12.0,9,0.0,47.2,-0.05,2026-08-01,P,4,442.0
-,-,Octavian,US,1499.74,-5.36,1607.43,0.0,35.9,1.79,746,0.0,368,0.0,372,0.0,6,0.0,49.33,0.0,2025-05-08,M,1,375.0
546,unretired,CrystalPete420,-,1499.62,6.99,1623.27,-5.43,41.22,-4.14,182,18.0,96,10.0,84,8.0,2,0.0,52.75,0.31,2026-07-16,-,0,989.0
547,-27,martinxjames,-,1499.37,-7.14,1568.87,-5.76,23.16,0.46,464,41.0,257,23.0,206,18.0,1,0.0,55.39,0.07,2026-08-13,-,0,336.0
-,-,deluks917,US,1497.86,-4.65,1641.91,0.0,48.02,1.55,410,0.0,196,0.0,213,0.0,1,0.0,47.8,0.0,2024-02-23,GM,1,-
-,-,colonize_N,-,1497.76,-2.3,1710.36,0.0,70.87,0.77,78,0.0,55,0.0,23,0.0,0,0.0,70.51,0.0,2020-12-06,-,0,-
548,-37,Mephist,LT,1497.33,-11.3,1562.83,-8.76,21.83,0.85,697,41.0,352,19.0,341,22.0,4,0.0,50.5,-0.26,2026-08-18,-,0,241.0
549,-62,ulkupayaya,-,1497.25,-22.49,1621.99,-20.66,41.58,0.61,121,3.0,59,0.0,56,3.0,6,0.0,48.76,-1.24,2026-06-22,-,0,578.0
-,-,HavardG,-,1496.75,-4.2,1618.08,0.0,40.44,1.4,291,0.0,162,0.0,127,0.0,2,0.0,55.67,0.0,2024-07-01,-,0,-
-,-,Akstar,-,1496.44,-1.89,1756.89,0.0,86.82,0.63,42,0.0,34,0.0,8,0.0,0,0.0,80.95,0.0,2022-02-13,-,0,-
550,-38,LordHomeOffice,DE,1495.92,-12.64,1571.83,-11.66,25.3,0.33,460,30.0,249,14.0,211,16.0,0,0.0,54.13,-0.52,2026-07-28,G,2,576.0
551,-2,SteelKitten,-,1495.2,4.41,1629.34,3.87,44.71,-0.18,126,4.0,81,3.0,44,1.0,1,0.0,64.29,0.36,2026-07-26,-,0,-
-,-,matus,-,1495.08,-1.57,1808.18,0.0,104.37,0.52,24,0.0,22,0.0,2,0.0,0,0.0,91.67,0.0,2020-05-24,-,0,-
552,-39,Ilidur,-,1494.79,-13.76,1610.57,-11.14,38.59,0.87,137,3.0,75,0.0,60,2.0,2,1.0,54.74,-1.23,2026-07-09,-,0,805.0
-,-,sunian,-,1494.48,-1.5,1820.76,0.0,108.76,0.5,17,0.0,16,0.0,1,0.0,0,0.0,94.12,0.0,2024-12-10,-,0,-
-,-,GoodSentinel,-,1494.39,-3.4,1638.23,0.0,47.95,1.13,198,0.0,128,0.0,68,0.0,2,0.0,64.65,0.0,2024-02-29,-,0,-
553,-45,Bobisko,CZ,1494.26,-16.54,1566.2,-12.02,23.98,1.51,888,18.0,484,6.0,399,12.0,5,0.0,54.5,-0.44,2026-07-24,G,2,384.0
-,-,Pirigin,-,1494.1,-2.86,1667.3,0.0,57.73,0.95,77,0.0,51,0.0,23,0.0,3,0.0,66.23,0.0,2024-04-04,-,0,-
554,-80,haimke,-,1493.72,-29.71,1559.74,-26.81,22.01,0.97,1209,49.0,612,8.0,581,41.0,16,0.0,50.62,-1.45,2026-08-04,G,4,261.0
555,-39,Zathio,US,1493.57,-13.87,1587.94,-11.32,31.46,0.85,498,10.0,266,4.0,226,6.0,6,0.0,53.41,-0.28,2026-07-28,-,0,989.0
556,-32,Arkadiussus,PL,1493.11,-12.02,1557.26,-8.12,21.38,1.3,905,38.0,469,17.0,428,19.0,8,2.0,51.82,-0.31,2026-08-17,-,0,269.0
-,-,laozhang,-,1493.0,-4.15,1626.88,0.0,44.63,1.38,277,0.0,131,0.0,139,0.0,7,0.0,47.29,0.0,2023-11-15,G,2,-
-,-,GunKer,-,1492.87,-6.74,1598.63,0.0,35.25,2.25,702,0.0,381,0.0,315,0.0,6,0.0,54.27,0.0,2025-08-31,G,2,224.0
557,-16,EmiratesOfHacan,-,1492.5,-0.75,1590.85,1.96,32.78,0.9,402,6.0,235,3.0,166,3.0,1,0.0,58.46,-0.13,2026-07-31,-,0,786.0
558,-24,kopu,-,1492.36,-4.23,1610.39,0.0,39.34,1.41,204,0.0,132,0.0,70,0.0,2,0.0,64.71,0.0,2026-05-25,-,0,937.0
559,-36,Netopier,SK,1492.09,-14.01,1623.07,0.0,43.66,4.67,1106,0.0,575,0.0,523,0.0,8,0.0,51.99,0.0,2025-11-30,M,4,97.0
560,9,Darek79,-,1491.94,11.77,1579.29,11.71,29.12,-0.02,301,24.0,157,16.0,141,8.0,3,0.0,52.16,1.26,2026-08-03,-,0,922.0
-,-,ZRoronoaZ,CZ,1491.67,-5.15,1598.25,0.0,35.52,1.72,516,0.0,286,0.0,225,0.0,5,0.0,55.43,0.0,2025-03-25,-,0,939.0
-,-,cadol,-,1491.62,-2.39,1700.67,0.0,69.68,0.8,60,0.0,39,0.0,21,0.0,0,0.0,65.0,0.0,2021-08-26,G,2,-
-,-,Stobek,-,1490.78,-3.74,1624.94,0.0,44.72,1.25,246,0.0,146,0.0,97,0.0,3,0.0,59.35,0.0,2024-04-04,-,0,-
561,-14,mria,-,1490.49,-1.28,1874.56,0.0,128.02,0.43,8,0.0,8,0.0,0,0.0,0,0.0,100.0,0.0,2026-02-28,-,0,-
-,-,Elpiereo,-,1490.32,-3.36,1638.91,0.0,49.53,1.12,90,0.0,51,0.0,39,0.0,0,0.0,56.67,0.0,2025-03-25,-,0,757.0
-,-,Donni,DE,1490.15,-5.55,1586.21,0.0,32.02,1.85,630,0.0,350,0.0,276,0.0,4,0.0,55.56,0.0,2025-06-24,-,0,253.0
-,-,GregP,US,1489.67,-3.67,1626.68,0.0,45.67,1.22,574,0.0,269,0.0,303,0.0,2,0.0,46.86,0.0,2023-03-01,P,6,-
562,-19,lukejones82,-,1489.65,-3.08,1651.74,0.0,54.03,1.03,59,0.0,31,0.0,27,0.0,1,0.0,52.54,0.0,2026-02-21,-,0,729.0
-,-,Z-man,-,1489.49,-2.56,1681.54,0.0,64.02,0.85,45,0.0,31,0.0,14,0.0,0,0.0,68.89,0.0,2025-03-26,-,0,805.0
563,-24,JoshyWiggins,GB,1489.48,-4.06,1554.73,-1.25,21.75,0.94,1090,41.0,573,17.0,511,23.0,6,1.0,52.57,-0.43,2026-08-10,G,4,346.0
-,-,Rivarama,-,1489.33,-4.03,1621.73,0.0,44.13,1.34,360,0.0,194,0.0,164,0.0,2,0.0,53.89,0.0,2023-11-15,G,2,-
564,unretired,Vanillehahn,-,1488.67,68.96,1792.35,19.89,101.23,-16.36,19,7.0,16,6.0,3,1.0,0,0.0,84.21,0.88,2026-08-11,-,0,-
565,11,theussner79,DE,1488.39,10.37,1553.54,13.32,21.72,0.98,1174,41.0,605,25.0,559,16.0,10,0.0,51.53,0.34,2026-08-20,-,0,356.0
-,-,gyova,-,1488.07,-2.81,1663.6,0.0,58.51,0.94,120,0.0,64,0.0,55,0.0,1,0.0,53.33,0.0,2021-08-28,P,2,-
566,-18,CardinalBadger,-,1487.94,-3.68,1623.43,0.0,45.16,1.23,114,0.0,69,0.0,45,0.0,0,0.0,60.53,0.0,2026-01-28,-,0,872.0
567,-12,jonzewiespike,DE,1487.93,0.01,1559.2,2.98,23.76,0.99,556,23.0,292,13.0,260,10.0,4,0.0,52.52,0.17,2026-08-11,-,0,310.0
568,-28,happyboykt,KR,1487.88,-5.65,1582.22,0.0,31.45,1.88,720,0.0,378,0.0,337,0.0,5,0.0,52.5,0.0,2026-03-15,G,2,436.0
-,-,CoxCz,CZ,1486.82,-4.79,1594.66,0.0,35.94,1.6,333,0.0,193,0.0,139,0.0,1,0.0,57.96,0.0,2025-06-27,G,4,872.0
-,-,Louaym,-,1486.36,-3.88,1624.44,0.0,46.03,1.29,252,0.0,145,0.0,104,0.0,3,0.0,57.54,0.0,2023-09-03,G,2,-
569,67,Kivok,-,1486.21,37.87,1629.35,19.0,47.72,-6.29,69,17.0,42,12.0,27,5.0,0,0.0,60.87,3.18,2026-08-16,-,0,-
-,-,dxp199062,-,1485.37,-2.07,1722.76,0.0,79.13,0.69,36,0.0,27,0.0,9,0.0,0,0.0,75.0,0.0,2022-08-31,-,0,-
570,-19,Gerti,DE,1485.36,-4.02,1610.67,0.0,41.77,1.34,124,0.0,70,0.0,51,0.0,3,0.0,56.45,0.0,2026-03-26,-,0,939.0
571,-6,JohnyT,SK,1484.32,3.05,1560.35,2.4,25.35,-0.22,352,34.0,193,19.0,157,15.0,2,0.0,54.83,0.11,2026-07-29,-,0,522.0
572,-19,Deschain,-,1483.99,-4.73,1590.49,0.0,35.5,1.58,327,0.0,181,0.0,144,0.0,2,0.0,55.35,0.0,2026-03-20,P,2,-
573,-15,Depp,CA,1483.85,-1.7,1567.41,-8.62,27.85,-2.31,214,41.0,118,17.0,96,24.0,0,0.0,55.14,-3.24,2026-08-10,-,0,1245.0
574,-18,FollowerOfCicero,-,1483.52,-2.71,1665.58,0.0,60.69,0.9,40,0.0,22,0.0,18,0.0,0,0.0,55.0,0.0,2026-04-07,-,0,-
575,-12,comant,RU,1483.44,1.26,1549.33,4.64,21.96,1.13,1309,40.0,679,24.0,624,16.0,6,0.0,51.87,0.25,2026-08-09,-,0,267.0
576,2,Bromios,US,1483.16,5.43,1595.35,6.66,37.4,0.41,156,6.0,90,4.0,66,2.0,0,0.0,57.69,0.36,2026-08-04,-,0,989.0
577,-33,CRocky,-,1482.95,-9.74,1556.0,-9.76,24.35,-0.01,327,36.0,179,15.0,144,20.0,4,1.0,54.74,-1.62,2026-08-12,-,0,622.0
578,3,creamyalfredo,-,1482.28,7.12,1625.9,3.9,47.87,-1.07,73,6.0,50,4.0,23,2.0,0,0.0,68.49,-0.17,2026-07-17,-,0,937.0
579,-119,Quasar_Enderas,-,1482.17,-46.17,1616.57,-62.6,44.8,-5.48,81,21.0,55,10.0,26,11.0,0,0.0,67.9,-7.1,2026-07-30,-,0,-
580,-23,SaMatra,-,1482.1,-3.51,1622.93,0.0,46.94,1.17,93,0.0,45,0.0,46,0.0,2,0.0,48.39,0.0,2026-01-27,-,0,1278.0
581,-51,chobodrone,-,1481.83,-20.68,1630.46,-24.1,49.54,-1.14,63,6.0,33,2.0,30,4.0,0,0.0,52.38,-2.01,2026-07-22,-,0,-
-,-,M-L-E,GR,1481.82,-4.63,1593.2,0.0,37.13,1.54,294,0.0,161,0.0,132,0.0,1,0.0,54.76,0.0,2025-05-31,-,0,572.0
-,-,Dragonheard4,-,1481.64,-3.14,1638.89,0.0,52.41,1.05,86,0.0,54,0.0,31,0.0,1,0.0,62.79,0.0,2024-10-13,-,0,-
-,-,Black8,-,1481.3,-3.1,1639.7,0.0,52.8,1.03,99,0.0,53,0.0,45,0.0,1,0.0,53.54,0.0,2024-04-04,-,0,-
583,-50,nanoprince,-,1481.24,-19.04,1586.87,-14.94,35.21,1.37,193,3.0,99,0.0,90,3.0,4,0.0,51.3,-0.81,2026-06-28,-,0,382.0
582,-14,Thomi,-,1481.24,1.01,1559.06,4.11,25.94,1.04,678,18.0,337,12.0,333,6.0,8,0.0,49.71,0.47,2026-07-30,-,0,725.0
-,-,carygug,-,1481.18,-2.77,1657.17,0.0,58.66,0.92,90,0.0,55,0.0,35,0.0,0,0.0,61.11,0.0,2022-03-06,-,0,-
-,-,NyaLala,-,1481.18,-2.28,1696.59,0.0,71.8,0.76,54,0.0,32,0.0,21,0.0,1,0.0,59.26,0.0,2020-12-06,-,0,-
-,-,jcc,-,1481.08,-3.28,1635.01,0.0,51.31,1.09,216,0.0,138,0.0,76,0.0,2,0.0,63.89,0.0,2022-09-04,-,0,-
-,-,Birnenschorsch,-,1481.06,-2.95,1648.56,0.0,55.83,0.98,66,0.0,38,0.0,28,0.0,0,0.0,57.58,0.0,2024-08-11,-,0,-
584,-39,Sarek,DE,1480.7,-11.52,1547.88,-9.71,22.39,0.6,873,35.0,455,16.0,412,19.0,6,0.0,52.12,-0.27,2026-08-10,-,0,255.0
585,52,MoxNox,-,1480.55,33.7,1598.3,20.69,39.25,-4.34,110,20.0,58,10.0,50,10.0,2,0.0,52.73,-0.6,2026-07-28,-,0,1262.0
-,-,markino,-,1480.47,-2.6,1671.31,0.0,63.61,0.87,90,0.0,48,0.0,42,0.0,0,0.0,53.33,0.0,2021-03-02,G,6,-
-,-,Khar,CZ,1480.41,-4.26,1613.39,0.0,44.32,1.42,336,0.0,193,0.0,141,0.0,2,0.0,57.44,0.0,2023-11-24,-,0,-
-,-,chenstix,-,1480.36,-4.05,1627.1,0.0,48.91,1.35,338,0.0,168,0.0,168,0.0,2,0.0,49.7,0.0,2023-03-01,G,6,-
-,-,tbat,-,1480.33,-3.77,1613.72,0.0,44.46,1.26,372,0.0,202,0.0,169,0.0,1,0.0,54.3,0.0,2023-09-03,G,4,-
-,-,Snatser,-,1479.93,-4.26,1598.86,0.0,39.64,1.42,267,0.0,163,0.0,104,0.0,0,0.0,61.05,0.0,2025-05-31,-,0,1054.0
586,-3,Giledon,-,1479.7,5.23,1614.05,6.98,44.78,0.58,93,3.0,55,3.0,38,0.0,0,0.0,59.14,1.36,2026-06-10,-,0,729.0
-,-,Dinnser,-,1479.66,-2.93,1654.48,0.0,58.27,0.98,132,0.0,79,0.0,51,0.0,2,0.0,59.85,0.0,2022-02-27,-,0,-
-,-,DGMvado,-,1479.14,-3.19,1633.51,0.0,51.46,1.06,94,0.0,48,0.0,45,0.0,1,0.0,51.06,0.0,2024-07-01,-,0,-
587,-99,Haxxorn,SE,1478.58,-39.82,1543.53,-34.24,21.65,1.86,1397,29.0,696,3.0,688,22.0,13,4.0,49.82,-0.84,2026-08-10,G,10,286.0
588,-26,LukeHeinz57,-,1478.15,-4.14,1597.29,0.0,39.72,1.38,130,0.0,73,0.0,57,0.0,0,0.0,56.15,0.0,2026-05-31,-,0,-
589,-54,wartin,SK,1478.03,-17.64,1557.94,-13.69,26.64,1.32,1429,37.0,691,13.0,730,23.0,8,1.0,48.36,-0.35,2026-08-13,P,2,275.0
-,-,Finglove,-,1477.99,-4.56,1593.55,0.0,38.52,1.52,568,0.0,310,0.0,258,0.0,0,0.0,54.58,0.0,2024-09-04,G,2,-
590,-48,EnozamaIV,DE,1477.8,-15.01,1549.33,-14.64,23.84,0.13,403,40.0,219,15.0,181,25.0,3,0.0,54.34,-1.86,2026-08-10,-,0,369.0
591,-27,exender,-,1477.69,-3.67,1611.89,0.0,44.73,1.22,85,0.0,46,0.0,39,0.0,0,0.0,54.12,0.0,2026-03-26,-,0,872.0
-,-,Decolonization,JP,1477.2,-3.4,1626.7,0.0,49.83,1.13,240,0.0,126,0.0,113,0.0,1,0.0,52.5,0.0,2023-03-01,G,6,-
593,478,Kajdi,-,1477.16,220.75,1672.56,112.6,65.14,-36.05,30,18.0,23,15.0,7,3.0,0,0.0,76.67,10.0,2026-07-22,-,0,-
592,-55,JJsDad,-,1477.16,-17.45,1610.58,-19.51,44.47,-0.69,81,6.0,43,1.0,37,5.0,1,0.0,53.09,-2.91,2026-07-20,-,0,989.0
594,31,Azerbaperro,-,1477.12,21.06,1617.86,17.27,46.91,-1.26,71,6.0,40,5.0,31,1.0,0,0.0,56.34,2.49,2026-07-21,-,0,989.0
-,-,Don_bronzo,-,1476.95,-2.46,1679.13,0.0,67.39,0.82,80,0.0,51,0.0,29,0.0,0,0.0,63.75,0.0,2023-02-05,-,0,-
-,-,Callumf,AU,1476.89,-3.18,1633.21,0.0,52.11,1.06,156,0.0,92,0.0,59,0.0,5,0.0,58.97,0.0,2022-09-04,-,0,-
595,-24,ClaudiusMaurelius,-,1476.88,-2.88,1649.46,0.0,57.53,0.96,44,0.0,25,0.0,18,0.0,1,0.0,56.82,0.0,2026-03-22,-,0,-
596,-29,timaeus,-,1476.84,-3.55,1621.14,0.0,48.1,1.18,110,0.0,60,0.0,48,0.0,2,0.0,54.55,0.0,2026-03-28,-,0,-
597,5,HumusAmongUs,-,1476.81,11.33,1599.29,1.86,40.83,-3.15,96,17.0,59,11.0,37,6.0,0,0.0,61.46,0.7,2026-08-13,-,0,-
-,-,Jii77,-,1476.53,-2.99,1642.17,0.0,55.22,1.0,144,0.0,77,0.0,66,0.0,1,0.0,53.47,0.0,2022-03-06,G,4,-
598,89,Gubbstyv,-,1476.46,47.35,1581.68,23.12,35.07,-8.08,123,41.0,67,23.0,56,18.0,0,0.0,54.47,0.81,2026-08-14,-,0,-
-,-,Pat_the_Cat,-,1476.35,-2.63,1663.86,0.0,62.51,0.88,56,0.0,36,0.0,20,0.0,0,0.0,64.29,0.0,2024-08-11,-,0,-
599,29,jokerchai,-,1476.15,23.72,1592.24,21.37,38.7,-0.78,222,10.0,120,8.0,101,2.0,1,0.0,54.05,1.22,2026-08-11,-,0,-
600,16,Gandy,-,1476.15,16.51,1560.14,16.28,28.0,-0.08,269,22.0,143,15.0,126,7.0,0,0.0,53.16,1.34,2026-08-16,-,0,555.0
601,-35,Voidray,-,1476.0,-4.48,1587.09,0.0,37.03,1.49,153,0.0,67,0.0,84,0.0,2,0.0,43.79,0.0,2026-05-24,-,0,872.0
-,-,TSS,-,1475.8,-1.58,1785.69,0.0,103.29,0.53,16,0.0,10,0.0,5,0.0,1,0.0,62.5,0.0,2022-03-01,-,0,-
602,-50,JamesH,GR,1475.7,-13.54,1575.57,-15.21,33.29,-0.56,328,18.0,172,9.0,153,9.0,3,0.0,52.44,-0.14,2026-07-29,-,0,805.0
-,-,madagelo,-,1474.99,-2.65,1663.74,0.0,62.91,0.88,84,0.0,47,0.0,37,0.0,0,0.0,55.95,0.0,2021-06-02,G,2,-
-,-,nichtey,-,1474.96,-1.43,1817.13,0.0,114.05,0.48,24,0.0,20,0.0,4,0.0,0,0.0,83.33,0.0,2020-05-31,-,0,-
603,15,Pudroe,-,1474.84,15.41,1632.76,-4.27,52.64,-6.56,55,11.0,32,6.0,23,5.0,0,0.0,58.18,-0.91,2026-08-20,-,0,1259.0
-,-,Thrune,-,1474.77,-3.54,1615.5,0.0,46.91,1.18,282,0.0,171,0.0,108,0.0,3,0.0,60.64,0.0,2023-03-01,-,0,-
604,-27,Evron,-,1474.17,-3.76,1566.11,1.23,30.65,1.66,323,2.0,191,1.0,131,1.0,1,0.0,59.13,-0.06,2026-07-23,-,0,677.0
605,-51,Amitke,IL,1473.9,-14.57,1584.76,-13.51,36.95,0.36,291,7.0,158,3.0,132,4.0,1,0.0,54.3,-0.28,2026-08-09,-,0,-
606,-21,Herdeksunek,CZ,1473.63,0.22,1542.18,3.06,22.85,0.95,829,40.0,408,17.0,417,23.0,4,0.0,49.22,-0.34,2026-08-13,-,0,362.0
-,-,Alfredbob,-,1473.48,-2.2,1696.27,0.0,74.26,0.73,54,0.0,37,0.0,16,0.0,1,0.0,68.52,0.0,2020-12-06,-,0,-
607,-25,MBlueMan,CA,1473.45,-1.57,1549.68,0.44,25.41,0.67,853,23.0,424,12.0,422,11.0,7,0.0,49.71,0.07,2026-08-13,-,0,463.0
-,-,NikeBarbachiara,IT,1472.82,-4.03,1592.78,0.0,39.98,1.34,312,0.0,169,0.0,142,0.0,1,0.0,54.17,0.0,2024-07-01,-,0,-
608,unretired,Darkksun,-,1472.8,73.75,1617.17,57.77,48.12,-5.33,87,13.0,45,11.0,42,2.0,0,0.0,51.72,5.77,2026-08-12,-,0,-
609,-13,Kejml,CZ,1472.69,5.99,1544.4,9.17,23.9,1.06,1204,29.0,594,22.0,594,7.0,16,0.0,49.34,0.66,2026-08-10,G,6,259.0
610,-40,Loveschack,DK,1472.58,-7.55,1557.88,0.0,28.43,2.52,980,0.0,538,0.0,437,0.0,5,0.0,54.9,0.0,2026-02-28,-,0,310.0
-,-,Diaz,-,1472.48,-2.63,1660.86,0.0,62.79,0.88,45,0.0,22,0.0,23,0.0,0,0.0,48.89,0.0,2024-07-01,-,0,-
611,-32,PyBel,ES,1472.42,-4.91,1579.18,0.0,35.59,1.64,348,0.0,194,0.0,152,0.0,2,0.0,55.75,0.0,2026-03-22,G,2,729.0
-,-,smoula892,-,1472.33,-1.55,1787.43,0.0,105.04,0.52,16,0.0,10,0.0,5,0.0,1,0.0,62.5,0.0,2022-03-01,-,0,-
-,-,Szumo,-,1472.0,-2.91,1650.13,0.0,59.38,0.97,132,0.0,76,0.0,56,0.0,0,0.0,57.58,0.0,2021-08-22,G,2,-
612,-40,Gabriele,IT,1471.51,-8.03,1551.68,-2.17,26.72,1.95,951,6.0,500,3.0,445,3.0,6,0.0,52.58,-0.01,2026-07-28,-,0,314.0
-,-,Olivyon,-,1471.13,-1.7,1759.97,0.0,96.28,0.57,30,0.0,25,0.0,5,0.0,0,0.0,83.33,0.0,2020-09-27,-,0,-
613,-53,tronnemann,NO,1470.6,-13.2,1538.11,-11.22,22.5,0.66,818,37.0,417,16.0,392,21.0,9,0.0,50.98,-0.36,2026-08-10,-,0,333.0
-,-,Krzesimyr,-,1470.46,-2.19,1694.45,0.0,74.66,0.73,66,0.0,48,0.0,18,0.0,0,0.0,72.73,0.0,2021-08-25,G,2,-
614,-34,MarekP,CZ,1470.34,-6.91,1552.24,0.0,27.3,2.3,761,0.0,381,0.0,375,0.0,5,0.0,50.07,0.0,2026-03-30,G,6,423.0
-,-,PatLes5Couronnes,-,1470.33,-2.96,1652.08,0.0,60.59,0.99,90,0.0,35,0.0,51,0.0,4,0.0,38.89,0.0,2025-05-10,-,0,578.0
-,-,ycl,-,1470.32,-2.76,1654.23,0.0,61.3,0.92,48,0.0,26,0.0,22,0.0,0,0.0,54.17,0.0,2025-03-08,-,0,757.0
-,-,ddxy,-,1469.98,-1.55,1784.87,0.0,104.96,0.52,16,0.0,10,0.0,6,0.0,0,0.0,62.5,0.0,2022-03-01,-,0,-
-,-,Basse,-,1469.88,-2.1,1704.12,0.0,78.08,0.7,48,0.0,33,0.0,15,0.0,0,0.0,68.75,0.0,2020-03-30,-,0,-
615,-9,Bergen,NO,1469.27,4.97,1535.61,7.82,22.11,0.95,1560,45.0,740,25.0,806,20.0,14,0.0,47.44,0.25,2026-08-10,G,6,386.0
616,8,andykr,GB,1469.25,12.93,1533.87,16.1,21.54,1.06,601,40.0,303,22.0,291,17.0,7,1.0,50.42,0.33,2026-08-11,-,0,442.0
-,-,PTactician,-,1469.24,-4.71,1617.39,0.0,49.38,1.57,273,0.0,141,0.0,128,0.0,4,0.0,51.65,0.0,2023-11-15,G,6,-
617,-33,MickeyStein,-,1469.2,-4.9,1585.43,0.0,38.74,1.63,296,0.0,172,0.0,121,0.0,3,0.0,58.11,0.0,2026-05-19,-,0,-
-,-,cookieben,-,1469.16,-2.95,1643.58,0.0,58.14,0.98,140,0.0,84,0.0,55,0.0,1,0.0,60.0,0.0,2022-01-01,G,2,-
-,-,Luckcats,FR,1467.98,-3.1,1629.75,0.0,53.92,1.03,108,0.0,73,0.0,34,0.0,1,0.0,67.59,0.0,2023-09-03,-,0,-
-,-,Kojtic,-,1467.93,-3.52,1608.72,0.0,46.93,1.17,112,0.0,61,0.0,51,0.0,0,0.0,54.46,0.0,2024-09-15,-,0,-
-,-,Pastuino,-,1467.81,-2.14,1700.53,0.0,77.58,0.71,66,0.0,49,0.0,17,0.0,0,0.0,74.24,0.0,2020-11-22,-,0,-
618,2,Legoman,CA,1467.74,8.61,1547.94,4.31,26.73,-1.43,251,40.0,127,20.0,121,19.0,3,1.0,50.6,-0.11,2026-08-13,-,0,473.0
619,-30,SirDaan,-,1466.99,-2.63,1625.82,-18.77,52.94,-5.38,55,10.0,34,5.0,21,5.0,0,0.0,61.82,-2.62,2026-08-20,-,0,-
620,-45,sttailtw,-,1466.83,-11.36,1535.97,-8.01,23.05,1.12,1157,34.0,568,15.0,582,18.0,7,1.0,49.09,-0.15,2026-08-05,-,0,419.0
621,-35,extrmn8r,-,1466.22,-3.94,1591.2,0.0,41.66,1.31,98,0.0,49,0.0,47,0.0,2,0.0,50.0,0.0,2026-05-26,-,0,805.0
622,-32,Pompeius12,-,1466.16,-2.84,1639.39,0.0,57.74,0.95,45,0.0,27,0.0,17,0.0,1,0.0,60.0,0.0,2026-03-29,-,0,-
623,unretired,BureRF,-,1465.96,-9.8,1571.19,-8.1,35.08,0.57,294,6.0,150,2.0,140,4.0,4,0.0,51.02,-0.37,2026-07-29,-,0,687.0
-,-,Archer1629,TW,1465.79,-2.47,1663.95,0.0,66.05,0.82,45,0.0,32,0.0,12,0.0,1,0.0,71.11,0.0,2025-02-16,-,0,-
-,-,HonestSi,-,1465.4,-3.05,1625.17,0.0,53.26,1.02,170,0.0,94,0.0,75,0.0,1,0.0,55.29,0.0,2022-06-05,-,0,-
-,-,jazzbaek,-,1465.02,-2.04,1705.96,0.0,80.31,0.68,36,0.0,24,0.0,12,0.0,0,0.0,66.67,0.0,2021-03-02,-,0,-
-,-,ttaimmortal,-,1464.94,-2.32,1677.05,0.0,70.7,0.77,48,0.0,29,0.0,19,0.0,0,0.0,60.42,0.0,2021-09-05,-,0,-
-,-,srfdevotee,US,1464.01,-1.67,1757.54,0.0,97.85,0.56,17,0.0,13,0.0,4,0.0,0,0.0,76.47,0.0,2025-04-26,-,0,1287.0
624,-12,larshb,DK,1463.89,2.98,1534.35,6.01,23.49,1.01,841,28.0,419,14.0,416,14.0,6,0.0,49.82,0.0,2026-07-31,G,2,372.0
625,26,Impr,-,1463.69,22.83,1566.58,8.68,34.3,-4.72,140,34.0,78,22.0,61,12.0,1,0.0,55.71,2.88,2026-08-15,-,0,1381.0
626,-35,Daru,PL,1463.53,-5.0,1565.44,0.0,33.97,1.67,168,0.0,103,0.0,65,0.0,0,0.0,61.31,0.0,2026-05-07,-,0,751.0
627,36,loMucho,-,1463.48,25.13,1579.97,-1.9,38.83,-9.01,152,34.0,74,19.0,77,15.0,1,0.0,48.68,2.07,2026-08-01,-,0,-
628,new,OhNoItsNot,-,1463.11,1013.11,1697.43,197.43,78.11,78.11,23,23.0,17,17.0,5,5.0,1,1.0,73.91,73.91,2026-07-29,-,0,-
629,0,SchutterNL,-,1462.67,10.42,1629.2,7.72,55.51,-0.9,47,3.0,29,2.0,18,1.0,0,0.0,61.7,0.34,2026-06-25,-,0,-
630,43,JoopHuizinga,-,1462.43,28.39,1539.38,26.17,25.65,-0.74,339,41.0,167,27.0,170,14.0,2,0.0,49.26,2.28,2026-08-10,-,0,852.0
631,-27,figs,-,1462.31,-2.89,1633.09,0.0,56.93,0.96,53,0.0,29,0.0,24,0.0,0,0.0,54.72,0.0,2026-04-08,-,0,872.0
-,-,FFAZ,HK,1462.22,-8.57,1609.29,0.0,49.03,2.86,529,0.0,308,0.0,217,0.0,4,0.0,58.22,0.0,2024-10-01,P,2,-
-,-,sorpy,KR,1462.19,-4.91,1567.86,0.0,35.22,1.64,309,0.0,171,0.0,132,0.0,6,0.0,55.34,0.0,2025-03-24,-,0,794.0
-,-,CrushU,-,1462.1,-4.22,1582.16,0.0,40.02,1.41,432,0.0,203,0.0,223,0.0,6,0.0,46.99,0.0,2025-03-28,G,2,-
632,-40,Teraspena,FI,1461.96,-6.16,1550.0,0.0,29.35,2.05,717,0.0,370,0.0,342,0.0,5,0.0,51.6,0.0,2026-04-24,-,0,634.0
633,-38,Twistor,FI,1461.9,-5.28,1555.67,0.0,31.26,1.76,202,0.0,126,0.0,75,0.0,1,0.0,62.38,0.0,2026-04-07,-,0,679.0
-,-,Biancus,IT,1461.73,-4.48,1582.5,0.0,40.26,1.49,334,0.0,174,0.0,158,0.0,2,0.0,52.1,0.0,2025-03-27,-,0,805.0
634,-40,chefung,-,1461.65,-6.22,1530.97,-2.8,23.11,1.14,887,23.0,437,10.0,446,13.0,4,0.0,49.27,-0.15,2026-08-15,-,0,303.0
-,-,Shivian,NL,1461.33,-4.15,1587.27,0.0,41.98,1.38,440,0.0,228,0.0,208,0.0,4,0.0,51.82,0.0,2023-11-15,-,0,-
-,-,Circadia,-,1460.95,-1.57,1773.05,0.0,104.03,0.52,36,0.0,31,0.0,5,0.0,0,0.0,86.11,0.0,2019-02-17,-,0,-
635,-35,Maharaj_JD,-,1460.77,-4.86,1555.67,-2.32,31.63,0.85,243,7.0,116,3.0,127,4.0,0,0.0,47.74,-0.14,2026-08-11,-,0,271.0
-,-,Dr.Hummsfred,-,1460.11,-2.77,1640.09,0.0,59.99,0.92,132,0.0,71,0.0,61,0.0,0,0.0,53.79,0.0,2021-03-02,G,4,-
636,-27,Lammoth,DE,1459.87,-1.96,1523.68,0.86,21.27,0.94,1323,41.0,691,21.0,619,20.0,13,0.0,52.23,-0.03,2026-08-13,-,0,423.0
637,-38,Die12,IT,1459.77,-6.08,1553.94,0.0,31.39,2.03,759,0.0,377,0.0,373,0.0,9,0.0,49.67,0.0,2026-01-28,-,0,352.0
-,-,Cadrach,-,1459.53,-3.12,1620.01,0.0,53.49,1.04,162,0.0,84,0.0,77,0.0,1,0.0,51.85,0.0,2022-06-05,G,4,-
-,-,Gobos,ET,1459.46,-3.52,1600.27,0.0,46.94,1.17,424,0.0,226,0.0,193,0.0,5,0.0,53.3,0.0,2023-04-04,-,0,-
-,-,toadstool,-,1459.4,-3.0,1626.0,0.0,55.53,1.0,90,0.0,58,0.0,31,0.0,1,0.0,64.44,0.0,2023-04-16,-,0,-
-,-,Woodenman,-,1459.21,-4.07,1587.05,0.0,42.61,1.36,498,0.0,224,0.0,271,0.0,3,0.0,44.98,0.0,2024-03-03,P,4,-
638,-33,humanmoves,-,1458.94,-5.52,1538.82,-4.83,26.62,0.23,290,23.0,153,10.0,137,13.0,0,0.0,52.76,-0.8,2026-08-09,-,0,454.0
639,unretired,vivimaster,IT,1458.67,-18.55,1576.18,-16.03,39.17,0.84,374,3.0,217,0.0,155,3.0,2,0.0,58.02,-0.47,2026-06-23,-,0,729.0
640,-39,kuzmich,US,1458.48,-7.09,1553.69,0.0,31.74,2.36,654,0.0,355,0.0,298,0.0,1,0.0,54.28,0.0,2026-03-23,G,4,520.0
641,9,rustylantern,-,1457.77,16.44,1602.05,-17.98,48.09,-11.47,66,24.0,41,13.0,24,11.0,1,0.0,62.12,-4.55,2026-08-01,-,0,-
-,-,Paul.,-,1457.22,-2.1,1691.27,0.0,78.02,0.7,30,0.0,16,0.0,14,0.0,0,0.0,53.33,0.0,2023-03-01,-,0,-
642,-27,Michal_Kossakowski,-,1457.12,-2.69,1548.44,-2.16,30.44,0.18,219,13.0,111,6.0,105,7.0,3,0.0,50.68,-0.29,2026-08-10,-,0,416.0
643,-46,maumastoks,LT,1456.87,-9.83,1554.31,-8.14,32.48,0.56,763,10.0,379,3.0,379,7.0,5,0.0,49.67,-0.26,2026-07-25,G,2,711.0
644,-34,kwojtasz,US,1456.87,-4.62,1566.41,0.0,36.51,1.54,377,0.0,204,0.0,167,0.0,6,0.0,54.11,0.0,2026-01-31,-,0,989.0
645,-12,pdx,-,1456.75,5.56,1530.89,7.78,24.71,0.74,456,23.0,225,12.0,229,11.0,2,0.0,49.34,0.15,2026-08-20,-,0,479.0
-,-,Xovion,-,1456.38,-2.9,1624.85,0.0,56.16,0.97,168,0.0,101,0.0,64,0.0,3,0.0,60.12,0.0,2021-11-28,-,0,-
646,-29,Parcival,IT,1456.36,-3.09,1534.42,-3.2,26.02,-0.04,304,28.0,160,11.0,140,16.0,4,1.0,52.63,-1.36,2026-08-03,-,0,455.0
647,15,Brett13,-,1456.34,17.42,1590.91,15.58,44.85,-0.61,81,6.0,47,5.0,34,1.0,0,0.0,58.02,2.02,2026-08-12,-,0,872.0
-,-,MarSonWar,-,1456.17,-3.38,1605.75,0.0,49.86,1.13,94,0.0,46,0.0,48,0.0,0,0.0,48.94,0.0,2025-05-22,-,0,-
-,-,Kostello,-,1456.07,-1.98,1703.76,0.0,82.56,0.66,24,0.0,15,0.0,9,0.0,0,0.0,62.5,0.0,2024-02-11,-,0,-
648,new,nolucknoskill,-,1455.95,1005.95,1791.63,291.63,111.89,111.89,10,10.0,10,10.0,0,0.0,0,0.0,100.0,100.0,2026-08-31,-,0,-
-,-,WHIZ,-,1455.61,-1.39,1807.61,0.0,117.33,0.46,12,0.0,8,0.0,3,0.0,1,0.0,66.67,0.0,2022-02-01,-,0,-
-,-,LudwigVan,-,1455.19,-2.0,1700.25,0.0,81.69,0.67,42,0.0,35,0.0,7,0.0,0,0.0,83.33,0.0,2021-02-20,-,0,-
649,-18,shohei,JP,1455.1,3.37,1531.26,5.3,25.39,0.64,810,24.0,404,13.0,399,11.0,7,0.0,49.88,0.13,2026-07-31,-,0,536.0
650,-28,putih,-,1454.48,-2.05,1693.37,0.0,79.63,0.68,21,0.0,14,0.0,6,0.0,1,0.0,66.67,0.0,2026-05-13,-,0,1256.0
-,-,florian629,-,1454.43,-3.04,1617.1,0.0,54.22,1.01,74,0.0,39,0.0,34,0.0,1,0.0,52.7,0.0,2025-01-31,-,0,989.0
651,-30,ZwzwNzw,CN,1454.3,-2.93,1623.67,0.0,56.46,0.98,58,0.0,35,0.0,22,0.0,1,0.0,60.34,0.0,2025-09-23,-,0,746.0
652,-44,BirdOfPreyyy,RU,1453.86,-9.0,1532.22,-6.5,26.12,0.83,392,18.0,201,6.0,189,11.0,2,1.0,51.28,-0.86,2026-08-09,-,0,210.0
-,-,elracha,PT,1453.68,-3.73,1586.29,0.0,44.2,1.24,427,0.0,242,0.0,184,0.0,1,0.0,56.67,0.0,2023-06-28,-,0,-
-,-,Serenicus,-,1453.4,-2.68,1636.49,0.0,61.03,0.89,53,0.0,30,0.0,22,0.0,1,0.0,56.6,0.0,2025-03-28,-,0,872.0
653,-60,Kaczas,PL,1453.39,-14.73,1541.6,-11.31,29.4,1.14,345,7.0,178,1.0,167,6.0,0,0.0,51.59,-0.78,2026-08-13,-,0,536.0
654,new,ecec,-,1453.32,1003.32,1647.36,147.36,64.68,64.68,35,35.0,26,26.0,8,8.0,1,1.0,74.29,74.29,2026-08-13,-,0,-
655,-44,TheElk,US,1452.92,-8.06,1520.2,-6.78,22.42,0.43,953,41.0,477,17.0,472,24.0,4,0.0,50.05,-0.39,2026-08-17,-,0,289.0
656,-68,nattee,TH,1452.75,-17.28,1524.25,-15.11,23.83,0.72,1060,30.0,511,10.0,543,20.0,6,0.0,48.21,-0.43,2026-08-13,-,0,429.0
-,-,Elin,US,1452.54,-3.84,1592.96,0.0,46.81,1.28,324,0.0,179,0.0,144,0.0,1,0.0,55.25,0.0,2023-11-25,-,0,-
657,-43,Tuty,SK,1452.11,-7.8,1539.0,-5.22,28.96,0.86,698,18.0,357,9.0,334,9.0,7,0.0,51.15,-0.03,2026-07-27,-,0,652.0
658,unretired,DVDripXvid,-,1451.77,20.48,1614.14,12.88,54.12,-2.53,57,6.0,33,4.0,24,2.0,0,0.0,57.89,1.03,2026-07-25,-,0,729.0
-,-,Mathies,-,1451.72,-3.88,1606.03,0.0,51.44,1.29,267,0.0,141,0.0,124,0.0,2,0.0,52.81,0.0,2023-01-15,G,4,-
659,-21,CloneFish,NL,1451.38,5.03,1520.51,6.78,23.04,0.58,1068,41.0,525,22.0,534,19.0,9,0.0,49.16,0.18,2026-08-11,-,0,338.0
660,-12,saZmer,-,1451.23,9.4,1588.99,0.91,45.92,-2.83,80,13.0,43,9.0,37,4.0,0,0.0,53.75,3.0,2026-08-19,-,0,-
-,-,Alexo,-,1451.04,-3.89,1581.86,0.0,43.61,1.3,180,0.0,103,0.0,75,0.0,2,0.0,57.22,0.0,2025-01-17,-,0,1181.0
-,-,FooledTwice,-,1450.86,-4.65,1558.76,0.0,35.97,1.55,330,0.0,174,0.0,153,0.0,3,0.0,52.73,0.0,2025-04-19,G,2,622.0
661,-35,Raffaelus,-,1450.65,-3.16,1608.64,0.0,52.66,1.05,67,0.0,44,0.0,22,0.0,1,0.0,65.67,0.0,2026-03-31,-,0,1067.0
-,-,gigi lamoroso,-,1450.07,-3.06,1609.95,0.0,53.29,1.02,132,0.0,76,0.0,54,0.0,2,0.0,57.58,0.0,2023-11-28,-,0,-
662,-64,maciek,PL,1449.8,-16.3,1516.12,-13.1,22.11,1.07,1313,41.0,672,19.0,633,22.0,8,0.0,51.18,-0.16,2026-08-12,-,0,281.0
663,-9,ElDiabloAzul,US,1449.7,9.02,1548.33,10.66,32.88,0.55,571,10.0,278,6.0,287,4.0,6,0.0,48.69,0.21,2026-07-31,-,0,-
-,-,_pupu_,-,1449.56,-2.8,1627.12,0.0,59.19,0.93,66,0.0,35,0.0,30,0.0,1,0.0,53.03,0.0,2023-03-01,-,0,-
-,-,Aquir,-,1449.16,-2.05,1688.13,0.0,79.66,0.68,66,0.0,42,0.0,22,0.0,2,0.0,63.64,0.0,2018-10-14,-,0,-
-,-,hinghenry,-,1449.11,-1.92,1703.82,0.0,84.9,0.64,36,0.0,25,0.0,11,0.0,0,0.0,69.44,0.0,2020-09-27,-,0,-
-,-,Tmer,-,1448.64,-3.05,1611.0,0.0,54.12,1.02,69,0.0,44,0.0,25,0.0,0,0.0,63.77,0.0,2025-03-28,-,0,754.0
-,-,Eatoreded,-,1447.86,-3.47,1593.24,0.0,48.46,1.16,210,0.0,111,0.0,98,0.0,1,0.0,52.86,0.0,2023-03-01,-,0,-
-,-,Masterchief,-,1447.76,-4.58,1567.1,0.0,39.78,1.53,219,0.0,119,0.0,99,0.0,1,0.0,54.34,0.0,2025-08-16,-,0,644.0
664,325,Izayoi,-,1447.35,147.03,1598.73,96.88,50.46,-16.72,56,25.0,34,18.0,22,7.0,0,0.0,60.71,9.1,2026-08-15,-,0,-
665,-46,Pshemo,-,1447.29,-12.09,1520.2,-10.0,24.3,0.7,599,31.0,292,12.0,303,18.0,4,1.0,48.75,-0.55,2026-08-15,-,0,305.0
-,-,Rychlik,CZ,1447.25,-2.79,1623.87,0.0,58.87,0.93,68,0.0,35,0.0,32,0.0,1,0.0,51.47,0.0,2024-04-04,-,0,-
666,-43,Proteus,-,1447.21,-9.14,1521.37,-7.51,24.72,0.55,577,31.0,282,13.0,291,18.0,4,0.0,48.87,-0.4,2026-08-12,-,0,426.0
-,-,nickless0,-,1447.18,-2.0,1692.68,0.0,81.84,0.67,36,0.0,26,0.0,10,0.0,0,0.0,72.22,0.0,2022-11-29,-,0,-
667,8,Desgenais,CZ,1447.12,13.43,1514.02,16.74,22.3,1.1,1121,34.0,569,23.0,548,11.0,4,0.0,50.76,0.53,2026-07-31,-,0,388.0
668,-1,Ekdezel,-,1447.01,10.54,1511.94,13.33,21.64,0.93,1278,41.0,632,26.0,635,15.0,11,0.0,49.45,0.46,2026-08-16,-,0,429.0
-,-,Nuzzoloo95,-,1446.74,-2.92,1617.03,0.0,56.77,0.97,64,0.0,36,0.0,28,0.0,0,0.0,56.25,0.0,2024-07-01,-,0,-
669,-29,Nicks,CA,1446.65,1.46,1535.37,0.9,29.57,-0.19,518,21.0,244,11.0,267,9.0,7,1.0,47.1,0.22,2026-08-03,-,0,630.0
670,-26,RobertdeSable,-,1446.38,3.27,1523.61,4.83,25.74,0.52,774,27.0,384,14.0,387,13.0,3,0.0,49.61,0.08,2026-07-27,G,6,565.0
671,210,KMMAL,-,1446.13,96.63,1555.81,80.31,36.56,-5.44,129,30.0,79,27.0,50,3.0,0,0.0,61.24,8.71,2026-08-01,-,0,-
672,-3,migoet,BE,1445.97,9.77,1512.63,12.57,22.22,0.94,1363,41.0,652,25.0,707,16.0,4,0.0,47.84,0.41,2026-08-11,-,0,378.0
-,-,DukeAtreides,-,1445.95,-3.81,1574.98,0.0,43.01,1.27,305,0.0,156,0.0,144,0.0,5,0.0,51.15,0.0,2024-07-15,-,0,-
673,24,blackwave,CN,1445.93,20.95,1547.25,12.13,33.77,-2.94,149,26.0,80,16.0,66,9.0,3,1.0,53.69,1.66,2026-08-06,-,0,655.0
674,-39,MichalJar,-,1445.68,-3.72,1579.13,0.0,44.48,1.24,97,0.0,57,0.0,39,0.0,1,0.0,58.76,0.0,2026-04-06,-,0,1388.0
675,-4,t-k-421,US,1445.59,10.05,1510.93,13.1,21.78,1.02,861,37.0,417,21.0,439,15.0,5,1.0,48.43,0.37,2026-08-10,-,0,284.0
-,-,gigilamoroso,-,1445.19,-4.22,1576.61,0.0,43.81,1.41,289,0.0,145,0.0,142,0.0,2,0.0,50.17,0.0,2024-07-01,-,0,-
-,-,YSun,-,1445.11,-3.88,1576.81,0.0,43.9,1.29,328,0.0,192,0.0,134,0.0,2,0.0,58.54,0.0,2024-04-04,-,0,-
-,-,miniexot,-,1445.03,-3.34,1593.82,0.0,49.6,1.11,283,0.0,146,0.0,134,0.0,3,0.0,51.59,0.0,2023-01-15,P,4,-
-,-,fantasyyu,-,1444.97,-2.04,1685.79,0.0,80.27,0.68,29,0.0,22,0.0,7,0.0,0,0.0,75.86,0.0,2025-02-19,-,0,1112.0
-,-,meleke,-,1444.88,-2.45,1646.43,0.0,67.18,0.82,45,0.0,26,0.0,19,0.0,0,0.0,57.78,0.0,2024-04-04,-,0,-
-,-,Siccarius,US,1444.55,-4.15,1567.49,0.0,40.98,1.38,330,0.0,180,0.0,150,0.0,0,0.0,54.55,0.0,2024-06-02,P,2,-
-,-,soonwoo,-,1444.25,-1.65,1742.05,0.0,99.27,0.55,15,0.0,11,0.0,3,0.0,1,0.0,73.33,0.0,2023-10-09,-,0,-
-,-,Balquaz,NO,1444.15,-4.23,1564.61,0.0,40.16,1.41,355,0.0,201,0.0,152,0.0,2,0.0,56.62,0.0,2024-06-02,-,0,-
-,-,Olivier000,FR,1443.32,-4.92,1552.28,0.0,36.32,1.64,480,0.0,233,0.0,244,0.0,3,0.0,48.54,0.0,2025-02-12,-,0,805.0
676,195,RougeEconomist,-,1443.22,89.16,1571.62,31.35,42.8,-19.27,80,41.0,47,27.0,33,14.0,0,0.0,58.75,7.47,2026-08-20,-,0,-
-,-,Jordanian,NL,1442.81,-3.0,1608.77,0.0,55.32,1.0,168,0.0,102,0.0,65,0.0,1,0.0,60.71,0.0,2022-03-06,-,0,-
-,-,CPC_CHAIRMAN,-,1442.67,-4.66,1573.4,0.0,43.58,1.55,227,0.0,116,0.0,110,0.0,1,0.0,51.1,0.0,2024-07-15,-,0,-
677,-38,petki,-,1442.57,-3.51,1586.89,0.0,48.11,1.17,188,0.0,112,0.0,75,0.0,1,0.0,59.57,0.0,2026-02-05,-,0,-
678,-75,joniboni,-,1442.37,-22.96,1570.5,-23.83,42.71,-0.29,109,7.0,62,3.0,47,4.0,0,0.0,56.88,-0.96,2026-08-13,-,0,786.0
679,-22,SKJaCaRD,FR,1442.11,1.97,1511.83,2.33,23.24,0.12,473,41.0,237,22.0,236,19.0,0,0.0,50.11,0.34,2026-08-17,-,0,432.0
-,-,Andregby,-,1442.04,-1.73,1725.75,0.0,94.57,0.58,30,0.0,25,0.0,4,0.0,1,0.0,83.33,0.0,2021-06-02,-,0,-
680,-50,qhung49,VN,1441.73,-10.5,1549.56,0.0,35.95,3.5,923,0.0,439,0.0,464,0.0,20,0.0,47.56,0.0,2026-04-23,M,2,473.0
681,-39,NateH,-,1441.72,-3.18,1597.63,0.0,51.97,1.06,66,0.0,34,0.0,32,0.0,0,0.0,51.52,0.0,2026-01-17,-,0,729.0
682,36,Ti-Guy_Latour,-,1441.57,24.22,1530.15,24.76,29.53,0.18,432,18.0,224,10.0,205,8.0,3,0.0,51.85,0.16,2026-07-17,-,0,849.0
-,-,LadyWhale,-,1441.21,-2.97,1608.2,0.0,55.67,0.99,132,0.0,70,0.0,60,0.0,2,0.0,53.03,0.0,2023-03-05,-,0,-
683,28,Sophia,-,1441.12,21.61,1544.94,13.29,34.6,-2.77,444,24.0,225,14.0,216,10.0,3,0.0,50.68,0.44,2026-07-24,-,0,-
-,-,Bravo,-,1441.07,-3.0,1605.4,0.0,54.78,1.0,70,0.0,41,0.0,28,0.0,1,0.0,58.57,0.0,2025-01-27,-,0,989.0
-,-,Abenteurer86,-,1441.03,-3.96,1563.94,0.0,40.97,1.32,353,0.0,198,0.0,154,0.0,1,0.0,56.09,0.0,2024-04-04,-,0,-
684,-57,Krayze,GB,1440.21,-12.43,1561.93,0.0,40.57,4.14,422,0.0,232,0.0,175,0.0,15,0.0,54.98,0.0,2025-12-02,-,0,300.0
-,-,Waxtax,-,1440.18,-2.43,1642.76,0.0,67.53,0.81,84,0.0,45,0.0,27,0.0,12,0.0,53.57,0.0,2020-11-02,G,2,-
-,-,GrafZahl,DE,1440.03,-3.27,1601.35,0.0,53.77,1.09,120,0.0,83,0.0,35,0.0,2,0.0,69.17,0.0,2025-04-28,-,0,872.0
-,-,Boogeli,NL,1439.88,-3.64,1578.27,0.0,46.13,1.21,139,0.0,78,0.0,59,0.0,2,0.0,56.12,0.0,2024-06-16,-,0,-
-,-,holyknife,-,1439.83,-3.06,1600.37,0.0,53.52,1.02,186,0.0,102,0.0,82,0.0,2,0.0,54.84,0.0,2022-06-05,-,0,-
685,-2,boogy5,LT,1439.77,8.96,1509.91,11.4,23.38,0.81,952,34.0,469,20.0,466,13.0,17,1.0,49.26,0.35,2026-08-09,-,0,473.0
686,-39,homura,-,1439.56,-2.57,1632.18,0.0,64.2,0.86,51,0.0,29,0.0,18,0.0,4,0.0,56.86,0.0,2025-12-01,-,0,-
-,-,default01,-,1438.66,-2.76,1619.48,0.0,60.27,0.92,102,0.0,69,0.0,32,0.0,1,0.0,67.65,0.0,2022-03-06,-,0,-
687,122,lcesar34,-,1438.53,53.76,1563.8,35.96,41.76,-5.94,105,24.0,62,16.0,43,8.0,0,0.0,59.05,2.26,2026-07-27,-,0,-
688,-81,TribunX,DE,1438.51,-25.51,1507.84,-19.33,23.11,2.06,1148,14.0,574,2.0,561,11.0,13,1.0,50.0,-0.44,2026-07-29,-,0,286.0
-,-,drzewko,PL,1438.47,-3.58,1581.72,0.0,47.75,1.19,245,0.0,118,0.0,125,0.0,2,0.0,48.16,0.0,2023-04-16,-,0,-
689,-8,Tasso,-,1438.26,6.47,1527.32,-1.14,29.68,-2.54,183,38.0,100,16.0,82,22.0,1,0.0,54.64,-3.29,2026-08-12,-,0,1178.0
690,-37,RiRu,LV,1438.06,-2.74,1502.75,0.67,21.56,1.13,746,40.0,364,22.0,374,18.0,8,0.0,48.79,0.35,2026-08-11,-,0,331.0
691,-39,NoelFerrer,-,1438.03,-2.82,1612.8,0.0,58.26,0.94,45,0.0,24,0.0,21,0.0,0,0.0,53.33,0.0,2026-03-23,-,0,-
-,-,TheBiggerE,-,1437.61,-3.16,1601.11,0.0,54.5,1.05,188,0.0,104,0.0,79,0.0,5,0.0,55.32,0.0,2022-02-22,-,0,-
692,6,N4F,-,1437.33,13.01,1538.03,11.73,33.57,-0.43,191,21.0,105,16.0,84,4.0,2,1.0,54.97,2.62,2026-07-31,-,0,746.0
693,-61,Kelern,-,1437.32,-14.07,1503.37,-12.09,22.02,0.66,852,41.0,406,14.0,440,27.0,6,0.0,47.65,-0.69,2026-08-10,-,0,357.0
-,-,LordBC,AU,1437.25,-2.98,1601.96,0.0,54.9,0.99,76,0.0,42,0.0,32,0.0,2,0.0,55.26,0.0,2025-03-27,-,0,872.0
694,-38,mugumagu,-,1436.92,-3.29,1587.82,0.0,50.3,1.1,75,0.0,39,0.0,36,0.0,0,0.0,52.0,0.0,2026-01-26,-,0,805.0
695,-40,Owen1982,-,1436.63,-3.69,1569.52,0.0,44.3,1.23,230,0.0,132,0.0,97,0.0,1,0.0,57.39,0.0,2026-04-22,-,0,-
-,-,Ranior,US,1436.18,-2.5,1633.78,0.0,65.87,0.83,40,0.0,25,0.0,14,0.0,1,0.0,62.5,0.0,2025-03-24,-,0,872.0
696,-24,Tyristan,-,1436.17,1.71,1568.14,2.89,43.99,0.39,118,3.0,69,2.0,48,1.0,1,0.0,58.47,0.21,2026-06-20,-,0,1388.0
697,-37,mowangfeng,-,1435.99,-3.37,1581.76,0.0,48.59,1.12,68,0.0,40,0.0,27,0.0,1,0.0,58.82,0.0,2026-03-27,-,0,1375.0
-,-,Henader,PL,1435.54,-3.47,1579.96,0.0,48.14,1.16,242,0.0,140,0.0,102,0.0,0,0.0,57.85,0.0,2023-03-01,-,0,-
-,-,Rzheng4,-,1435.43,-2.67,1619.77,0.0,61.45,0.89,45,0.0,29,0.0,16,0.0,0,0.0,64.44,0.0,2025-03-22,-,0,805.0
698,-34,Adysian,-,1435.22,-2.82,1609.76,0.0,58.18,0.94,52,0.0,33,0.0,19,0.0,0,0.0,63.46,0.0,2026-05-23,-,0,-
699,unretired,Makt,-,1435.03,25.9,1619.43,21.46,61.47,-1.48,43,3.0,23,3.0,19,0.0,1,0.0,53.49,3.49,2026-07-15,-,0,872.0
-,-,JeremyBrokaw,US,1434.89,-3.04,1617.15,0.0,60.75,1.01,153,0.0,74,0.0,78,0.0,1,0.0,48.37,0.0,2021-09-30,P,2,-
700,-54,Hysen,GB,1434.69,-7.58,1518.21,0.0,27.84,2.53,387,0.0,192,0.0,192,0.0,3,0.0,49.61,0.0,2026-04-16,-,0,261.0
-,-,jskunsa,-,1434.69,-2.83,1617.88,0.0,61.06,0.94,108,0.0,55,0.0,53,0.0,0,0.0,50.93,0.0,2021-06-02,-,0,-
701,15,Cleveman,DE,1434.6,16.57,1501.0,18.32,22.14,0.58,1371,41.0,641,28.0,717,13.0,13,0.0,46.75,0.66,2026-08-19,-,0,317.0
-,-,zalarg,-,1434.56,-3.98,1561.2,0.0,42.21,1.33,169,0.0,93,0.0,76,0.0,0,0.0,55.03,0.0,2024-09-04,-,0,-
702,new,decoy1980,-,1434.39,984.39,1686.06,186.06,83.89,83.89,18,18.0,14,14.0,4,4.0,0,0.0,77.78,77.78,2026-07-23,-,0,-
703,30,Krex,-,1434.34,22.38,1537.69,11.87,34.45,-3.5,135,30.0,77,17.0,58,13.0,0,0.0,57.04,-0.1,2026-08-09,-,0,-
-,-,BlueRay,-,1434.15,-2.62,1633.74,0.0,66.53,0.87,72,0.0,36,0.0,36,0.0,0,0.0,50.0,0.0,2021-06-02,G,4,-
-,-,Alessannr,-,1433.87,-4.21,1553.07,0.0,39.73,1.4,312,0.0,158,0.0,154,0.0,0,0.0,50.64,0.0,2024-09-04,-,0,-
-,-,josqvin,-,1433.41,-2.33,1651.02,0.0,72.54,0.78,74,0.0,45,0.0,26,0.0,3,0.0,60.81,0.0,2022-03-01,-,0,-
-,-,satur,-,1433.06,-2.22,1655.36,0.0,74.1,0.74,30,0.0,15,0.0,15,0.0,0,0.0,50.0,0.0,2024-04-04,-,0,-
-,-,BastionvonRaven,-,1432.93,-3.34,1592.52,0.0,53.2,1.11,157,0.0,81,0.0,75,0.0,1,0.0,51.59,0.0,2023-04-16,-,0,-
704,-59,Kermit19,-,1432.74,-9.92,1516.28,-9.64,27.85,0.09,370,23.0,180,10.0,187,13.0,3,0.0,48.65,-0.34,2026-08-20,-,0,403.0
-,-,dulbbong,-,1432.02,-2.88,1604.94,0.0,57.64,0.96,66,0.0,37,0.0,28,0.0,1,0.0,56.06,0.0,2025-01-11,-,0,989.0
-,-,Enthusio,-,1431.94,-2.83,1613.34,0.0,60.47,0.94,120,0.0,70,0.0,48,0.0,2,0.0,58.33,0.0,2021-08-29,-,0,-
705,21,IpaStian,NO,1431.85,16.89,1503.0,17.73,23.72,0.28,516,39.0,242,24.0,270,15.0,4,0.0,46.9,1.2,2026-08-16,-,0,487.0
706,-36,Vyzvejkanec,-,1431.82,-4.26,1551.27,0.0,39.82,1.42,118,0.0,59,0.0,59,0.0,0,0.0,50.0,0.0,2026-03-30,-,0,939.0
-,-,KenCastle,-,1431.73,-2.62,1622.17,0.0,63.48,0.87,72,0.0,38,0.0,34,0.0,0,0.0,52.78,0.0,2022-02-24,-,0,-
-,-,Finite,-,1431.43,-1.36,1792.46,0.0,120.34,0.45,12,0.0,12,0.0,0,0.0,0,0.0,100.0,0.0,2021-11-29,-,0,-
-,-,GedoMazo,-,1431.17,-2.18,1657.19,0.0,75.34,0.73,30,0.0,16,0.0,14,0.0,0,0.0,53.33,0.0,2024-04-04,-,0,-
707,20,Bathman,CL,1430.97,16.92,1497.06,19.29,22.03,0.79,542,41.0,269,25.0,270,16.0,3,0.0,49.63,0.93,2026-08-15,-,0,412.0
-,-,Milah,-,1430.45,-3.01,1595.85,0.0,55.13,1.0,150,0.0,88,0.0,60,0.0,2,0.0,58.67,0.0,2022-03-06,-,0,-
-,-,Luthenoor,-,1430.34,-2.61,1620.84,0.0,63.5,0.87,84,0.0,53,0.0,31,0.0,0,0.0,63.1,0.0,2022-02-01,-,0,-
708,14,broskiumenyiora,US,1429.84,13.66,1520.62,17.05,30.26,1.13,296,7.0,144,6.0,149,1.0,3,0.0,48.65,0.9,2026-07-29,-,0,697.0
-,-,Corrsarz,-,1429.53,-1.29,1808.49,0.0,126.32,0.43,18,0.0,15,0.0,3,0.0,0,0.0,83.33,0.0,2020-06-28,-,0,-
709,-66,Tomtomparking,FR,1429.4,-13.83,1495.59,-11.39,22.06,0.81,1353,41.0,625,14.0,716,27.0,12,0.0,46.19,-0.38,2026-08-16,-,0,308.0
710,-61,Pelej,PL,1429.18,-12.47,1536.33,-10.76,35.72,0.57,359,7.0,153,2.0,202,5.0,4,0.0,42.62,-0.28,2026-07-20,-,0,-
-,-,chrislear,-,1428.97,-1.88,1689.15,0.0,86.73,0.63,25,0.0,16,0.0,8,0.0,1,0.0,64.0,0.0,2023-05-14,-,0,-
711,209,jdtyler7,US,1428.9,98.81,1553.02,51.77,41.38,-15.68,87,41.0,54,26.0,32,14.0,1,1.0,62.07,1.2,2026-08-13,-,0,-
712,148,ThePerceptiveGamer,-,1428.65,66.45,1533.79,58.69,35.05,-2.59,127,22.0,75,17.0,52,5.0,0,0.0,59.06,3.82,2026-08-09,-,0,845.0
713,-39,Iosefvs,-,1428.57,-5.27,1524.98,0.0,32.14,1.76,853,0.0,408,0.0,440,0.0,5,0.0,47.83,0.0,2026-01-28,-,0,681.0
714,-46,sergraim,-,1428.35,-8.12,1507.79,-3.88,26.48,1.41,944,17.0,464,7.0,469,9.0,11,1.0,49.15,-0.15,2026-07-24,-,0,334.0
715,-24,Bookhouseboy,NO,1427.98,1.25,1497.72,3.1,23.25,0.62,1130,41.0,529,23.0,593,18.0,8,0.0,46.81,0.35,2026-08-12,-,0,456.0
716,-36,Bizniouf,-,1427.9,-4.33,1500.11,-4.06,24.07,0.09,379,41.0,191,20.0,186,21.0,2,0.0,50.4,-0.19,2026-08-21,-,0,451.0
-,-,Epikoros,-,1427.87,-2.41,1631.66,0.0,67.93,0.8,45,0.0,21,0.0,22,0.0,2,0.0,46.67,0.0,2023-04-16,-,0,-
717,70,Pants101,-,1427.54,34.87,1565.75,31.8,46.07,-1.02,76,6.0,41,5.0,34,1.0,1,0.0,53.95,2.52,2026-07-24,-,0,872.0
718,-42,SteffenViisdom,-,1427.4,-5.91,1560.54,-5.11,44.38,0.27,92,3.0,43,1.0,49,2.0,0,0.0,46.74,-0.45,2026-06-21,-,0,872.0
719,4,amadeo,-,1426.9,11.21,1594.32,-62.55,55.81,-24.59,49,24.0,31,12.0,18,12.0,0,0.0,63.27,-12.73,2026-08-13,-,0,-
720,-15,Vi15So17,DE,1426.38,4.69,1491.65,7.37,21.76,0.89,967,41.0,473,26.0,488,15.0,6,0.0,48.91,0.64,2026-08-12,-,0,365.0
721,-27,Carbon14,-,1426.35,-0.02,1497.99,2.68,23.88,0.9,1031,30.0,503,16.0,523,14.0,5,0.0,48.79,0.14,2026-08-07,-,0,361.0
722,new,BobChiringuito,-,1426.33,976.33,1670.65,170.65,81.44,81.44,18,18.0,13,13.0,5,5.0,0,0.0,72.22,72.22,2026-08-02,-,0,-
723,6,Noash,US,1426.15,12.83,1525.75,16.25,33.2,1.14,584,6.0,303,6.0,279,0.0,2,0.0,51.88,0.5,2026-08-02,-,0,611.0
724,-58,irule,-,1426.09,-10.46,1494.14,-7.84,22.68,0.87,519,35.0,254,14.0,263,21.0,2,0.0,48.94,-0.65,2026-08-14,-,0,457.0
725,-64,Cresspahl,US,1425.69,-13.26,1492.31,-12.18,22.21,0.36,525,41.0,253,14.0,269,25.0,3,2.0,48.19,-1.19,2026-08-10,-,0,355.0
726,-17,Metil,-,1425.51,5.35,1524.12,8.04,32.87,0.9,284,6.0,137,4.0,145,2.0,2,0.0,48.24,0.4,2026-07-28,-,0,939.0
-,-,Goodgame111,-,1425.44,-2.18,1651.27,0.0,75.28,0.73,38,0.0,28,0.0,10,0.0,0,0.0,73.68,0.0,2023-04-11,-,0,-
-,-,DaemonCleaner,NO,1425.41,-3.0,1589.97,0.0,54.85,1.0,94,0.0,55,0.0,39,0.0,0,0.0,58.51,0.0,2024-10-31,-,0,-
727,-49,Peperinni,-,1425.4,-7.27,1524.27,-3.56,32.96,1.24,217,3.0,110,1.0,106,2.0,1,0.0,50.69,-0.24,2026-06-23,-,0,910.0
-,-,Giga,IT,1425.07,-4.47,1539.73,0.0,38.22,1.49,462,0.0,235,0.0,225,0.0,2,0.0,50.87,0.0,2024-10-13,G,4,-
-,-,Serena,AT,1424.5,-4.09,1545.1,0.0,40.2,1.36,162,0.0,80,0.0,81,0.0,1,0.0,49.38,0.0,2025-03-26,-,0,621.0
728,-24,Diogenes,AU,1424.26,2.36,1491.53,6.0,22.43,1.21,1334,41.0,644,26.0,679,15.0,11,0.0,48.28,0.48,2026-08-20,-,0,326.0
729,-95,M.T,-,1424.2,-25.73,1533.81,-28.37,36.54,-0.88,157,13.0,86,2.0,70,11.0,1,0.0,54.78,-3.55,2026-08-15,-,0,469.0
-,-,aimo,CN,1424.12,-2.14,1653.31,0.0,76.4,0.71,30,0.0,20,0.0,10,0.0,0,0.0,66.67,0.0,2023-10-05,-,0,-
-,-,Valsim,-,1424.08,-3.38,1570.59,0.0,48.83,1.13,90,0.0,49,0.0,41,0.0,0,0.0,54.44,0.0,2025-03-22,-,0,939.0
730,-42,yhw,-,1424.06,-4.19,1542.04,0.0,39.33,1.4,132,0.0,77,0.0,55,0.0,0,0.0,58.33,0.0,2026-03-27,-,0,939.0
-,-,g.threepwood,-,1423.87,-3.25,1576.48,0.0,50.87,1.08,260,0.0,141,0.0,117,0.0,2,0.0,54.23,0.0,2023-05-08,-,0,-
731,-47,KEIL,PL,1423.85,-6.31,1493.32,-3.01,23.16,1.1,1029,28.0,489,9.0,533,18.0,7,1.0,47.52,-0.43,2026-07-30,-,0,541.0
-,-,Vanilla,-,1423.8,-3.27,1574.33,0.0,50.18,1.09,96,0.0,47,0.0,49,0.0,0,0.0,48.96,0.0,2024-09-04,-,0,-
732,-74,opatulony,PL,1423.7,-15.89,1500.76,-12.39,25.69,1.16,704,18.0,349,6.0,348,12.0,7,0.0,49.57,-0.43,2026-07-16,-,0,368.0
733,-47,czaurel,-,1423.7,-5.75,1510.71,0.0,29.01,1.92,637,0.0,312,0.0,318,0.0,7,0.0,48.98,0.0,2026-05-30,-,0,529.0
-,-,NicolBolas,-,1423.15,-1.64,1721.12,0.0,99.32,0.55,16,0.0,13,0.0,3,0.0,0,0.0,81.25,0.0,2024-10-31,-,0,-
734,-27,Ratsia,FI,1423.04,2.52,1510.1,3.02,29.02,0.17,286,16.0,149,9.0,135,7.0,2,0.0,52.1,0.25,2026-08-07,-,0,802.0
735,3,joecackler,-,1422.86,11.52,1554.09,-3.52,43.74,-5.01,79,17.0,45,8.0,33,9.0,1,0.0,56.96,-2.72,2026-08-13,-,0,868.0
-,-,samtheman,-,1422.82,-3.03,1597.13,0.0,58.1,1.01,130,0.0,64,0.0,65,0.0,1,0.0,49.23,0.0,2021-12-05,-,0,-
736,-47,Prashanth,-,1422.55,-4.79,1497.68,-2.08,25.04,0.9,384,19.0,192,8.0,190,11.0,2,0.0,50.0,-0.41,2026-08-12,-,0,393.0
-,-,Rockdrigo,-,1422.48,-2.26,1638.84,0.0,72.12,0.75,68,0.0,45,0.0,23,0.0,0,0.0,66.18,0.0,2022-01-01,-,0,-
737,-29,DayWeed,-,1422.16,1.74,1533.95,4.55,37.26,0.94,160,3.0,104,2.0,54,0.0,2,1.0,65.0,0.03,2026-06-14,-,0,620.0
738,-43,Skatanic,-,1422.15,-3.66,1557.51,0.0,45.12,1.22,85,0.0,45,0.0,40,0.0,0,0.0,52.94,0.0,2026-03-25,-,0,872.0
739,-54,Kaiserschmarrn,-,1421.99,-7.62,1517.82,0.0,31.94,2.54,600,0.0,309,0.0,285,0.0,6,0.0,51.5,0.0,2026-05-26,G,8,407.0
-,-,cal21,-,1421.86,-3.42,1574.78,0.0,50.97,1.14,282,0.0,163,0.0,117,0.0,2,0.0,57.8,0.0,2022-11-23,G,2,-
-,-,Adrian-2909,-,1421.66,-1.49,1749.43,0.0,109.25,0.5,18,0.0,18,0.0,0,0.0,0,0.0,100.0,0.0,2022-03-06,-,0,-
740,-41,Sale,-,1421.44,-2.2,1648.12,0.0,75.56,0.73,49,0.0,23,0.0,26,0.0,0,0.0,46.94,0.0,2026-03-28,-,0,-
741,-48,Synchro,BD,1421.4,-4.98,1543.06,0.0,40.55,1.66,123,0.0,64,0.0,59,0.0,0,0.0,52.03,0.0,2026-02-25,-,0,728.0
742,-65,mikemast,-,1421.27,-11.92,1519.95,-11.59,32.9,0.11,176,11.0,82,2.0,92,9.0,2,0.0,46.59,-1.89,2026-08-17,-,0,488.0
743,-53,NRoy,US,1421.11,-5.89,1508.0,0.0,28.96,1.96,333,0.0,168,0.0,162,0.0,3,0.0,50.45,0.0,2026-02-14,-,0,616.0
744,-52,Captn4wesome,DE,1421.1,-5.53,1492.78,-3.28,23.89,0.75,490,35.0,236,17.0,253,18.0,1,0.0,48.16,0.03,2026-08-15,-,0,387.0
745,-86,sodalppargkppakee,-,1420.86,-18.56,1504.14,-16.98,27.76,0.53,292,18.0,143,5.0,147,13.0,2,0.0,48.97,-1.39,2026-08-20,-,0,422.0
-,-,Mrzout,-,1420.73,-3.82,1554.43,0.0,44.57,1.27,275,0.0,151,0.0,124,0.0,0,0.0,54.91,0.0,2025-03-17,-,0,805.0
-,-,BoBo1983,-,1419.32,-1.68,1710.39,0.0,97.03,0.56,36,0.0,27,0.0,8,0.0,1,0.0,75.0,0.0,2020-09-27,-,0,-
-,-,Ferguse72,-,1419.16,-2.37,1627.27,0.0,69.37,0.79,45,0.0,33,0.0,12,0.0,0,0.0,73.33,0.0,2024-04-04,-,0,-
-,-,Vienneau,-,1419.07,-2.29,1633.53,0.0,71.49,0.76,72,0.0,42,0.0,30,0.0,0,0.0,58.33,0.0,2019-12-30,-,0,-
746,-22,Dubz,-,1418.97,3.52,1494.93,2.11,25.32,-0.47,424,41.0,208,20.0,215,21.0,1,0.0,49.06,-0.03,2026-08-17,-,0,602.0
-,-,Honigbaer,DE,1418.86,-4.59,1538.72,0.0,39.95,1.53,469,0.0,256,0.0,204,0.0,9,0.0,54.58,0.0,2024-08-19,-,0,-
-,-,sqwndw,CN,1418.63,-16.87,1674.8,0.0,85.39,5.62,877,0.0,492,0.0,376,0.0,9,0.0,56.1,0.0,2024-10-01,GM,2,-
747,-65,Tyrtaios,DE,1418.36,-12.55,1491.52,-12.88,24.39,-0.11,338,41.0,161,12.0,176,29.0,1,0.0,47.63,-2.54,2026-08-20,-,0,505.0
-,-,bedtimeformonkeys,-,1418.25,-2.11,1650.85,0.0,77.53,0.7,30,0.0,16,0.0,13,0.0,1,0.0,53.33,0.0,2023-03-01,-,0,-
-,-,DALUM,-,1417.71,-2.33,1627.83,0.0,70.04,0.78,60,0.0,37,0.0,22,0.0,1,0.0,61.67,0.0,2021-03-02,-,0,-
748,12,Otto_von_Bismarck,-,1417.42,15.14,1530.57,2.42,37.72,-4.24,114,24.0,53,12.0,61,12.0,0,0.0,46.49,0.93,2026-07-21,-,0,939.0
-,-,deleted_user_9275835,-,1417.15,-2.37,1624.44,0.0,69.1,0.79,37,0.0,28,0.0,9,0.0,0,0.0,75.68,0.0,2024-12-04,-,0,1287.0
-,-,icantdrawanime,-,1416.78,-3.09,1574.5,0.0,52.57,1.03,174,0.0,101,0.0,72,0.0,1,0.0,58.05,0.0,2022-11-25,-,0,-
749,-43,shiro0405,JP,1416.73,-4.47,1529.43,0.0,37.57,1.49,172,0.0,82,0.0,87,0.0,3,0.0,47.67,0.0,2026-02-07,-,0,939.0
-,-,T3RR4,-,1416.5,-2.58,1613.81,0.0,65.77,0.86,72,0.0,44,0.0,28,0.0,0,0.0,61.11,0.0,2021-09-05,-,0,-
750,-22,methak,FR,1416.47,2.68,1495.81,6.79,26.45,1.37,457,12.0,217,7.0,240,5.0,0,0.0,47.48,0.29,2026-07-25,-,0,622.0
-,-,UnknownMight,-,1416.26,-1.84,1683.6,0.0,89.11,0.61,36,0.0,26,0.0,10,0.0,0,0.0,72.22,0.0,2020-09-27,-,0,-
751,-1,Likas11,CZ,1416.17,9.64,1511.62,9.74,31.82,0.04,261,13.0,112,8.0,147,5.0,2,0.0,42.91,0.97,2026-08-17,-,0,609.0
752,-37,Michcio,-,1416.08,-2.88,1499.64,-10.34,27.85,-2.49,217,41.0,110,17.0,106,23.0,1,1.0,50.69,-2.15,2026-08-12,-,0,1241.0
754,-40,stefano-prof,-,1416.02,-3.17,1507.07,1.41,30.35,1.53,542,3.0,269,2.0,267,1.0,6,0.0,49.63,0.09,2026-06-25,G,2,1057.0
753,-33,chris223,-,1416.02,-0.87,1485.05,2.39,23.01,1.09,1263,37.0,591,18.0,658,18.0,14,1.0,46.79,0.05,2026-08-12,-,0,505.0
-,-,RootNegative,-,1415.82,-2.57,1607.0,0.0,63.72,0.86,72,0.0,50,0.0,21,0.0,1,0.0,69.44,0.0,2022-11-23,-,0,-
-,-,PiotrekB,-,1415.53,-4.35,1535.3,0.0,39.92,1.45,324,0.0,177,0.0,146,0.0,1,0.0,54.63,0.0,2025-01-28,-,0,1280.0
755,-55,Jappa,NL,1415.19,-7.89,1496.69,0.0,27.17,2.63,762,0.0,368,0.0,390,0.0,4,0.0,48.29,0.0,2026-01-19,G,4,313.0
-,-,DanWins,-,1415.05,-4.25,1528.34,0.0,37.76,1.42,339,0.0,170,0.0,166,0.0,3,0.0,50.15,0.0,2024-12-12,G,2,-
756,-91,woodabooga,-,1414.73,-22.46,1504.47,-20.11,29.91,0.78,236,12.0,108,4.0,128,8.0,0,0.0,45.76,-0.67,2026-07-31,-,0,543.0
-,-,Reinuvader,HU,1414.67,-4.34,1533.39,0.0,39.57,1.45,394,0.0,214,0.0,178,0.0,2,0.0,54.31,0.0,2025-01-21,-,0,1388.0
757,240,ogre44444,-,1414.63,116.54,1634.93,66.16,73.43,-16.79,30,10.0,23,8.0,7,2.0,0,0.0,76.67,1.67,2026-08-03,-,0,-
-,-,Diabloz,-,1414.51,-3.58,1565.03,0.0,50.17,1.19,182,0.0,99,0.0,83,0.0,0,0.0,54.4,0.0,2023-03-01,-,0,-
-,-,jerre8,-,1414.51,-2.34,1624.2,0.0,69.9,0.78,45,0.0,29,0.0,16,0.0,0,0.0,64.44,0.0,2024-04-04,-,0,-
-,-,TERMINATORDESTROYER,-,1414.11,-1.54,1733.32,0.0,106.4,0.51,18,0.0,14,0.0,3,0.0,1,0.0,77.78,0.0,2020-09-27,-,0,-
-,-,nauxuyuh,-,1413.98,-1.37,1770.47,0.0,118.83,0.46,12,0.0,7,0.0,5,0.0,0,0.0,58.33,0.0,2022-02-01,-,0,-
-,-,Xxyu,CN,1413.64,-3.75,1586.81,0.0,57.73,1.25,100,0.0,60,0.0,38,0.0,2,0.0,60.0,0.0,2025-01-28,-,0,845.0
758,-14,Netrom,-,1413.58,5.16,1485.94,6.66,24.12,0.5,516,31.0,257,20.0,253,11.0,6,0.0,49.81,0.94,2026-08-10,-,0,389.0
-,-,Ramonster,NL,1413.48,-4.81,1530.56,0.0,39.03,1.6,439,0.0,250,0.0,187,0.0,2,0.0,56.95,0.0,2024-09-15,-,0,-
759,-25,brumynut,AU,1413.37,1.45,1481.24,4.37,22.62,0.97,1260,34.0,584,17.0,661,16.0,15,1.0,46.35,0.1,2026-08-15,-,0,459.0
760,151,Tomy_hexaper,-,1413.35,78.07,1695.16,-29.99,93.94,-36.02,19,12.0,15,9.0,4,3.0,0,0.0,78.95,-6.76,2026-08-09,-,0,-
761,-42,taltal,-,1413.27,-4.01,1498.68,-2.3,28.47,0.57,308,16.0,140,5.0,164,11.0,4,0.0,45.45,-0.78,2026-08-11,-,0,536.0
-,-,Steak,-,1413.18,-2.63,1599.82,0.0,62.22,0.88,54,0.0,38,0.0,16,0.0,0,0.0,70.37,0.0,2023-12-03,-,0,-
-,-,kentropy,-,1412.88,-2.73,1592.52,0.0,59.88,0.91,90,0.0,50,0.0,39,0.0,1,0.0,55.56,0.0,2021-12-05,-,0,-
-,-,XDoge,-,1412.73,-2.84,1588.73,0.0,58.67,0.95,174,0.0,85,0.0,87,0.0,2,0.0,48.85,0.0,2021-06-02,P,4,-
-,-,Fblthp,-,1412.19,-2.85,1584.41,0.0,57.41,0.95,82,0.0,50,0.0,32,0.0,0,0.0,60.98,0.0,2023-08-18,-,0,-
762,-49,Csannerud,NO,1412.07,-7.13,1479.24,-4.54,22.39,0.86,1307,41.0,640,19.0,660,22.0,7,0.0,48.97,-0.08,2026-08-10,-,0,394.0
763,-28,Patelavache,-,1411.73,0.05,1542.57,-2.5,43.61,-0.85,95,6.0,50,3.0,45,3.0,0,0.0,52.63,-0.18,2026-07-25,-,0,1118.0
764,-61,Mensha,-,1411.31,-10.72,1512.81,-11.21,33.83,-0.16,171,12.0,83,5.0,87,7.0,1,0.0,48.54,-0.52,2026-08-07,-,0,805.0
-,-,Raze27,-,1411.05,-3.53,1560.56,0.0,49.84,1.18,225,0.0,126,0.0,97,0.0,2,0.0,56.0,0.0,2024-02-26,-,0,-
-,-,Fane,BE,1410.66,-3.69,1557.53,0.0,48.96,1.23,318,0.0,173,0.0,142,0.0,3,0.0,54.4,0.0,2023-03-01,P,2,-
765,-35,longapple,-,1410.5,-2.77,1588.58,0.0,59.36,0.92,45,0.0,22,0.0,23,0.0,0,0.0,48.89,0.0,2026-03-26,-,0,-
766,-64,seviech,-,1409.96,-12.51,1478.48,-9.06,22.84,1.15,1203,28.0,565,10.0,626,18.0,12,0.0,46.97,-0.26,2026-07-30,-,0,406.0
767,unretired,Tukhachevsky,-,1409.9,115.08,1544.39,96.9,44.83,-6.06,100,18.0,53,16.0,46,2.0,1,0.0,53.0,7.88,2026-07-26,-,0,-
-,-,Johannes_n94,-,1409.73,-2.39,1615.2,0.0,68.49,0.8,53,0.0,32,0.0,21,0.0,0,0.0,60.38,0.0,2023-06-28,-,0,-
-,-,theChony,MX,1409.66,-4.2,1538.2,0.0,42.84,1.4,641,0.0,306,0.0,324,0.0,11,0.0,47.74,0.0,2024-04-04,G,4,-
-,-,Deepthought,PT,1409.39,-3.34,1557.51,0.0,49.37,1.11,237,0.0,126,0.0,111,0.0,0,0.0,53.16,0.0,2023-05-23,G,2,-
-,-,hannes10001,-,1409.3,-2.92,1579.53,0.0,56.74,0.97,174,0.0,92,0.0,82,0.0,0,0.0,52.87,0.0,2021-08-21,-,0,-
768,21,TheYoungDutch,US,1409.16,17.45,1492.48,20.48,27.78,1.01,387,16.0,186,11.0,196,5.0,5,0.0,48.06,0.89,2026-08-15,-,0,640.0
769,-37,GerwinW,-,1408.88,-3.2,1484.63,-3.54,25.25,-0.11,328,34.0,169,13.0,156,21.0,3,0.0,51.52,-1.54,2026-07-31,-,0,700.0
-,-,Gbro,-,1408.87,-2.67,1602.9,0.0,64.68,0.89,84,0.0,56,0.0,28,0.0,0,0.0,66.67,0.0,2023-03-01,G,2,-
770,10,Adrianobf,BR,1408.74,13.61,1488.68,14.64,26.65,0.34,727,24.0,336,16.0,385,7.0,6,1.0,46.22,0.7,2026-07-29,-,0,514.0
-,-,KindFortress,-,1408.59,-4.31,1524.34,0.0,38.58,1.44,383,0.0,194,0.0,185,0.0,4,0.0,50.65,0.0,2024-11-19,-,0,1287.0
-,-,Vandal,-,1408.41,-3.09,1567.62,0.0,53.07,1.03,89,0.0,37,0.0,52,0.0,0,0.0,41.57,0.0,2024-07-01,-,0,-
771,-35,Numsy71,-,1408.13,-3.46,1552.08,0.0,47.98,1.15,82,0.0,40,0.0,42,0.0,0,0.0,48.78,0.0,2026-02-03,-,0,717.0
-,-,NagyGL,-,1408.09,-1.99,1654.71,0.0,82.21,0.66,48,0.0,31,0.0,16,0.0,1,0.0,64.58,0.0,2020-02-09,-,0,-
772,new,CyberRFG,-,1408.05,958.05,1669.8,169.8,87.25,87.25,18,18.0,16,16.0,2,2.0,0,0.0,88.89,88.89,2026-07-29,-,0,-
-,-,Pack,-,1407.61,-2.39,1613.34,0.0,68.58,0.8,45,0.0,23,0.0,22,0.0,0,0.0,51.11,0.0,2024-04-04,-,0,-
773,-33,rizor,-,1407.49,-3.4,1551.98,0.0,48.16,1.13,75,0.0,40,0.0,35,0.0,0,0.0,53.33,0.0,2026-03-21,-,0,989.0
774,87,Waaaaaa,-,1406.95,45.9,1571.48,38.17,54.84,-2.58,51,6.0,30,6.0,21,0.0,0,0.0,58.82,5.49,2026-08-12,-,0,-
775,-11,Rasputin,-,1406.89,5.81,1474.37,8.52,22.49,0.9,1300,41.0,562,20.0,726,20.0,12,1.0,43.23,0.18,2026-08-20,-,0,403.0
-,-,Intriguing,-,1406.71,-2.61,1603.86,0.0,65.72,0.87,102,0.0,62,0.0,40,0.0,0,0.0,60.78,0.0,2021-03-02,-,0,-
776,-39,alittlehorse,-,1406.68,-4.68,1515.14,0.0,36.15,1.56,147,0.0,69,0.0,77,0.0,1,0.0,46.94,0.0,2026-05-16,-,0,593.0
777,-6,Nevic,-,1406.33,8.38,1513.92,11.55,35.86,1.05,296,3.0,132,3.0,161,0.0,3,0.0,44.59,0.56,2026-06-23,G,2,499.0
778,-33,Strawer_1982,IT,1406.28,-1.48,1482.9,2.06,25.54,1.18,615,18.0,298,9.0,316,9.0,1,0.0,48.46,0.05,2026-08-03,-,0,517.0
779,-138,StarLakeGuy,-,1406.26,-38.71,1534.92,-40.29,42.89,-0.53,91,6.0,47,0.0,44,6.0,0,0.0,51.65,-3.64,2026-07-22,-,0,805.0
780,-49,Urist,-,1406.06,-6.87,1500.95,-5.99,31.63,0.29,182,11.0,93,4.0,88,7.0,1,0.0,51.1,-0.95,2026-08-07,-,0,798.0
-,-,trieshard,-,1405.99,-3.43,1566.79,0.0,53.6,1.14,162,0.0,95,0.0,64,0.0,3,0.0,58.64,0.0,2022-12-04,-,0,-
-,-,Kripa,FI,1405.85,-3.62,1540.17,0.0,44.77,1.21,254,0.0,140,0.0,112,0.0,2,0.0,55.12,0.0,2023-06-28,-,0,-
781,-40,McNeil,DK,1405.8,-4.75,1513.63,0.0,35.94,1.58,174,0.0,88,0.0,85,0.0,1,0.0,50.57,0.0,2026-04-03,-,0,726.0
782,-57,ZioKhan,IT,1405.64,-9.36,1469.38,-6.27,21.25,1.03,1262,41.0,573,16.0,677,24.0,12,1.0,45.4,-0.22,2026-08-18,-,0,378.0
783,-73,Alfonsillo,-,1405.31,-14.69,1489.06,-16.41,27.92,-0.57,265,30.0,120,9.0,142,21.0,3,0.0,45.28,-1.95,2026-08-15,-,0,1067.0
784,-45,Puren94,-,1404.93,-6.27,1526.33,-6.18,40.47,0.03,139,6.0,73,3.0,66,3.0,0,0.0,52.52,-0.11,2026-07-17,-,0,1287.0
785,-28,Imiter,PL,1404.65,1.9,1495.32,1.53,30.22,-0.13,258,19.0,117,10.0,138,9.0,3,0.0,45.35,0.58,2026-08-11,-,0,522.0
-,-,HotShot53,-,1404.12,-2.49,1602.73,0.0,66.2,0.83,40,0.0,22,0.0,18,0.0,0,0.0,55.0,0.0,2025-04-02,-,0,872.0
786,unretired,Rockoccodrillo,-,1404.09,-14.2,1510.21,-11.14,35.37,1.02,378,3.0,197,0.0,179,3.0,2,0.0,52.12,-0.41,2026-07-01,-,0,859.0
-,-,BeetleJuice,CZ,1403.89,-4.33,1521.81,0.0,39.31,1.44,402,0.0,194,0.0,207,0.0,1,0.0,48.26,0.0,2024-12-31,-,0,-
787,-39,kingslayer90,-,1403.3,-3.57,1542.38,0.0,46.36,1.19,87,0.0,46,0.0,41,0.0,0,0.0,52.87,0.0,2026-03-14,-,0,805.0
-,-,Iwego,-,1403.19,-2.76,1581.14,0.0,59.31,0.92,60,0.0,30,0.0,30,0.0,0,0.0,50.0,0.0,2024-07-01,-,0,-
788,-42,Spriteule,DE,1403.01,-4.68,1511.92,-3.12,36.3,0.52,213,6.0,111,3.0,98,3.0,4,0.0,52.11,-0.06,2026-07-25,-,0,872.0
789,12,nicg,US,1402.7,14.55,1502.28,14.74,33.19,0.06,218,12.0,103,8.0,114,4.0,1,0.0,47.25,1.13,2026-08-05,-,0,802.0
790,-73,OM_Para,-,1402.57,-14.85,1546.3,-19.01,47.91,-1.39,76,6.0,42,2.0,34,4.0,0,0.0,55.26,-1.88,2026-07-23,-,0,1118.0
-,-,Wildfighter,-,1402.48,-1.48,1733.52,0.0,110.34,0.49,12,0.0,11,0.0,1,0.0,0,0.0,91.67,0.0,2022-05-26,-,0,-
791,-48,joehammerman,US,1402.45,-6.31,1483.54,0.0,27.03,2.1,656,0.0,315,0.0,336,0.0,5,0.0,48.02,0.0,2026-04-03,-,0,418.0
-,-,BedrockLP,-,1402.33,-2.73,1584.41,0.0,60.69,0.91,60,0.0,34,0.0,26,0.0,0,0.0,56.67,0.0,2024-04-04,-,0,-
792,-41,A-Raw,-,1402.17,-3.32,1552.04,0.0,49.95,1.11,72,0.0,32,0.0,39,0.0,1,0.0,44.44,0.0,2026-03-19,-,0,989.0
793,62,baralex,-,1402.14,37.4,1548.94,32.95,48.93,-1.48,81,6.0,39,5.0,42,1.0,0,0.0,48.15,2.82,2026-07-17,-,0,872.0
-,-,Etherealz,CA,1401.96,-6.46,1514.85,0.0,37.63,2.15,736,0.0,372,0.0,361,0.0,3,0.0,50.54,0.0,2025-02-12,-,0,511.0
-,-,exfret,-,1400.73,-2.44,1606.85,0.0,68.7,0.81,90,0.0,58,0.0,30,0.0,2,0.0,64.44,0.0,2020-04-08,-,0,-
-,-,AxelG,-,1400.71,-3.1,1564.05,0.0,54.45,1.03,126,0.0,70,0.0,55,0.0,1,0.0,55.56,0.0,2022-12-04,-,0,-
-,-,TBC,-,1400.47,-2.49,1600.68,0.0,66.74,0.83,51,0.0,31,0.0,19,0.0,1,0.0,60.78,0.0,2024-08-11,-,0,-
794,-22,tue2k,-,1400.17,2.56,1547.87,-15.17,49.24,-5.91,64,13.0,33,5.0,30,7.0,1,1.0,51.56,-3.34,2026-08-10,-,0,-
795,-53,LeBonus,CA,1400.1,-9.07,1495.63,-11.21,31.84,-0.71,197,19.0,94,7.0,100,11.0,3,1.0,47.72,-1.16,2026-08-12,-,0,622.0
796,232,Tomboy,-,1399.9,118.7,1608.01,97.22,69.37,-7.16,36,6.0,20,6.0,16,0.0,0,0.0,55.56,8.89,2026-07-16,-,0,-
-,-,orlin614,-,1399.39,-2.77,1583.76,0.0,61.46,0.92,78,0.0,49,0.0,29,0.0,0,0.0,62.82,0.0,2023-11-27,-,0,-
797,-85,vbogoev,BG,1399.3,-20.07,1469.15,-17.35,23.29,0.91,655,37.0,307,14.0,343,22.0,5,1.0,46.87,-0.54,2026-08-18,-,0,375.0
798,-97,Smilzo,-,1399.27,-23.39,1530.01,-22.18,43.58,0.4,90,3.0,38,0.0,50,3.0,2,0.0,42.22,-1.46,2026-06-17,-,0,989.0
799,9,AdumbusPrime,CA,1399.26,14.4,1512.24,11.84,37.66,-0.85,128,13.0,62,9.0,66,4.0,0,0.0,48.44,2.35,2026-08-10,-,0,527.0
-,-,Varthos,-,1398.99,-3.05,1563.14,0.0,54.72,1.02,198,0.0,106,0.0,91,0.0,1,0.0,53.54,0.0,2021-12-05,-,0,-
800,32,saiggo16,ES,1398.9,25.07,1492.76,23.26,31.29,-0.6,455,23.0,187,13.0,265,10.0,3,0.0,41.1,0.82,2026-08-10,-,0,-
-,-,Mads,-,1398.8,-4.55,1517.84,0.0,39.68,1.52,369,0.0,188,0.0,178,0.0,3,0.0,50.95,0.0,2024-10-13,-,0,-
801,-16,Boardello,GB,1398.78,5.21,1468.4,8.83,23.21,1.21,1120,28.0,524,17.0,588,10.0,8,1.0,46.79,0.36,2026-08-04,-,0,432.0
-,-,Crazybastard77,-,1398.76,-1.52,1722.0,0.0,107.75,0.51,18,0.0,11,0.0,6,0.0,1,0.0,61.11,0.0,2020-09-27,-,0,-
802,-34,Asperins,LV,1398.68,0.09,1467.56,3.37,22.96,1.09,616,41.0,280,18.0,334,23.0,2,0.0,45.45,-0.12,2026-08-10,-,0,469.0
-,-,Fapoleon,-,1398.66,-3.75,1540.31,0.0,47.22,1.25,156,0.0,82,0.0,74,0.0,0,0.0,52.56,0.0,2024-07-01,-,0,-
-,-,macike,-,1398.63,-3.07,1562.63,0.0,54.67,1.02,126,0.0,67,0.0,59,0.0,0,0.0,53.17,0.0,2022-09-04,-,0,-
803,new,tjreasoner,-,1398.55,948.55,1756.72,256.72,119.39,119.39,10,10.0,9,9.0,1,1.0,0,0.0,90.0,90.0,2026-08-12,-,0,-
-,-,aloci,-,1398.36,-3.82,1527.41,0.0,43.02,1.27,131,0.0,72,0.0,57,0.0,2,0.0,54.96,0.0,2025-08-28,-,0,635.0
804,-45,Ioannis3,GR,1398.35,-4.03,1465.69,-0.6,22.45,1.14,1394,41.0,617,22.0,765,19.0,12,0.0,44.26,0.28,2026-08-15,-,0,342.0
-,-,gpeter63,-,1398.31,-4.09,1520.98,0.0,40.89,1.36,363,0.0,191,0.0,171,0.0,1,0.0,52.62,0.0,2024-06-02,-,0,-
805,-44,samgreco,JP,1398.26,-3.9,1526.54,0.0,42.76,1.3,122,0.0,53,0.0,69,0.0,0,0.0,43.44,0.0,2026-01-29,-,0,989.0
806,-59,Jochabeth,-,1398.25,-8.83,1478.31,-7.82,26.69,0.34,351,25.0,155,7.0,194,18.0,2,0.0,44.16,-1.24,2026-08-21,-,0,452.0
807,-45,Covid_19,-,1398.07,-3.94,1526.03,0.0,42.65,1.31,108,0.0,57,0.0,51,0.0,0,0.0,52.78,0.0,2026-03-25,-,0,-
808,-42,Satanislav,-,1397.75,-2.21,1619.81,0.0,74.02,0.74,30,0.0,15,0.0,15,0.0,0,0.0,50.0,0.0,2026-02-05,-,0,-
-,-,Exurbitantus,-,1397.71,-2.93,1567.57,0.0,56.62,0.98,89,0.0,48,0.0,41,0.0,0,0.0,53.93,0.0,2023-05-31,-,0,-
-,-,wenyu0007,-,1397.35,-1.45,1735.45,0.0,112.7,0.48,18,0.0,16,0.0,2,0.0,0,0.0,88.89,0.0,2021-06-02,-,0,-
-,-,tongtong,-,1397.34,-2.88,1570.74,0.0,57.8,0.96,61,0.0,32,0.0,29,0.0,0,0.0,52.46,0.0,2025-01-28,-,0,1118.0
-,-,AdrianosMaximus,-,1397.28,-3.91,1525.97,0.0,42.9,1.3,210,0.0,108,0.0,102,0.0,0,0.0,51.43,0.0,2024-07-01,-,0,-
809,-113,nkbobo,IT,1397.12,-28.03,1472.45,-23.81,25.11,1.41,937,18.0,454,3.0,479,14.0,4,1.0,48.45,-0.63,2026-07-27,-,0,461.0
810,-89,Wennejoekel,NL,1397.07,-19.77,1472.47,-21.06,25.14,-0.43,647,41.0,304,16.0,334,25.0,9,0.0,46.99,-0.53,2026-08-22,G,2,381.0
-,-,jsjsj,AU,1396.63,-4.96,1524.74,0.0,42.7,1.65,228,0.0,116,0.0,107,0.0,5,0.0,50.88,0.0,2024-10-01,-,0,-
-,-,Biadko,-,1396.59,-3.15,1555.75,0.0,53.05,1.05,210,0.0,115,0.0,94,0.0,1,0.0,54.76,0.0,2022-03-06,-,0,-
811,-44,Stedam,-,1396.28,-3.33,1543.9,0.0,49.21,1.11,80,0.0,45,0.0,35,0.0,0,0.0,56.25,0.0,2026-03-26,-,0,939.0
-,-,Bullya,-,1396.07,-3.72,1528.83,0.0,44.25,1.24,374,0.0,195,0.0,174,0.0,5,0.0,52.14,0.0,2023-06-12,-,0,-
-,-,Aksan,-,1396.0,-2.79,1572.27,0.0,58.76,0.93,66,0.0,40,0.0,25,0.0,1,0.0,60.61,0.0,2023-12-03,-,0,-
-,-,Damien.X,-,1395.88,-2.69,1579.17,0.0,61.1,0.9,45,0.0,24,0.0,21,0.0,0,0.0,53.33,0.0,2025-03-20,-,0,805.0
-,-,JeroenSchreurs,BE,1395.74,-4.67,1506.56,0.0,36.94,1.56,534,0.0,250,0.0,278,0.0,6,0.0,46.82,0.0,2024-10-01,G,2,-
812,10,Quokka,FR,1395.63,15.48,1486.07,15.24,30.15,-0.08,323,18.0,141,10.0,179,8.0,3,0.0,43.65,0.7,2026-08-14,-,0,614.0
-,-,Levia,-,1395.53,-4.15,1514.01,0.0,39.49,1.38,218,0.0,116,0.0,102,0.0,0,0.0,53.21,0.0,2025-01-02,-,0,989.0
-,-,Henstein,-,1395.53,-2.89,1574.9,0.0,59.79,0.96,77,0.0,35,0.0,42,0.0,0,0.0,45.45,0.0,2024-07-01,-,0,-
-,-,Blackbolt53,-,1395.44,-2.42,1599.12,0.0,67.89,0.81,45,0.0,25,0.0,20,0.0,0,0.0,55.56,0.0,2024-04-04,-,0,-
-,-,BubbaOFC,-,1395.12,-3.57,1548.33,0.0,51.07,1.19,217,0.0,100,0.0,116,0.0,1,0.0,46.08,0.0,2023-01-15,-,0,-
813,-61,Drk,IT,1394.97,-10.13,1468.63,-8.1,24.55,0.68,780,28.0,364,10.0,412,17.0,4,1.0,46.67,-0.4,2026-07-30,-,0,648.0
-,-,MarryMeVlaada,-,1394.84,-2.19,1619.6,0.0,74.92,0.73,43,0.0,32,0.0,11,0.0,0,0.0,74.42,0.0,2023-12-03,-,0,-
814,-38,sorecats,ID,1394.63,-2.39,1469.78,-0.12,25.05,0.76,988,30.0,448,13.0,533,17.0,7,0.0,45.34,-0.07,2026-07-31,-,0,552.0
815,-52,matst379,SE,1394.52,-7.16,1468.54,0.0,24.67,2.39,781,0.0,386,0.0,392,0.0,3,0.0,49.42,0.0,2026-05-18,-,0,438.0
-,-,Bigwellow,NL,1394.18,-5.15,1499.59,0.0,35.14,1.72,354,0.0,174,0.0,175,0.0,5,0.0,49.15,0.0,2025-05-08,-,0,468.0
816,-42,EugeneB,-,1394.14,-3.01,1486.05,-4.38,30.64,-0.46,226,19.0,111,9.0,115,10.0,0,0.0,49.12,-0.16,2026-08-08,-,0,529.0
-,-,BillyPilgrim,-,1394.06,-3.37,1548.48,0.0,51.47,1.12,241,0.0,130,0.0,107,0.0,4,0.0,53.94,0.0,2025-01-20,-,0,989.0
817,unretired,eLGi,-,1394.01,10.23,1569.85,-0.48,58.61,-3.57,78,6.0,42,3.0,35,3.0,1,0.0,53.85,-0.32,2026-08-01,-,0,-
-,-,MrMacacavoy,-,1393.92,-2.16,1621.54,0.0,75.87,0.72,40,0.0,20,0.0,20,0.0,0,0.0,50.0,0.0,2023-04-16,-,0,-
818,-45,jkdvz,-,1393.77,-3.79,1525.67,0.0,43.97,1.26,202,0.0,74,0.0,127,0.0,1,0.0,36.63,0.0,2025-11-09,-,0,-
819,-41,TTTTTT,-,1393.4,-2.98,1558.84,0.0,55.15,0.99,45,0.0,22,0.0,22,0.0,1,0.0,48.89,0.0,2026-03-25,-,0,-
-,-,LaDfBC,-,1393.38,-2.95,1560.7,0.0,55.78,0.98,59,0.0,31,0.0,27,0.0,1,0.0,52.54,0.0,2025-05-10,-,0,729.0
820,-41,Cimone,IT,1393.22,-2.2,1616.65,0.0,74.48,0.73,30,0.0,19,0.0,11,0.0,0,0.0,63.33,0.0,2026-01-30,-,0,-
-,-,Guarddoesntsurrender,-,1393.18,-1.71,1679.13,0.0,95.32,0.57,18,0.0,16,0.0,2,0.0,0,0.0,88.89,0.0,2022-09-04,-,0,-
821,-52,Frygian,-,1393.05,-5.33,1487.85,0.0,31.6,1.78,257,0.0,124,0.0,132,0.0,1,0.0,48.25,0.0,2026-02-09,-,0,562.0
822,-25,Limdul1988,CZ,1392.96,3.13,1475.99,5.14,27.68,0.67,380,18.0,173,7.0,197,11.0,10,0.0,45.53,-0.33,2026-07-27,-,0,707.0
-,-,HeartBreakKid,US,1392.87,-3.73,1534.91,0.0,47.35,1.24,186,0.0,88,0.0,96,0.0,2,0.0,47.31,0.0,2024-07-01,-,0,-
823,-46,deandedean,-,1392.53,-4.43,1529.97,-4.14,45.81,0.1,78,3.0,42,1.0,35,2.0,1,0.0,53.85,-0.82,2026-06-27,-,0,989.0
-,-,LeonardoDaVinci016,-,1392.09,-3.29,1546.19,0.0,51.37,1.1,85,0.0,40,0.0,45,0.0,0,0.0,47.06,0.0,2025-05-22,-,0,872.0
-,-,Pika07,-,1392.05,-3.26,1543.16,0.0,50.37,1.09,78,0.0,42,0.0,36,0.0,0,0.0,53.85,0.0,2025-03-23,-,0,872.0
-,-,sbauer9,-,1392.0,-3.1,1551.87,0.0,53.29,1.03,180,0.0,92,0.0,88,0.0,0,0.0,51.11,0.0,2023-08-05,-,0,-
824,-75,Loscy,-,1391.88,-14.78,1528.97,-14.58,45.7,0.07,77,3.0,38,0.0,39,3.0,0,0.0,49.35,-2.0,2026-06-25,-,0,-
-,-,FlyingDutchman,NL,1391.83,-2.23,1614.52,0.0,74.23,0.74,84,0.0,43,0.0,41,0.0,0,0.0,51.19,0.0,2019-02-17,-,0,-
825,-44,Peaceminusone,-,1391.74,-2.86,1478.91,-3.97,29.06,-0.37,502,24.0,241,14.0,260,10.0,1,0.0,48.01,0.52,2026-07-31,G,2,921.0
826,-68,Rob13,BR,1391.65,-10.86,1462.54,-10.95,23.63,-0.03,353,41.0,167,15.0,181,26.0,5,0.0,47.31,-1.41,2026-08-11,-,0,598.0
827,-62,Foxxx,-,1391.47,-8.57,1530.39,-11.3,46.31,-0.91,81,6.0,40,3.0,41,3.0,0,0.0,49.38,0.05,2026-08-11,-,0,-
-,-,swiftchan,-,1391.13,-1.32,1762.53,0.0,123.8,0.44,18,0.0,15,0.0,3,0.0,0,0.0,83.33,0.0,2020-06-28,-,0,-
828,-30,J-Dawg,-,1391.08,1.61,1525.07,2.15,44.66,0.18,85,3.0,37,2.0,47,1.0,1,0.0,43.53,0.85,2026-06-24,-,0,805.0
-,-,lzzyl,-,1390.89,-1.27,1775.89,0.0,128.34,0.42,8,0.0,6,0.0,2,0.0,0,0.0,75.0,0.0,2022-01-01,-,0,-
-,-,mpilb,-,1390.7,-1.95,1642.14,0.0,83.81,0.65,36,0.0,21,0.0,15,0.0,0,0.0,58.33,0.0,2020-09-27,-,0,-
829,-24,baggioka,HU,1390.54,3.95,1459.09,6.34,22.85,0.8,833,41.0,361,20.0,467,21.0,5,0.0,43.34,0.28,2026-08-15,-,0,420.0
-,-,FranszKO,-,1389.84,-2.32,1602.96,0.0,71.04,0.77,66,0.0,40,0.0,24,0.0,2,0.0,60.61,0.0,2021-03-02,-,0,-
830,-75,noobgo,-,1389.76,-14.64,1486.59,-10.58,32.28,1.35,600,8.0,284,2.0,304,4.0,12,2.0,47.33,-0.31,2026-07-28,-,0,1287.0
831,-37,Yavuial,-,1389.31,-1.81,1659.76,0.0,90.15,0.6,26,0.0,19,0.0,7,0.0,0,0.0,73.08,0.0,2026-01-17,-,0,-
-,-,Guylikikipoile,-,1389.15,-2.2,1613.69,0.0,74.85,0.73,45,0.0,31,0.0,14,0.0,0,0.0,68.89,0.0,2024-04-04,-,0,-
832,-36,SeanHandley,-,1388.94,-1.46,1456.57,-0.28,22.54,0.39,498,41.0,231,17.0,264,23.0,3,1.0,46.39,-0.44,2026-08-11,-,0,494.0
833,-58,firlefanzer,-,1388.9,-8.16,1456.36,-5.59,22.49,0.86,606,37.0,277,15.0,328,22.0,1,0.0,45.71,-0.34,2026-08-20,-,0,414.0
-,-,Nealio,NL,1388.82,-4.38,1504.51,0.0,38.56,1.46,314,0.0,157,0.0,155,0.0,2,0.0,50.0,0.0,2024-09-22,-,0,-
834,-34,luigino71,IT,1388.63,-0.39,1453.51,2.18,21.62,0.86,1448,41.0,653,22.0,790,18.0,5,1.0,45.1,0.25,2026-08-16,-,0,334.0
835,-79,C3POsMidriff,-,1388.41,-14.48,1498.92,-12.93,36.84,0.52,233,6.0,123,1.0,110,5.0,0,0.0,52.79,-0.95,2026-07-26,G,2,426.0
836,-37,Largos,-,1387.85,-1.6,1454.57,2.1,22.24,1.23,1117,29.0,528,15.0,581,12.0,8,2.0,47.27,0.12,2026-08-11,-,0,480.0
-,-,Chixx,SE,1387.52,-3.36,1538.89,0.0,50.45,1.12,161,0.0,87,0.0,73,0.0,1,0.0,54.04,0.0,2023-08-28,-,0,-
838,-43,Gosho,-,1387.32,-3.39,1558.25,-5.09,56.98,-0.56,49,3.0,27,2.0,22,1.0,0,0.0,55.1,0.75,2026-07-14,-,0,-
837,47,snowjotunn,-,1387.32,39.96,1591.9,20.8,68.19,-6.39,35,6.0,21,4.0,14,2.0,0,0.0,60.0,1.38,2026-07-17,-,0,-
839,-46,Clue72,-,1387.11,-4.02,1519.4,0.0,44.1,1.34,142,0.0,72,0.0,69,0.0,1,0.0,50.7,0.0,2025-11-29,-,0,1421.0
840,-86,Seppel,-,1386.41,-18.38,1486.49,-15.68,33.36,0.9,274,6.0,123,0.0,151,6.0,0,0.0,44.89,-1.01,2026-07-26,-,0,750.0
841,new,klokwork,-,1386.36,936.36,1634.53,134.53,82.72,82.72,20,20.0,13,13.0,7,7.0,0,0.0,65.0,65.0,2026-08-04,-,0,-
-,-,zook,-,1386.35,-2.59,1580.32,0.0,64.66,0.86,114,0.0,61,0.0,53,0.0,0,0.0,53.51,0.0,2020-11-18,P,4,-
842,-56,GregoryD,PL,1386.32,-7.2,1463.97,-4.15,25.89,1.02,1072,18.0,475,7.0,593,11.0,4,0.0,44.31,-0.09,2026-07-16,P,2,522.0
-,-,Elsumo,-,1386.24,-1.87,1649.06,0.0,87.61,0.62,24,0.0,17,0.0,7,0.0,0,0.0,70.83,0.0,2024-08-30,-,0,-
843,89,FireBones,-,1385.6,60.33,1547.56,23.49,53.99,-12.28,52,17.0,31,11.0,19,6.0,2,0.0,59.62,2.48,2026-08-15,-,0,-
-,-,fu1luo,-,1384.96,-3.42,1531.53,0.0,48.86,1.14,149,0.0,71,0.0,74,0.0,4,0.0,47.65,0.0,2024-03-17,-,0,-
-,-,shezbot,-,1384.73,-3.0,1549.46,0.0,54.91,1.0,172,0.0,98,0.0,74,0.0,0,0.0,56.98,0.0,2022-02-27,-,0,-
-,-,hwang,-,1384.14,-2.24,1603.34,0.0,73.07,0.75,38,0.0,20,0.0,18,0.0,0,0.0,52.63,0.0,2023-03-01,-,0,-
-,-,Horsard,-,1384.06,-3.83,1522.71,0.0,46.22,1.28,146,0.0,60,0.0,85,0.0,1,0.0,41.1,0.0,2025-02-28,-,0,729.0
-,-,Psynergist,-,1384.0,-2.47,1584.05,0.0,66.68,0.82,46,0.0,23,0.0,23,0.0,0,0.0,50.0,0.0,2024-07-01,-,0,-
844,-52,ksfga,-,1383.91,-7.27,1493.42,-18.63,36.5,-3.79,114,24.0,55,8.0,59,16.0,0,0.0,48.25,-3.97,2026-08-01,-,0,872.0
845,-43,Piter3000,PL,1383.8,-3.82,1518.38,0.0,44.86,1.27,245,0.0,118,0.0,124,0.0,3,0.0,48.16,0.0,2025-12-01,-,0,-
846,-56,runningnemo,-,1383.45,-8.09,1507.31,-5.58,41.29,0.84,123,3.0,62,0.0,61,3.0,0,0.0,50.41,-1.26,2026-07-02,-,0,939.0
847,-17,Happykitten,-,1383.28,8.39,1474.5,8.02,30.41,-0.12,336,18.0,174,9.0,159,9.0,3,0.0,51.79,-0.1,2026-07-22,-,0,1184.0
848,127,wrx666,-,1382.42,76.07,1605.8,46.46,74.46,-9.87,36,6.0,19,5.0,17,1.0,0,0.0,52.78,6.11,2026-07-16,-,0,-
849,-36,petrau77,FI,1382.09,-1.07,1446.83,1.15,21.58,0.74,1657,41.0,722,18.0,927,23.0,8,0.0,43.57,0.01,2026-08-12,P,2,365.0
850,-39,MechJayTi2,-,1381.7,-2.34,1461.5,-3.23,26.6,-0.3,288,31.0,145,13.0,142,18.0,1,0.0,50.35,-1.01,2026-08-04,-,0,705.0
851,-45,DrWhom,-,1381.64,-3.85,1516.03,0.0,44.79,1.28,183,0.0,93,0.0,90,0.0,0,0.0,50.82,0.0,2026-05-20,-,0,1178.0
-,-,DoNotCopy,-,1381.56,-2.93,1551.45,0.0,56.63,0.98,138,0.0,83,0.0,55,0.0,0,0.0,60.14,0.0,2022-03-06,-,0,-
852,-40,themightyboost,-,1381.38,-2.13,1612.28,0.0,76.97,0.71,39,0.0,24,0.0,12,0.0,3,0.0,61.54,0.0,2026-01-10,-,0,-
853,-50,Cristiancordeu,AR,1381.35,-6.09,1455.81,-3.08,24.82,1.01,988,23.0,460,9.0,516,14.0,12,0.0,46.56,-0.18,2026-08-17,-,0,496.0
854,-71,kaeptnblaubaer,DE,1380.97,-12.73,1445.42,-10.05,21.48,0.89,1194,41.0,542,14.0,648,27.0,4,0.0,45.39,-0.4,2026-08-08,-,0,358.0
-,-,wmfjfnlb,-,1380.97,-1.4,1729.97,0.0,116.34,0.47,12,0.0,12,0.0,0,0.0,0,0.0,100.0,0.0,2022-11-23,-,0,-
855,-38,Froggy42,DE,1380.85,-1.0,1448.37,1.12,22.51,0.71,1043,41.0,485,22.0,547,17.0,11,2.0,46.5,0.29,2026-08-15,-,0,527.0
856,-103,sausagesky,-,1380.74,-24.34,1495.93,-27.75,38.4,-1.14,141,12.0,63,3.0,78,9.0,0,0.0,44.68,-1.83,2026-07-27,-,0,1067.0
857,-41,Rius,-,1380.05,-2.14,1609.89,0.0,76.61,0.71,28,0.0,19,0.0,9,0.0,0,0.0,67.86,0.0,2026-03-23,-,0,-
-,-,copesettic,US,1379.96,-3.48,1522.71,0.0,47.58,1.16,203,0.0,103,0.0,98,0.0,2,0.0,50.74,0.0,2023-06-04,-,0,-
-,-,Metz63,-,1379.74,-3.5,1525.95,0.0,48.74,1.17,112,0.0,49,0.0,63,0.0,0,0.0,43.75,0.0,2025-03-08,-,0,939.0
-,-,Yambomb,-,1379.67,-2.44,1585.11,0.0,68.48,0.81,78,0.0,50,0.0,28,0.0,0,0.0,64.1,0.0,2021-03-02,-,0,-
858,14,collace,-,1379.66,26.62,1459.56,23.8,26.63,-0.94,269,41.0,118,19.0,147,19.0,4,3.0,43.87,0.45,2026-08-08,-,0,989.0
859,unretired,bluestar,-,1379.65,75.5,1752.42,39.41,124.25,-12.03,14,2.0,9,2.0,4,0.0,1,0.0,64.29,5.96,2026-08-04,-,0,-
-,-,Kenvi,PL,1379.57,-4.74,1487.24,0.0,35.89,1.58,437,0.0,214,0.0,218,0.0,5,0.0,48.97,0.0,2024-10-01,-,0,-
860,-40,micropip,-,1379.45,-1.7,1448.38,0.92,22.98,0.87,1249,34.0,541,13.0,697,21.0,11,0.0,43.31,-0.15,2026-07-28,-,0,555.0
-,-,mafiasco,-,1378.87,-3.62,1523.98,0.0,48.37,1.21,306,0.0,153,0.0,151,0.0,2,0.0,50.0,0.0,2023-10-15,-,0,-
861,21,Opi,-,1378.34,29.72,1528.75,24.1,50.14,-1.88,66,6.0,31,4.0,34,2.0,1,0.0,46.97,1.97,2026-07-27,-,0,989.0
-,-,Ryk_Longspear,-,1378.34,-2.64,1563.78,0.0,61.81,0.88,72,0.0,42,0.0,30,0.0,0,0.0,58.33,0.0,2022-03-06,-,0,-
862,unretired,Enas,-,1378.32,1.79,1513.73,-0.31,45.14,-0.7,108,6.0,50,3.0,58,3.0,0,0.0,46.3,0.22,2026-08-05,-,0,836.0
863,-9,aoe2champ,-,1378.28,13.11,1449.81,14.46,23.84,0.45,410,34.0,204,21.0,204,11.0,2,2.0,49.76,1.09,2026-08-04,-,0,690.0
-,-,LinhVu,-,1378.2,-3.71,1511.88,0.0,44.56,1.24,157,0.0,81,0.0,76,0.0,0,0.0,51.59,0.0,2025-01-28,-,0,989.0
864,-45,Keyadoria,-,1377.99,-3.17,1535.14,0.0,52.38,1.06,60,0.0,33,0.0,27,0.0,0,0.0,55.0,0.0,2026-01-28,-,0,1067.0
-,-,lleviadon,-,1377.68,-2.85,1552.21,0.0,58.18,0.95,162,0.0,79,0.0,80,0.0,3,0.0,48.77,0.0,2021-06-02,G,6,-
865,29,Modiarty,-,1377.67,34.54,1533.67,12.81,52.0,-7.24,57,13.0,30,8.0,27,5.0,0,0.0,52.63,2.63,2026-08-10,-,0,-
866,-84,kngoswg,-,1377.61,-16.66,1483.52,-14.78,35.3,0.62,144,6.0,66,1.0,78,5.0,0,0.0,45.83,-1.27,2026-07-25,-,0,780.0
-,-,gustn_toh,-,1377.18,-3.06,1536.53,0.0,53.12,1.02,210,0.0,101,0.0,106,0.0,3,0.0,48.1,0.0,2022-02-22,G,2,-
867,-44,lutzifer,-,1377.1,-2.69,1560.06,0.0,60.99,0.9,40,0.0,21,0.0,19,0.0,0,0.0,52.5,0.0,2026-03-23,-,0,-
-,-,JakubUhlir,CZ,1377.07,-5.08,1486.62,0.0,36.52,1.69,649,0.0,312,0.0,329,0.0,8,0.0,48.07,0.0,2024-10-01,-,0,-
868,-25,OrionAlpha,-,1377.03,8.2,1444.83,11.75,22.6,1.18,1460,41.0,608,21.0,831,20.0,21,0.0,41.64,0.27,2026-08-15,-,0,512.0
-,-,Karpik,PL,1376.93,-3.41,1521.67,0.0,48.25,1.14,258,0.0,134,0.0,124,0.0,0,0.0,51.94,0.0,2022-12-04,-,0,-
869,-24,Dzsabo,HU,1376.42,8.63,1441.81,11.09,21.79,0.82,597,41.0,267,21.0,327,20.0,3,0.0,44.72,0.48,2026-08-15,-,0,423.0
870,-45,Scipio1126,US,1376.13,-3.25,1529.7,0.0,51.19,1.08,66,0.0,32,0.0,31,0.0,3,0.0,48.48,0.0,2026-01-06,-,0,805.0
871,-61,javimb89,ES,1375.85,-8.58,1445.1,-3.88,23.08,1.57,947,41.0,430,14.0,510,27.0,7,0.0,45.41,-0.51,2026-08-17,-,0,446.0
-,-,cbend37,US,1375.63,-3.51,1519.53,0.0,47.97,1.17,170,0.0,69,0.0,100,0.0,1,0.0,40.59,0.0,2024-02-23,-,0,-
872,-57,DonRaphon,-,1375.46,-7.32,1464.05,0.0,29.53,2.44,857,0.0,396,0.0,454,0.0,7,0.0,46.21,0.0,2025-12-02,-,0,412.0
873,-59,Taeveren,-,1375.31,-7.55,1448.26,0.0,24.32,2.52,480,0.0,211,0.0,265,0.0,4,0.0,43.96,0.0,2026-04-18,-,0,409.0
-,-,Neptian,-,1374.91,-2.12,1606.75,0.0,77.28,0.71,30,0.0,16,0.0,14,0.0,0,0.0,53.33,0.0,2024-04-04,-,0,-
-,-,CabalSociety,-,1374.86,-3.22,1527.92,0.0,51.02,1.07,174,0.0,99,0.0,74,0.0,1,0.0,56.9,0.0,2023-04-16,-,0,-
-,-,Slavica,HR,1374.64,-4.17,1494.48,0.0,39.95,1.39,187,0.0,85,0.0,99,0.0,3,0.0,45.45,0.0,2025-03-30,-,0,595.0
-,-,jamiu5,-,1374.56,-2.71,1560.93,0.0,62.12,0.9,174,0.0,70,0.0,104,0.0,0,0.0,40.23,0.0,2020-06-28,P,2,-
-,-,wep,-,1374.14,-2.41,1578.77,0.0,68.21,0.8,72,0.0,38,0.0,34,0.0,0,0.0,52.78,0.0,2020-08-12,P,2,-
-,-,RabidRabbit,US,1373.96,-3.64,1517.26,0.0,47.77,1.21,281,0.0,156,0.0,123,0.0,2,0.0,55.52,0.0,2023-03-01,-,0,-
874,-50,TAOxEagle,US,1373.95,-5.67,1470.06,0.0,32.04,1.89,503,0.0,240,0.0,255,0.0,8,0.0,47.71,0.0,2026-05-27,-,0,662.0
875,-57,powerbigoud,-,1373.57,-8.01,1447.21,0.0,24.55,2.67,1146,0.0,518,0.0,617,0.0,11,0.0,45.2,0.0,2026-05-30,-,0,469.0
-,-,Talbatross,-,1373.28,-4.39,1497.61,0.0,41.44,1.46,414,0.0,206,0.0,205,0.0,3,0.0,49.76,0.0,2024-05-26,-,0,-
876,-69,LhuCaS,ES,1372.92,-11.97,1451.45,-8.33,26.18,1.21,916,18.0,418,4.0,493,14.0,5,0.0,45.63,-0.47,2026-07-30,-,0,448.0
-,-,Kelric,-,1372.69,-3.66,1528.53,0.0,51.95,1.22,216,0.0,103,0.0,108,0.0,5,0.0,47.69,0.0,2023-06-06,-,0,-
877,-43,zackg,US,1372.35,-0.07,1445.38,0.2,24.34,0.09,663,37.0,291,16.0,370,20.0,2,1.0,43.89,-0.04,2026-08-13,-,0,466.0
878,-87,vendogs,RU,1372.32,-18.98,1460.21,-9.67,29.3,3.1,886,3.0,427,0.0,453,3.0,6,0.0,48.19,-0.17,2026-07-04,-,0,275.0
879,19,QAS,-,1371.81,30.21,1542.61,19.99,56.93,-3.41,46,6.0,22,4.0,24,2.0,0,0.0,47.83,2.83,2026-07-24,-,0,-
-,-,CountFab,-,1371.78,-2.58,1562.64,0.0,63.62,0.86,45,0.0,25,0.0,20,0.0,0,0.0,55.56,0.0,2025-03-26,-,0,872.0
-,-,Sune,-,1371.04,-1.64,1671.77,0.0,100.24,0.55,36,0.0,27,0.0,9,0.0,0,0.0,75.0,0.0,2020-09-27,-,0,-
-,-,grace,-,1370.94,-3.39,1518.44,0.0,49.17,1.13,108,0.0,61,0.0,46,0.0,1,0.0,56.48,0.0,2025-07-26,-,0,1172.0
880,-27,Polldrake,-,1370.45,5.2,1448.33,6.64,25.96,0.48,381,23.0,166,12.0,210,11.0,5,0.0,43.57,0.55,2026-08-17,-,0,485.0
881,-44,redantx,-,1370.42,-0.39,1472.9,-1.31,34.16,-0.31,179,13.0,87,6.0,92,7.0,0,0.0,48.6,-0.2,2026-08-09,-,0,598.0
-,-,ConorS,US,1369.87,-2.79,1547.14,0.0,59.09,0.93,69,0.0,44,0.0,24,0.0,1,0.0,63.77,0.0,2024-04-04,-,0,-
-,-,arnbold,-,1369.54,-3.06,1532.17,0.0,54.21,1.02,103,0.0,58,0.0,45,0.0,0,0.0,56.31,0.0,2023-11-24,-,0,-
882,-55,Alebv,-,1369.14,-7.02,1507.84,-9.78,46.23,-0.92,81,6.0,42,2.0,39,4.0,0,0.0,51.85,-1.48,2026-08-06,-,0,939.0
-,-,Non-SlimJim,-,1369.08,-2.74,1550.3,0.0,60.41,0.91,108,0.0,55,0.0,52,0.0,1,0.0,50.93,0.0,2021-09-05,-,0,-
-,-,fathotdog,-,1368.97,-2.62,1558.17,0.0,63.07,0.87,84,0.0,37,0.0,47,0.0,0,0.0,44.05,0.0,2021-06-02,-,0,-
883,-55,SerBaldur,-,1368.79,-6.35,1455.43,0.0,28.88,2.12,707,0.0,336,0.0,368,0.0,3,0.0,47.52,0.0,2026-02-28,-,0,865.0
884,-53,RedMadMike,PL,1368.64,-6.08,1454.49,0.0,28.62,2.03,372,0.0,172,0.0,198,0.0,2,0.0,46.24,0.0,2026-02-22,-,0,416.0
885,-101,Paoloco,-,1368.56,-25.07,1449.55,-22.23,27.0,0.95,825,18.0,393,7.0,430,10.0,2,1.0,47.64,-0.19,2026-07-19,G,2,552.0
886,-57,mahawirasd,ID,1368.12,-6.91,1447.27,0.0,26.38,2.3,1109,0.0,501,0.0,596,0.0,12,0.0,45.18,0.0,2026-01-05,-,0,435.0
-,-,casual_umami,AT,1368.03,-2.57,1560.19,0.0,64.06,0.86,52,0.0,30,0.0,22,0.0,0,0.0,57.69,0.0,2023-12-03,-,0,-
887,-21,z0pfel,DE,1367.82,11.44,1440.91,10.48,24.36,-0.32,334,41.0,146,19.0,184,20.0,4,2.0,43.71,0.37,2026-08-08,-,0,709.0
-,-,zhenshide,-,1367.68,-1.16,1788.03,0.0,140.12,0.39,7,0.0,7,0.0,0,0.0,0,0.0,100.0,0.0,2024-09-01,-,0,-
888,-39,Purplegoo,-,1367.66,1.06,1440.38,3.68,24.24,0.87,1325,41.0,588,20.0,731,21.0,6,0.0,44.38,0.14,2026-08-12,-,0,389.0
889,-49,hein,-,1367.4,-2.28,1583.34,0.0,71.98,0.76,35,0.0,20,0.0,15,0.0,0,0.0,57.14,0.0,2026-03-02,-,0,-
-,-,Brandon12129,US,1366.55,-3.79,1508.95,0.0,47.47,1.26,301,0.0,153,0.0,144,0.0,4,0.0,50.83,0.0,2023-12-03,-,0,-
890,-55,Lodon,NL,1366.29,-6.05,1453.34,0.0,29.01,2.02,802,0.0,360,0.0,432,0.0,10,0.0,44.89,0.0,2026-02-01,-,0,546.0
891,-70,tiffelvet,-,1366.22,-14.51,1469.96,-15.44,34.58,-0.31,197,13.0,103,5.0,92,7.0,2,1.0,52.28,-0.98,2026-08-16,-,0,560.0
892,new,nathanb,-,1366.13,916.13,1610.88,110.88,81.58,81.58,18,18.0,12,12.0,6,6.0,0,0.0,66.67,66.67,2026-07-11,-,0,-
-,-,Doddus,IT,1365.97,-3.46,1509.91,0.0,47.98,1.15,138,0.0,75,0.0,63,0.0,0,0.0,54.35,0.0,2025-07-28,-,0,1388.0
893,-52,ginociccio,-,1365.41,-3.66,1505.66,0.0,46.75,1.22,71,0.0,30,0.0,41,0.0,0,0.0,42.25,0.0,2026-03-15,-,0,939.0
-,-,arixe,-,1364.87,-2.51,1564.06,0.0,66.4,0.84,96,0.0,57,0.0,38,0.0,1,0.0,59.38,0.0,2021-08-18,-,0,-
-,-,zabergau,-,1364.73,-1.2,1773.11,0.0,136.13,0.4,8,0.0,6,0.0,2,0.0,0,0.0,75.0,0.0,2022-01-01,-,0,-
-,-,wuzhecn,-,1364.58,-2.8,1540.5,0.0,58.64,0.93,108,0.0,54,0.0,52,0.0,2,0.0,50.0,0.0,2022-08-31,-,0,-
-,-,SKM,-,1364.31,-2.87,1535.07,0.0,56.92,0.96,72,0.0,38,0.0,33,0.0,1,0.0,52.78,0.0,2023-09-03,-,0,-
-,-,itsPG,-,1364.3,-4.69,1475.44,0.0,37.05,1.56,659,0.0,311,0.0,340,0.0,8,0.0,47.19,0.0,2025-02-03,-,0,1067.0
894,-48,honne,-,1364.2,-3.3,1514.79,0.0,50.2,1.1,70,0.0,34,0.0,35,0.0,1,0.0,48.57,0.0,2026-03-28,-,0,989.0
895,-56,traskmania,-,1364.19,-5.82,1505.45,-5.6,47.09,0.07,93,3.0,39,1.0,53,2.0,1,0.0,41.94,-0.28,2026-06-22,-,0,989.0
-,-,alibengoeroe,-,1364.11,-3.2,1519.76,0.0,51.88,1.07,151,0.0,72,0.0,78,0.0,1,0.0,47.68,0.0,2024-04-04,-,0,-
-,-,thenobleknave,-,1364.08,-1.62,1666.69,0.0,100.87,0.54,18,0.0,11,0.0,7,0.0,0,0.0,61.11,0.0,2020-06-28,G,2,-
-,-,danodan,-,1363.82,-2.84,1536.73,0.0,57.64,0.95,154,0.0,88,0.0,66,0.0,0,0.0,57.14,0.0,2021-11-15,-,0,-
-,-,GokuBC,PL,1363.44,-4.48,1475.92,0.0,37.49,1.49,412,0.0,200,0.0,209,0.0,3,0.0,48.54,0.0,2024-09-04,-,0,-
-,-,Wiles,-,1362.29,-1.89,1622.14,0.0,86.62,0.63,42,0.0,29,0.0,12,0.0,1,0.0,69.05,0.0,2020-11-30,-,0,-
-,-,Mikeski,-,1362.12,-3.22,1515.19,0.0,51.02,1.07,79,0.0,42,0.0,36,0.0,1,0.0,53.16,0.0,2025-03-24,-,0,939.0
896,45,Lamont_Gu,-,1362.08,40.64,1522.54,33.05,53.48,-2.53,51,6.0,25,5.0,26,1.0,0,0.0,49.02,4.58,2026-07-29,-,0,-
897,-35,Chris10,DE,1362.03,2.13,1444.08,2.37,27.35,0.08,274,24.0,124,10.0,147,13.0,3,1.0,45.26,-0.34,2026-08-10,-,0,473.0
-,-,CainsAngel,-,1361.85,-2.33,1572.97,0.0,70.37,0.78,43,0.0,23,0.0,20,0.0,0,0.0,53.49,0.0,2025-02-01,-,0,989.0
898,-56,Gurhuntar,-,1361.67,-7.16,1477.84,-6.11,38.72,0.35,136,6.0,62,2.0,73,4.0,1,0.0,45.59,-0.56,2026-08-19,-,0,872.0
-,-,DHYellow,-,1361.48,-2.67,1547.25,0.0,61.92,0.89,114,0.0,57,0.0,57,0.0,0,0.0,50.0,0.0,2021-11-21,-,0,-
-,-,PedrinhoPT,-,1361.47,-2.38,1567.72,0.0,68.75,0.79,45,0.0,26,0.0,19,0.0,0,0.0,57.78,0.0,2024-04-04,-,0,-
899,46,Wolfric,-,1361.17,40.9,1596.43,15.17,78.42,-8.57,36,6.0,18,5.0,18,1.0,0,0.0,50.0,6.67,2026-07-13,-,0,-
900,-42,GetGot,-,1360.83,-2.6,1551.34,0.0,63.5,0.87,36,0.0,19,0.0,17,0.0,0,0.0,52.78,0.0,2026-03-01,-,0,-
-,-,Mikael.S,-,1360.67,-2.74,1541.78,0.0,60.37,0.91,45,0.0,22,0.0,22,0.0,1,0.0,48.89,0.0,2025-03-20,-,0,939.0
-,-,jezevec_lesni,-,1360.52,-2.74,1540.32,0.0,59.93,0.91,132,0.0,65,0.0,66,0.0,1,0.0,49.24,0.0,2021-03-02,G,2,-
-,-,Akio,-,1360.35,-2.65,1552.37,0.0,64.01,0.88,150,0.0,85,0.0,64,0.0,1,0.0,56.67,0.0,2020-11-27,-,0,-
-,-,Aftermath,-,1360.26,-2.1,1593.86,0.0,77.87,0.7,40,0.0,24,0.0,16,0.0,0,0.0,60.0,0.0,2021-11-15,-,0,-
-,-,jessjia,-,1360.06,-1.43,1703.78,0.0,114.57,0.48,18,0.0,14,0.0,4,0.0,0,0.0,77.78,0.0,2020-09-27,-,0,-
901,-65,fridaK,-,1359.97,-11.22,1504.54,-14.58,48.19,-1.12,81,6.0,40,2.0,41,4.0,0,0.0,49.38,-1.29,2026-07-22,-,0,939.0
-,-,beecu,-,1359.9,-2.32,1571.77,0.0,70.62,0.77,40,0.0,22,0.0,18,0.0,0,0.0,55.0,0.0,2024-04-04,-,0,-
902,-132,Sathran,-,1359.67,-38.51,1511.2,-52.5,50.51,-4.66,65,13.0,35,5.0,30,8.0,0,0.0,53.85,-3.84,2026-08-15,-,0,-
903,-51,Torneedo,-,1359.31,-6.09,1441.63,0.0,27.44,2.03,496,0.0,217,0.0,273,0.0,6,0.0,43.75,0.0,2026-05-01,-,0,922.0
-,-,spectronz,-,1359.3,-2.77,1536.73,0.0,59.14,0.92,108,0.0,55,0.0,53,0.0,0,0.0,50.93,0.0,2021-12-05,-,0,-
-,-,DeineMudda,-,1359.24,-2.06,1598.13,0.0,79.63,0.69,30,0.0,14,0.0,16,0.0,0,0.0,46.67,0.0,2023-03-01,-,0,-
-,-,skanadron,-,1359.21,-2.9,1531.28,0.0,57.36,0.97,134,0.0,65,0.0,68,0.0,1,0.0,48.51,0.0,2022-01-01,-,0,-
-,-,Styku,-,1358.6,-1.85,1624.74,0.0,88.71,0.62,36,0.0,22,0.0,13,0.0,1,0.0,61.11,0.0,2019-12-30,-,0,-
-,-,Elron,-,1358.54,-1.56,1673.13,0.0,104.86,0.52,18,0.0,10,0.0,8,0.0,0,0.0,55.56,0.0,2020-12-06,-,0,-
904,-21,Hashlerka,-,1358.41,10.74,1463.1,12.33,34.9,0.53,183,6.0,83,4.0,98,1.0,2,1.0,45.36,0.73,2026-07-29,-,0,653.0
-,-,demainlesdauphins,-,1358.1,-4.38,1477.54,0.0,39.81,1.46,194,0.0,90,0.0,103,0.0,1,0.0,46.39,0.0,2025-05-21,-,0,681.0
905,-49,Minde,NO,1357.96,-5.54,1455.09,0.0,32.37,1.85,454,0.0,204,0.0,243,0.0,7,0.0,44.93,0.0,2026-01-17,-,0,742.0
906,-16,MarcoM,-,1357.84,12.53,1456.16,13.93,32.77,0.47,224,9.0,100,6.0,122,3.0,2,0.0,44.64,0.92,2026-08-17,-,0,504.0
-,-,jmw,-,1357.77,-4.31,1476.46,0.0,39.56,1.44,361,0.0,178,0.0,177,0.0,6,0.0,49.31,0.0,2024-08-11,-,0,-
-,-,Neil.W,-,1357.54,-2.75,1539.0,0.0,60.49,0.92,84,0.0,43,0.0,41,0.0,0,0.0,51.19,0.0,2022-08-29,-,0,-
-,-,TheOTHERZadok,-,1357.49,-3.06,1528.33,0.0,56.95,1.02,162,0.0,96,0.0,66,0.0,0,0.0,59.26,0.0,2021-12-05,-,0,-
907,-81,icepick_mn,-,1357.17,-20.39,1453.68,-23.06,32.17,-0.89,196,18.0,85,5.0,110,13.0,1,0.0,43.37,-1.57,2026-08-11,-,0,635.0
908,-57,skab12,-,1357.12,-8.4,1426.79,-6.09,23.22,0.77,786,35.0,323,12.0,451,22.0,12,1.0,41.09,-0.32,2026-08-19,-,0,446.0
-,-,Nomisbo,-,1357.01,-1.38,1711.69,0.0,118.23,0.46,18,0.0,15,0.0,3,0.0,0,0.0,83.33,0.0,2021-03-02,-,0,-
-,-,Gustavus_Adolphus,-,1356.88,-2.53,1551.74,0.0,64.95,0.84,40,0.0,20,0.0,20,0.0,0,0.0,50.0,0.0,2025-03-26,-,0,939.0
-,-,dannymcbride,-,1356.76,-3.33,1505.26,0.0,49.5,1.11,86,0.0,44,0.0,41,0.0,1,0.0,51.16,0.0,2025-02-17,-,0,868.0
909,-21,ZesPak,-,1356.76,11.04,1498.35,7.22,47.19,-1.27,81,6.0,34,3.0,47,3.0,0,0.0,41.98,0.65,2026-07-21,-,0,939.0
-,-,dim,-,1356.48,-3.31,1505.81,0.0,49.78,1.1,89,0.0,43,0.0,46,0.0,0,0.0,48.31,0.0,2025-02-13,-,0,842.0
-,-,torstenk,-,1355.85,-3.42,1501.39,0.0,48.51,1.14,96,0.0,53,0.0,42,0.0,1,0.0,55.21,0.0,2025-02-02,-,0,1284.0
910,-17,Wiktor,-,1355.67,12.11,1431.01,11.95,25.11,-0.05,406,35.0,184,22.0,222,13.0,0,0.0,45.32,1.65,2026-08-16,-,0,414.0
-,-,Isaca10,-,1355.26,-3.43,1502.34,0.0,49.02,1.14,174,0.0,95,0.0,77,0.0,2,0.0,54.6,0.0,2023-11-18,-,0,-
911,-48,AsKier,PL,1355.25,-4.57,1439.5,-1.09,28.08,1.16,613,10.0,280,5.0,331,5.0,2,0.0,45.68,0.07,2026-08-06,-,0,655.0
912,-23,albinsix,FR,1355.06,9.58,1426.48,11.81,23.81,0.74,1414,34.0,610,18.0,796,16.0,8,0.0,43.14,0.24,2026-08-02,-,0,517.0
913,-54,sms18004,-,1354.96,-7.64,1458.28,-8.43,34.44,-0.26,343,13.0,146,3.0,194,10.0,3,0.0,42.57,-0.76,2026-08-21,-,0,801.0
914,-50,gego,-,1354.82,-4.83,1459.16,0.0,34.78,1.61,245,0.0,113,0.0,130,0.0,2,0.0,46.12,0.0,2026-03-22,-,0,872.0
915,-127,silverpaun,-,1354.25,-38.23,1544.07,-72.57,63.27,-11.45,42,13.0,21,6.0,21,7.0,0,0.0,50.0,-1.72,2026-08-09,-,0,-
917,-13,Conzi,-,1353.92,14.24,1463.51,-14.74,36.53,-9.66,123,41.0,55,14.0,66,26.0,2,1.0,44.72,-5.28,2026-08-10,-,0,-
916,-17,etJake,US,1353.92,12.58,1441.87,15.66,29.32,1.03,421,13.0,187,9.0,231,4.0,3,0.0,44.42,0.79,2026-08-20,-,0,578.0
918,-2,ce.re,-,1353.86,22.09,1530.63,8.93,58.92,-4.39,46,6.0,24,4.0,22,2.0,0,0.0,52.17,2.17,2026-07-29,-,0,-
919,-115,Amara,-,1353.83,-33.2,1518.61,-42.79,54.93,-3.19,58,6.0,32,1.0,26,5.0,0,0.0,55.17,-4.45,2026-07-25,-,0,-
920,-73,Aardwolf44,-,1353.01,-14.14,1451.12,-10.54,32.7,1.2,627,6.0,261,1.0,362,5.0,4,0.0,41.63,-0.24,2026-08-01,G,2,989.0
921,-64,DonutRapist,-,1352.77,-10.7,1497.68,-14.32,48.3,-1.21,81,6.0,34,1.0,47,5.0,0,0.0,41.98,-2.02,2026-07-17,-,0,729.0
922,-72,FrancoisFerdinand,-,1352.71,-13.07,1446.65,-13.89,31.31,-0.28,270,18.0,133,9.0,132,8.0,5,1.0,49.26,0.05,2026-07-25,-,0,842.0
-,-,Schmitztopher,-,1352.69,-2.2,1575.09,0.0,74.13,0.73,54,0.0,30,0.0,24,0.0,0,0.0,55.56,0.0,2020-06-28,G,2,-
923,-56,BadEagle,-,1352.56,-3.26,1503.92,0.0,50.45,1.09,70,0.0,29,0.0,40,0.0,1,0.0,41.43,0.0,2026-03-30,-,0,1118.0
924,-45,michasz,-,1352.43,1.89,1424.48,2.11,24.01,0.07,406,41.0,179,15.0,223,25.0,4,1.0,44.09,-0.84,2026-08-14,-,0,605.0
925,-50,Pulpecja,PL,1352.42,-0.01,1417.8,3.41,21.8,1.14,870,41.0,372,15.0,494,26.0,4,0.0,42.76,-0.3,2026-08-10,-,0,488.0
926,-56,Luludumm,-,1352.21,-3.14,1510.32,0.0,52.7,1.05,60,0.0,28,0.0,31,0.0,1,0.0,46.67,0.0,2025-12-12,-,0,805.0
-,-,Yuit,-,1352.2,-3.29,1503.55,0.0,50.45,1.1,180,0.0,94,0.0,85,0.0,1,0.0,52.22,0.0,2023-02-05,-,0,-
-,-,lukewong,-,1351.95,-2.78,1529.19,0.0,59.08,0.93,90,0.0,50,0.0,39,0.0,1,0.0,55.56,0.0,2022-05-29,-,0,-
927,-79,KubikD,-,1351.88,-14.93,1444.1,-15.93,30.74,-0.33,232,18.0,112,6.0,119,12.0,1,0.0,48.28,-1.25,2026-08-02,-,0,529.0
-,-,5calpel,GB,1351.61,-4.08,1471.74,0.0,40.04,1.36,347,0.0,173,0.0,171,0.0,3,0.0,49.86,0.0,2024-06-02,-,0,-
928,12,Noa1,-,1351.45,29.37,1525.83,1.16,58.13,-9.4,53,13.0,29,5.0,24,8.0,0,0.0,54.72,-5.28,2026-08-25,-,0,-
-,-,laimas123,-,1351.36,-2.76,1529.53,0.0,59.39,0.92,150,0.0,81,0.0,69,0.0,0,0.0,54.0,0.0,2021-05-23,-,0,-
929,111,Scooti,-,1351.3,74.03,1564.99,54.51,71.23,-6.51,31,6.0,16,5.0,15,1.0,0,0.0,51.61,7.61,2026-08-05,-,0,-
-,-,wirymen,PL,1350.84,-4.15,1472.9,0.0,40.68,1.38,308,0.0,148,0.0,156,0.0,4,0.0,48.05,0.0,2024-07-01,-,0,-
-,-,Straanger,-,1350.31,-2.09,1584.93,0.0,78.21,0.7,36,0.0,18,0.0,18,0.0,0,0.0,50.0,0.0,2021-06-02,-,0,-
-,-,Sweaty-Pie,-,1349.96,-3.47,1493.33,0.0,47.79,1.16,420,0.0,173,0.0,242,0.0,5,0.0,41.19,0.0,2022-12-04,G,2,-
-,-,Claudacia,-,1349.88,-1.79,1624.42,0.0,91.51,0.6,24,0.0,14,0.0,10,0.0,0,0.0,58.33,0.0,2021-02-21,-,0,-
-,-,FeedmeHR,-,1349.59,-1.51,1673.06,0.0,107.82,0.5,18,0.0,12,0.0,6,0.0,0,0.0,66.67,0.0,2020-06-28,-,0,-
-,-,ssacz,PL,1349.44,-3.81,1478.25,0.0,42.94,1.27,188,0.0,97,0.0,91,0.0,0,0.0,51.6,0.0,2024-04-14,-,0,-
930,-54,DanielEss,-,1349.12,-2.85,1522.62,0.0,57.83,0.95,45,0.0,20,0.0,24,0.0,1,0.0,44.44,0.0,2026-03-27,-,0,-
-,-,Tafareeeeel,-,1349.09,-2.33,1560.36,0.0,70.42,0.78,54,0.0,30,0.0,24,0.0,0,0.0,55.56,0.0,2022-03-06,-,0,-
931,-57,DerIch86,-,1348.91,-3.66,1484.02,0.0,45.04,1.22,93,0.0,45,0.0,48,0.0,0,0.0,48.39,0.0,2026-05-18,-,0,872.0
-,-,Neron,-,1348.11,-2.5,1544.12,0.0,65.34,0.83,78,0.0,44,0.0,34,0.0,0,0.0,56.41,0.0,2021-06-02,-,0,-
-,-,layze23,US,1348.09,-3.85,1479.88,0.0,43.93,1.28,199,0.0,96,0.0,100,0.0,3,0.0,48.24,0.0,2024-06-16,-,0,-
-,-,deleted_user_9880390,-,1347.96,-3.09,1508.31,0.0,53.45,1.03,87,0.0,49,0.0,38,0.0,0,0.0,56.32,0.0,2024-05-24,-,0,-
-,-,Sheepstealer,-,1347.86,-2.39,1554.1,0.0,68.74,0.8,40,0.0,24,0.0,16,0.0,0,0.0,60.0,0.0,2024-04-04,-,0,-
932,-55,juzze,-,1347.81,-2.78,1524.55,0.0,58.91,0.93,45,0.0,21,0.0,24,0.0,0,0.0,46.67,0.0,2026-03-25,-,0,-
-,-,GWax11,-,1347.79,-3.31,1496.97,0.0,49.72,1.1,195,0.0,96,0.0,98,0.0,1,0.0,49.23,0.0,2023-01-15,-,0,-
933,-60,StefanGreatFirst,PL,1347.62,-5.2,1449.0,0.0,33.79,1.73,288,0.0,133,0.0,151,0.0,4,0.0,46.18,0.0,2026-02-02,-,0,1067.0
-,-,xyx,-,1347.46,-1.56,1660.6,0.0,104.38,0.52,18,0.0,14,0.0,4,0.0,0,0.0,77.78,0.0,2024-10-31,-,0,-
-,-,jratana1,-,1347.33,-1.94,1601.9,0.0,84.85,0.65,33,0.0,22,0.0,11,0.0,0,0.0,66.67,0.0,2024-10-13,-,0,-
934,-48,FiveGee,-,1347.19,0.74,1442.14,-0.35,31.65,-0.36,214,18.0,93,6.0,119,12.0,2,0.0,43.46,-0.93,2026-08-01,-,0,607.0
-,-,chen.,CN,1347.0,-3.47,1489.68,0.0,47.56,1.16,109,0.0,53,0.0,54,0.0,2,0.0,48.62,0.0,2025-02-12,-,0,720.0
-,-,Bluebird503,-,1346.62,-3.23,1498.45,0.0,50.61,1.08,143,0.0,74,0.0,68,0.0,1,0.0,51.75,0.0,2023-03-01,-,0,-
-,-,leverid,-,1345.37,-1.25,1738.01,0.0,130.88,0.42,12,0.0,8,0.0,4,0.0,0,0.0,66.67,0.0,2022-02-01,-,0,-
-,-,ConquistadorColumbus,-,1344.99,-4.18,1462.59,0.0,39.2,1.39,396,0.0,171,0.0,219,0.0,6,0.0,43.18,0.0,2024-09-04,-,0,-
-,-,Cleeve,-,1343.6,-1.93,1599.52,0.0,85.3,0.64,36,0.0,24,0.0,10,0.0,2,0.0,66.67,0.0,2021-06-02,-,0,-
-,-,LSF,-,1343.6,-1.42,1688.26,0.0,114.89,0.47,18,0.0,15,0.0,3,0.0,0,0.0,83.33,0.0,2020-09-27,-,0,-
935,-27,Nopeasuoli,FI,1343.52,5.09,1460.46,7.14,38.98,0.68,119,3.0,61,2.0,57,1.0,1,0.0,51.26,0.4,2026-07-01,-,0,845.0
-,-,Unternehmer,-,1343.49,-1.26,1731.37,0.0,129.29,0.42,18,0.0,13,0.0,4,0.0,1,0.0,72.22,0.0,2018-10-14,-,0,-
-,-,Megatron,GB,1343.4,-4.04,1467.0,0.0,41.2,1.35,350,0.0,166,0.0,180,0.0,4,0.0,47.43,0.0,2025-08-31,-,0,1262.0
-,-,antonfstam,-,1343.3,-2.92,1514.61,0.0,57.1,0.97,162,0.0,72,0.0,88,0.0,2,0.0,44.44,0.0,2021-11-22,-,0,-
936,-3,hyudun,-,1342.69,17.44,1505.16,11.57,54.16,-1.96,51,6.0,22,5.0,29,1.0,0,0.0,43.14,5.36,2026-08-06,-,0,-
-,-,Martin2021,-,1342.57,-4.05,1464.8,0.0,40.74,1.35,149,0.0,71,0.0,78,0.0,0,0.0,47.65,0.0,2025-08-02,-,0,753.0
937,-24,salvor7,CA,1342.54,8.1,1456.1,6.0,37.85,-0.7,141,12.0,67,5.0,70,7.0,4,0.0,47.52,-0.54,2026-08-01,-,0,1067.0
-,-,KachnickaxD,-,1342.51,-2.89,1521.89,0.0,59.79,0.96,114,0.0,59,0.0,55,0.0,0,0.0,51.75,0.0,2022-02-22,-,0,-
-,-,Warpfield,-,1342.29,-2.22,1563.05,0.0,73.59,0.74,30,0.0,16,0.0,14,0.0,0,0.0,53.33,0.0,2025-01-29,-,0,989.0
-,-,Vali1590,-,1342.07,-2.82,1520.55,0.0,59.49,0.94,47,0.0,24,0.0,23,0.0,0,0.0,51.06,0.0,2025-03-17,-,0,939.0
-,-,Grobyl,FR,1341.91,-3.9,1489.84,0.0,49.31,1.3,333,0.0,168,0.0,162,0.0,3,0.0,50.45,0.0,2023-02-25,-,0,-
-,-,kaiwanxiaola,TW,1341.73,-2.68,1524.86,0.0,61.04,0.89,65,0.0,25,0.0,39,0.0,1,0.0,38.46,0.0,2023-04-16,-,0,-
-,-,AkisProg,GR,1341.73,-3.47,1488.75,0.0,49.01,1.16,234,0.0,115,0.0,118,0.0,1,0.0,49.15,0.0,2023-04-11,-,0,-
938,11,Melon6688,CA,1341.57,22.67,1418.53,26.16,25.66,1.16,1288,34.0,565,25.0,709,9.0,14,0.0,43.87,0.81,2026-08-03,-,0,742.0
939,-43,kzzzzzz_watch,-,1341.04,-1.68,1632.36,0.0,97.11,0.56,15,0.0,10,0.0,5,0.0,0,0.0,66.67,0.0,2026-05-13,-,0,-
940,-49,EvgenyRazinkov,-,1341.03,-3.51,1481.55,0.0,46.84,1.17,80,0.0,36,0.0,42,0.0,2,0.0,45.0,0.0,2026-04-07,-,0,872.0
-,-,BrentC,-,1341.01,-2.79,1515.98,0.0,58.32,0.93,178,0.0,78,0.0,97,0.0,3,0.0,43.82,0.0,2021-12-22,-,0,-
941,-72,Francesco1812,IT,1340.18,-15.32,1404.87,-12.43,21.57,0.96,1088,41.0,468,13.0,611,28.0,9,0.0,43.01,-0.45,2026-08-10,-,0,509.0
-,-,Arccos,GR,1339.67,-4.58,1494.68,0.0,51.67,1.53,518,0.0,231,0.0,283,0.0,4,0.0,44.59,0.0,2023-05-25,P,4,-
-,-,Charcutero,-,1339.59,-4.08,1461.94,0.0,40.78,1.36,262,0.0,121,0.0,138,0.0,3,0.0,46.18,0.0,2024-10-31,-,0,-
942,-109,Akametsu,-,1339.58,-33.33,1531.46,-35.65,63.96,-0.77,38,2.0,25,0.0,13,2.0,0,0.0,65.79,-3.65,2026-06-23,-,0,-
943,-75,Gympanse,-,1339.47,-16.21,1445.47,-28.49,35.33,-4.09,122,30.0,56,13.0,64,16.0,2,1.0,45.9,-0.84,2026-08-11,-,0,-
-,-,Thantalus,-,1339.37,-2.94,1508.92,0.0,56.52,0.98,95,0.0,44,0.0,51,0.0,0,0.0,46.32,0.0,2023-05-14,-,0,-
944,-49,Kayser,-,1339.09,-3.66,1475.78,0.0,45.57,1.22,85,0.0,41,0.0,43,0.0,1,0.0,48.24,0.0,2026-03-27,-,0,872.0
945,-44,giannisoad,IT,1338.25,-2.55,1417.22,0.97,26.32,1.17,807,18.0,349,7.0,455,11.0,3,0.0,43.25,-0.1,2026-07-30,-,0,429.0
-,-,Jerome_Eiffel,-,1338.04,-2.54,1530.95,0.0,64.3,0.85,56,0.0,33,0.0,22,0.0,1,0.0,58.93,0.0,2023-11-29,-,0,-
-,-,joofajnvyber,-,1337.93,-3.03,1500.42,0.0,54.16,1.01,190,0.0,86,0.0,104,0.0,0,0.0,45.26,0.0,2021-12-05,-,0,-
946,-39,Dvd75,IT,1337.9,-0.78,1410.51,0.19,24.2,0.32,863,34.0,383,18.0,478,16.0,2,0.0,44.38,0.35,2026-07-30,-,0,609.0
-,-,seyedempire,-,1337.63,-2.6,1538.0,0.0,66.79,0.87,42,0.0,23,0.0,19,0.0,0,0.0,54.76,0.0,2025-03-20,-,0,939.0
-,-,warwick716,-,1337.55,-1.97,1586.16,0.0,82.87,0.66,30,0.0,22,0.0,8,0.0,0,0.0,73.33,0.0,2023-09-03,-,0,-
-,-,Joalm,-,1337.38,-3.16,1495.72,0.0,52.78,1.05,168,0.0,85,0.0,83,0.0,0,0.0,50.6,0.0,2022-09-04,-,0,-
947,-28,Colorado,-,1337.28,7.11,1450.88,9.98,37.87,0.96,233,4.0,85,2.0,147,2.0,1,0.0,36.48,0.24,2026-07-20,-,0,-
-,-,Don_B,-,1337.25,-1.43,1680.85,0.0,114.53,0.48,18,0.0,16,0.0,2,0.0,0,0.0,88.89,0.0,2021-06-02,-,0,-
-,-,Bahul,-,1337.15,-2.5,1534.73,0.0,65.86,0.83,45,0.0,24,0.0,19,0.0,2,0.0,53.33,0.0,2024-04-04,-,0,-
948,19,Bigsbyben,-,1337.12,27.05,1500.97,4.86,54.61,-7.4,59,12.0,29,7.0,30,5.0,0,0.0,49.15,2.34,2026-08-16,-,0,-
949,-64,Kartek,-,1337.09,-9.55,1429.94,-18.35,30.95,-2.93,187,34.0,87,11.0,99,23.0,1,0.0,46.52,-3.15,2026-08-01,-,0,861.0
950,-47,srapi,-,1336.85,-2.88,1509.58,0.0,57.58,0.96,50,0.0,22,0.0,28,0.0,0,0.0,44.0,0.0,2025-12-16,-,0,872.0
-,-,SteveMB55,-,1336.69,-3.19,1491.36,0.0,51.56,1.06,180,0.0,96,0.0,82,0.0,2,0.0,53.33,0.0,2022-09-04,-,0,-
951,-51,Geegs,-,1336.6,-4.3,1424.44,-4.04,29.28,0.09,611,18.0,264,10.0,341,7.0,6,1.0,43.21,0.38,2026-07-31,-,0,867.0
952,-72,Crs,GB,1336.53,-13.13,1401.17,-10.13,21.55,1.0,1157,40.0,471,18.0,679,22.0,7,0.0,40.71,0.15,2026-08-11,-,0,463.0
953,-75,Mockingbird5,GB,1336.45,-14.09,1408.09,-12.4,23.88,0.56,823,40.0,354,14.0,464,26.0,5,0.0,43.01,-0.41,2026-08-16,-,0,411.0
-,-,Onlineguy,-,1336.41,-3.15,1492.87,0.0,52.15,1.05,90,0.0,43,0.0,46,0.0,1,0.0,47.78,0.0,2024-07-01,-,0,-
-,-,clickk,-,1336.32,-2.67,1521.02,0.0,61.57,0.89,45,0.0,16,0.0,28,0.0,1,0.0,35.56,0.0,2025-03-23,-,0,939.0
-,-,rdztfidh,-,1336.3,-1.93,1590.66,0.0,84.78,0.64,22,0.0,13,0.0,9,0.0,0,0.0,59.09,0.0,2023-12-01,-,0,-
954,-49,ekatar,-,1336.19,-3.08,1497.56,0.0,53.79,1.03,59,0.0,25,0.0,34,0.0,0,0.0,42.37,0.0,2026-01-31,-,0,989.0
-,-,Shobalk,US,1335.28,-3.67,1471.19,0.0,45.3,1.22,274,0.0,137,0.0,135,0.0,2,0.0,50.0,0.0,2023-12-03,-,0,-
-,-,Vascostamartins,-,1335.25,-3.62,1488.35,0.0,51.03,1.21,168,0.0,84,0.0,81,0.0,3,0.0,50.0,0.0,2023-09-03,-,0,-
-,-,Nigma,RU,1335.17,-3.3,1487.84,0.0,50.89,1.1,173,0.0,82,0.0,91,0.0,0,0.0,47.4,0.0,2023-03-01,-,0,-
-,-,Dedengkot,-,1334.58,-3.33,1486.3,0.0,50.57,1.11,196,0.0,100,0.0,94,0.0,2,0.0,51.02,0.0,2023-12-03,-,0,-
-,-,Tsachi,-,1334.48,-2.44,1536.0,0.0,67.17,0.81,45,0.0,18,0.0,27,0.0,0,0.0,40.0,0.0,2023-04-16,-,0,-
-,-,Scurvydraco,-,1334.1,-3.58,1478.0,0.0,47.97,1.19,102,0.0,46,0.0,56,0.0,0,0.0,45.1,0.0,2025-04-30,-,0,1388.0
-,-,Medicus,-,1333.98,-3.47,1476.26,0.0,47.43,1.16,110,0.0,43,0.0,67,0.0,0,0.0,39.09,0.0,2025-03-04,-,0,939.0
955,-68,Garban7,-,1333.04,-12.95,1404.53,-12.83,23.83,0.04,885,41.0,380,18.0,502,23.0,3,0.0,42.94,0.05,2026-08-11,-,0,541.0
956,-9,Dumnac,FR,1332.87,13.4,1404.95,15.6,24.03,0.73,575,34.0,244,17.0,327,17.0,4,0.0,42.43,0.47,2026-08-07,-,0,611.0
957,17,JakPut,-,1332.52,25.93,1484.3,19.6,50.59,-2.11,75,6.0,38,4.0,36,2.0,1,0.0,50.67,1.39,2026-08-07,-,0,872.0
-,-,Ockham,-,1331.91,-2.47,1531.0,0.0,66.36,0.82,45,0.0,24,0.0,21,0.0,0,0.0,53.33,0.0,2024-04-04,-,0,-
-,-,T-dawg,US,1331.84,-2.39,1538.08,0.0,68.75,0.8,33,0.0,20,0.0,13,0.0,0,0.0,60.61,0.0,2025-02-16,-,0,-
-,-,pgierasi,PL,1331.29,-3.7,1463.74,0.0,44.15,1.23,193,0.0,85,0.0,105,0.0,3,0.0,44.04,0.0,2024-02-29,-,0,-
-,-,Evilc,-,1330.94,-2.14,1560.46,0.0,76.51,0.71,34,0.0,17,0.0,17,0.0,0,0.0,50.0,0.0,2023-03-01,-,0,-
958,490,DucciEmi,-,1330.84,838.37,1540.79,288.11,69.98,-183.42,36,34.0,20,20.0,16,14.0,0,0.0,55.56,55.56,2026-08-11,-,0,-
-,-,Backburner,LB,1330.48,-3.45,1476.23,0.0,48.58,1.15,201,0.0,100,0.0,101,0.0,0,0.0,49.75,0.0,2024-04-04,-,0,-
-,-,RooK666,-,1330.41,-1.59,1638.39,0.0,102.66,0.53,18,0.0,14,0.0,4,0.0,0,0.0,77.78,0.0,2021-09-05,-,0,-
959,59,NateHiggersonJR,-,1330.26,43.76,1605.76,-73.82,91.83,-39.2,20,13.0,15,9.0,5,4.0,0,0.0,75.0,-10.71,2026-08-13,-,0,-
960,-21,Mejdzr,CZ,1329.76,6.72,1410.07,8.67,26.77,0.65,749,21.0,321,14.0,418,7.0,10,0.0,42.86,0.69,2026-07-20,G,2,536.0
-,-,peracottari,-,1329.68,-4.1,1481.81,0.0,50.71,1.37,459,0.0,205,0.0,249,0.0,5,0.0,44.66,0.0,2023-02-18,-,0,-
961,143,MarcinWol,-,1329.29,93.37,1507.23,84.33,59.31,-3.01,51,6.0,25,6.0,26,0.0,0,0.0,49.02,6.8,2026-07-22,-,0,-
-,-,osterangen,-,1329.0,-3.98,1467.62,0.0,46.21,1.33,399,0.0,196,0.0,196,0.0,7,0.0,49.12,0.0,2023-07-15,-,0,-
-,-,Rajasands,-,1328.81,-3.5,1469.33,0.0,46.84,1.17,108,0.0,47,0.0,60,0.0,1,0.0,43.52,0.0,2025-03-27,-,0,868.0
-,-,bobis,-,1328.75,-2.8,1505.51,0.0,58.92,0.93,82,0.0,49,0.0,32,0.0,1,0.0,59.76,0.0,2023-08-25,-,0,-
-,-,Cahir,-,1328.57,-1.37,1686.86,0.0,119.43,0.46,12,0.0,11,0.0,1,0.0,0,0.0,91.67,0.0,2022-02-22,-,0,-
-,-,KristianMedK,-,1328.51,-2.87,1502.46,0.0,57.98,0.96,150,0.0,83,0.0,64,0.0,3,0.0,55.33,0.0,2021-09-05,-,0,-
-,-,superginger,-,1328.33,-3.53,1473.68,0.0,48.45,1.18,241,0.0,108,0.0,132,0.0,1,0.0,44.81,0.0,2023-03-05,-,0,-
962,-45,razorsedger,-,1328.3,-2.99,1470.6,-6.69,47.43,-1.23,79,6.0,38,2.0,40,4.0,1,0.0,48.1,-1.22,2026-07-28,-,0,939.0
963,-41,RDavy,-,1327.87,-1.23,1724.74,0.0,132.29,0.41,7,0.0,6,0.0,1,0.0,0,0.0,85.71,0.0,2026-02-11,-,0,-
964,-49,pandaczar,-,1327.76,-4.09,1452.29,0.0,41.51,1.36,115,0.0,49,0.0,66,0.0,0,0.0,42.61,0.0,2026-03-31,-,0,939.0
-,-,Cragheart,DK,1327.61,-3.52,1481.43,0.0,51.27,1.17,176,0.0,84,0.0,91,0.0,1,0.0,47.73,0.0,2023-04-16,-,0,-
-,-,kwarrend,US,1327.43,-2.35,1536.27,0.0,69.61,0.78,48,0.0,25,0.0,22,0.0,1,0.0,52.08,0.0,2023-03-01,-,0,-
965,-100,backspace,-,1327.41,-31.42,1449.85,-31.13,40.82,0.1,141,6.0,73,0.0,64,5.0,4,1.0,51.77,-2.3,2026-07-22,-,0,1259.0
-,-,cheekysausage,-,1327.39,-2.23,1547.74,0.0,73.45,0.74,60,0.0,35,0.0,25,0.0,0,0.0,58.33,0.0,2021-06-02,-,0,-
966,44,jmcj,-,1327.34,37.36,1421.97,28.22,31.54,-3.04,180,35.0,79,19.0,99,16.0,2,0.0,43.89,2.51,2026-08-11,-,0,1258.0
-,-,gaute,-,1327.25,-1.27,1712.6,0.0,128.45,0.42,18,0.0,14,0.0,4,0.0,0,0.0,77.78,0.0,2018-10-14,-,0,-
967,-75,oleKanin,NO,1327.23,-17.09,1404.14,-14.88,25.64,0.74,586,22.0,252,6.0,329,15.0,5,1.0,43.0,-0.62,2026-08-11,-,0,469.0
968,-50,mikey1nt,-,1326.72,-3.78,1460.7,0.0,44.66,1.26,126,0.0,57,0.0,68,0.0,1,0.0,45.24,0.0,2025-12-01,-,0,1067.0
969,-26,JohnDavie,-,1326.66,6.26,1468.85,3.17,47.39,-1.03,81,6.0,33,3.0,48,3.0,0,0.0,40.74,0.74,2026-07-19,-,0,939.0
-,-,Entername,-,1326.62,-2.69,1511.1,0.0,61.49,0.9,45,0.0,18,0.0,27,0.0,0,0.0,40.0,0.0,2025-03-28,-,0,939.0
970,-49,Chroso,-,1326.57,-3.11,1484.92,0.0,52.78,1.04,75,0.0,32,0.0,42,0.0,1,0.0,42.67,0.0,2026-03-31,-,0,989.0
-,-,yesod,-,1326.44,-2.7,1516.68,0.0,63.41,0.9,90,0.0,49,0.0,41,0.0,0,0.0,54.44,0.0,2021-12-05,-,0,-
971,-45,Zzharg,-,1325.12,-2.31,1537.88,0.0,70.92,0.77,29,0.0,11,0.0,18,0.0,0,0.0,37.93,0.0,2026-02-14,-,0,-
-,-,Sotinche,-,1324.91,-3.47,1465.2,0.0,46.77,1.16,273,0.0,126,0.0,145,0.0,2,0.0,46.15,0.0,2023-02-28,-,0,-
-,-,Eyswein,US,1324.82,-3.16,1480.41,0.0,51.86,1.05,79,0.0,38,0.0,41,0.0,0,0.0,48.1,0.0,2025-02-16,-,0,-
-,-,272194996,-,1324.7,-2.83,1517.16,0.0,64.15,0.94,94,0.0,51,0.0,43,0.0,0,0.0,54.26,0.0,2021-12-05,-,0,-
972,-49,Repick,-,1324.31,-3.88,1452.36,0.0,42.68,1.29,129,0.0,57,0.0,72,0.0,0,0.0,44.19,0.0,2026-02-06,-,0,989.0
973,-5,HRG,-,1324.06,14.08,1396.78,16.8,24.24,0.91,781,31.0,301,17.0,476,14.0,4,0.0,38.54,0.67,2026-08-16,-,0,517.0
-,-,Luedegast,-,1323.93,-2.4,1529.69,0.0,68.59,0.8,45,0.0,25,0.0,20,0.0,0,0.0,55.56,0.0,2024-04-04,-,0,-
-,-,Palace,-,1323.88,-3.22,1478.85,0.0,51.66,1.07,90,0.0,33,0.0,56,0.0,1,0.0,36.67,0.0,2025-03-30,-,0,757.0
-,-,shockway,-,1323.73,-3.65,1479.44,0.0,51.9,1.22,278,0.0,131,0.0,136,0.0,11,0.0,47.12,0.0,2022-11-30,-,0,-
974,-45,akira215,US,1323.56,-2.2,1395.1,1.78,23.85,1.33,1123,19.0,473,9.0,642,10.0,8,0.0,42.12,0.09,2026-08-16,-,0,457.0
975,-47,MrTriangle,-,1322.95,-3.05,1495.67,0.0,57.57,1.02,71,0.0,36,0.0,35,0.0,0,0.0,50.7,0.0,2025-09-18,-,0,-
976,-13,tysat,-,1322.78,11.19,1404.12,12.87,27.11,0.56,511,19.0,211,11.0,296,8.0,4,0.0,41.29,0.64,2026-08-11,-,0,522.0
-,-,Devius,-,1322.48,-2.49,1522.0,0.0,66.51,0.83,45,0.0,15,0.0,29,0.0,1,0.0,33.33,0.0,2024-07-01,-,0,-
-,-,Ptarr,-,1322.19,-2.88,1498.76,0.0,58.85,0.96,91,0.0,45,0.0,46,0.0,0,0.0,49.45,0.0,2023-01-15,-,0,-
-,-,Arnekin,-,1322.02,-2.33,1536.53,0.0,71.5,0.78,64,0.0,36,0.0,26,0.0,2,0.0,56.25,0.0,2024-12-03,G,2,1287.0
977,-53,Bonobours,FR,1321.97,-5.9,1408.49,0.0,28.84,1.97,344,0.0,152,0.0,191,0.0,1,0.0,44.19,0.0,2026-02-08,-,0,679.0
978,-47,Norgaimen,-,1321.74,-3.55,1461.24,0.0,46.5,1.18,124,0.0,60,0.0,64,0.0,0,0.0,48.39,0.0,2026-02-01,-,0,-
979,-69,kev5047,GB,1321.59,-14.67,1396.92,-15.0,25.11,-0.11,511,39.0,191,11.0,316,27.0,4,1.0,37.38,-0.76,2026-08-16,-,0,565.0
980,-46,Chenese,-,1321.53,-3.56,1460.65,0.0,46.37,1.19,75,0.0,32,0.0,42,0.0,1,0.0,42.67,0.0,2026-03-24,-,0,1118.0
981,-31,Monik,LT,1321.26,2.51,1387.99,5.44,22.24,0.98,1433,41.0,582,20.0,841,21.0,10,0.0,40.61,0.24,2026-08-13,-,0,500.0
-,-,Kleopatra,-,1321.24,-2.3,1534.65,0.0,71.14,0.77,54,0.0,28,0.0,25,0.0,1,0.0,51.85,0.0,2021-03-02,-,0,-
982,-47,Linsage,-,1321.21,-3.64,1460.62,0.0,46.47,1.21,103,0.0,41,0.0,62,0.0,0,0.0,39.81,0.0,2026-02-02,-,0,757.0
-,-,chisuru,-,1321.11,-2.78,1500.14,0.0,59.67,0.93,62,0.0,26,0.0,35,0.0,1,0.0,41.94,0.0,2024-04-04,-,0,-
983,-53,greyshade,-,1321.09,-4.52,1401.06,0.09,26.66,1.54,863,11.0,370,5.0,489,6.0,4,0.0,42.87,0.03,2026-08-14,-,0,494.0
-,-,thelittlejim,-,1320.84,-4.39,1452.13,0.0,43.76,1.46,301,0.0,138,0.0,159,0.0,4,0.0,45.85,0.0,2024-03-17,-,0,-
-,-,Melingsguten,-,1320.83,-2.91,1491.1,0.0,56.76,0.97,71,0.0,35,0.0,36,0.0,0,0.0,49.3,0.0,2024-11-14,-,0,1287.0
984,-47,mobeza,-,1320.71,-2.87,1492.45,0.0,57.25,0.96,50,0.0,27,0.0,23,0.0,0,0.0,54.0,0.0,2026-02-01,-,0,1067.0
985,-58,Schedar,-,1320.55,-6.36,1415.18,-3.12,31.54,1.08,490,6.0,208,2.0,276,4.0,6,0.0,42.45,-0.11,2026-07-29,-,0,836.0
-,-,dontatum,-,1320.46,-2.97,1497.0,0.0,58.85,0.99,138,0.0,68,0.0,70,0.0,0,0.0,49.28,0.0,2022-02-28,-,0,-
-,-,legendeman,-,1320.1,-1.39,1671.43,0.0,117.11,0.46,12,0.0,11,0.0,1,0.0,0,0.0,91.67,0.0,2022-02-27,-,0,-
986,-32,Madivar,-,1319.98,2.59,1466.14,-0.97,48.72,-1.19,80,6.0,36,2.0,44,4.0,0,0.0,45.0,-0.95,2026-07-25,-,0,1067.0
987,-78,InGodWeTrust,-,1319.81,-18.39,1485.87,-44.58,55.35,-8.73,50,13.0,19,5.0,31,8.0,0,0.0,38.0,0.16,2026-08-13,-,0,-
-,-,mikykcul,-,1319.79,-1.18,1734.92,0.0,138.38,0.39,8,0.0,6,0.0,2,0.0,0,0.0,75.0,0.0,2022-01-01,-,0,-
988,12,Lenni010,-,1319.74,24.8,1475.62,20.23,51.96,-1.53,64,6.0,28,4.0,35,1.0,1,1.0,43.75,2.37,2026-08-06,-,0,-
989,-51,rstrack,-,1319.52,-4.05,1445.55,0.0,42.01,1.35,132,0.0,65,0.0,65,0.0,2,0.0,49.24,0.0,2026-03-24,-,0,1287.0
990,-78,GamesClaw,-,1319.25,-15.32,1410.67,-15.62,30.47,-0.1,330,16.0,149,4.0,181,12.0,0,0.0,45.15,-1.03,2026-08-01,-,0,805.0
-,-,Maciej,-,1319.22,-2.99,1496.64,0.0,59.14,1.0,81,0.0,41,0.0,40,0.0,0,0.0,50.62,0.0,2024-04-04,-,0,-
-,-,pilalla,-,1318.98,-2.19,1546.91,0.0,75.98,0.73,54,0.0,30,0.0,24,0.0,0,0.0,55.56,0.0,2020-12-06,-,0,-
-,-,fas723,-,1318.97,-2.4,1525.29,0.0,68.77,0.8,45,0.0,22,0.0,22,0.0,1,0.0,48.89,0.0,2024-04-04,-,0,-
-,-,uday,PL,1318.79,-4.3,1436.96,0.0,39.39,1.43,203,0.0,90,0.0,111,0.0,2,0.0,44.33,0.0,2025-04-01,-,0,872.0
991,-8,verbalg,-,1318.77,16.5,1420.46,13.3,33.9,-1.07,150,17.0,67,10.0,83,7.0,0,0.0,44.67,1.81,2026-08-13,-,0,720.0
-,-,ReneTTA,-,1318.72,-2.23,1538.25,0.0,73.18,0.74,36,0.0,25,0.0,11,0.0,0,0.0,69.44,0.0,2024-10-24,-,0,-
992,-21,Biggi86,-,1318.63,9.9,1414.49,10.32,31.95,0.14,268,12.0,127,8.0,141,4.0,0,0.0,47.39,0.91,2026-07-30,-,0,1067.0
-,-,Gadgame,-,1318.61,-2.28,1534.21,0.0,71.86,0.76,40,0.0,20,0.0,19,0.0,1,0.0,50.0,0.0,2024-04-04,-,0,-
-,-,terroirista,-,1318.48,-2.56,1509.63,0.0,63.72,0.85,134,0.0,72,0.0,60,0.0,2,0.0,53.73,0.0,2020-09-24,G,2,-
-,-,InquisitorEisenhorn,US,1318.32,-3.14,1485.72,0.0,55.8,1.05,108,0.0,61,0.0,46,0.0,1,0.0,56.48,0.0,2022-12-04,-,0,-
993,-42,Sapiocek,-,1318.1,-0.3,1414.61,1.94,32.17,0.75,507,12.0,218,6.0,284,6.0,5,0.0,43.0,0.17,2026-07-26,G,2,796.0
994,-18,vgiannog,-,1317.64,11.41,1402.56,12.3,28.31,0.3,283,18.0,124,10.0,156,8.0,3,0.0,43.82,0.8,2026-08-09,-,0,602.0
995,-151,gulper,-,1317.62,-51.2,1407.24,-52.21,29.87,-0.34,323,24.0,139,0.0,179,24.0,5,0.0,43.03,-3.46,2026-07-20,-,0,645.0
-,-,Stu12,-,1317.4,-1.93,1571.49,0.0,84.7,0.64,48,0.0,28,0.0,20,0.0,0,0.0,58.33,0.0,2019-12-30,-,0,-
-,-,Gwindor,-,1317.37,-3.15,1472.96,0.0,51.86,1.05,145,0.0,65,0.0,80,0.0,0,0.0,44.83,0.0,2023-12-03,-,0,-
996,-90,monkeyml,-,1317.33,-21.87,1400.04,-20.14,27.57,0.58,455,18.0,190,2.0,259,16.0,6,0.0,41.76,-1.26,2026-07-16,-,0,640.0
-,-,Kunizial,-,1317.15,-2.12,1548.72,0.0,77.19,0.71,29,0.0,13,0.0,16,0.0,0,0.0,44.83,0.0,2025-02-04,-,0,989.0
-,-,pootify,-,1316.77,-1.92,1572.96,0.0,85.4,0.64,24,0.0,12,0.0,12,0.0,0,0.0,50.0,0.0,2025-02-01,-,0,1067.0
-,-,darkstar75,IT,1316.62,-3.66,1467.46,0.0,50.28,1.22,240,0.0,116,0.0,123,0.0,1,0.0,48.33,0.0,2023-02-12,-,0,-
997,8,RoboKay314,US,1316.42,22.43,1385.25,24.66,22.94,0.75,894,40.0,358,25.0,531,15.0,5,0.0,40.04,1.05,2026-08-17,-,0,486.0
-,-,Emiliano,IT,1316.41,-3.77,1453.03,0.0,45.54,1.26,381,0.0,169,0.0,210,0.0,2,0.0,44.36,0.0,2024-04-04,-,0,-
998,-56,rrobby,IT,1316.39,-4.09,1441.22,0.0,41.61,1.36,106,0.0,41,0.0,64,0.0,1,0.0,38.68,0.0,2026-05-30,-,0,1287.0
999,-40,Rick80,-,1316.37,1.74,1391.54,4.16,25.05,0.81,704,23.0,297,11.0,403,12.0,4,0.0,42.19,0.19,2026-08-13,-,0,618.0
1000,-19,Gabilou,-,1316.26,13.56,1420.5,13.34,34.75,-0.07,188,13.0,83,6.0,104,7.0,1,0.0,44.15,0.15,2026-08-12,-,0,720.0
-,-,tolong,-,1316.11,-2.09,1550.44,0.0,78.11,0.7,36,0.0,19,0.0,17,0.0,0,0.0,52.78,0.0,2021-06-02,-,0,-
1001,-10,colepiechotta,-,1315.72,15.85,1470.32,10.27,51.54,-1.86,61,6.0,24,3.0,37,3.0,0,0.0,39.34,1.16,2026-07-29,-,0,989.0
1002,-77,dmhalford,IT,1315.64,-12.04,1397.52,-9.53,27.29,0.84,810,17.0,324,3.0,479,13.0,7,1.0,40.0,-0.48,2026-07-24,-,0,700.0
1003,-51,vansmith3555,-,1315.43,-2.6,1504.29,0.0,62.95,0.87,45,0.0,22,0.0,23,0.0,0,0.0,48.89,0.0,2026-03-29,-,0,-
1004,-58,tanman,-,1315.41,-4.78,1392.61,-2.28,25.73,0.83,933,22.0,386,9.0,535,13.0,12,0.0,41.37,-0.01,2026-07-28,-,0,570.0
-,-,HansBugge,NO,1315.08,-5.27,1416.68,0.0,33.87,1.76,574,0.0,273,0.0,295,0.0,6,0.0,47.56,0.0,2025-04-30,-,0,700.0
-,-,grantfive,-,1314.91,-2.43,1516.56,0.0,67.21,0.81,60,0.0,33,0.0,26,0.0,1,0.0,55.0,0.0,2022-03-06,-,0,-
-,-,3soteric,-,1314.85,-1.64,1612.67,0.0,99.27,0.55,24,0.0,17,0.0,7,0.0,0,0.0,70.83,0.0,2021-05-26,-,0,-
1005,-57,Chrono_,-,1314.8,-4.6,1421.9,0.0,35.7,1.53,188,0.0,81,0.0,107,0.0,0,0.0,43.09,0.0,2026-01-29,-,0,534.0
1006,-19,Ulyssess,IT,1314.71,13.92,1391.02,16.12,25.44,0.73,773,24.0,306,14.0,461,10.0,6,0.0,39.59,0.6,2026-08-03,-,0,491.0
1007,-52,Czarny,-,1314.54,-2.81,1490.04,0.0,58.5,0.94,44,0.0,24,0.0,20,0.0,0,0.0,54.55,0.0,2026-03-22,-,0,-
1008,-72,Jolli,-,1314.23,-10.53,1388.05,-8.88,24.61,0.55,531,30.0,219,8.0,304,21.0,8,1.0,41.24,-0.88,2026-07-30,-,0,500.0
1009,-8,Jurri,-,1313.7,19.08,1450.71,16.27,45.67,-0.94,80,6.0,40,4.0,40,2.0,0,0.0,50.0,1.35,2026-07-25,-,0,1106.0
-,-,pablocg,-,1313.37,-2.18,1538.4,0.0,75.01,0.73,30,0.0,17,0.0,13,0.0,0,0.0,56.67,0.0,2024-04-04,-,0,-
-,-,Machote,-,1313.31,-1.99,1562.31,0.0,83.0,0.66,22,0.0,9,0.0,13,0.0,0,0.0,40.91,0.0,2024-04-04,-,0,-
-,-,Grandnewby,-,1313.25,-3.19,1467.83,0.0,51.53,1.06,72,0.0,40,0.0,31,0.0,1,0.0,55.56,0.0,2025-04-30,-,0,849.0
1010,-53,Zero_1627,-,1313.07,-3.45,1457.31,0.0,48.08,1.15,74,0.0,33,0.0,41,0.0,0,0.0,44.59,0.0,2026-03-24,-,0,989.0
-,-,Mouette,-,1312.95,-3.66,1455.57,0.0,47.54,1.22,169,0.0,67,0.0,97,0.0,5,0.0,39.64,0.0,2024-10-13,-,0,-
1011,-58,KTown,-,1312.92,-4.91,1389.8,-2.73,25.63,0.73,594,23.0,238,9.0,353,14.0,3,0.0,40.07,-0.04,2026-08-19,-,0,589.0
1012,-54,stshow123,-,1312.74,-2.18,1538.12,0.0,75.13,0.73,25,0.0,15,0.0,10,0.0,0,0.0,60.0,0.0,2025-11-23,-,0,1245.0
-,-,Sir_Smiley,-,1312.7,-2.31,1524.99,0.0,70.76,0.77,54,0.0,28,0.0,24,0.0,2,0.0,51.85,0.0,2021-06-02,-,0,-
1013,-40,Beewiz,-,1312.57,4.46,1493.86,-0.18,60.43,-1.55,48,3.0,22,2.0,26,1.0,0,0.0,45.83,1.39,2026-06-24,-,0,1287.0
-,-,Pluppo,-,1311.54,-2.68,1498.43,0.0,62.3,0.89,108,0.0,57,0.0,51,0.0,0,0.0,52.78,0.0,2021-09-05,-,0,-
-,-,Robson_Ponte,-,1311.5,-4.1,1430.38,0.0,39.62,1.37,353,0.0,167,0.0,183,0.0,3,0.0,47.31,0.0,2024-04-14,-,0,-
-,-,jabroney,AU,1311.37,-2.87,1482.11,0.0,56.91,0.96,120,0.0,68,0.0,52,0.0,0,0.0,56.67,0.0,2022-08-30,-,0,-
-,-,likkle1,GB,1311.03,-3.96,1444.92,0.0,44.63,1.32,240,0.0,104,0.0,136,0.0,0,0.0,43.33,0.0,2024-04-04,-,0,-
-,-,Cruul,-,1310.89,-3.16,1465.37,0.0,51.49,1.05,228,0.0,109,0.0,116,0.0,3,0.0,47.81,0.0,2022-06-05,-,0,-
-,-,bzburnin,-,1310.78,-5.44,1410.68,0.0,33.3,1.81,1086,0.0,430,0.0,638,0.0,18,0.0,39.59,0.0,2025-05-13,G,6,707.0
-,-,pororo2,-,1310.49,-2.81,1488.26,0.0,59.26,0.94,112,0.0,60,0.0,52,0.0,0,0.0,53.57,0.0,2021-12-05,-,0,-
-,-,Essios,-,1310.41,-2.14,1543.97,0.0,77.85,0.71,54,0.0,24,0.0,29,0.0,1,0.0,44.44,0.0,2021-03-02,-,0,-
-,-,Ayakonutty,-,1310.29,-3.32,1458.98,0.0,49.56,1.11,88,0.0,42,0.0,46,0.0,0,0.0,47.73,0.0,2025-05-25,-,0,780.0
-,-,Khashir,-,1309.2,-1.98,1558.62,0.0,83.14,0.66,36,0.0,23,0.0,13,0.0,0,0.0,63.89,0.0,2021-09-05,-,0,-
-,-,Abby1991,-,1309.17,-2.48,1507.03,0.0,65.95,0.83,64,0.0,32,0.0,30,0.0,2,0.0,50.0,0.0,2022-05-29,-,0,-
1014,-42,luckrider,DE,1308.82,0.49,1385.92,2.77,25.7,0.76,596,23.0,243,12.0,345,10.0,8,1.0,40.77,0.46,2026-08-21,-,0,432.0
1015,unretired,marcusesses1,CA,1308.79,-5.45,1424.44,-6.21,38.55,-0.25,310,9.0,140,3.0,168,6.0,2,0.0,45.16,-0.35,2026-07-30,-,0,1184.0
-,-,raymebeats,-,1308.77,-1.68,1601.27,0.0,97.5,0.56,18,0.0,15,0.0,3,0.0,0,0.0,83.33,0.0,2024-03-03,-,0,-
1016,new,Rudiz,-,1308.59,858.59,1726.19,226.19,139.2,139.2,6,6.0,5,5.0,1,1.0,0,0.0,83.33,83.33,2026-08-11,-,0,-
-,-,Menno,-,1308.53,-4.24,1434.11,0.0,41.86,1.41,333,0.0,142,0.0,188,0.0,3,0.0,42.64,0.0,2024-07-01,G,2,-
-,-,Valec,-,1308.47,-3.51,1449.74,0.0,47.09,1.17,131,0.0,62,0.0,69,0.0,0,0.0,47.33,0.0,2024-10-31,-,0,-
1017,-57,Brickmarck,-,1308.36,-5.39,1406.23,0.0,32.62,1.8,252,0.0,103,0.0,147,0.0,2,0.0,40.87,0.0,2026-04-17,-,0,1067.0
1018,-41,Andreyko2003,-,1308.31,2.63,1405.7,0.03,32.46,-0.87,219,19.0,87,8.0,130,11.0,2,0.0,39.73,0.23,2026-08-11,-,0,661.0
-,-,onerija,-,1307.93,-1.97,1559.7,0.0,83.92,0.66,36,0.0,23,0.0,13,0.0,0,0.0,63.89,0.0,2021-03-02,-,0,-
-,-,Pandaiga,-,1307.52,-1.7,1596.29,0.0,96.26,0.57,36,0.0,21,0.0,15,0.0,0,0.0,58.33,0.0,2018-10-14,-,0,-
1019,-37,Mitchum,IT,1307.2,4.84,1375.24,6.99,22.68,0.72,604,37.0,246,22.0,356,15.0,2,0.0,40.73,1.22,2026-08-15,-,0,491.0
-,-,fli_pao,-,1307.06,-4.39,1420.06,0.0,37.67,1.46,324,0.0,147,0.0,175,0.0,2,0.0,45.37,0.0,2025-05-14,-,0,716.0
-,-,Ado,-,1306.7,-3.9,1464.26,0.0,52.52,1.3,272,0.0,126,0.0,144,0.0,2,0.0,46.32,0.0,2024-08-22,G,2,1245.0
-,-,Scar_702,-,1306.56,-1.74,1587.59,0.0,93.68,0.58,18,0.0,12,0.0,6,0.0,0,0.0,66.67,0.0,2024-06-02,-,0,-
1020,-64,Mammaklaskern,-,1306.25,-11.09,1411.85,-29.71,35.2,-6.21,122,36.0,52,11.0,70,25.0,0,0.0,42.62,-5.05,2026-08-08,-,0,1375.0
1021,-57,Buiz,DK,1306.2,-4.53,1406.45,-1.76,33.42,0.92,481,6.0,211,2.0,269,4.0,1,0.0,43.87,-0.13,2026-07-29,-,0,788.0
1022,-125,Bulb,-,1306.16,-35.87,1435.0,-36.87,42.95,-0.34,142,6.0,61,0.0,80,6.0,1,0.0,42.96,-1.89,2026-07-31,-,0,835.0
-,-,wicaksonoadi,-,1305.97,-2.45,1508.9,0.0,67.65,0.82,60,0.0,31,0.0,28,0.0,1,0.0,51.67,0.0,2021-08-19,-,0,-
-,-,jczas,-,1305.88,-2.04,1545.91,0.0,80.01,0.68,36,0.0,21,0.0,15,0.0,0,0.0,58.33,0.0,2022-05-29,-,0,-
1023,unretired,oldmutant,-,1305.15,45.23,1424.46,26.89,39.77,-6.11,362,24.0,159,15.0,202,9.0,1,0.0,43.92,1.32,2026-07-29,-,0,-
1024,-29,Chriiiss,FR,1305.03,6.3,1381.67,9.82,25.55,1.17,859,21.0,357,12.0,495,9.0,7,0.0,41.56,0.39,2026-08-03,-,0,445.0
-,-,Aksiom,-,1304.89,-3.22,1465.33,0.0,53.48,1.07,218,0.0,100,0.0,117,0.0,1,0.0,45.87,0.0,2022-03-06,-,0,-
1025,-45,gwfalcon,-,1304.79,-0.39,1437.39,-2.12,44.2,-0.58,114,6.0,48,2.0,66,4.0,0,0.0,42.11,-0.48,2026-08-09,-,0,1118.0
1026,-56,Jume,ES,1303.97,-4.84,1369.25,-2.6,21.76,0.75,673,41.0,268,19.0,397,21.0,8,1.0,39.82,0.42,2026-08-11,-,0,496.0
-,-,Schlangenfuerst,-,1303.85,-1.12,1738.99,0.0,145.05,0.37,8,0.0,5,0.0,3,0.0,0,0.0,62.5,0.0,2022-01-01,-,0,-
-,-,Boerpopoer,-,1303.35,-2.79,1483.74,0.0,60.13,0.93,90,0.0,45,0.0,45,0.0,0,0.0,50.0,0.0,2022-03-06,-,0,-
-,-,DocFleischmann,-,1303.35,-2.07,1539.93,0.0,78.86,0.69,30,0.0,12,0.0,17,0.0,1,0.0,40.0,0.0,2024-04-04,-,0,-
-,-,joaoleal2,-,1303.29,-3.16,1472.8,0.0,56.51,1.05,230,0.0,101,0.0,128,0.0,1,0.0,43.91,0.0,2022-01-01,-,0,-
-,-,Grotaron,-,1303.15,-1.65,1600.62,0.0,99.15,0.55,18,0.0,11,0.0,7,0.0,0,0.0,61.11,0.0,2020-12-06,-,0,-
-,-,pdp01,-,1302.91,-2.9,1473.14,0.0,56.75,0.97,162,0.0,80,0.0,82,0.0,0,0.0,49.38,0.0,2021-11-15,-,0,-
1027,-83,Jmstoic,-,1302.88,-17.39,1386.0,-22.54,27.71,-1.71,435,41.0,166,14.0,262,26.0,7,1.0,38.16,-0.42,2026-08-14,-,0,1244.0
-,-,PiftaIsItYou,-,1302.46,-3.17,1464.99,0.0,54.18,1.06,204,0.0,100,0.0,100,0.0,4,0.0,49.02,0.0,2023-06-04,G,2,-
1028,-59,Joppur,SE,1302.43,-7.04,1394.02,0.0,30.53,2.35,707,0.0,282,0.0,422,0.0,3,0.0,39.89,0.0,2026-02-28,-,0,396.0
-,-,Pablito,-,1301.43,-3.72,1434.86,0.0,44.48,1.24,407,0.0,182,0.0,223,0.0,2,0.0,44.72,0.0,2023-08-25,-,0,-
-,-,CerseiShade,-,1301.39,-2.22,1523.45,0.0,74.02,0.74,54,0.0,25,0.0,28,0.0,1,0.0,46.3,0.0,2020-03-30,-,0,-
-,-,Garghi,IT,1301.35,-3.15,1458.57,0.0,52.41,1.05,91,0.0,50,0.0,40,0.0,1,0.0,54.95,0.0,2024-03-17,-,0,-
1029,-115,LudoH,-,1301.29,-32.37,1447.25,-37.31,48.65,-1.65,76,6.0,27,0.0,48,6.0,1,0.0,35.53,-3.04,2026-07-28,-,0,872.0
1030,-51,Zazabuzao,-,1301.08,-4.21,1419.61,0.0,39.51,1.4,177,0.0,75,0.0,101,0.0,1,0.0,42.37,0.0,2025-10-07,-,0,1116.0
-,-,Fysh,-,1301.06,-2.43,1506.03,0.0,68.33,0.81,54,0.0,25,0.0,29,0.0,0,0.0,46.3,0.0,2021-12-05,-,0,-
-,-,Brecker,-,1300.69,-2.79,1478.3,0.0,59.21,0.93,108,0.0,51,0.0,56,0.0,1,0.0,47.22,0.0,2022-08-29,-,0,-
-,-,wylaryzel,AT,1300.42,-3.73,1437.41,0.0,45.66,1.24,272,0.0,130,0.0,139,0.0,3,0.0,47.79,0.0,2023-08-26,-,0,-
1031,-15,Rhand,-,1300.01,12.19,1445.03,9.17,48.34,-1.01,76,6.0,30,3.0,46,3.0,0,0.0,39.47,0.9,2026-07-21,-,0,939.0
1032,-70,Drizzt84,-,1299.95,-11.79,1383.78,-10.6,27.94,0.4,562,21.0,203,5.0,356,16.0,3,0.0,36.12,-0.48,2026-07-25,-,0,659.0
-,-,PhamNuwen,-,1299.76,-2.99,1463.82,0.0,54.69,1.0,72,0.0,36,0.0,35,0.0,1,0.0,50.0,0.0,2025-02-05,-,0,989.0
-,-,donperizoma,-,1299.6,-2.74,1479.66,0.0,60.02,0.91,45,0.0,22,0.0,23,0.0,0,0.0,48.89,0.0,2025-03-27,-,0,939.0
1033,-49,TeriyakiJaccuzi,US,1299.55,-2.33,1367.53,1.63,22.66,1.32,1270,23.0,490,10.0,765,12.0,15,1.0,38.58,0.09,2026-08-12,-,0,502.0
-,-,cibernyam,-,1299.45,-3.41,1445.59,0.0,48.72,1.14,131,0.0,53,0.0,75,0.0,3,0.0,40.46,0.0,2024-05-26,-,0,-
-,-,1977dragon,-,1299.28,-3.03,1461.32,0.0,54.01,1.01,69,0.0,32,0.0,37,0.0,0,0.0,46.38,0.0,2024-09-04,-,0,1388.0
1034,-7,Lohmann,-,1299.01,17.34,1430.26,14.77,43.75,-0.86,81,6.0,39,4.0,41,2.0,1,0.0,48.15,1.48,2026-07-16,-,0,1118.0
-,-,RickLoftson,CA,1298.66,-2.19,1523.36,0.0,74.9,0.73,40,0.0,19,0.0,20,0.0,1,0.0,47.5,0.0,2022-03-06,-,0,-
1035,-42,Cyrus_j2s,-,1298.63,-0.7,1405.29,1.02,35.55,0.57,305,6.0,129,2.0,176,4.0,0,0.0,42.3,-0.17,2026-08-10,-,0,872.0
-,-,Amstrid,-,1298.55,-2.99,1476.07,0.0,59.17,1.0,104,0.0,51,0.0,52,0.0,1,0.0,49.04,0.0,2023-01-15,-,0,-
-,-,Redder,-,1298.25,-1.68,1590.82,0.0,97.52,0.56,19,0.0,10,0.0,9,0.0,0,0.0,52.63,0.0,2023-01-15,-,0,-
1036,-48,Cowzapper,-,1298.17,-2.2,1521.87,0.0,74.57,0.73,30,0.0,16,0.0,14,0.0,0,0.0,53.33,0.0,2026-02-01,-,0,-
1037,-30,mahlerian_shadow,US,1297.88,5.05,1373.68,7.31,25.26,0.76,703,22.0,289,11.0,411,11.0,3,0.0,41.11,0.29,2026-08-16,-,0,549.0
-,-,Maukka,-,1297.45,-4.05,1425.15,0.0,42.57,1.35,406,0.0,177,0.0,225,0.0,4,0.0,43.6,0.0,2024-04-04,-,0,-
1038,-46,datboidankjuice,-,1297.41,-2.15,1526.14,0.0,76.25,0.72,30,0.0,15,0.0,15,0.0,0,0.0,50.0,0.0,2026-02-02,-,0,-
-,-,luiza,-,1297.12,-2.52,1496.22,0.0,66.37,0.84,72,0.0,40,0.0,32,0.0,0,0.0,55.56,0.0,2021-12-05,-,0,-
1039,-31,Exile,-,1296.95,4.11,1371.72,4.61,24.92,0.17,608,37.0,244,17.0,359,20.0,5,0.0,40.13,0.38,2026-08-14,-,0,600.0
-,-,Runje,-,1296.62,-1.88,1557.01,0.0,86.8,0.63,36,0.0,22,0.0,13,0.0,1,0.0,61.11,0.0,2020-12-06,-,0,-
-,-,Elucron,-,1296.33,-1.51,1621.2,0.0,108.29,0.5,18,0.0,14,0.0,4,0.0,0,0.0,77.78,0.0,2020-06-28,-,0,-
-,-,Gwyneraim,-,1296.25,-1.52,1618.01,0.0,107.25,0.51,16,0.0,12,0.0,4,0.0,0,0.0,75.0,0.0,2024-10-31,-,0,-
-,-,Lemth,-,1295.76,-2.8,1475.11,0.0,59.78,0.93,106,0.0,49,0.0,57,0.0,0,0.0,46.23,0.0,2022-03-06,-,0,-
1041,-80,spdwhat,-,1295.41,-17.48,1455.14,-23.54,53.24,-2.02,51,6.0,20,0.0,27,3.0,4,3.0,39.22,-5.22,2026-07-28,-,0,-
1040,296,anonaki,-,1295.41,283.09,1537.78,111.14,80.79,-57.32,24,17.0,14,11.0,10,6.0,0,0.0,58.33,15.47,2026-08-17,-,0,-
1042,-48,N0rBeer,-,1295.37,-3.48,1439.54,0.0,48.06,1.16,90,0.0,38,0.0,51,0.0,1,0.0,42.22,0.0,2026-03-26,-,0,939.0
1043,-45,Deremfi,-,1294.37,-3.12,1455.98,0.0,53.87,1.04,102,0.0,46,0.0,56,0.0,0,0.0,45.1,0.0,2026-01-31,-,0,-
-,-,RogueMeeple,-,1294.32,-3.06,1456.89,0.0,54.19,1.02,186,0.0,94,0.0,91,0.0,1,0.0,50.54,0.0,2022-03-06,-,0,-
1044,-45,kacavenda,-,1294.16,-3.26,1451.2,-4.4,52.35,-0.38,60,3.0,30,1.0,30,2.0,0,0.0,50.0,-0.88,2026-06-24,-,0,-
-,-,ywgmth,-,1293.98,-2.11,1527.33,0.0,77.78,0.7,42,0.0,26,0.0,15,0.0,1,0.0,61.9,0.0,2022-02-25,-,0,-
1045,-31,Oranim,-,1293.84,5.03,1438.14,1.54,48.1,-1.16,85,6.0,38,2.0,46,4.0,1,0.0,44.71,-0.86,2026-07-28,-,0,989.0
-,-,maffoffo,-,1293.8,-2.85,1466.91,0.0,57.7,0.95,61,0.0,31,0.0,30,0.0,0,0.0,50.82,0.0,2025-04-22,-,0,798.0
-,-,Sprox,-,1293.73,-2.38,1500.39,0.0,68.89,0.79,40,0.0,20,0.0,20,0.0,0,0.0,50.0,0.0,2024-04-04,-,0,-
-,-,Dometcalf,-,1293.42,-3.05,1456.2,0.0,54.26,1.02,97,0.0,42,0.0,54,0.0,1,0.0,43.3,0.0,2024-02-25,-,0,-
1046,-61,Helen-the-great,-,1293.17,-8.26,1398.74,-4.48,35.19,1.26,319,3.0,143,0.0,173,3.0,3,0.0,44.83,-0.42,2026-07-04,-,0,572.0
-,-,Chubecca,IT,1292.46,-3.56,1436.88,0.0,48.14,1.19,214,0.0,96,0.0,117,0.0,1,0.0,44.86,0.0,2023-06-04,-,0,-
-,-,KapitanTom,CZ,1292.11,-4.55,1403.67,0.0,37.19,1.52,321,0.0,122,0.0,196,0.0,3,0.0,38.01,0.0,2025-02-28,-,0,852.0
-,-,RobinTheDragon,-,1291.95,-3.5,1433.06,0.0,47.03,1.17,109,0.0,53,0.0,56,0.0,0,0.0,48.62,0.0,2025-02-05,-,0,1067.0
-,-,Rabus,DE,1291.92,-3.78,1421.77,0.0,43.28,1.26,228,0.0,107,0.0,120,0.0,1,0.0,46.93,0.0,2024-04-04,-,0,-
1047,-61,Bedrich_H,-,1291.51,-9.76,1367.99,-7.91,25.49,0.62,736,28.0,266,8.0,461,20.0,9,0.0,36.14,-0.3,2026-08-03,-,0,602.0
-,-,JBloodski,-,1291.29,-2.39,1497.25,0.0,68.65,0.8,35,0.0,15,0.0,20,0.0,0,0.0,42.86,0.0,2025-03-04,-,0,939.0
-,-,Raq82,-,1291.11,-2.72,1473.73,0.0,60.87,0.91,67,0.0,31,0.0,36,0.0,0,0.0,46.27,0.0,2024-04-14,-,0,-
1048,-45,Jobjobsdone,-,1290.91,-3.54,1432.28,0.0,47.12,1.18,89,0.0,34,0.0,54,0.0,1,0.0,38.2,0.0,2026-04-03,-,0,-
-,-,danielusuga,-,1290.87,-3.09,1452.43,0.0,53.85,1.03,108,0.0,45,0.0,56,0.0,7,0.0,41.67,0.0,2024-04-04,-,0,-
-,-,PostupRed,-,1290.52,-3.03,1464.79,0.0,58.09,1.01,162,0.0,63,0.0,98,0.0,1,0.0,38.89,0.0,2021-11-24,-,0,-
1049,9,Sirovec,HR,1290.27,25.58,1361.42,25.84,23.72,0.09,850,41.0,322,26.0,525,15.0,3,0.0,37.88,1.29,2026-08-12,-,0,543.0
-,-,langer,-,1289.82,-1.12,1728.34,0.0,146.18,0.37,8,0.0,6,0.0,2,0.0,0,0.0,75.0,0.0,2022-01-01,-,0,-
1050,-46,jandaron,TR,1289.78,-4.5,1400.03,0.0,36.75,1.5,144,0.0,62,0.0,82,0.0,0,0.0,43.06,0.0,2026-04-05,-,0,1280.0
1051,-45,Nacarato,-,1289.75,-3.77,1422.37,0.0,44.21,1.26,265,0.0,85,0.0,178,0.0,2,0.0,32.08,0.0,2026-01-30,-,0,-
-,-,erlikhan,-,1289.41,-2.71,1470.83,0.0,60.47,0.9,60,0.0,24,0.0,36,0.0,0,0.0,40.0,0.0,2025-02-01,-,0,989.0
-,-,PopoHappy,-,1289.22,-2.74,1470.81,0.0,60.53,0.91,87,0.0,48,0.0,39,0.0,0,0.0,55.17,0.0,2023-10-09,-,0,-
-,-,varro,-,1288.78,-2.3,1503.43,0.0,71.55,0.77,78,0.0,40,0.0,36,0.0,2,0.0,51.28,0.0,2019-12-30,-,0,-
-,-,stanel,RO,1288.41,-4.15,1443.43,0.0,51.67,1.38,474,0.0,198,0.0,276,0.0,0,0.0,41.77,0.0,2023-02-28,G,4,-
-,-,Sonaes,-,1288.36,-2.82,1467.83,0.0,59.82,0.94,126,0.0,66,0.0,59,0.0,1,0.0,52.38,0.0,2022-02-27,G,2,-
-,-,Sheik-Yerbouti,-,1288.21,-3.65,1422.94,0.0,44.91,1.22,288,0.0,134,0.0,152,0.0,2,0.0,46.53,0.0,2023-11-25,-,0,-
1052,-21,Shiffdog,-,1288.14,7.49,1360.05,7.54,23.97,0.02,418,41.0,154,19.0,261,22.0,3,0.0,36.84,1.03,2026-08-21,-,0,520.0
1053,-41,MaxBoomer,DK,1288.0,-1.26,1389.42,-1.13,33.81,0.04,273,12.0,115,4.0,157,8.0,1,0.0,42.12,-0.41,2026-07-26,-,0,-
-,-,holmesiv,-,1287.99,-2.51,1484.32,0.0,65.44,0.84,78,0.0,45,0.0,32,0.0,1,0.0,57.69,0.0,2022-02-26,-,0,-
-,-,Major.Tom,SE,1287.86,-1.8,1560.2,0.0,90.78,0.6,24,0.0,15,0.0,9,0.0,0,0.0,62.5,0.0,2024-09-15,-,0,-
-,-,Alpha.K,-,1287.71,-2.11,1526.01,0.0,79.43,0.7,35,0.0,11,0.0,20,0.0,4,0.0,31.43,0.0,2023-03-05,-,0,-
1054,-30,Wonski,-,1287.7,3.22,1476.23,-8.87,62.84,-4.03,40,6.0,19,3.0,21,3.0,0,0.0,47.5,0.44,2026-07-27,-,0,-
-,-,pabula,PL,1287.65,-4.76,1404.53,0.0,38.96,1.59,425,0.0,183,0.0,236,0.0,6,0.0,43.06,0.0,2024-10-01,-,0,-
-,-,Jaykeblakk,-,1287.6,-2.49,1486.78,0.0,66.39,0.83,44,0.0,23,0.0,20,0.0,1,0.0,52.27,0.0,2025-02-14,-,0,1413.0
-,-,Saucisse,-,1286.97,-5.52,1469.91,0.0,60.98,1.84,154,0.0,82,0.0,67,0.0,5,0.0,53.25,0.0,2023-11-15,-,0,-
-,-,Derey,-,1286.72,-2.64,1472.96,0.0,62.08,0.88,84,0.0,42,0.0,41,0.0,1,0.0,50.0,0.0,2022-05-27,-,0,-
-,-,Tombo,-,1286.71,-1.32,1656.4,0.0,123.23,0.44,9,0.0,8,0.0,1,0.0,0,0.0,88.89,0.0,2023-04-11,-,0,-
-,-,ZacDeMundo,CA,1286.7,-4.25,1405.4,0.0,39.57,1.42,298,0.0,124,0.0,172,0.0,2,0.0,41.61,0.0,2024-09-15,-,0,-
-,-,Hellomruppercut,-,1286.7,-3.47,1435.97,0.0,49.76,1.16,247,0.0,111,0.0,134,0.0,2,0.0,44.94,0.0,2023-01-15,-,0,-
-,-,Ananasantti,FI,1286.59,-4.3,1405.08,0.0,39.5,1.43,676,0.0,277,0.0,396,0.0,3,0.0,40.98,0.0,2024-04-04,-,0,-
-,-,Gardir,-,1286.36,-3.72,1425.81,0.0,46.48,1.24,333,0.0,142,0.0,187,0.0,4,0.0,42.64,0.0,2024-04-04,G,6,-
1055,-46,Ragnard,-,1286.24,-5.45,1381.9,0.0,31.89,1.82,614,0.0,236,0.0,370,0.0,8,0.0,38.44,0.0,2026-01-14,-,0,700.0
1056,-43,MikeLowrey,-,1285.62,-3.21,1439.4,0.0,51.26,1.07,70,0.0,22,0.0,48,0.0,0,0.0,31.43,0.0,2026-04-01,-,0,1067.0
-,-,Keffo,-,1285.52,-3.21,1438.69,0.0,51.06,1.07,177,0.0,79,0.0,94,0.0,4,0.0,44.63,0.0,2023-01-15,-,0,-
-,-,jogkongTW,-,1285.51,-4.17,1403.97,0.0,39.49,1.39,468,0.0,196,0.0,267,0.0,5,0.0,41.88,0.0,2024-06-02,-,0,-
1057,102,Sr-Manteca,-,1285.2,87.96,1494.74,72.53,69.85,-5.14,30,6.0,16,4.0,14,2.0,0,0.0,53.33,3.33,2026-08-02,-,0,-
-,-,markosalaplaya,-,1284.93,-4.14,1412.32,0.0,42.46,1.38,507,0.0,199,0.0,305,0.0,3,0.0,39.25,0.0,2025-02-20,G,2,1374.0
-,-,BlaueElise,-,1284.93,-4.73,1413.64,0.0,42.9,1.58,392,0.0,155,0.0,226,0.0,11,0.0,39.54,0.0,2024-11-29,-,0,1287.0
1058,-41,Minkus,-,1284.73,-2.49,1436.45,-8.4,50.57,-1.97,66,6.0,33,2.0,33,4.0,0,0.0,50.0,-1.67,2026-07-26,-,0,1118.0
-,-,Fler,-,1284.73,-2.32,1499.06,0.0,71.44,0.77,90,0.0,42,0.0,47,0.0,1,0.0,46.67,0.0,2020-09-27,-,0,-
1059,-24,HolyOutlaw,US,1284.53,5.28,1362.69,7.93,26.05,0.88,727,23.0,278,12.0,444,11.0,5,0.0,38.24,0.46,2026-08-17,-,0,572.0
-,-,Liosan,-,1284.26,-3.15,1440.73,0.0,52.16,1.05,186,0.0,96,0.0,90,0.0,0,0.0,51.61,0.0,2022-11-30,-,0,-
-,-,stripe999,GB,1284.22,-4.22,1403.64,0.0,39.81,1.41,496,0.0,211,0.0,281,0.0,4,0.0,42.54,0.0,2024-04-14,-,0,-
-,-,Prince2B,-,1283.59,-2.16,1511.74,0.0,76.05,0.72,25,0.0,9,0.0,16,0.0,0,0.0,36.0,0.0,2025-01-31,-,0,989.0
1060,-37,J-dog,GB,1282.92,-1.85,1354.59,-1.22,23.89,0.21,789,41.0,288,16.0,495,25.0,6,0.0,36.5,0.14,2026-08-09,-,0,593.0
-,-,Engelpopengel,-,1282.67,-2.78,1462.55,0.0,59.96,0.93,90,0.0,44,0.0,46,0.0,0,0.0,48.89,0.0,2022-03-06,-,0,-
-,-,Suo,-,1282.53,-2.91,1453.71,0.0,57.06,0.97,204,0.0,80,0.0,123,0.0,1,0.0,39.22,0.0,2021-08-17,G,2,-
-,-,Drannoc,-,1281.78,-2.72,1465.62,0.0,61.28,0.91,120,0.0,59,0.0,60,0.0,1,0.0,49.17,0.0,2021-06-02,-,0,-
-,-,Davidmel,IL,1281.72,-4.41,1398.31,0.0,38.86,1.47,590,0.0,234,0.0,347,0.0,9,0.0,39.66,0.0,2024-09-15,-,0,-
1061,-95,RuslanP,-,1281.17,-28.9,1458.05,-40.85,58.96,-3.98,51,6.0,20,1.0,31,5.0,0,0.0,39.22,-3.0,2026-07-29,-,0,-
1062,-97,abobey,ES,1280.77,-29.61,1349.31,-27.07,22.84,0.85,1226,41.0,474,4.0,740,37.0,12,0.0,38.66,-1.0,2026-08-19,-,0,534.0
-,-,Alnur,-,1280.63,-2.89,1451.13,0.0,56.83,0.96,90,0.0,41,0.0,49,0.0,0,0.0,45.56,0.0,2023-05-25,-,0,-
-,-,Benici,-,1280.61,-2.12,1512.01,0.0,77.13,0.71,30,0.0,15,0.0,15,0.0,0,0.0,50.0,0.0,2024-04-04,-,0,-
1063,-38,MeteorisVulcanus,NL,1280.53,-1.97,1369.38,0.81,29.62,0.93,298,13.0,120,5.0,177,7.0,1,1.0,40.27,-0.08,2026-08-14,-,0,572.0
1064,-45,kalev,-,1280.05,-6.15,1370.61,0.0,30.19,2.05,312,0.0,129,0.0,181,0.0,2,0.0,41.35,0.0,2025-11-30,-,0,576.0
-,-,icecreamsushi,US,1279.76,-1.58,1590.05,0.0,103.43,0.53,12,0.0,8,0.0,3,0.0,1,0.0,66.67,0.0,2024-09-15,-,0,-
-,-,Hornedraccoon,-,1279.69,-2.73,1461.07,0.0,60.46,0.91,69,0.0,33,0.0,35,0.0,1,0.0,47.83,0.0,2024-10-13,-,0,-
1065,-35,Rubberchicken,AU,1279.19,-1.48,1609.59,0.0,110.13,0.49,15,0.0,12,0.0,3,0.0,0,0.0,80.0,0.0,2026-02-13,-,0,-
-,-,Nobi,-,1278.95,-1.11,1719.48,0.0,146.85,0.37,8,0.0,5,0.0,3,0.0,0,0.0,62.5,0.0,2022-01-01,-,0,-
1066,-46,LeSauvage,BE,1278.79,-7.22,1359.69,0.0,26.97,2.41,803,0.0,316,0.0,485,0.0,2,0.0,39.35,0.0,2026-04-13,-,0,565.0
-,-,Reallaurin,-,1278.74,-1.76,1561.08,0.0,94.11,0.59,30,0.0,21,0.0,7,0.0,2,0.0,70.0,0.0,2021-06-02,-,0,-
1067,-71,Jaja,CZ,1278.43,-20.14,1371.35,-16.54,30.97,1.2,428,6.0,163,0.0,263,6.0,2,0.0,38.08,-0.55,2026-08-01,-,0,1062.0
-,-,Toudi,-,1278.25,-2.74,1459.87,0.0,60.54,0.91,72,0.0,33,0.0,38,0.0,1,0.0,45.83,0.0,2022-12-04,-,0,-
1068,-39,Donkeroo,-,1277.99,-2.86,1449.74,0.0,57.25,0.95,59,0.0,25,0.0,34,0.0,0,0.0,42.37,0.0,2026-02-06,-,0,1118.0
-,-,flo3,-,1277.99,-2.71,1459.87,0.0,60.62,0.9,45,0.0,20,0.0,25,0.0,0,0.0,44.44,0.0,2025-03-19,-,0,939.0
1069,-54,Wyszek,-,1277.78,-10.08,1425.05,-21.69,49.09,-3.87,85,10.0,31,3.0,52,7.0,2,0.0,36.47,-0.86,2026-07-28,-,0,1067.0
1070,-68,Vinny6060,-,1277.38,-17.15,1364.9,-16.35,29.17,0.27,471,18.0,185,2.0,283,16.0,3,0.0,39.28,-1.12,2026-07-27,-,0,872.0
-,-,lordzorath,-,1277.01,-2.12,1509.91,0.0,77.64,0.71,54,0.0,28,0.0,25,0.0,1,0.0,51.85,0.0,2020-12-06,-,0,-
-,-,But,-,1276.69,-3.61,1412.87,0.0,45.39,1.2,177,0.0,78,0.0,98,0.0,1,0.0,44.07,0.0,2025-01-28,-,0,1184.0
-,-,TEPBEP,-,1276.41,-3.23,1431.35,0.0,51.65,1.08,94,0.0,44,0.0,50,0.0,0,0.0,46.81,0.0,2024-04-04,-,0,-
1071,-35,HerrBu,-,1276.05,-3.09,1436.1,0.0,53.35,1.03,59,0.0,24,0.0,33,0.0,2,0.0,40.68,0.0,2026-02-02,-,0,989.0
-,-,Purpleseven,-,1275.9,-2.14,1505.22,0.0,76.44,0.71,54,0.0,31,0.0,21,0.0,2,0.0,57.41,0.0,2022-02-16,-,0,-
1072,-46,bambi4,GB,1275.85,-6.37,1362.9,-2.68,29.02,1.23,447,7.0,174,2.0,271,5.0,2,0.0,38.93,-0.16,2026-07-28,-,0,675.0
-,-,BTA,-,1275.79,-3.65,1416.76,0.0,46.99,1.22,314,0.0,125,0.0,184,0.0,5,0.0,39.81,0.0,2023-05-28,-,0,-
1073,-34,ballgi,-,1275.64,-1.86,1539.61,0.0,87.99,0.62,21,0.0,14,0.0,7,0.0,0,0.0,66.67,0.0,2026-01-14,-,0,-
1074,-33,deleted_user_5800682,-,1275.55,-1.09,1722.63,0.0,149.03,0.36,6,0.0,3,0.0,3,0.0,0,0.0,50.0,0.0,2026-03-17,-,0,-
1075,-29,JimBryan,-,1275.16,1.94,1425.96,-3.8,50.27,-1.91,66,6.0,35,2.0,30,4.0,1,0.0,53.03,-1.97,2026-07-26,-,0,1067.0
1076,10,Archangel,-,1274.94,28.37,1380.28,7.16,35.11,-7.07,135,41.0,62,15.0,73,26.0,0,0.0,45.93,-4.07,2026-08-08,-,0,1257.0
1077,-39,Moulbaert,-,1274.93,-3.4,1441.36,-11.64,55.48,-2.75,51,6.0,21,2.0,29,3.0,1,1.0,41.18,-1.04,2026-08-06,-,0,-
1078,-44,Francis88,-,1274.39,-5.63,1378.38,0.0,34.66,1.88,314,0.0,118,0.0,196,0.0,0,0.0,37.58,0.0,2025-10-16,-,0,611.0
-,-,Uslo,UA,1273.68,-2.59,1462.85,0.0,63.06,0.86,60,0.0,29,0.0,29,0.0,2,0.0,48.33,0.0,2022-09-04,-,0,-
1079,-28,DonStino,BE,1273.59,5.47,1369.01,-0.18,31.81,-1.88,586,35.0,209,9.0,373,26.0,4,0.0,35.67,-0.63,2026-08-11,-,0,1388.0
1080,-37,Tleilaxx,-,1273.4,-1.95,1524.82,0.0,83.81,0.65,25,0.0,11,0.0,14,0.0,0,0.0,44.0,0.0,2026-02-04,-,0,-
1081,new,Caligulala,-,1273.33,823.33,1625.82,125.82,117.5,117.5,9,9.0,6,6.0,2,2.0,1,1.0,66.67,66.67,2026-08-15,-,0,-
-,-,Goth444,-,1273.17,-1.76,1551.62,0.0,92.81,0.59,30,0.0,17,0.0,13,0.0,0,0.0,56.67,0.0,2024-02-23,-,0,-
1082,-3,Korsus,IT,1272.94,22.24,1379.66,24.24,35.57,0.67,234,6.0,92,5.0,141,1.0,1,0.0,39.32,1.16,2026-07-17,-,0,926.0
-,-,eugeneg,-,1272.65,-3.09,1432.51,0.0,53.29,1.03,202,0.0,95,0.0,105,0.0,2,0.0,47.03,0.0,2022-06-05,-,0,-
-,-,Hokingfai,HK,1272.24,-3.85,1413.27,0.0,47.01,1.28,240,0.0,98,0.0,139,0.0,3,0.0,40.83,0.0,2024-03-17,-,0,-
1083,-61,kabel2,DE,1271.98,-13.07,1350.36,-8.52,26.13,1.52,746,12.0,287,2.0,452,9.0,7,1.0,38.47,-0.36,2026-08-09,-,0,563.0
-,-,vosos,-,1271.68,-2.0,1516.95,0.0,81.76,0.67,42,0.0,24,0.0,18,0.0,0,0.0,57.14,0.0,2021-08-28,-,0,-
1084,22,Dakeyras,-,1271.33,35.62,1494.7,-40.85,74.46,-25.49,27,12.0,16,6.0,11,6.0,0,0.0,59.26,-7.41,2026-07-22,-,0,-
1085,-22,Oso,-,1270.9,9.68,1423.15,4.49,50.75,-1.73,67,6.0,25,3.0,42,3.0,0,0.0,37.31,1.24,2026-07-22,-,0,926.0
-,-,Torfi_Torfnase,-,1270.67,-1.19,1681.87,0.0,137.07,0.4,8,0.0,5,0.0,3,0.0,0,0.0,62.5,0.0,2022-01-01,-,0,-
-,-,Fall87,-,1270.62,-3.06,1433.96,0.0,54.45,1.02,168,0.0,77,0.0,90,0.0,1,0.0,45.83,0.0,2022-03-06,-,0,-
-,-,Polysics,-,1270.48,-1.6,1577.16,0.0,102.23,0.53,18,0.0,9,0.0,8,0.0,1,0.0,50.0,0.0,2020-12-06,-,0,-
-,-,joshthefunkdoc,-,1270.26,-1.98,1518.58,0.0,82.78,0.66,36,0.0,21,0.0,15,0.0,0,0.0,58.33,0.0,2020-06-28,-,0,-
1086,-39,Emerson6Motorcar,-,1270.08,-2.75,1450.45,0.0,60.12,0.92,39,0.0,14,0.0,25,0.0,0,0.0,35.9,0.0,2026-04-06,-,0,-
1087,7,Jesaphi,-,1270.07,26.76,1342.1,26.72,24.01,-0.01,754,41.0,284,25.0,463,16.0,7,0.0,37.67,1.34,2026-08-18,-,0,536.0
-,-,LeChuckichu,DK,1270.04,-3.13,1427.83,0.0,52.59,1.04,110,0.0,53,0.0,57,0.0,0,0.0,48.18,0.0,2023-12-03,-,0,-
1088,-43,botenmaru82,-,1269.93,-3.69,1406.77,0.0,45.61,1.23,108,0.0,45,0.0,59,0.0,4,0.0,41.67,0.0,2025-12-01,-,0,872.0
-,-,fygarslayer,-,1269.77,-2.57,1461.32,0.0,63.85,0.86,96,0.0,45,0.0,50,0.0,1,0.0,46.88,0.0,2021-03-02,-,0,-
1089,-7,Vegeta4791,-,1269.52,20.42,1339.89,21.69,23.46,0.42,756,41.0,270,22.0,481,17.0,5,2.0,35.71,1.02,2026-08-10,-,0,648.0
-,-,Minasei,-,1269.43,-2.59,1460.29,0.0,63.62,0.86,104,0.0,44,0.0,60,0.0,0,0.0,42.31,0.0,2021-11-15,-,0,-
1090,-53,Kozzilla,-,1269.06,-9.59,1365.11,-5.73,32.02,1.29,335,6.0,124,1.0,207,5.0,4,0.0,37.01,-0.38,2026-08-03,-,0,670.0
-,-,ToastedLion,-,1268.87,-1.34,1634.41,0.0,121.85,0.45,12,0.0,11,0.0,1,0.0,0,0.0,91.67,0.0,2022-08-30,-,0,-
-,-,Irishdomer08,-,1268.65,-3.07,1431.38,0.0,54.24,1.02,336,0.0,135,0.0,199,0.0,2,0.0,40.18,0.0,2021-09-05,G,4,-
1091,unretired,LMH,-,1268.41,-12.45,1458.64,-25.79,63.41,-4.45,46,6.0,21,2.0,25,4.0,0,0.0,45.65,-1.85,2026-07-22,-,0,939.0
-,-,Tenebrane,-,1268.27,-3.15,1425.81,0.0,52.52,1.05,81,0.0,35,0.0,46,0.0,0,0.0,43.21,0.0,2025-02-03,-,0,1067.0
-,-,Rossonerix10x,-,1268.1,-4.68,1371.72,0.0,34.54,1.56,662,0.0,283,0.0,373,0.0,6,0.0,42.75,0.0,2025-01-16,-,0,1184.0
-,-,CrAzian18,-,1267.89,-2.97,1435.97,0.0,56.03,0.99,75,0.0,33,0.0,42,0.0,0,0.0,44.0,0.0,2025-03-06,-,0,939.0
-,-,RandySandy,-,1267.75,-1.6,1573.97,0.0,102.07,0.53,24,0.0,16,0.0,8,0.0,0,0.0,66.67,0.0,2020-05-26,-,0,-
-,-,AmosCai,-,1267.74,-2.63,1454.95,0.0,62.4,0.88,80,0.0,38,0.0,40,0.0,2,0.0,47.5,0.0,2022-08-29,-,0,-
-,-,hhahanext,-,1267.18,-2.5,1464.13,0.0,65.65,0.83,40,0.0,16,0.0,24,0.0,0,0.0,40.0,0.0,2025-03-25,-,0,939.0
-,-,maciejka,-,1267.18,-2.02,1509.81,0.0,80.88,0.67,30,0.0,12,0.0,18,0.0,0,0.0,40.0,0.0,2024-04-04,-,0,-
-,-,yojimbo79,PL,1266.71,-3.09,1426.68,0.0,53.32,1.03,136,0.0,66,0.0,69,0.0,1,0.0,48.53,0.0,2022-11-25,-,0,-
-,-,Massi1971,-,1266.48,-2.52,1465.04,0.0,66.19,0.84,96,0.0,41,0.0,55,0.0,0,0.0,42.71,0.0,2021-03-02,-,0,-
-,-,KrolKarol,-,1266.23,-2.43,1468.61,0.0,67.46,0.81,48,0.0,22,0.0,26,0.0,0,0.0,45.83,0.0,2024-04-04,-,0,-
1092,-42,Silmegil,-,1265.85,-3.03,1429.94,0.0,54.7,1.01,93,0.0,40,0.0,53,0.0,0,0.0,43.01,0.0,2026-05-29,-,0,-
-,-,Foujou,-,1265.76,-1.97,1514.92,0.0,83.05,0.66,30,0.0,16,0.0,14,0.0,0,0.0,53.33,0.0,2024-02-23,-,0,-
-,-,szaibot,-,1265.67,-2.98,1436.73,0.0,57.02,0.99,192,0.0,84,0.0,108,0.0,0,0.0,43.75,0.0,2021-09-05,-,0,-
1093,-60,OodOok,-,1265.51,-14.92,1367.27,-27.29,33.92,-4.13,144,31.0,53,11.0,90,20.0,1,0.0,36.81,-0.36,2026-08-11,-,0,1375.0
1094,-62,Larsusvonundzu,-,1265.39,-15.14,1340.62,-17.51,25.08,-0.79,333,41.0,138,13.0,194,28.0,1,0.0,41.44,-1.37,2026-08-17,-,0,746.0
1095,-40,ZHULIN,-,1265.35,-1.49,1594.21,0.0,109.62,0.5,11,0.0,6,0.0,5,0.0,0,0.0,54.55,0.0,2026-02-22,-,0,-
1096,-54,qige,-,1265.08,-10.76,1410.3,-14.94,48.41,-1.39,81,6.0,30,2.0,50,4.0,1,0.0,37.04,-0.29,2026-07-31,-,0,918.0
-,-,Philihp,-,1264.55,-2.9,1443.44,0.0,59.63,0.97,126,0.0,56,0.0,68,0.0,2,0.0,44.44,0.0,2021-12-05,-,0,-
-,-,berpdreyfuss,-,1264.48,-3.52,1404.74,0.0,46.75,1.17,300,0.0,126,0.0,173,0.0,1,0.0,42.0,0.0,2023-03-01,-,0,-
1097,-43,KYO,-,1264.01,-3.23,1416.7,0.0,50.9,1.08,85,0.0,32,0.0,53,0.0,0,0.0,37.65,0.0,2026-02-04,-,0,939.0
1098,-46,yezebel,-,1264.01,-3.89,1391.76,0.0,42.59,1.3,93,0.0,38,0.0,55,0.0,0,0.0,40.86,0.0,2026-04-15,-,0,1118.0
-,-,bigbigfanta,-,1263.67,-1.32,1635.72,0.0,124.02,0.44,12,0.0,7,0.0,5,0.0,0,0.0,58.33,0.0,2022-02-01,-,0,-
-,-,Cuna_General,-,1263.56,-1.84,1529.84,0.0,88.76,0.61,36,0.0,20,0.0,16,0.0,0,0.0,55.56,0.0,2020-12-06,-,0,-
-,-,Azazelek,-,1263.42,-3.02,1426.74,0.0,54.44,1.01,77,0.0,30,0.0,45,0.0,2,0.0,38.96,0.0,2024-04-04,-,0,-
1099,-88,Jaan,-,1263.42,-26.17,1436.6,-35.31,57.73,-3.05,46,6.0,16,0.0,29,5.0,1,1.0,34.78,-5.22,2026-08-10,-,0,-
1100,-44,Partyshank,-,1262.41,-4.22,1350.43,-0.27,29.34,1.32,745,6.0,288,2.0,453,4.0,4,0.0,38.66,-0.04,2026-07-31,-,0,589.0
1101,-34,Perrary,-,1262.37,2.45,1407.99,-0.81,48.54,-1.09,66,6.0,31,2.0,35,4.0,0,0.0,46.97,-1.36,2026-07-24,-,0,989.0
-,-,Galten,-,1261.95,-1.99,1508.48,0.0,82.18,0.66,30,0.0,15,0.0,15,0.0,0,0.0,50.0,0.0,2024-02-23,-,0,-
1102,-423,Faeyon,-,1261.92,-170.64,1402.98,-206.88,47.02,-12.08,130,29.0,44,0.0,81,25.0,5,4.0,33.85,-9.71,2026-07-21,-,0,-
-,-,Hendra,-,1261.82,-3.51,1404.84,0.0,47.67,1.17,231,0.0,97,0.0,131,0.0,3,0.0,41.99,0.0,2023-12-03,-,0,-
-,-,orangeextract,-,1261.66,-3.26,1415.01,0.0,51.12,1.09,198,0.0,90,0.0,104,0.0,4,0.0,45.45,0.0,2022-11-27,-,0,-
-,-,Yunseok,-,1261.61,-2.96,1434.58,0.0,57.65,0.99,75,0.0,31,0.0,44,0.0,0,0.0,41.33,0.0,2024-04-04,-,0,-
1103,-50,sbaro,-,1261.23,-6.11,1356.47,0.0,31.74,2.04,384,0.0,157,0.0,224,0.0,3,0.0,40.89,0.0,2025-11-30,-,0,578.0
-,-,PIRCSUPREME,-,1260.8,-3.09,1424.56,0.0,54.58,1.03,66,0.0,29,0.0,35,0.0,2,0.0,43.94,0.0,2025-07-14,-,0,852.0
-,-,Riences,-,1260.71,-2.63,1453.82,0.0,64.37,0.88,96,0.0,45,0.0,49,0.0,2,0.0,46.88,0.0,2021-12-05,-,0,-
-,-,Korn73,-,1260.69,-1.43,1603.28,0.0,114.19,0.48,18,0.0,13,0.0,5,0.0,0,0.0,72.22,0.0,2019-12-30,-,0,-
-,-,The_strategiser,FR,1260.68,-3.18,1418.55,0.0,52.62,1.06,81,0.0,30,0.0,49,0.0,2,0.0,37.04,0.0,2024-09-15,-,0,-
-,-,est,-,1260.66,-1.72,1545.23,0.0,94.85,0.57,22,0.0,14,0.0,8,0.0,0,0.0,63.64,0.0,2021-12-05,-,0,-
-,-,Vitezslack,-,1260.38,-2.66,1451.7,0.0,63.77,0.89,93,0.0,43,0.0,48,0.0,2,0.0,46.24,0.0,2021-09-05,-,0,-
1104,-44,T.KAZ3-1,-,1260.31,-3.27,1414.42,0.0,51.37,1.09,80,0.0,42,0.0,38,0.0,0,0.0,52.5,0.0,2026-01-16,-,0,-
-,-,Dario5,-,1259.92,-1.73,1544.31,0.0,94.8,0.58,36,0.0,22,0.0,14,0.0,0,0.0,61.11,0.0,2019-02-17,-,0,-
-,-,Marassi,BR,1259.42,-3.38,1408.32,0.0,49.63,1.13,216,0.0,92,0.0,122,0.0,2,0.0,42.59,0.0,2023-02-22,-,0,-
1105,-43,thomas.h.hoff,NO,1259.21,-2.96,1352.97,-0.76,31.25,0.73,412,10.0,148,3.0,263,7.0,1,0.0,35.92,-0.15,2026-08-03,-,0,690.0
-,-,Roh,-,1259.16,-1.49,1586.9,0.0,109.24,0.5,18,0.0,13,0.0,5,0.0,0,0.0,72.22,0.0,2021-06-02,-,0,-
-,-,petite-lambda,-,1259.06,-1.17,1677.98,0.0,139.64,0.39,8,0.0,5,0.0,3,0.0,0,0.0,62.5,0.0,2022-01-01,-,0,-
-,-,TheMorat,-,1258.88,-2.19,1482.63,0.0,74.58,0.73,36,0.0,14,0.0,22,0.0,0,0.0,38.89,0.0,2023-04-16,-,0,-
-,-,HarryW,-,1258.53,-2.42,1461.69,0.0,67.72,0.81,42,0.0,15,0.0,27,0.0,0,0.0,35.71,0.0,2024-02-20,-,0,-
1106,-58,PunchHorse,-,1258.34,-12.09,1466.12,-28.1,69.26,-5.33,30,6.0,16,3.0,13,3.0,1,0.0,53.33,-0.84,2026-07-21,-,0,-
-,-,ALEKYD,-,1258.13,-2.4,1462.6,0.0,68.16,0.8,58,0.0,33,0.0,24,0.0,1,0.0,56.9,0.0,2021-12-05,-,0,-
-,-,Lennart,-,1257.58,-2.9,1427.99,0.0,56.8,0.97,112,0.0,45,0.0,67,0.0,0,0.0,40.18,0.0,2024-04-04,-,0,-
-,-,Mulkabu,-,1257.15,-2.13,1489.66,0.0,77.5,0.71,54,0.0,22,0.0,30,0.0,2,0.0,40.74,0.0,2020-09-27,G,2,-
1107,-63,Fullynice,-,1257.15,-17.44,1323.2,-15.33,22.02,0.7,1265,41.0,477,12.0,778,28.0,10,1.0,37.71,-0.28,2026-08-21,-,0,508.0
1108,-31,Cromlech,-,1256.25,4.93,1339.12,0.74,27.62,-1.4,273,36.0,106,15.0,164,20.0,3,1.0,38.83,0.43,2026-08-02,-,0,705.0
-,-,cardboard,-,1255.97,-1.99,1503.43,0.0,82.48,0.66,25,0.0,11,0.0,14,0.0,0,0.0,44.0,0.0,2025-02-02,-,0,989.0
-,-,Manish05,-,1255.81,-2.67,1449.53,0.0,64.57,0.89,120,0.0,56,0.0,62,0.0,2,0.0,46.67,0.0,2021-03-02,G,2,-
-,-,joelo,-,1255.65,-2.33,1465.74,0.0,70.03,0.78,78,0.0,32,0.0,46,0.0,0,0.0,41.03,0.0,2020-12-06,-,0,-
1109,unretired,araknid,ES,1255.28,-31.01,1473.25,-41.02,72.66,-3.34,27,3.0,11,0.0,14,3.0,2,0.0,40.74,-5.09,2026-06-23,-,0,1116.0
-,-,TepSloan,-,1255.04,-3.63,1393.5,0.0,46.15,1.21,286,0.0,129,0.0,154,0.0,3,0.0,45.1,0.0,2023-08-24,-,0,-
1110,-30,minzent,-,1254.82,4.38,1370.62,4.85,38.6,0.16,137,6.0,47,3.0,89,3.0,1,0.0,34.31,0.72,2026-08-06,-,0,913.0
-,-,icarium_jag,-,1254.66,-2.84,1431.49,0.0,58.94,0.95,126,0.0,58,0.0,66,0.0,2,0.0,46.03,0.0,2021-12-05,-,0,-
1111,-39,Aramirezm,-,1254.43,-1.56,1567.53,0.0,104.37,0.52,16,0.0,8,0.0,6,0.0,2,0.0,50.0,0.0,2026-01-10,-,0,-
1112,-43,Kuti,-,1254.29,-2.88,1425.24,0.0,56.98,0.96,55,0.0,20,0.0,34,0.0,1,0.0,36.36,0.0,2026-01-30,-,0,1067.0
-,-,tarmapas,-,1254.04,-2.54,1447.13,0.0,64.37,0.85,95,0.0,45,0.0,49,0.0,1,0.0,47.37,0.0,2023-01-15,-,0,-
-,-,Djurre,-,1253.54,-2.18,1479.6,0.0,75.35,0.73,36,0.0,16,0.0,20,0.0,0,0.0,44.44,0.0,2022-03-06,-,0,-
1113,-47,eaguirre,-,1253.23,-6.7,1352.12,0.0,32.96,2.23,681,0.0,297,0.0,377,0.0,7,0.0,43.61,0.0,2025-11-30,-,0,1181.0
1114,-57,Tuisku,-,1253.17,-11.55,1389.23,-10.59,45.35,0.32,101,3.0,37,1.0,62,2.0,2,0.0,36.63,-0.1,2026-07-09,-,0,989.0
-,-,Nevadar,-,1252.81,-3.94,1380.02,0.0,42.41,1.31,113,0.0,47,0.0,65,0.0,1,0.0,41.59,0.0,2025-08-31,-,0,791.0
-,-,Dies,-,1252.74,-2.23,1472.32,0.0,73.19,0.74,54,0.0,29,0.0,25,0.0,0,0.0,53.7,0.0,2021-06-02,-,0,-
1115,-37,ClaridadNocturna,ES,1252.34,1.31,1333.15,0.18,26.94,-0.38,582,30.0,207,13.0,373,17.0,2,0.0,35.57,0.43,2026-08-11,-,0,700.0
1116,-52,PacoHolliday,-,1251.79,-8.58,1327.48,-9.29,25.23,-0.24,520,37.0,190,13.0,327,24.0,3,0.0,36.54,-0.11,2026-08-12,-,0,505.0
1117,-34,Daze,-,1250.85,2.35,1330.68,-0.48,26.61,-0.95,369,41.0,125,17.0,237,23.0,7,1.0,33.88,0.95,2026-08-18,-,0,670.0
-,-,DrewTheBold,-,1250.58,-2.19,1478.14,0.0,75.85,0.73,54,0.0,29,0.0,25,0.0,0,0.0,53.7,0.0,2021-03-02,-,0,-
1118,-48,weed14,SG,1250.48,-6.68,1346.2,0.0,31.91,2.23,853,0.0,345,0.0,504,0.0,4,0.0,40.45,0.0,2025-11-30,-,0,932.0
-,-,AsukaBlank,-,1250.4,-2.59,1441.89,0.0,63.83,0.86,71,0.0,34,0.0,32,0.0,5,0.0,47.89,0.0,2023-01-15,-,0,-
1119,-44,Igelkotten,-,1250.22,-2.95,1356.84,-3.95,35.54,-0.33,168,13.0,65,3.0,102,10.0,1,0.0,38.69,-1.31,2026-08-08,-,0,687.0
-,-,ShifuZan,-,1250.09,-1.84,1515.72,0.0,88.54,0.61,24,0.0,12,0.0,12,0.0,0,0.0,50.0,0.0,2021-11-26,-,0,-
-,-,RobertDeSable,-,1249.73,-1.13,1683.7,0.0,144.66,0.38,6,0.0,4,0.0,2,0.0,0,0.0,66.67,0.0,2023-10-09,-,0,-
-,-,zaan,-,1249.58,-1.29,1628.54,0.0,126.32,0.43,18,0.0,11,0.0,6,0.0,1,0.0,61.11,0.0,2020-06-28,-,0,-
-,-,Chul,-,1249.44,-2.74,1429.47,0.0,60.01,0.91,198,0.0,85,0.0,109,0.0,4,0.0,42.93,0.0,2020-12-06,G,2,-
1120,-47,Jived,IT,1249.38,-4.55,1358.98,0.0,36.53,1.52,226,0.0,100,0.0,124,0.0,2,0.0,44.25,0.0,2026-01-29,-,0,841.0
-,-,Dugy,-,1249.34,-3.73,1394.69,0.0,48.45,1.24,271,0.0,111,0.0,158,0.0,2,0.0,40.96,0.0,2023-06-04,-,0,-
-,-,snowcrush,SG,1249.31,-3.58,1416.36,0.0,55.68,1.19,180,0.0,74,0.0,104,0.0,2,0.0,41.11,0.0,2022-11-27,-,0,-
-,-,Tugger,-,1249.07,-2.13,1482.48,0.0,77.8,0.71,54,0.0,28,0.0,26,0.0,0,0.0,51.85,0.0,2020-12-06,-,0,-
-,-,Nanu,-,1248.83,-2.39,1454.34,0.0,68.5,0.8,36,0.0,11,0.0,25,0.0,0,0.0,30.56,0.0,2025-03-01,-,0,939.0
-,-,ibptank,-,1248.65,-1.38,1603.19,0.0,118.18,0.46,12,0.0,5,0.0,7,0.0,0,0.0,41.67,0.0,2022-02-01,-,0,-
-,-,ivantz,-,1248.57,-2.38,1454.5,0.0,68.64,0.79,120,0.0,57,0.0,63,0.0,0,0.0,47.5,0.0,2020-05-24,-,0,-
-,-,ManateeOverlord,-,1248.47,-1.61,1553.55,0.0,101.69,0.54,18,0.0,11,0.0,7,0.0,0,0.0,61.11,0.0,2020-09-27,-,0,-
1121,82,Leoneed.P87,-,1248.35,80.0,1439.02,64.77,63.56,-5.07,36,6.0,17,5.0,19,1.0,0,0.0,47.22,7.22,2026-07-28,-,0,-
-,-,claybirds,-,1247.98,-2.64,1436.48,0.0,62.83,0.88,108,0.0,50,0.0,57,0.0,1,0.0,46.3,0.0,2021-03-02,-,0,-
1122,-54,Rako,-,1247.76,-10.23,1436.66,-27.37,62.97,-5.71,36,6.0,18,1.0,18,5.0,0,0.0,50.0,-6.67,2026-08-05,-,0,1287.0
1123,-42,yourdearbrother,-,1247.56,-2.63,1435.89,0.0,62.77,0.88,45,0.0,16,0.0,29,0.0,0,0.0,35.56,0.0,2026-03-21,-,0,-
-,-,Kirill,-,1247.51,-2.95,1430.7,0.0,61.06,0.98,90,0.0,39,0.0,51,0.0,0,0.0,43.33,0.0,2022-03-06,-,0,-
-,-,Midyat,-,1247.48,-3.03,1411.06,0.0,54.53,1.01,71,0.0,25,0.0,46,0.0,0,0.0,35.21,0.0,2025-01-19,-,0,989.0
1124,-48,Wolfdragons,-,1247.24,-5.25,1388.27,-9.0,47.01,-1.25,69,6.0,29,2.0,40,4.0,0,0.0,42.03,-0.83,2026-08-11,-,0,-
-,-,Sinkadus,SE,1247.23,-3.75,1385.02,0.0,45.93,1.25,286,0.0,122,0.0,160,0.0,4,0.0,42.66,0.0,2024-06-02,-,0,-
-,-,Rgjensen,-,1247.18,-2.09,1483.06,0.0,78.63,0.7,30,0.0,12,0.0,18,0.0,0,0.0,40.0,0.0,2025-02-05,-,0,989.0
-,-,StudyCZ,-,1247.12,-2.79,1424.95,0.0,59.28,0.93,162,0.0,72,0.0,90,0.0,0,0.0,44.44,0.0,2021-05-30,-,0,-
1125,new,dubler,-,1246.52,796.52,1492.18,-7.82,81.89,81.89,18,18.0,9,9.0,9,9.0,0,0.0,50.0,50.0,2026-07-27,-,0,-
-,-,SuwalaT,-,1246.4,-3.44,1396.55,0.0,50.05,1.15,324,0.0,124,0.0,196,0.0,4,0.0,38.27,0.0,2023-09-03,G,2,-
-,-,DanReyLop,-,1246.38,-2.48,1444.56,0.0,66.06,0.83,40,0.0,20,0.0,20,0.0,0,0.0,50.0,0.0,2025-03-16,-,0,939.0
-,-,Viler,-,1246.07,-3.48,1392.29,0.0,48.74,1.16,189,0.0,74,0.0,114,0.0,1,0.0,39.15,0.0,2024-03-03,-,0,-
1126,-42,Pieter_NL,-,1245.87,-2.03,1487.76,0.0,80.63,0.68,24,0.0,11,0.0,13,0.0,0,0.0,45.83,0.0,2026-02-06,-,0,-
-,-,Gladue,-,1245.67,-2.1,1479.7,0.0,78.01,0.7,34,0.0,12,0.0,22,0.0,0,0.0,35.29,0.0,2023-03-05,-,0,-
1127,-78,peppe76,-,1245.55,-24.77,1321.75,-23.08,25.4,0.56,854,28.0,322,5.0,521,23.0,11,0.0,37.7,-0.68,2026-08-01,-,0,640.0
-,-,jamieIsMyNamie,-,1245.53,-3.02,1420.92,0.0,58.46,1.01,192,0.0,84,0.0,106,0.0,2,0.0,43.75,0.0,2021-08-26,-,0,-
-,-,draxius,-,1245.37,-2.76,1423.46,0.0,59.36,0.92,68,0.0,26,0.0,42,0.0,0,0.0,38.24,0.0,2024-04-04,-,0,-
1128,-17,Voras,-,1245.32,15.78,1395.55,15.01,50.08,-0.26,63,3.0,23,2.0,37,1.0,3,0.0,36.51,1.51,2026-06-28,-,0,989.0
1129,-44,oPPer,-,1244.85,-2.27,1461.33,0.0,72.16,0.76,30,0.0,12,0.0,18,0.0,0,0.0,40.0,0.0,2026-01-29,-,0,-
-,-,Tings,-,1244.71,-1.09,1691.86,0.0,149.05,0.36,7,0.0,7,0.0,0,0.0,0,0.0,100.0,0.0,2024-08-11,-,0,-
-,-,CRISPYBABY,-,1244.45,-2.49,1442.44,0.0,65.99,0.83,45,0.0,21,0.0,24,0.0,0,0.0,46.67,0.0,2024-04-04,-,0,-
-,-,MiYA,-,1244.04,-1.08,1696.36,0.0,150.77,0.36,8,0.0,5,0.0,3,0.0,0,0.0,62.5,0.0,2022-01-01,-,0,-
1130,-43,vuffe,-,1243.73,-2.51,1440.47,0.0,65.58,0.84,36,0.0,15,0.0,20,0.0,1,0.0,41.67,0.0,2026-03-05,-,0,-
-,-,dickhui,-,1243.34,-2.02,1486.76,0.0,81.14,0.67,36,0.0,20,0.0,16,0.0,0,0.0,55.56,0.0,2021-03-02,-,0,-
1131,-70,Dienekes,-,1243.22,-20.05,1314.43,-16.55,23.74,1.17,1399,41.0,468,7.0,920,34.0,11,0.0,33.45,-0.5,2026-08-09,-,0,533.0
1132,-30,Rebel_Rebs,-,1243.03,5.27,1329.39,5.0,28.78,-0.09,275,23.0,101,10.0,171,13.0,3,0.0,36.73,0.62,2026-08-10,-,0,836.0
1133,-68,xeveli,CZ,1242.92,-17.1,1321.47,-15.47,26.18,0.54,564,25.0,197,6.0,367,19.0,0,0.0,34.93,-0.51,2026-08-15,-,0,687.0
-,-,Hamtes,CZ,1242.9,-3.01,1405.74,0.0,54.28,1.0,84,0.0,29,0.0,53,0.0,2,0.0,34.52,0.0,2023-12-03,-,0,-
1134,-35,Garhett,-,1242.71,4.63,1391.53,0.85,49.61,-1.26,66,6.0,25,2.0,40,4.0,1,0.0,37.88,-0.45,2026-07-22,-,0,939.0
-,-,Preadicator,-,1242.52,-1.36,1602.08,0.0,119.85,0.45,12,0.0,7,0.0,5,0.0,0,0.0,58.33,0.0,2020-11-28,-,0,-
1135,-10,ThomasM,-,1242.45,24.24,1338.41,21.79,31.99,-0.81,270,18.0,93,12.0,174,6.0,3,0.0,34.44,2.3,2026-07-15,-,0,918.0
-,-,Schallers3000,DE,1242.41,-7.07,1380.07,0.0,45.89,2.36,735,0.0,300,0.0,427,0.0,8,0.0,40.82,0.0,2024-10-01,G,4,-
-,-,RELandREL,-,1242.24,-1.7,1530.87,0.0,96.21,0.57,17,0.0,10,0.0,7,0.0,0,0.0,58.82,0.0,2023-01-22,-,0,-
1136,-47,Raasay,-,1242.16,-2.86,1414.48,0.0,57.44,0.95,60,0.0,23,0.0,37,0.0,0,0.0,38.33,0.0,2026-02-10,-,0,989.0
-,-,norkle,-,1241.9,-2.88,1414.18,0.0,57.43,0.96,246,0.0,84,0.0,157,0.0,5,0.0,34.15,0.0,2021-06-02,-,0,-
1137,-49,Bonneville22,-,1241.6,-3.44,1331.24,-3.11,29.88,0.11,273,19.0,106,7.0,162,12.0,5,0.0,38.83,-0.15,2026-08-11,-,0,836.0
1138,-46,bltoby,-,1241.55,-1.96,1492.43,0.0,83.63,0.65,25,0.0,10,0.0,15,0.0,0,0.0,40.0,0.0,2026-02-02,-,0,-
-,-,alienchick,-,1241.47,-2.72,1432.09,0.0,63.54,0.91,90,0.0,37,0.0,52,0.0,1,0.0,41.11,0.0,2021-08-16,-,0,-
-,-,rslyzc,-,1241.32,-2.34,1450.98,0.0,69.88,0.78,45,0.0,19,0.0,26,0.0,0,0.0,42.22,0.0,2024-04-04,-,0,-
1139,-49,trojanrabbit,-,1240.63,-4.09,1364.64,0.0,41.34,1.36,180,0.0,76,0.0,103,0.0,1,0.0,42.22,0.0,2026-01-19,-,0,1269.0
-,-,Nieva,-,1240.62,-1.86,1503.55,0.0,87.64,0.62,25,0.0,12,0.0,13,0.0,0,0.0,48.0,0.0,2023-04-02,-,0,-
-,-,BoB94,-,1240.39,-2.47,1438.96,0.0,66.19,0.82,45,0.0,14,0.0,30,0.0,1,0.0,31.11,0.0,2024-07-01,-,0,-
-,-,18544415,-,1240.21,-1.84,1506.39,0.0,88.73,0.61,21,0.0,11,0.0,10,0.0,0,0.0,52.38,0.0,2025-01-06,-,0,989.0
-,-,ivanvanya,RU,1240.09,-1.58,1549.34,0.0,103.08,0.53,18,0.0,11,0.0,5,0.0,2,0.0,61.11,0.0,2023-06-04,-,0,-
1140,-47,rem_Abaddon,-,1239.79,-3.57,1400.92,-10.96,53.71,-2.46,61,6.0,26,2.0,34,4.0,1,0.0,42.62,-1.02,2026-07-25,-,0,1067.0
-,-,Petardillo,-,1239.3,-2.49,1436.67,0.0,65.79,0.83,45,0.0,22,0.0,23,0.0,0,0.0,48.89,0.0,2024-04-04,-,0,-
1141,-45,ahr,-,1239.28,-2.33,1450.47,0.0,70.4,0.78,30,0.0,10,0.0,20,0.0,0,0.0,33.33,0.0,2026-02-06,-,0,-
1142,161,NoJoVin,-,1238.72,175.16,1426.04,88.66,62.44,-28.83,36,18.0,17,12.0,19,6.0,0,0.0,47.22,19.44,2026-07-18,-,0,-
-,-,GoguGeologul,-,1238.7,-3.18,1411.33,0.0,57.54,1.06,89,0.0,39,0.0,48,0.0,2,0.0,43.82,0.0,2023-09-03,-,0,-
1143,-69,Krzolek,-,1238.0,-15.32,1374.75,-16.77,45.58,-0.48,86,6.0,32,0.0,52,6.0,2,0.0,37.21,-2.79,2026-07-23,-,0,1381.0
-,-,NillisLukins,-,1237.69,-1.88,1499.31,0.0,87.21,0.63,36,0.0,22,0.0,14,0.0,0,0.0,61.11,0.0,2020-06-28,-,0,-
1144,-53,Claudius74,CA,1237.67,-5.84,1305.31,-3.41,22.55,0.81,1211,41.0,442,16.0,763,25.0,6,0.0,36.5,0.09,2026-08-13,-,0,558.0
-,-,Vaalna,-,1237.5,-1.71,1524.59,0.0,95.7,0.57,25,0.0,12,0.0,13,0.0,0,0.0,48.0,0.0,2024-02-23,-,0,-
-,-,Alyx,-,1237.4,-2.53,1440.98,0.0,67.86,0.84,90,0.0,40,0.0,48,0.0,2,0.0,44.44,0.0,2021-03-02,-,0,-
-,-,Caracalla,-,1237.09,-4.61,1346.88,0.0,36.6,1.54,332,0.0,133,0.0,198,0.0,1,0.0,40.06,0.0,2025-02-28,-,0,1170.0
1145,-2,Leonidas33,-,1236.49,30.76,1438.13,10.16,67.21,-6.87,39,6.0,20,4.0,19,2.0,0,0.0,51.28,2.8,2026-07-31,-,0,1118.0
-,-,Splitx,-,1236.42,-2.74,1420.55,0.0,61.38,0.91,114,0.0,51,0.0,59,0.0,4,0.0,44.74,0.0,2021-11-16,-,0,-
1146,-49,P-Funk,-,1236.42,-2.79,1412.97,0.0,58.85,0.93,76,0.0,36,0.0,38,0.0,2,0.0,47.37,0.0,2026-02-14,-,0,-
-,-,DangerGranger,-,1236.26,-1.55,1551.91,0.0,105.22,0.52,18,0.0,10,0.0,8,0.0,0,0.0,55.56,0.0,2020-06-28,-,0,-
-,-,lordofwales,DE,1236.18,-1.5,1562.09,0.0,108.63,0.5,18,0.0,12,0.0,6,0.0,0,0.0,66.67,0.0,2020-09-27,-,0,-
1147,13,Dave777,-,1235.67,39.12,1454.83,15.52,73.06,-7.86,36,6.0,16,3.0,20,3.0,0,0.0,44.44,1.11,2026-07-27,-,0,-
-,-,lorrico,-,1235.61,-1.78,1511.7,0.0,92.03,0.59,42,0.0,26,0.0,16,0.0,0,0.0,61.9,0.0,2020-11-27,-,0,-
-,-,TopDog,-,1235.29,-2.66,1420.99,0.0,61.9,0.89,45,0.0,21,0.0,24,0.0,0,0.0,46.67,0.0,2025-03-26,-,0,939.0
-,-,footjoy39,-,1235.23,-2.25,1453.68,0.0,72.82,0.75,30,0.0,17,0.0,13,0.0,0,0.0,56.67,0.0,2025-02-06,-,0,1067.0
-,-,Samus,-,1235.19,-2.27,1451.39,0.0,72.07,0.76,66,0.0,26,0.0,39,0.0,1,0.0,39.39,0.0,2020-12-06,-,0,-
-,-,Jaack,-,1235.17,-3.05,1403.56,0.0,56.13,1.02,166,0.0,74,0.0,88,0.0,4,0.0,44.58,0.0,2022-02-23,-,0,-
-,-,Jiggling,-,1234.79,-2.6,1424.83,0.0,63.35,0.87,108,0.0,42,0.0,66,0.0,0,0.0,38.89,0.0,2022-08-26,-,0,-
-,-,Twinkles,-,1234.71,-1.92,1491.04,0.0,85.45,0.64,36,0.0,17,0.0,19,0.0,0,0.0,47.22,0.0,2020-09-27,-,0,-
-,-,boltar,-,1234.32,-2.19,1460.43,0.0,75.37,0.73,60,0.0,29,0.0,31,0.0,0,0.0,48.33,0.0,2020-11-20,G,2,-
-,-,AyllonRafa,-,1234.32,-2.33,1445.78,0.0,70.49,0.78,84,0.0,38,0.0,44,0.0,2,0.0,45.24,0.0,2020-11-27,-,0,-
-,-,Stevenlan90,-,1234.18,-2.99,1404.5,0.0,56.77,1.0,150,0.0,66,0.0,82,0.0,2,0.0,44.0,0.0,2024-02-23,-,0,-
-,-,awh1979,-,1233.95,-3.41,1385.69,0.0,50.58,1.14,218,0.0,85,0.0,132,0.0,1,0.0,38.99,0.0,2023-03-01,-,0,-
1148,-40,sackn,-,1233.89,-0.54,1429.17,-19.02,65.09,-6.16,36,6.0,14,2.0,21,4.0,1,0.0,38.89,-1.11,2026-07-29,-,0,-
1149,-128,Ivan04,-,1233.82,-51.92,1340.66,-59.79,35.61,-2.62,146,26.0,51,0.0,91,22.0,4,4.0,34.93,-7.57,2026-08-12,-,0,1065.0
-,-,Cope,-,1233.61,-2.45,1446.98,0.0,71.12,0.82,66,0.0,33,0.0,33,0.0,0,0.0,50.0,0.0,2021-03-02,-,0,-
1150,-40,Panxo,CL,1233.35,2.44,1331.33,2.57,32.66,0.04,214,12.0,77,5.0,133,7.0,4,0.0,35.98,0.34,2026-08-01,-,0,922.0
-,-,Oslot,-,1232.94,-2.98,1401.16,0.0,56.07,0.99,115,0.0,54,0.0,61,0.0,0,0.0,46.96,0.0,2023-08-03,-,0,-
1151,-48,lzhon002,-,1232.94,-3.56,1371.14,0.0,46.07,1.19,96,0.0,41,0.0,55,0.0,0,0.0,42.71,0.0,2026-02-07,-,0,1184.0
-,-,Piotr33,PL,1232.93,-3.77,1363.93,0.0,43.67,1.26,214,0.0,74,0.0,136,0.0,4,0.0,34.58,0.0,2024-08-11,-,0,-
-,-,FLOW_OF_C_H,-,1232.75,-2.03,1475.2,0.0,80.81,0.68,31,0.0,15,0.0,15,0.0,1,0.0,48.39,0.0,2024-04-04,-,0,-
-,-,Shaeff,-,1232.69,-2.49,1430.13,0.0,65.81,0.83,52,0.0,29,0.0,23,0.0,0,0.0,55.77,0.0,2023-04-16,-,0,-
-,-,JTazz01,-,1232.63,-2.71,1415.75,0.0,61.04,0.9,90,0.0,41,0.0,49,0.0,0,0.0,45.56,0.0,2022-03-06,-,0,-
-,-,phixed,-,1232.6,-3.49,1379.96,0.0,49.12,1.16,294,0.0,128,0.0,163,0.0,3,0.0,43.54,0.0,2024-11-30,-,0,1287.0
1152,-24,bobcatbob,-,1232.33,18.25,1297.9,20.9,21.86,0.88,1124,40.0,377,22.0,743,17.0,4,1.0,33.54,0.79,2026-08-11,-,0,565.0
1153,13,Micha501,-,1232.26,42.43,1352.06,26.77,39.93,-5.22,102,23.0,37,11.0,63,12.0,2,0.0,36.27,3.36,2026-08-10,-,0,1118.0
1154,34,Frank92,-,1232.03,51.92,1450.42,21.94,72.8,-9.99,31,6.0,18,3.0,13,3.0,0,0.0,58.06,-1.94,2026-07-26,-,0,1286.0
-,-,Durin_NL,NL,1231.71,-2.86,1403.99,0.0,57.43,0.95,99,0.0,41,0.0,57,0.0,1,0.0,41.41,0.0,2023-02-28,-,0,-
-,-,Museos,-,1231.52,-1.18,1646.66,0.0,138.38,0.39,12,0.0,8,0.0,4,0.0,0,0.0,66.67,0.0,2020-08-23,-,0,-
-,-,Hamsert,-,1231.49,-2.43,1434.71,0.0,67.74,0.81,66,0.0,31,0.0,34,0.0,1,0.0,46.97,0.0,2021-09-05,-,0,-
-,-,ActuaryKing,-,1231.42,-2.53,1425.8,0.0,64.79,0.84,108,0.0,48,0.0,59,0.0,1,0.0,44.44,0.0,2021-03-02,-,0,-
-,-,majortom111,-,1231.2,-3.36,1381.0,0.0,49.93,1.12,233,0.0,94,0.0,137,0.0,2,0.0,40.34,0.0,2023-07-15,-,0,-
-,-,DDD_D,-,1231.17,-2.19,1456.57,0.0,75.13,0.73,30,0.0,11,0.0,19,0.0,0,0.0,36.67,0.0,2025-01-27,-,0,989.0
-,-,8bitMeeple,-,1230.8,-3.5,1377.6,0.0,48.93,1.17,307,0.0,127,0.0,179,0.0,1,0.0,41.37,0.0,2023-01-15,-,0,-
-,-,mazir,-,1230.76,-4.2,1352.78,0.0,40.68,1.4,248,0.0,94,0.0,154,0.0,0,0.0,37.9,0.0,2024-09-04,-,0,-
1155,-55,JohnnyMac,-,1230.67,-7.34,1301.35,-4.46,23.56,0.96,1259,35.0,459,10.0,778,25.0,22,0.0,36.46,-0.22,2026-08-23,-,0,512.0
1156,-47,cagreat1,-,1230.67,-2.21,1452.56,0.0,73.96,0.74,30,0.0,14,0.0,16,0.0,0,0.0,46.67,0.0,2026-02-03,-,0,-
1157,-52,NovusIgnis,US,1230.62,-5.28,1333.19,0.0,34.19,1.76,478,0.0,181,0.0,294,0.0,3,0.0,37.87,0.0,2026-02-28,-,0,985.0
1158,43,KeNMansters,-,1230.59,62.06,1437.95,42.62,69.12,-6.48,31,6.0,15,4.0,16,2.0,0,0.0,48.39,4.39,2026-07-31,-,0,-
-,-,Betasuppe,-,1230.35,-1.4,1578.95,0.0,116.2,0.47,12,0.0,7,0.0,5,0.0,0,0.0,58.33,0.0,2020-11-18,-,0,-
-,-,Kaiba0710,-,1230.28,-2.14,1459.36,0.0,76.36,0.71,36,0.0,18,0.0,17,0.0,1,0.0,50.0,0.0,2021-12-05,-,0,-
-,-,feanorek,-,1230.02,-1.57,1541.39,0.0,103.79,0.52,18,0.0,9,0.0,9,0.0,0,0.0,50.0,0.0,2020-09-27,-,0,-
-,-,SonnyBB,-,1229.86,-1.94,1483.04,0.0,84.4,0.65,32,0.0,18,0.0,14,0.0,0,0.0,56.25,0.0,2022-02-26,-,0,-
1159,-13,clemy,-,1229.75,24.85,1402.76,-6.68,57.67,-10.51,50,13.0,17,5.0,32,8.0,1,0.0,34.0,1.57,2026-08-10,-,0,-
-,-,Krill,-,1229.63,-2.19,1453.51,0.0,74.63,0.73,72,0.0,31,0.0,41,0.0,0,0.0,43.06,0.0,2020-09-27,-,0,-
1160,-9,MajorGaz,-,1229.4,26.83,1337.61,23.12,36.07,-1.24,307,16.0,109,8.0,196,7.0,2,1.0,35.5,0.79,2026-08-11,-,0,-
-,-,bloodies,-,1229.06,-1.52,1551.63,0.0,107.52,0.51,18,0.0,14,0.0,4,0.0,0,0.0,77.78,0.0,2021-06-02,-,0,-
-,-,SandorClegan,-,1228.77,-2.17,1456.97,0.0,76.07,0.72,54,0.0,22,0.0,31,0.0,1,0.0,40.74,0.0,2020-12-06,-,0,-
-,-,Bora_Horsa_Gobuchul,-,1228.68,-2.86,1404.47,0.0,58.6,0.95,63,0.0,26,0.0,37,0.0,0,0.0,41.27,0.0,2025-01-28,-,0,1118.0
-,-,Dave8,-,1228.06,-2.36,1435.85,0.0,69.26,0.79,54,0.0,29,0.0,25,0.0,0,0.0,53.7,0.0,2021-12-05,-,0,-
-,-,The_Law,ZA,1227.36,-5.7,1332.07,0.0,34.9,1.9,756,0.0,267,0.0,485,0.0,4,0.0,35.32,0.0,2025-04-29,-,0,778.0
-,-,alcardonac,-,1226.61,-5.01,1329.63,0.0,34.34,1.67,408,0.0,136,0.0,270,0.0,2,0.0,33.33,0.0,2025-08-15,-,0,788.0
-,-,Bendor,-,1226.59,-2.86,1397.41,0.0,56.94,0.95,168,0.0,70,0.0,98,0.0,0,0.0,41.67,0.0,2021-09-05,-,0,-
-,-,MGdesmadre,-,1226.31,-2.86,1397.1,0.0,56.93,0.95,144,0.0,68,0.0,75,0.0,1,0.0,47.22,0.0,2022-03-06,-,0,-
-,-,IsleOfDick,-,1225.94,-1.85,1491.19,0.0,88.42,0.62,30,0.0,14,0.0,14,0.0,2,0.0,46.67,0.0,2024-02-23,-,0,-
1161,-48,Algomi,-,1225.75,-2.06,1464.53,0.0,79.59,0.69,25,0.0,11,0.0,14,0.0,0,0.0,44.0,0.0,2026-02-08,-,0,-
-,-,Adam-Collett,-,1225.63,-1.72,1510.85,0.0,95.07,0.57,24,0.0,15,0.0,9,0.0,0,0.0,62.5,0.0,2022-02-28,-,0,-
1162,-184,EdWARlock,-,1225.56,-80.04,1419.93,-96.76,64.79,-5.57,36,6.0,11,0.0,23,6.0,2,0.0,30.56,-6.11,2026-07-31,-,0,-
-,-,adibendot,-,1225.36,-2.97,1393.45,0.0,56.03,0.99,150,0.0,63,0.0,86,0.0,1,0.0,42.0,0.0,2022-05-30,-,0,-
-,-,Ampersandy,-,1225.34,-2.78,1401.57,0.0,58.74,0.93,150,0.0,76,0.0,74,0.0,0,0.0,50.67,0.0,2021-11-29,-,0,-
-,-,KKluigi,-,1225.0,-4.31,1363.14,0.0,46.05,1.44,349,0.0,139,0.0,205,0.0,5,0.0,39.83,0.0,2024-02-28,-,0,-
1163,unretired,Kelvinator,CA,1224.86,45.67,1348.35,46.55,41.16,0.29,324,6.0,118,6.0,204,0.0,2,0.0,36.42,1.2,2026-07-29,-,0,1280.0
-,-,TomTom69,-,1224.64,-2.18,1450.85,0.0,75.41,0.73,48,0.0,21,0.0,27,0.0,0,0.0,43.75,0.0,2021-03-02,-,0,-
-,-,ouTlier,-,1224.27,-1.87,1485.91,0.0,87.21,0.62,21,0.0,9,0.0,12,0.0,0,0.0,42.86,0.0,2025-01-04,-,0,989.0
1164,-47,metternich,IT,1224.26,-2.15,1293.45,-1.17,23.06,0.33,1104,41.0,379,15.0,715,24.0,10,2.0,34.33,0.09,2026-08-18,-,0,615.0
-,-,fraction,-,1224.24,-3.57,1367.8,0.0,47.85,1.19,313,0.0,117,0.0,189,0.0,7,0.0,37.38,0.0,2024-08-11,-,0,-
1165,-64,mooscolly,AU,1224.14,-13.65,1304.25,-11.22,26.7,0.81,816,23.0,272,6.0,541,17.0,3,0.0,33.33,-0.21,2026-08-15,-,0,720.0
-,-,Moxielle,-,1223.91,-3.42,1367.54,0.0,47.88,1.14,104,0.0,42,0.0,60,0.0,2,0.0,40.38,0.0,2025-02-20,-,0,868.0
-,-,Der_Imperator,-,1223.62,-2.79,1399.78,0.0,58.72,0.93,61,0.0,28,0.0,33,0.0,0,0.0,45.9,0.0,2025-02-05,-,0,1118.0
1166,-54,kwerra,-,1223.4,-4.65,1331.22,0.0,35.94,1.55,354,0.0,130,0.0,219,0.0,5,0.0,36.72,0.0,2026-02-03,-,0,1118.0
1167,-51,Raystoneg,-,1223.3,-3.11,1384.59,0.0,53.76,1.04,72,0.0,27,0.0,45,0.0,0,0.0,37.5,0.0,2026-03-11,-,0,-
-,-,Maxart,-,1222.91,-2.78,1404.62,0.0,60.57,0.93,106,0.0,44,0.0,62,0.0,0,0.0,41.51,0.0,2021-12-05,-,0,-
1168,-23,Gramadancho,-,1222.69,17.34,1384.07,14.87,53.79,-0.83,63,3.0,27,2.0,36,1.0,0,0.0,42.86,1.19,2026-06-22,-,0,1118.0
1169,-55,FabioBE81,-,1222.57,-4.84,1312.76,-0.86,30.06,1.33,483,6.0,159,3.0,323,3.0,1,0.0,32.92,0.22,2026-08-03,-,0,718.0
-,-,MinSane,-,1222.11,-2.06,1461.14,0.0,79.68,0.69,36,0.0,18,0.0,18,0.0,0,0.0,50.0,0.0,2021-09-05,-,0,-
-,-,ColdSpark,-,1221.42,-1.97,1472.66,0.0,83.74,0.66,28,0.0,12,0.0,16,0.0,0,0.0,42.86,0.0,2022-02-20,-,0,-
1170,new,GrazDozTrez,-,1221.24,771.24,1469.68,-30.32,82.81,82.81,18,18.0,8,8.0,10,10.0,0,0.0,44.44,44.44,2026-07-27,-,0,-
1171,-112,Ladden,-,1221.23,-43.21,1388.07,-52.51,55.61,-3.1,51,6.0,18,0.0,33,6.0,0,0.0,35.29,-4.71,2026-08-01,-,0,-
-,-,orangeblood,-,1221.11,-2.58,1417.16,0.0,65.35,0.86,114,0.0,39,0.0,75,0.0,0,0.0,34.21,0.0,2022-03-01,-,0,-
1172,-32,daices,US,1221.11,14.53,1367.25,29.05,48.71,4.84,881,3.0,400,3.0,469,0.0,12,0.0,45.4,0.18,2026-07-06,G,2,648.0
1173,-35,BerdBlond,-,1220.91,12.17,1308.66,14.27,29.25,0.7,628,13.0,230,8.0,391,5.0,7,0.0,36.62,0.52,2026-08-06,-,0,836.0
1174,-59,Mirceamsc1,-,1220.7,-5.82,1359.12,-5.4,46.14,0.14,98,3.0,35,1.0,62,2.0,1,0.0,35.71,-0.08,2026-07-04,-,0,1067.0
-,-,Misio,-,1220.68,-2.16,1460.55,0.0,79.96,0.72,60,0.0,32,0.0,28,0.0,0,0.0,53.33,0.0,2020-11-24,-,0,-
1175,-57,vulinhchelsea,-,1220.15,-1.94,1473.68,0.0,84.51,0.65,22,0.0,12,0.0,10,0.0,0,0.0,54.55,0.0,2026-03-17,-,0,-
-,-,PietroLiVoti,-,1220.05,-2.63,1412.07,0.0,64.01,0.88,120,0.0,44,0.0,76,0.0,0,0.0,36.67,0.0,2020-09-27,G,4,-
-,-,thegruffalo,-,1219.69,-2.13,1450.65,0.0,76.99,0.71,30,0.0,12,0.0,18,0.0,0,0.0,40.0,0.0,2025-02-03,-,0,989.0
-,-,Eira,-,1219.69,-2.57,1410.01,0.0,63.44,0.86,76,0.0,39,0.0,37,0.0,0,0.0,51.32,0.0,2022-03-06,-,0,-
-,-,Vijaybabu,-,1219.57,-2.6,1408.0,0.0,62.81,0.87,90,0.0,40,0.0,48,0.0,2,0.0,44.44,0.0,2021-08-27,-,0,-
-,-,sleepytown,US,1219.31,-3.16,1375.09,0.0,51.92,1.05,135,0.0,58,0.0,76,0.0,1,0.0,42.96,0.0,2023-02-24,-,0,-
-,-,Arius,-,1218.92,-2.75,1400.75,0.0,60.61,0.92,73,0.0,28,0.0,45,0.0,0,0.0,38.36,0.0,2024-04-04,-,0,-
-,-,Huasong,-,1218.28,-1.13,1652.62,0.0,144.78,0.38,8,0.0,5,0.0,2,0.0,1,0.0,62.5,0.0,2022-01-01,-,0,-
1176,-53,Tomek,-,1217.77,-1.85,1485.41,0.0,89.21,0.62,36,0.0,15,0.0,21,0.0,0,0.0,41.67,0.0,2026-02-08,-,0,1287.0
1177,-51,Amarok,-,1217.62,0.71,1341.72,3.32,41.37,0.87,139,3.0,46,1.0,93,2.0,0,0.0,33.09,0.0,2026-06-29,-,0,1067.0
1178,-47,Camy,-,1217.32,4.56,1419.55,-18.16,67.41,-7.57,31,6.0,16,2.0,15,4.0,0,0.0,51.61,-4.39,2026-08-12,-,0,-
-,-,Andreasp88,-,1217.06,-3.0,1381.16,0.0,54.7,1.0,92,0.0,33,0.0,58,0.0,1,0.0,35.87,0.0,2024-08-11,-,0,-
1179,-55,Brumkalinka,-,1216.35,-2.64,1402.81,0.0,62.15,0.88,49,0.0,19,0.0,28,0.0,2,0.0,38.78,0.0,2025-12-01,-,0,1067.0
1180,-61,Gr33ny,-,1215.81,-5.29,1285.21,-4.16,23.14,0.38,1104,41.0,380,13.0,718,28.0,6,0.0,34.42,-0.1,2026-08-16,-,0,600.0
-,-,Azian,-,1215.75,-2.6,1403.82,0.0,62.69,0.87,108,0.0,46,0.0,60,0.0,2,0.0,42.59,0.0,2022-02-27,-,0,-
-,-,Deardo,-,1214.99,-2.83,1389.08,0.0,58.03,0.94,150,0.0,61,0.0,88,0.0,1,0.0,40.67,0.0,2021-09-05,-,0,-
-,-,nge,-,1214.77,-2.88,1388.82,0.0,58.02,0.96,60,0.0,22,0.0,38,0.0,0,0.0,36.67,0.0,2025-01-31,-,0,1184.0
1181,-37,Franzy,-,1214.75,9.11,1305.31,9.54,30.18,0.14,448,19.0,163,7.0,283,12.0,2,0.0,36.38,0.02,2026-08-13,-,0,746.0
-,-,Sebix,-,1214.73,-2.42,1418.82,0.0,68.03,0.81,45,0.0,16,0.0,29,0.0,0,0.0,35.56,0.0,2025-03-27,-,0,872.0
1182,-60,Everex,CZ,1214.69,-5.08,1291.11,-3.44,25.47,0.55,815,25.0,264,9.0,545,16.0,6,0.0,32.39,0.11,2026-08-16,-,0,628.0
1183,-47,Oleg787899,-,1214.68,4.54,1435.94,-8.31,73.75,-4.28,33,3.0,11,1.0,22,2.0,0,0.0,33.33,0.0,2026-06-28,-,0,-
1184,-63,Abuceb,-,1214.57,-5.7,1311.93,-8.01,32.45,-0.77,226,21.0,80,4.0,143,17.0,3,0.0,35.4,-1.67,2026-07-26,-,0,849.0
-,-,Nakatomy,-,1214.52,-1.72,1499.95,0.0,95.14,0.57,18,0.0,10,0.0,8,0.0,0,0.0,55.56,0.0,2022-12-04,-,0,-
-,-,applearn,-,1214.35,-2.1,1448.92,0.0,78.19,0.7,30,0.0,7,0.0,23,0.0,0,0.0,23.33,0.0,2023-03-01,-,0,-
-,-,Foloppo_Monty,-,1214.32,-2.32,1426.1,0.0,70.59,0.77,72,0.0,27,0.0,45,0.0,0,0.0,37.5,0.0,2020-12-06,-,0,-
-,-,wabatt,-,1214.31,-2.03,1460.83,0.0,82.17,0.68,36,0.0,12,0.0,22,0.0,2,0.0,33.33,0.0,2020-09-27,G,2,-
-,-,Grassman,-,1214.26,-3.45,1361.42,0.0,49.05,1.15,212,0.0,86,0.0,126,0.0,0,0.0,40.57,0.0,2023-02-27,-,0,-
1185,-78,MadNut86,-,1213.95,-21.04,1385.0,-30.48,57.02,-3.15,60,6.0,22,1.0,38,5.0,0,0.0,36.67,-2.22,2026-07-21,-,0,1067.0
-,-,nchoong,MY,1212.66,-2.64,1398.11,0.0,61.82,0.88,50,0.0,19,0.0,31,0.0,0,0.0,38.0,0.0,2024-10-31,-,0,-
-,-,master176281,DE,1212.64,-3.59,1355.17,0.0,47.51,1.2,408,0.0,168,0.0,236,0.0,4,0.0,41.18,0.0,2023-02-24,-,0,-
-,-,MetaWiz,-,1212.59,-3.41,1360.85,0.0,49.42,1.14,281,0.0,110,0.0,170,0.0,1,0.0,39.15,0.0,2023-05-25,-,0,-
1186,-21,Spudman,-,1212.25,21.09,1394.1,6.82,60.61,-4.76,54,6.0,23,3.0,31,3.0,0,0.0,42.59,0.92,2026-08-20,-,0,-
-,-,stupidpiggy2,-,1212.1,-1.99,1458.2,0.0,82.03,0.66,48,0.0,24,0.0,24,0.0,0,0.0,50.0,0.0,2020-09-27,-,0,-
-,-,Izmar,-,1212.01,-1.58,1522.25,0.0,103.41,0.53,18,0.0,13,0.0,4,0.0,1,0.0,72.22,0.0,2021-06-02,-,0,-
1187,-14,Kruch,DE,1211.98,24.81,1286.07,25.64,24.7,0.28,1123,41.0,390,22.0,717,18.0,16,1.0,34.73,0.72,2026-08-18,-,0,697.0
1188,unretired,lavasija,-,1211.84,-16.61,1333.74,-25.31,40.63,-2.9,141,18.0,53,2.0,86,16.0,2,0.0,37.59,-3.87,2026-07-28,-,0,1277.0
-,-,FulcrumActual,-,1211.84,-1.45,1549.16,0.0,112.44,0.48,12,0.0,9,0.0,3,0.0,0,0.0,75.0,0.0,2025-05-29,-,0,1287.0
-,-,stmx0v0,-,1211.36,-1.18,1626.6,0.0,138.41,0.39,8,0.0,4,0.0,4,0.0,0,0.0,50.0,0.0,2022-01-01,-,0,-
1189,-60,SargeGunz,-,1211.35,-2.6,1400.59,0.0,63.08,0.87,45,0.0,20,0.0,25,0.0,0,0.0,44.44,0.0,2026-01-31,-,0,-
-,-,Kermitoos,-,1211.22,-2.12,1444.33,0.0,77.7,0.71,27,0.0,10,0.0,17,0.0,0,0.0,37.04,0.0,2025-01-21,-,0,989.0
-,-,Lara13,-,1211.06,-1.97,1463.26,0.0,84.07,0.66,30,0.0,16,0.0,14,0.0,0,0.0,53.33,0.0,2024-06-02,-,0,-
1190,-49,SullyWully,-,1211.04,4.49,1321.08,2.35,36.68,-0.71,175,13.0,62,4.0,111,9.0,2,0.0,35.43,-0.37,2026-08-10,-,0,783.0
-,-,Elendil,-,1210.57,-3.64,1347.17,0.0,45.53,1.21,303,0.0,125,0.0,175,0.0,3,0.0,41.25,0.0,2024-09-04,-,0,-
-,-,PajaBez,-,1210.47,-1.82,1480.93,0.0,90.15,0.61,36,0.0,20,0.0,16,0.0,0,0.0,55.56,0.0,2021-02-20,-,0,-
-,-,kirkowitz,-,1210.34,-1.46,1546.36,0.0,112.0,0.49,24,0.0,16,0.0,8,0.0,0,0.0,66.67,0.0,2020-11-26,-,0,-
-,-,Lopesllm,-,1210.29,-2.54,1418.65,0.0,69.45,0.85,108,0.0,36,0.0,69,0.0,3,0.0,33.33,0.0,2020-09-27,G,2,-
-,-,Ms.QTPi,-,1210.13,-2.54,1403.52,0.0,64.47,0.85,41,0.0,20,0.0,21,0.0,0,0.0,48.78,0.0,2025-08-16,-,0,1170.0
1191,-59,SunGodREI,-,1209.8,-2.96,1376.43,0.0,55.55,0.99,60,0.0,27,0.0,33,0.0,0,0.0,45.0,0.0,2026-02-07,-,0,1184.0
-,-,ScottHMoore,-,1209.69,-1.61,1514.64,0.0,101.65,0.54,18,0.0,7,0.0,11,0.0,0,0.0,38.89,0.0,2020-12-06,-,0,-
-,-,Olympia,-,1209.5,-2.06,1448.02,0.0,79.51,0.69,25,0.0,9,0.0,16,0.0,0,0.0,36.0,0.0,2025-02-05,-,0,989.0
-,-,Rutgers,-,1209.03,-2.73,1388.69,0.0,59.89,0.91,102,0.0,44,0.0,54,0.0,4,0.0,43.14,0.0,2022-02-23,-,0,-
-,-,Rodraca,-,1208.99,-1.7,1497.47,0.0,96.16,0.57,19,0.0,10,0.0,9,0.0,0,0.0,52.63,0.0,2023-01-15,-,0,-
-,-,LacekCZ,-,1208.96,-1.99,1473.13,0.0,88.06,0.66,36,0.0,17,0.0,18,0.0,1,0.0,47.22,0.0,2020-09-27,G,2,-
1192,-55,Wombelbat,-,1208.51,-1.0,1301.33,-4.9,30.94,-1.3,393,24.0,124,8.0,265,16.0,4,0.0,31.55,0.11,2026-08-06,-,0,1375.0
1193,unretired,Togodomus,-,1208.47,65.15,1447.14,48.11,79.56,-5.68,33,3.0,13,3.0,20,0.0,0,0.0,39.39,6.06,2026-06-29,-,0,-
-,-,goldeneyeonline,DE,1208.33,-3.18,1362.62,0.0,51.43,1.06,202,0.0,79,0.0,120,0.0,3,0.0,39.11,0.0,2022-12-04,-,0,-
-,-,Heyitstheasian,-,1208.3,-1.37,1565.05,0.0,118.91,0.46,18,0.0,13,0.0,5,0.0,0,0.0,72.22,0.0,2020-09-27,-,0,-
-,-,Krucik,-,1208.3,-3.55,1369.43,0.0,53.71,1.18,186,0.0,71,0.0,110,0.0,5,0.0,38.17,0.0,2023-03-01,-,0,-
-,-,LuisPerdomo,-,1208.29,-1.74,1489.91,0.0,93.87,0.58,30,0.0,15,0.0,15,0.0,0,0.0,50.0,0.0,2024-02-23,-,0,-
1194,31,Gavatar82,-,1207.65,58.4,1407.53,39.01,66.63,-6.46,31,6.0,13,4.0,18,2.0,0,0.0,41.94,5.94,2026-07-21,-,0,-
1195,-100,NedNutt,-,1207.1,-35.96,1442.03,-49.42,78.31,-4.49,28,3.0,13,0.0,15,3.0,0,0.0,46.43,-5.57,2026-07-01,-,0,-
1196,-62,hardsoul,-,1207.09,-3.81,1416.62,-19.15,69.84,-5.11,36,6.0,11,2.0,25,4.0,0,0.0,30.56,0.56,2026-07-30,-,0,-
1197,-47,BGTigger,-,1206.92,3.83,1303.37,5.34,32.15,0.51,451,13.0,154,4.0,295,9.0,2,0.0,34.15,-0.1,2026-08-18,-,0,751.0
-,-,DalHangAri,-,1206.74,-3.01,1373.29,0.0,55.52,1.0,162,0.0,63,0.0,97,0.0,2,0.0,38.89,0.0,2022-06-05,-,0,-
-,-,JonJayJanyJanzn,-,1206.63,-2.62,1395.59,0.0,62.99,0.87,57,0.0,27,0.0,30,0.0,0,0.0,47.37,0.0,2025-01-10,-,0,1184.0
-,-,al_boev,RU,1206.34,-2.78,1392.62,0.0,62.1,0.93,57,0.0,25,0.0,30,0.0,2,0.0,43.86,0.0,2025-02-01,-,0,-
-,-,MistWalker,-,1206.02,-2.25,1430.54,0.0,74.84,0.75,66,0.0,25,0.0,36,0.0,5,0.0,37.88,0.0,2020-08-15,-,0,-
-,-,HeM99,-,1205.93,-2.27,1425.6,0.0,73.22,0.76,30,0.0,11,0.0,18,0.0,1,0.0,36.67,0.0,2025-02-04,-,0,989.0
-,-,thaes,-,1205.62,-2.38,1411.08,0.0,68.48,0.79,54,0.0,29,0.0,25,0.0,0,0.0,53.7,0.0,2022-06-05,-,0,-
1198,-35,prozio,-,1205.62,11.35,1303.79,4.46,32.72,-2.29,219,34.0,77,10.0,133,23.0,9,1.0,35.16,-1.06,2026-08-12,-,0,1287.0
1199,-43,CuJ,-,1205.52,4.39,1282.02,3.1,25.5,-0.43,416,41.0,132,14.0,283,27.0,1,0.0,31.73,0.26,2026-08-16,-,0,690.0
-,-,JuanitosCZ,-,1205.02,-3.09,1364.36,0.0,53.11,1.03,184,0.0,77,0.0,105,0.0,2,0.0,41.85,0.0,2022-08-29,-,0,-
-,-,DanielDose,-,1204.65,-2.38,1410.82,0.0,68.72,0.79,48,0.0,22,0.0,25,0.0,1,0.0,45.83,0.0,2024-06-02,-,0,-
1200,-58,Rasti,-,1204.64,-1.36,1565.12,0.0,120.16,0.45,12,0.0,8,0.0,4,0.0,0,0.0,66.67,0.0,2025-11-24,-,0,1287.0
-,-,MySAK,-,1204.6,-2.98,1382.75,0.0,59.38,0.99,138,0.0,53,0.0,80,0.0,5,0.0,38.41,0.0,2021-09-05,-,0,-
-,-,croloris,-,1204.56,-2.49,1402.73,0.0,66.06,0.83,72,0.0,29,0.0,42,0.0,1,0.0,40.28,0.0,2022-06-05,-,0,-
1201,-81,Jocik,-,1204.25,-16.76,1308.55,-14.15,34.77,0.87,215,6.0,79,1.0,134,5.0,2,0.0,36.74,-0.58,2026-07-30,-,0,757.0
1202,-104,Olunia,-,1204.14,-34.89,1300.83,-45.93,32.23,-3.68,182,40.0,62,6.0,118,34.0,2,0.0,34.07,-5.37,2026-08-12,-,0,1416.0
1203,-23,Ferris,-,1204.04,19.3,1415.78,1.76,70.58,-5.85,36,6.0,18,2.0,18,4.0,0,0.0,50.0,-3.33,2026-07-26,-,0,-
-,-,ThroughTheVirus,-,1203.13,-1.56,1516.91,0.0,104.59,0.52,18,0.0,12,0.0,6,0.0,0,0.0,66.67,0.0,2022-06-05,-,0,-
-,-,ChipsChipsensen,NL,1202.91,-3.06,1365.94,0.0,54.34,1.02,69,0.0,31,0.0,34,0.0,4,0.0,44.93,0.0,2025-07-28,-,0,1388.0
-,-,Rancho,-,1202.44,-3.08,1361.57,0.0,53.04,1.03,105,0.0,38,0.0,66,0.0,1,0.0,36.19,0.0,2024-05-28,-,0,-
-,-,Urbaneq,-,1202.26,-2.25,1424.1,0.0,73.95,0.75,54,0.0,19,0.0,33,0.0,2,0.0,35.19,0.0,2021-09-05,-,0,-
-,-,MBK,-,1201.75,-1.4,1551.69,0.0,116.65,0.47,32,0.0,11,0.0,21,0.0,0,0.0,34.38,0.0,2024-02-23,-,0,-
1204,-51,KTMatthews,CA,1201.65,-0.65,1290.0,1.79,29.45,0.81,533,13.0,160,4.0,371,9.0,2,0.0,30.02,0.02,2026-08-13,-,0,674.0
-,-,gxmarantes,-,1201.57,-1.34,1566.6,0.0,121.68,0.45,18,0.0,12,0.0,6,0.0,0,0.0,66.67,0.0,2019-09-30,-,0,-
1205,-57,Broens,-,1201.32,-3.04,1363.01,0.0,53.9,1.01,64,0.0,26,0.0,37,0.0,1,0.0,40.62,0.0,2026-02-03,-,0,1118.0
-,-,GustavEdman,-,1201.17,-2.51,1398.9,0.0,65.91,0.84,90,0.0,37,0.0,53,0.0,0,0.0,41.11,0.0,2021-06-02,-,0,-
1206,-48,RJonkers,NL,1200.9,2.99,1288.57,6.54,29.22,1.18,610,12.0,208,4.0,395,8.0,7,0.0,34.1,-0.01,2026-08-16,-,0,655.0
1207,-45,JakubZGandalfova,-,1200.72,5.82,1290.62,5.84,29.97,0.01,280,24.0,99,7.0,178,17.0,3,0.0,35.36,-0.58,2026-07-27,-,0,802.0
-,-,plaZer,-,1200.47,-2.61,1393.72,0.0,64.42,0.87,119,0.0,39,0.0,80,0.0,0,0.0,32.77,0.0,2023-01-22,-,0,-
-,-,abandonedPlayer,-,1200.4,-1.13,1632.01,0.0,143.87,0.38,8,0.0,4,0.0,4,0.0,0,0.0,50.0,0.0,2022-01-01,-,0,-
-,-,Kestutelis,-,1200.38,-2.45,1401.46,0.0,67.02,0.82,55,0.0,19,0.0,36,0.0,0,0.0,34.55,0.0,2025-02-06,-,0,989.0
-,-,Tohuwabohu,-,1200.21,-1.91,1458.67,0.0,86.15,0.64,27,0.0,12,0.0,14,0.0,1,0.0,44.44,0.0,2023-01-15,-,0,-
1208,-81,PatPunisher,-,1199.85,-16.07,1350.45,-19.61,50.2,-1.18,66,6.0,26,1.0,40,5.0,0,0.0,39.39,-2.28,2026-08-01,-,0,1067.0
-,-,Nardo,-,1199.79,-1.65,1496.03,0.0,98.75,0.55,18,0.0,11,0.0,6,0.0,1,0.0,61.11,0.0,2021-09-05,-,0,-
-,-,Grandmaster_Max,-,1199.61,-2.19,1426.91,0.0,75.77,0.73,54,0.0,27,0.0,26,0.0,1,0.0,50.0,0.0,2020-12-06,-,0,-
-,-,youbib,-,1199.41,-1.49,1527.56,0.0,109.38,0.5,15,0.0,6,0.0,9,0.0,0,0.0,40.0,0.0,2024-02-23,-,0,-
-,-,scrambled,-,1199.37,-2.89,1369.82,0.0,56.82,0.96,180,0.0,84,0.0,95,0.0,1,0.0,46.67,0.0,2021-11-16,-,0,-
-,-,EnterWrexer,-,1199.14,-1.84,1465.97,0.0,88.94,0.61,30,0.0,19,0.0,11,0.0,0,0.0,63.33,0.0,2020-12-06,-,0,-
-,-,nexpyru,-,1199.12,-3.44,1345.42,0.0,48.77,1.15,185,0.0,75,0.0,108,0.0,2,0.0,40.54,0.0,2023-07-15,-,0,-
-,-,DonStealth,-,1199.08,-3.49,1341.57,0.0,47.5,1.16,102,0.0,33,0.0,69,0.0,0,0.0,32.35,0.0,2025-01-28,-,0,1184.0
1209,-41,Glamdring,-,1198.71,9.47,1298.96,8.55,33.42,-0.31,594,18.0,210,7.0,376,11.0,8,0.0,35.35,0.11,2026-07-27,-,0,1174.0
1210,-3,Veggis,-,1198.62,34.0,1389.27,19.53,63.55,-4.82,36,6.0,11,3.0,25,3.0,0,0.0,30.56,3.89,2026-07-25,-,0,-
1211,-59,EKogon,-,1198.04,-4.39,1313.11,0.0,38.36,1.46,156,0.0,53,0.0,103,0.0,0,0.0,33.97,0.0,2026-01-26,-,0,928.0
-,-,Roksis,-,1197.46,-3.64,1347.89,0.0,50.14,1.21,325,0.0,124,0.0,201,0.0,0,0.0,38.15,0.0,2023-01-15,G,2,-
1212,-63,LadyValaria,US,1196.88,-7.46,1282.89,0.0,28.67,2.49,708,0.0,244,0.0,456,0.0,8,0.0,34.46,0.0,2026-03-25,-,0,780.0
-,-,Nikauw,-,1195.79,-2.42,1398.84,0.0,67.69,0.81,46,0.0,17,0.0,29,0.0,0,0.0,36.96,0.0,2024-08-11,-,0,-
-,-,soundfield,-,1195.7,-1.77,1472.53,0.0,92.28,0.59,30,0.0,16,0.0,14,0.0,0,0.0,53.33,0.0,2021-03-02,-,0,-
1213,new,MyriamVanErum,-,1195.46,745.46,1415.11,-84.89,73.22,73.22,25,25.0,11,11.0,14,14.0,0,0.0,44.0,44.0,2026-08-15,-,0,-
-,-,Swaraj,-,1194.79,-2.79,1372.52,0.0,59.24,0.93,120,0.0,49,0.0,71,0.0,0,0.0,40.83,0.0,2022-06-05,G,2,-
1214,-19,KorXo,ES,1194.78,21.97,1298.64,21.54,34.62,-0.14,1081,30.0,416,13.0,641,17.0,24,0.0,38.48,0.14,2026-08-11,G,2,596.0
-,-,Lynnir,-,1194.7,-2.3,1410.77,0.0,72.03,0.77,54,0.0,26,0.0,28,0.0,0,0.0,48.15,0.0,2021-06-02,-,0,-
-,-,CombatTom,-,1194.52,-1.83,1464.92,0.0,90.13,0.61,36,0.0,19,0.0,17,0.0,0,0.0,52.78,0.0,2020-12-06,-,0,-
-,-,Yugoslavia,-,1194.34,-1.81,1465.57,0.0,90.41,0.6,24,0.0,12,0.0,12,0.0,0,0.0,50.0,0.0,2021-11-27,-,0,-
1215,-54,sirlenon,-,1193.94,-2.34,1299.37,-1.75,35.15,0.19,171,10.0,57,4.0,114,6.0,0,0.0,33.33,0.41,2026-08-11,-,0,742.0
1216,-61,mindphaser,CA,1193.71,-7.93,1281.35,-2.36,29.21,1.86,1231,6.0,436,1.0,785,5.0,10,0.0,35.42,-0.09,2026-07-22,G,2,630.0
-,-,niTRox,-,1193.61,-2.53,1392.47,0.0,66.29,0.84,84,0.0,34,0.0,48,0.0,2,0.0,40.48,0.0,2021-06-02,-,0,-
1217,-84,Suddoman,-,1193.5,-17.93,1285.42,-24.01,30.64,-2.03,195,30.0,64,7.0,126,23.0,5,0.0,32.82,-1.73,2026-07-29,-,0,932.0
-,-,Locto,-,1193.25,-2.74,1377.09,0.0,61.28,0.91,132,0.0,56,0.0,76,0.0,0,0.0,42.42,0.0,2021-08-29,-,0,-
-,-,vomisa,-,1192.84,-3.03,1356.41,0.0,54.53,1.01,156,0.0,72,0.0,84,0.0,0,0.0,46.15,0.0,2022-06-05,-,0,-
1218,-88,2da6,-,1192.54,-21.06,1307.17,-24.93,38.21,-1.29,149,12.0,50,2.0,97,9.0,2,1.0,33.56,-1.48,2026-08-04,-,0,939.0
-,-,KwonJoonHo,-,1192.39,-3.52,1334.52,0.0,47.37,1.17,102,0.0,45,0.0,51,0.0,6,0.0,44.12,0.0,2024-10-01,-,0,-
-,-,Bushel,-,1192.27,-3.48,1338.37,0.0,48.7,1.16,193,0.0,74,0.0,118,0.0,1,0.0,38.34,0.0,2024-02-23,-,0,-
1219,-50,justnomame,VN,1191.72,3.02,1325.63,-12.27,44.64,-5.09,101,17.0,43,6.0,56,11.0,2,0.0,42.57,-1.48,2026-08-11,-,0,-
-,-,betweenworlds,IN,1191.18,-5.26,1303.04,0.0,37.29,1.75,640,0.0,221,0.0,408,0.0,11,0.0,34.53,0.0,2025-01-21,-,0,1245.0
-,-,Daniel87,-,1190.87,-1.68,1481.69,0.0,96.94,0.56,24,0.0,14,0.0,10,0.0,0,0.0,58.33,0.0,2021-02-20,-,0,-
-,-,ADRILU,-,1190.73,-2.57,1381.93,0.0,63.73,0.86,76,0.0,37,0.0,39,0.0,0,0.0,48.68,0.0,2022-03-06,-,0,-
-,-,RolldUpTrips,-,1190.7,-2.37,1401.39,0.0,70.23,0.79,108,0.0,44,0.0,63,0.0,1,0.0,40.74,0.0,2019-11-10,-,0,-
-,-,Igorian,-,1190.08,-2.31,1406.96,0.0,72.29,0.77,54,0.0,30,0.0,24,0.0,0,0.0,55.56,0.0,2021-09-05,-,0,-
-,-,piopapero,-,1189.87,-2.15,1417.31,0.0,75.81,0.72,54,0.0,27,0.0,27,0.0,0,0.0,50.0,0.0,2021-03-02,-,0,-
1220,-56,PandaofSooth,-,1189.8,-2.13,1420.5,0.0,76.9,0.71,26,0.0,15,0.0,11,0.0,0,0.0,57.69,0.0,2026-04-14,-,0,-
-,-,pearh,-,1189.75,-1.44,1530.09,0.0,113.45,0.48,18,0.0,12,0.0,6,0.0,0,0.0,66.67,0.0,2020-09-27,-,0,-
1221,-74,vratia,-,1189.55,-15.19,1262.31,-13.02,24.26,0.72,633,34.0,187,6.0,444,28.0,2,0.0,29.54,-0.68,2026-08-12,-,0,859.0
-,-,venansula,-,1189.54,-3.89,1319.7,0.0,43.39,1.3,410,0.0,152,0.0,250,0.0,8,0.0,37.07,0.0,2023-12-03,-,0,-
-,-,Devran,TR,1189.53,-2.32,1402.41,0.0,70.96,0.77,43,0.0,15,0.0,28,0.0,0,0.0,34.88,0.0,2025-01-18,-,0,989.0
-,-,GAM3NURD,US,1189.02,-3.75,1322.77,0.0,44.58,1.25,308,0.0,110,0.0,185,0.0,13,0.0,35.71,0.0,2024-12-05,-,0,1287.0
-,-,Skarsh,-,1188.94,-2.35,1399.24,0.0,70.1,0.78,45,0.0,18,0.0,26,0.0,1,0.0,40.0,0.0,2024-04-04,-,0,-
-,-,Ranger,-,1188.81,-2.48,1387.28,0.0,66.16,0.83,48,0.0,21,0.0,26,0.0,1,0.0,43.75,0.0,2025-01-30,-,0,1184.0
1222,-9,Kecso,-,1188.21,29.69,1365.71,21.2,59.17,-2.83,66,6.0,29,3.0,37,3.0,0,0.0,43.94,0.61,2026-08-09,-,0,1118.0
1223,74,NapoRules,-,1188.01,120.12,1403.98,101.75,71.99,-6.12,31,6.0,18,5.0,13,1.0,0,0.0,58.06,6.06,2026-07-28,-,0,1416.0
-,-,JDN115,CA,1187.65,-3.34,1345.03,0.0,52.46,1.11,132,0.0,47,0.0,85,0.0,0,0.0,35.61,0.0,2023-12-03,-,0,-
1224,-38,Rob51,NL,1187.58,6.31,1268.66,10.71,27.03,1.47,784,10.0,276,6.0,503,4.0,5,0.0,35.2,0.32,2026-08-04,-,0,857.0
-,-,Theory,-,1187.54,-1.11,1627.2,0.0,146.55,0.37,8,0.0,4,0.0,4,0.0,0,0.0,50.0,0.0,2022-01-01,-,0,-
-,-,Fivec,-,1186.79,-1.82,1459.7,0.0,90.97,0.61,36,0.0,19,0.0,17,0.0,0,0.0,52.78,0.0,2020-06-28,G,2,-
1225,-71,Revan,DE,1186.67,-15.03,1287.99,-14.08,33.77,0.32,392,9.0,113,1.0,277,8.0,2,0.0,28.83,-0.41,2026-08-01,-,0,1063.0
-,-,Vashek,-,1186.48,-1.93,1441.24,0.0,84.92,0.64,30,0.0,18,0.0,12,0.0,0,0.0,60.0,0.0,2023-11-18,-,0,-
-,-,Durdler,-,1186.17,-1.53,1505.8,0.0,106.54,0.51,18,0.0,12,0.0,6,0.0,0,0.0,66.67,0.0,2022-06-05,-,0,-
1226,-32,Lexa7,-,1185.83,13.01,1371.15,0.03,61.77,-4.33,40,6.0,17,2.0,23,4.0,0,0.0,42.5,-1.62,2026-07-19,-,0,-
1227,-40,Izio,IT,1185.46,4.62,1264.31,6.26,26.29,0.55,844,31.0,261,9.0,576,22.0,7,0.0,30.92,-0.08,2026-08-21,-,0,655.0
1228,-56,iindianajones,-,1185.35,-2.33,1396.83,0.0,70.49,0.78,36,0.0,15,0.0,21,0.0,0,0.0,41.67,0.0,2026-02-03,-,0,1287.0
1229,-59,AnBeLi3v4bLe,GR,1185.3,-2.69,1255.86,-0.72,23.52,0.65,1111,41.0,332,12.0,773,29.0,6,0.0,29.88,-0.03,2026-08-17,-,0,670.0
-,-,Holtykins,GB,1184.83,-3.11,1346.62,0.0,53.93,1.04,85,0.0,32,0.0,52,0.0,1,0.0,37.65,0.0,2025-01-14,-,0,1184.0
1230,-55,Kaputsky,-,1184.72,-1.99,1430.85,0.0,82.04,0.66,30,0.0,9,0.0,21,0.0,0,0.0,30.0,0.0,2026-02-05,-,0,-
-,-,hippie,KR,1184.31,-1.45,1521.33,0.0,112.34,0.48,18,0.0,11,0.0,7,0.0,0,0.0,61.11,0.0,2020-06-28,-,0,-
1231,-64,wisteria,MO,1184.08,-5.32,1295.02,0.0,36.98,1.77,473,0.0,174,0.0,289,0.0,10,0.0,36.79,0.0,2026-05-31,-,0,1388.0
1232,-47,nchenche,-,1184.07,2.49,1374.26,-8.13,63.39,-3.54,43,6.0,11,0.0,30,4.0,2,2.0,25.58,-4.15,2026-07-28,-,0,939.0
-,-,djed,-,1184.02,-3.32,1331.83,0.0,49.27,1.11,212,0.0,73,0.0,136,0.0,3,0.0,34.43,0.0,2023-03-05,-,0,-
1233,21,Saph4ir,-,1184.01,63.46,1287.95,49.93,34.65,-4.51,170,35.0,55,19.0,114,16.0,1,0.0,32.35,5.68,2026-08-10,-,0,1241.0
-,-,linyan,-,1183.87,-1.97,1433.38,0.0,83.17,0.66,31,0.0,13,0.0,17,0.0,1,0.0,41.94,0.0,2023-01-15,-,0,-
1234,-63,Dani91,-,1183.77,-3.98,1311.92,0.0,42.72,1.33,108,0.0,45,0.0,58,0.0,5,0.0,41.67,0.0,2025-11-30,-,0,932.0
1235,-59,rofler31337,-,1183.72,-2.96,1351.68,0.0,55.99,0.99,59,0.0,23,0.0,36,0.0,0,0.0,38.98,0.0,2026-02-06,-,0,989.0
-,-,jdl,-,1183.53,-3.87,1315.1,0.0,43.85,1.29,300,0.0,100,0.0,198,0.0,2,0.0,33.33,0.0,2024-05-29,-,0,-
-,-,BusyBeaver,-,1183.35,-1.06,1645.69,0.0,154.12,0.35,12,0.0,9,0.0,3,0.0,0,0.0,75.0,0.0,2020-08-24,-,0,-
-,-,Oriane,-,1183.0,-2.06,1422.5,0.0,79.83,0.69,54,0.0,26,0.0,28,0.0,0,0.0,48.15,0.0,2020-12-06,-,0,-
-,-,Hunkwithsomefunk,-,1182.51,-1.4,1532.1,0.0,116.53,0.47,12,0.0,7,0.0,5,0.0,0,0.0,58.33,0.0,2021-05-28,-,0,-
-,-,Mandrillus,-,1182.16,-2.64,1368.37,0.0,62.07,0.88,66,0.0,22,0.0,43,0.0,1,0.0,33.33,0.0,2023-03-01,-,0,-
1236,-43,olawaco,-,1182.06,8.59,1287.14,11.18,35.03,0.87,228,6.0,83,3.0,144,3.0,1,0.0,36.4,0.36,2026-07-28,-,0,1118.0
-,-,Kwang202,-,1182.05,-3.96,1319.79,0.0,45.91,1.32,341,0.0,131,0.0,203,0.0,7,0.0,38.42,0.0,2024-06-16,-,0,-
-,-,origamifan,-,1181.94,-2.95,1346.15,0.0,54.74,0.98,198,0.0,82,0.0,114,0.0,2,0.0,41.41,0.0,2021-12-05,-,0,-
1237,182,Boniu_bon,-,1181.41,401.36,1567.9,228.3,128.83,-57.69,10,6.0,4,4.0,6,2.0,0,0.0,40.0,40.0,2026-07-29,-,0,-
1238,-56,jormapa,-,1181.32,-1.55,1308.68,-6.63,42.45,-1.69,90,10.0,33,3.0,57,7.0,0,0.0,36.67,-0.83,2026-07-30,-,0,-
-,-,Semicolon42,-,1180.88,-2.15,1409.12,0.0,76.08,0.72,36,0.0,15,0.0,21,0.0,0,0.0,41.67,0.0,2023-08-27,-,0,-
1239,unretired,samlives,-,1180.85,19.06,1350.13,17.34,56.43,-0.57,107,3.0,36,2.0,70,1.0,1,0.0,33.64,0.95,2026-06-30,-,0,1429.0
1240,-62,TaoTeo,IT,1180.83,-5.08,1292.28,0.0,37.15,1.69,734,0.0,250,0.0,483,0.0,1,0.0,34.06,0.0,2025-12-01,-,0,1118.0
-,-,ahowlin,-,1180.62,-3.54,1324.44,0.0,47.94,1.18,243,0.0,95,0.0,147,0.0,1,0.0,39.09,0.0,2024-03-03,-,0,-
-,-,forthetop,-,1180.32,-1.97,1428.68,0.0,82.79,0.66,48,0.0,19,0.0,29,0.0,0,0.0,39.58,0.0,2020-09-27,-,0,-
1241,-67,DeZet,-,1180.29,-6.48,1273.46,0.0,31.05,2.16,669,0.0,217,0.0,434,0.0,18,0.0,32.44,0.0,2025-11-30,-,0,697.0
-,-,essence,IL,1180.13,-2.44,1381.51,0.0,67.13,0.81,45,0.0,18,0.0,26,0.0,1,0.0,40.0,0.0,2023-11-17,-,0,-
-,-,Luitheone,-,1179.85,-2.8,1354.65,0.0,58.26,0.93,238,0.0,91,0.0,146,0.0,1,0.0,38.24,0.0,2021-11-15,-,0,-
-,-,LukeSpraywalker,IN,1179.62,-4.57,1289.72,0.0,36.7,1.52,347,0.0,93,0.0,237,0.0,17,0.0,26.8,0.0,2024-10-01,-,0,-
-,-,AHoppy,-,1179.47,-1.82,1448.96,0.0,89.83,0.61,36,0.0,19,0.0,17,0.0,0,0.0,52.78,0.0,2020-09-27,-,0,-
-,-,Albino,-,1178.87,-3.24,1332.57,0.0,51.23,1.08,102,0.0,38,0.0,64,0.0,0,0.0,37.25,0.0,2024-06-02,-,0,-
1242,9,jjk,-,1178.83,56.9,1357.42,31.64,59.53,-8.42,56,13.0,16,5.0,36,8.0,4,0.0,28.57,2.99,2026-08-22,-,0,-
-,-,ack,ES,1178.63,-3.26,1336.26,0.0,52.55,1.09,141,0.0,56,0.0,84,0.0,1,0.0,39.72,0.0,2023-06-04,-,0,-
1243,-53,UNICOKRATOS,-,1177.88,0.92,1332.48,-2.2,51.53,-1.04,81,6.0,32,1.0,49,5.0,0,0.0,39.51,-1.82,2026-07-27,-,0,939.0
1244,-65,Nymphaea,DE,1177.08,-8.25,1271.69,-8.89,31.54,-0.21,320,16.0,104,6.0,212,10.0,4,0.0,32.5,0.26,2026-08-11,-,0,1271.0
1245,-54,Dimitris,GR,1176.64,1.13,1251.58,2.95,24.98,0.61,936,35.0,279,11.0,648,24.0,9,0.0,29.81,0.07,2026-08-19,-,0,628.0
-,-,karatox,-,1176.26,-5.83,1299.46,0.0,41.07,1.94,542,0.0,206,0.0,328,0.0,8,0.0,38.01,0.0,2024-10-01,-,0,-
1246,-62,SnowGolem,-,1176.18,-6.06,1266.32,0.0,30.05,2.02,763,0.0,226,0.0,531,0.0,6,0.0,29.62,0.0,2026-02-28,-,0,630.0
-,-,mythianan,-,1175.82,-2.3,1389.58,0.0,71.25,0.77,45,0.0,17,0.0,28,0.0,0,0.0,37.78,0.0,2024-04-04,-,0,-
-,-,pyjamarama,-,1175.76,-1.91,1433.09,0.0,85.78,0.64,36,0.0,14,0.0,21,0.0,1,0.0,38.89,0.0,2020-09-27,-,0,-
1247,-58,jasondh10,AU,1175.66,-3.89,1304.99,0.0,43.11,1.3,105,0.0,38,0.0,66,0.0,1,0.0,36.19,0.0,2026-02-01,-,0,928.0
-,-,Grishnakk,-,1174.99,-1.95,1425.96,0.0,83.66,0.65,30,0.0,8,0.0,21,0.0,1,0.0,26.67,0.0,2024-04-04,-,0,-
-,-,Legolukadad,-,1174.48,-1.42,1519.16,0.0,114.89,0.47,18,0.0,9,0.0,9,0.0,0,0.0,50.0,0.0,2020-06-28,-,0,-
-,-,Iba,-,1174.27,-3.61,1331.09,0.0,52.27,1.2,268,0.0,99,0.0,165,0.0,4,0.0,36.94,0.0,2022-12-04,-,0,-
-,-,Namian,-,1174.25,-2.67,1360.39,0.0,62.05,0.89,75,0.0,28,0.0,47,0.0,0,0.0,37.33,0.0,2024-04-04,-,0,-
-,-,marizee412,PH,1173.92,-4.6,1285.73,0.0,37.27,1.53,533,0.0,146,0.0,385,0.0,2,0.0,27.39,0.0,2025-01-29,-,0,1284.0
-,-,Graankoning,-,1173.69,-2.98,1343.02,0.0,56.44,0.99,129,0.0,40,0.0,82,0.0,7,0.0,31.01,0.0,2024-11-17,-,0,1287.0
-,-,paixhaine,-,1172.7,-2.23,1393.03,0.0,73.44,0.74,36,0.0,12,0.0,23,0.0,1,0.0,33.33,0.0,2022-06-05,-,0,-
-,-,AlexGc,-,1172.46,-1.29,1551.42,0.0,126.32,0.43,18,0.0,10,0.0,8,0.0,0,0.0,55.56,0.0,2020-06-28,-,0,-
-,-,Nyalala,-,1172.35,-1.36,1531.27,0.0,119.64,0.45,18,0.0,11,0.0,7,0.0,0,0.0,61.11,0.0,2020-03-30,-,0,-
-,-,campsbayrich,-,1171.59,-3.2,1329.81,0.0,52.74,1.07,216,0.0,78,0.0,134,0.0,4,0.0,36.11,0.0,2022-06-05,-,0,-
-,-,Weston,-,1171.2,-2.39,1386.27,0.0,71.69,0.8,72,0.0,31,0.0,40,0.0,1,0.0,43.06,0.0,2021-02-21,G,2,-
1248,-56,MareTheEnlightened,-,1171.08,-2.93,1338.76,0.0,55.89,0.98,55,0.0,21,0.0,33,0.0,1,0.0,38.18,0.0,2026-02-03,-,0,1067.0
-,-,sbronzisjhonson,-,1170.71,-4.43,1292.13,0.0,40.47,1.48,315,0.0,93,0.0,217,0.0,5,0.0,29.52,0.0,2025-01-14,-,0,1287.0
1249,-92,SolPanda,-,1170.59,-28.03,1328.52,-33.74,52.64,-1.9,66,6.0,18,0.0,47,6.0,1,0.0,27.27,-2.73,2026-07-25,-,0,1184.0
-,-,dejwut,-,1170.46,-1.95,1422.69,0.0,84.08,0.65,30,0.0,12,0.0,18,0.0,0,0.0,40.0,0.0,2024-02-23,-,0,-
1250,-73,vyvy,-,1170.06,-16.03,1259.16,-15.61,29.7,0.14,256,24.0,73,2.0,179,21.0,4,1.0,28.52,-2.08,2026-08-12,-,0,755.0
-,-,ALANGOGMAN,-,1169.78,-2.46,1368.53,0.0,66.25,0.82,72,0.0,29,0.0,43,0.0,0,0.0,40.28,0.0,2022-02-28,-,0,-
-,-,Joetaptaco,-,1169.52,-2.68,1352.21,0.0,60.9,0.89,90,0.0,36,0.0,54,0.0,0,0.0,40.0,0.0,2022-03-06,-,0,-
-,-,RainyDay,-,1169.14,-3.34,1316.86,0.0,49.24,1.11,131,0.0,35,0.0,86,0.0,10,0.0,26.72,0.0,2024-04-04,-,0,-
1251,-112,Nimnaros,-,1169.09,-37.93,1364.51,-54.74,65.14,-5.6,35,6.0,15,0.0,20,6.0,0,0.0,42.86,-8.86,2026-07-19,-,0,-
1252,-56,LordMichaelDerGrosse,-,1168.68,-2.99,1332.88,0.0,54.73,1.0,59,0.0,22,0.0,37,0.0,0,0.0,37.29,0.0,2026-01-30,-,0,1118.0
-,-,Stinus,-,1168.59,-1.83,1435.89,0.0,89.1,0.61,24,0.0,11,0.0,13,0.0,0,0.0,45.83,0.0,2024-08-11,-,0,-
-,-,MP87,-,1168.45,-2.44,1372.65,0.0,68.07,0.81,45,0.0,12,0.0,33,0.0,0,0.0,26.67,0.0,2024-02-23,-,0,-
-,-,HHH,-,1168.28,-2.05,1409.5,0.0,80.4,0.68,36,0.0,20,0.0,14,0.0,2,0.0,55.56,0.0,2021-06-02,-,0,-
-,-,Andras,-,1168.01,-1.86,1432.49,0.0,88.16,0.62,48,0.0,21,0.0,27,0.0,0,0.0,43.75,0.0,2018-06-17,-,0,-
-,-,OGWiseman,-,1167.95,-2.1,1402.3,0.0,78.12,0.7,30,0.0,14,0.0,16,0.0,0,0.0,46.67,0.0,2024-02-23,-,0,-
-,-,LordEenon,-,1167.9,-2.23,1387.93,0.0,73.34,0.74,60,0.0,29,0.0,31,0.0,0,0.0,48.33,0.0,2021-05-18,-,0,-
1253,-70,hbendeguz,-,1167.51,-15.09,1290.95,-12.9,41.15,0.73,161,3.0,38,0.0,115,2.0,8,1.0,23.6,-0.45,2026-07-25,-,0,-
1254,-37,TuZhao,-,1167.39,12.71,1339.68,4.71,57.43,-2.66,76,6.0,23,2.0,53,4.0,0,0.0,30.26,0.26,2026-07-26,-,0,1287.0
-,-,alexruzzier,-,1166.74,-2.08,1403.42,0.0,78.89,0.69,31,0.0,11,0.0,19,0.0,1,0.0,35.48,0.0,2024-04-04,-,0,-
1256,-56,Muttley444,-,1166.63,-2.34,1377.85,0.0,70.41,0.78,28,0.0,9,0.0,19,0.0,0,0.0,32.14,0.0,2026-05-26,-,0,-
1255,-58,tiagosilva,-,1166.63,-4.68,1274.43,0.0,35.93,1.56,450,0.0,137,0.0,309,0.0,4,0.0,30.44,0.0,2025-12-05,-,0,1050.0
-,-,anworsy,-,1165.83,-2.46,1368.52,0.0,67.56,0.82,120,0.0,49,0.0,70,0.0,1,0.0,40.83,0.0,2020-06-28,-,0,-
-,-,Faustoguby,-,1165.81,-4.07,1301.84,0.0,45.34,1.36,392,0.0,138,0.0,252,0.0,2,0.0,35.2,0.0,2024-02-23,-,0,-
1257,-58,Rivendell,-,1165.47,-3.78,1299.7,0.0,44.74,1.26,393,0.0,133,0.0,258,0.0,2,0.0,33.84,0.0,2026-01-12,-,0,-
-,-,nosnah,PL,1165.16,-4.75,1280.74,0.0,38.53,1.58,779,0.0,278,0.0,492,0.0,9,0.0,35.69,0.0,2024-06-16,-,0,-
-,-,somanyrocks,-,1164.78,-1.56,1479.77,0.0,105.0,0.52,15,0.0,6,0.0,9,0.0,0,0.0,40.0,0.0,2023-01-15,-,0,-
-,-,Mochi1214,-,1164.74,-1.99,1411.47,0.0,82.25,0.66,30,0.0,13,0.0,16,0.0,1,0.0,43.33,0.0,2024-02-23,-,0,-
-,-,Thomas91,-,1164.41,-3.01,1343.86,0.0,59.82,1.0,150,0.0,57,0.0,88,0.0,5,0.0,38.0,0.0,2021-12-05,-,0,-
-,-,Holotrop,-,1164.15,-1.76,1442.46,0.0,92.77,0.59,24,0.0,11,0.0,13,0.0,0,0.0,45.83,0.0,2021-02-23,-,0,-
1258,-56,GWItheUltimate,CA,1163.98,-4.49,1277.98,0.0,38.0,1.5,199,0.0,54,0.0,139,0.0,6,0.0,27.14,0.0,2026-01-08,-,0,1114.0
-,-,midr,-,1163.88,-1.54,1481.93,0.0,106.02,0.51,15,0.0,5,0.0,10,0.0,0,0.0,33.33,0.0,2024-02-23,-,0,-
1259,-78,Msandry,-,1163.58,-19.62,1315.64,-20.77,50.69,-0.38,87,3.0,30,0.0,57,3.0,0,0.0,34.48,-1.23,2026-06-26,-,0,1287.0
-,-,nachof,-,1163.18,-2.03,1404.72,0.0,80.51,0.68,66,0.0,22,0.0,43,0.0,1,0.0,33.33,0.0,2018-10-14,-,0,-
-,-,Ankaru,-,1162.92,-4.04,1290.32,0.0,42.47,1.35,191,0.0,72,0.0,118,0.0,1,0.0,37.7,0.0,2025-02-02,-,0,1067.0
-,-,Jerry_Kacmar,-,1162.78,-2.22,1387.57,0.0,74.93,0.74,58,0.0,21,0.0,37,0.0,0,0.0,36.21,0.0,2021-11-15,-,0,-
-,-,dburstin,-,1162.66,-2.15,1391.47,0.0,76.27,0.72,31,0.0,13,0.0,18,0.0,0,0.0,41.94,0.0,2025-03-01,-,0,939.0
-,-,DAVOC,-,1162.57,-3.24,1318.83,0.0,52.09,1.08,204,0.0,69,0.0,134,0.0,1,0.0,33.82,0.0,2023-02-12,-,0,-
1260,-56,schumaky,-,1162.32,-3.13,1320.56,0.0,52.75,1.04,82,0.0,26,0.0,56,0.0,0,0.0,31.71,0.0,2026-02-05,-,0,1184.0
-,-,Soiled_Undercrackers,-,1162.21,-2.52,1359.83,0.0,65.87,0.84,66,0.0,26,0.0,39,0.0,1,0.0,39.39,0.0,2022-05-29,-,0,-
-,-,nasing,-,1162.01,-2.42,1368.61,0.0,68.87,0.81,105,0.0,37,0.0,67,0.0,1,0.0,35.24,0.0,2023-01-15,-,0,-
-,-,quartersmostly,-,1161.88,-2.12,1393.56,0.0,77.23,0.71,30,0.0,11,0.0,19,0.0,0,0.0,36.67,0.0,2025-01-24,-,0,989.0
-,-,XiePei,-,1161.75,-1.97,1417.74,0.0,85.33,0.66,42,0.0,17,0.0,24,0.0,1,0.0,40.48,0.0,2022-02-01,-,0,-
-,-,Stupidstupidrat,-,1161.37,-3.06,1325.26,0.0,54.63,1.02,67,0.0,24,0.0,42,0.0,1,0.0,35.82,0.0,2025-05-23,-,0,1278.0
-,-,GomJabbar,CA,1161.35,-1.87,1423.7,0.0,87.45,0.62,27,0.0,13,0.0,14,0.0,0,0.0,48.15,0.0,2023-04-11,-,0,-
-,-,Bonte,-,1161.22,-1.63,1461.32,0.0,100.03,0.54,15,0.0,5,0.0,10,0.0,0,0.0,33.33,0.0,2024-02-23,-,0,-
-,-,meeplematero,-,1160.99,-2.99,1325.91,0.0,54.97,1.0,96,0.0,31,0.0,63,0.0,2,0.0,32.29,0.0,2024-10-01,-,0,-
-,-,Greenilocks,-,1160.72,-2.64,1347.4,0.0,62.22,0.88,168,0.0,59,0.0,109,0.0,0,0.0,35.12,0.0,2020-11-23,-,0,-
1261,-56,Qirgi,-,1159.94,-5.34,1326.23,-13.86,55.43,-2.84,61,6.0,28,1.0,32,4.0,1,1.0,45.9,-3.19,2026-08-06,-,0,1067.0
-,-,juancho1976,-,1159.33,-3.09,1320.92,0.0,53.87,1.03,174,0.0,64,0.0,109,0.0,1,0.0,36.78,0.0,2024-02-23,-,0,-
-,-,Macin,-,1158.9,-2.81,1333.98,0.0,58.36,0.94,53,0.0,20,0.0,33,0.0,0,0.0,37.74,0.0,2025-08-18,-,0,1259.0
-,-,Paracelso,-,1158.81,-3.44,1302.84,0.0,48.01,1.15,171,0.0,45,0.0,117,0.0,9,0.0,26.32,0.0,2025-02-03,-,0,986.0
-,-,Thyrus,-,1158.64,-4.8,1267.73,0.0,36.36,1.6,374,0.0,106,0.0,261,0.0,7,0.0,28.34,0.0,2025-05-31,-,0,1054.0
-,-,Mikio,-,1158.49,-1.87,1423.5,0.0,88.34,0.62,30,0.0,8,0.0,22,0.0,0,0.0,26.67,0.0,2020-12-06,-,0,-
-,-,SayNoToGreen,-,1158.01,-2.25,1377.4,0.0,73.13,0.75,54,0.0,27,0.0,27,0.0,0,0.0,50.0,0.0,2021-06-02,-,0,-
-,-,Ian357,-,1157.25,-2.66,1343.12,0.0,61.95,0.89,68,0.0,25,0.0,41,0.0,2,0.0,36.76,0.0,2024-10-13,-,0,-
-,-,Argent123,-,1157.13,-2.13,1388.13,0.0,77.0,0.71,36,0.0,17,0.0,19,0.0,0,0.0,47.22,0.0,2021-12-05,-,0,-
1262,-42,Warstoryteller,-,1157.11,4.63,1314.96,2.54,52.61,-0.7,66,6.0,17,1.0,49,5.0,0,0.0,25.76,-0.91,2026-08-01,-,0,1118.0
-,-,TonyMc1961,-,1157.09,-2.55,1350.54,0.0,64.48,0.85,120,0.0,40,0.0,80,0.0,0,0.0,33.33,0.0,2020-12-06,-,0,-
-,-,wejejeei,-,1156.83,-1.94,1416.52,0.0,86.56,0.65,63,0.0,16,0.0,46,0.0,1,0.0,25.4,0.0,2024-04-04,-,0,-
-,-,deleted_user_1946622,-,1156.64,-3.97,1293.51,0.0,45.62,1.32,108,0.0,26,0.0,78,0.0,4,0.0,24.07,0.0,2024-10-01,-,0,-
1263,-52,Koberski,-,1156.51,-2.17,1382.78,0.0,75.42,0.72,30,0.0,10,0.0,20,0.0,0,0.0,33.33,0.0,2026-02-03,-,0,-
-,-,omegasun,-,1155.42,-1.96,1407.27,0.0,83.95,0.65,36,0.0,20,0.0,15,0.0,1,0.0,55.56,0.0,2020-12-06,-,0,-
1264,-50,jes-terday,-,1154.78,-3.0,1319.77,0.0,54.99,1.0,60,0.0,21,0.0,39,0.0,0,0.0,35.0,0.0,2026-01-28,-,0,1118.0
-,-,hsss,-,1153.78,-2.12,1385.14,0.0,77.12,0.71,30,0.0,11,0.0,18,0.0,1,0.0,36.67,0.0,2025-02-01,-,0,1118.0
-,-,Horazon,-,1153.38,-1.47,1486.31,0.0,110.98,0.49,18,0.0,12,0.0,6,0.0,0,0.0,66.67,0.0,2021-03-02,-,0,-
-,-,Shadez22,-,1153.17,-2.28,1368.85,0.0,71.89,0.76,72,0.0,24,0.0,48,0.0,0,0.0,33.33,0.0,2020-12-06,-,0,-
-,-,Kirian,-,1152.67,-2.25,1370.97,0.0,72.77,0.75,30,0.0,11,0.0,18,0.0,1,0.0,36.67,0.0,2025-02-02,-,0,1067.0
-,-,GeneralWaste,-,1152.51,-1.71,1438.79,0.0,95.43,0.57,19,0.0,8,0.0,11,0.0,0,0.0,42.11,0.0,2023-01-15,-,0,-
-,-,ozzy666,-,1152.47,-3.61,1301.85,0.0,49.79,1.2,214,0.0,84,0.0,127,0.0,3,0.0,39.25,0.0,2024-03-17,-,0,-
-,-,CuteAnn,-,1152.45,-3.32,1300.99,0.0,49.52,1.11,99,0.0,28,0.0,71,0.0,0,0.0,28.28,0.0,2025-05-17,-,0,1114.0
-,-,KytteKatte,-,1152.19,-1.58,1461.98,0.0,103.26,0.53,17,0.0,6,0.0,11,0.0,0,0.0,35.29,0.0,2023-01-22,-,0,-
1265,-49,SirHorse,-,1152.0,-2.88,1322.57,0.0,56.86,0.96,55,0.0,26,0.0,29,0.0,0,0.0,47.27,0.0,2026-02-05,-,0,1067.0
1266,-58,Igordol,-,1151.74,-12.42,1257.22,-7.79,35.16,1.54,256,3.0,71,0.0,181,3.0,4,0.0,27.73,-0.33,2026-07-13,-,0,1174.0
-,-,ferion,-,1151.67,-2.09,1385.82,0.0,78.05,0.7,54,0.0,22,0.0,31,0.0,1,0.0,40.74,0.0,2020-06-28,-,0,-
-,-,Tutux,FR,1151.43,-5.15,1303.71,0.0,50.76,1.72,276,0.0,93,0.0,174,0.0,9,0.0,33.7,0.0,2024-12-21,-,0,-
-,-,Klapaucjusz,PL,1150.76,-1.28,1531.99,0.0,127.08,0.43,18,0.0,11,0.0,7,0.0,0,0.0,61.11,0.0,2020-06-28,-,0,-
-,-,lpoulter,GB,1150.57,-2.03,1392.14,0.0,80.53,0.68,50,0.0,19,0.0,31,0.0,0,0.0,38.0,0.0,2021-11-15,-,0,-
1267,-49,Vlasy,-,1150.47,-3.41,1295.47,0.0,48.34,1.14,102,0.0,28,0.0,73,0.0,1,0.0,27.45,0.0,2026-01-29,-,0,1184.0
-,-,Michael1101,DE,1150.3,-2.63,1337.38,0.0,62.36,0.88,65,0.0,23,0.0,41,0.0,1,0.0,35.38,0.0,2023-04-16,-,0,-
-,-,Bummelmuhkuh,-,1150.09,-1.8,1422.32,0.0,90.74,0.6,30,0.0,17,0.0,13,0.0,0,0.0,56.67,0.0,2021-05-19,-,0,-
1268,-49,WraightCZ,CZ,1149.94,-3.64,1221.92,-3.22,23.99,0.14,837,41.0,205,12.0,630,29.0,2,0.0,24.49,0.24,2026-08-23,-,0,778.0
1269,-45,Athafil,-,1149.93,0.58,1317.25,-0.14,55.77,-0.24,57,3.0,21,0.0,35,2.0,1,1.0,36.84,-2.05,2026-06-23,-,0,-
-,-,Mirazzle,-,1149.85,-2.23,1375.09,0.0,75.08,0.74,54,0.0,15,0.0,37,0.0,2,0.0,27.78,0.0,2020-03-30,-,0,-
-,-,busto_fidli,-,1149.6,-1.09,1598.83,0.0,149.74,0.36,8,0.0,4,0.0,4,0.0,0,0.0,50.0,0.0,2022-01-01,-,0,-
-,-,kilfara,-,1149.35,-1.15,1576.59,0.0,142.41,0.38,12,0.0,9,0.0,3,0.0,0,0.0,75.0,0.0,2019-11-10,-,0,-
-,-,Moondarra,-,1149.27,-2.75,1327.62,0.0,59.45,0.92,87,0.0,33,0.0,53,0.0,1,0.0,37.93,0.0,2023-05-30,-,0,-
-,-,Miir,-,1149.03,-1.7,1437.1,0.0,96.02,0.57,30,0.0,14,0.0,15,0.0,1,0.0,46.67,0.0,2020-09-27,-,0,-
1270,new,slinggtw,-,1148.65,698.65,1575.73,75.73,142.36,142.36,6,6.0,3,3.0,3,3.0,0,0.0,50.0,50.0,2026-08-05,-,0,-
1271,-56,stanze,-,1148.62,-6.34,1283.57,-12.52,44.98,-2.06,86,10.0,31,3.0,55,7.0,0,0.0,36.05,-0.79,2026-07-25,-,0,1118.0
-,-,Martinsunbeam,-,1148.32,-3.08,1310.56,0.0,54.08,1.03,186,0.0,67,0.0,117,0.0,2,0.0,36.02,0.0,2022-06-05,-,0,-
-,-,SMASH,-,1148.14,-2.28,1363.15,0.0,71.67,0.76,78,0.0,32,0.0,46,0.0,0,0.0,41.03,0.0,2021-02-15,-,0,-
1272,-63,buso1705,-,1147.85,-15.4,1276.96,-48.71,43.04,-11.1,78,28.0,25,7.0,49,21.0,4,0.0,32.05,-3.95,2026-08-02,-,0,1388.0
1273,-40,filgonfin,ES,1147.78,5.25,1252.4,9.85,34.87,1.54,555,3.0,168,2.0,383,1.0,4,0.0,30.27,0.2,2026-06-20,-,0,1280.0
-,-,sam4sam4sam,-,1147.75,-2.63,1342.6,0.0,64.95,0.88,54,0.0,23,0.0,30,0.0,1,0.0,42.59,0.0,2025-02-28,-,0,1421.0
-,-,MonsieurFlynn,-,1147.67,-1.98,1400.15,0.0,84.16,0.66,54,0.0,25,0.0,29,0.0,0,0.0,46.3,0.0,2020-08-30,-,0,-
1274,-43,Moshmir,-,1147.43,3.75,1358.26,-3.46,70.28,-2.4,33,3.0,14,1.0,19,2.0,0,0.0,42.42,-0.91,2026-06-11,-,0,-
-,-,Richy_DNF,-,1147.02,-2.24,1365.61,0.0,72.86,0.75,84,0.0,33,0.0,50,0.0,1,0.0,39.29,0.0,2020-11-22,-,0,-
-,-,Bsquared,-,1146.91,-1.51,1471.87,0.0,108.32,0.5,18,0.0,9,0.0,8,0.0,1,0.0,50.0,0.0,2021-03-02,-,0,-
1275,-53,pj79,-,1146.41,-3.35,1236.97,-2.5,30.19,0.28,447,17.0,147,5.0,291,12.0,9,0.0,32.89,-0.13,2026-08-14,-,0,791.0
-,-,SwedishFish,-,1145.21,-1.87,1407.13,0.0,87.31,0.62,21,0.0,8,0.0,13,0.0,0,0.0,38.1,0.0,2025-01-19,-,0,1184.0
1276,-78,haakonaugustus,-,1145.11,-25.87,1339.41,-45.41,64.77,-6.51,36,6.0,10,1.0,26,5.0,0,0.0,27.78,-2.22,2026-07-31,-,0,-
-,-,prnv1992,-,1145.04,-2.35,1356.9,0.0,70.62,0.78,40,0.0,13,0.0,26,0.0,1,0.0,32.5,0.0,2024-04-04,-,0,-
1277,-49,Bruce.Twarze,-,1144.88,-3.34,1292.73,0.0,49.28,1.11,89,0.0,28,0.0,61,0.0,0,0.0,31.46,0.0,2026-02-07,-,0,1118.0
1278,-49,LMB,-,1144.81,-2.58,1335.8,0.0,63.66,0.86,36,0.0,13,0.0,23,0.0,0,0.0,36.11,0.0,2026-05-03,-,0,-
-,-,Crygen,-,1143.54,-2.31,1356.22,0.0,70.89,0.77,78,0.0,25,0.0,53,0.0,0,0.0,32.05,0.0,2020-12-06,-,0,-
1279,-52,IngussTT,LV,1143.45,-5.15,1270.65,-6.18,42.4,-0.35,130,6.0,44,1.0,83,3.0,3,2.0,33.85,-0.83,2026-08-04,-,0,1184.0
-,-,megathong,-,1143.09,-2.76,1322.82,0.0,59.91,0.92,192,0.0,71,0.0,120,0.0,1,0.0,36.98,0.0,2021-12-05,-,0,-
-,-,PocketAmazing,-,1143.01,-2.34,1352.55,0.0,69.85,0.78,66,0.0,24,0.0,42,0.0,0,0.0,36.36,0.0,2024-02-23,-,0,-
1280,-68,gusanitocruz,-,1142.7,-15.92,1316.17,-26.07,57.82,-3.38,60,6.0,17,1.0,43,5.0,0,0.0,28.33,-1.3,2026-07-31,-,0,1109.0
-,-,Lizabove,-,1142.54,-1.16,1563.21,0.0,140.23,0.39,8,0.0,4,0.0,4,0.0,0,0.0,50.0,0.0,2022-01-01,-,0,-
-,-,matti5215,-,1142.53,-4.68,1250.37,0.0,35.95,1.56,755,0.0,245,0.0,503,0.0,7,0.0,32.45,0.0,2024-11-26,-,0,1287.0
-,-,Thaddeus,-,1142.34,-3.21,1297.26,0.0,51.64,1.07,345,0.0,117,0.0,224,0.0,4,0.0,33.91,0.0,2023-01-15,-,0,-
-,-,e_townsend,-,1141.56,-2.59,1339.18,0.0,65.87,0.86,90,0.0,35,0.0,55,0.0,0,0.0,38.89,0.0,2021-06-02,-,0,-
-,-,Droopy999,-,1141.54,-2.99,1305.77,0.0,54.74,1.0,186,0.0,77,0.0,109,0.0,0,0.0,41.4,0.0,2022-03-06,-,0,-
-,-,Eduard69,-,1141.53,-2.02,1384.24,0.0,80.9,0.67,25,0.0,11,0.0,14,0.0,0,0.0,44.0,0.0,2025-02-03,-,0,1067.0
-,-,Jinster99,-,1141.53,-2.41,1345.11,0.0,67.86,0.8,108,0.0,35,0.0,72,0.0,1,0.0,32.41,0.0,2020-12-06,-,0,-
-,-,Schlotzky,-,1141.21,-2.74,1323.74,0.0,60.84,0.91,216,0.0,71,0.0,141,0.0,4,0.0,32.87,0.0,2021-05-21,-,0,-
-,-,Martinp,-,1141.0,-1.56,1454.65,0.0,104.55,0.52,18,0.0,7,0.0,11,0.0,0,0.0,38.89,0.0,2020-09-27,-,0,-
1281,-49,Serrapac,-,1140.58,-2.89,1311.13,0.0,56.85,0.96,55,0.0,21,0.0,34,0.0,0,0.0,38.18,0.0,2026-02-01,-,0,1118.0
-,-,ndzwdz,-,1140.51,-4.07,1264.84,0.0,41.45,1.36,296,0.0,99,0.0,195,0.0,2,0.0,33.45,0.0,2024-10-31,-,0,-
-,-,Kruz,-,1140.14,-1.87,1405.1,0.0,88.32,0.62,24,0.0,9,0.0,15,0.0,0,0.0,37.5,0.0,2022-05-25,-,0,-
1282,-33,kemal,-,1139.71,17.48,1334.07,0.95,64.79,-5.51,42,6.0,14,2.0,28,4.0,0,0.0,33.33,0.0,2026-08-03,-,0,1184.0
-,-,Joshweiss789,-,1139.49,-2.17,1366.49,0.0,75.67,0.72,34,0.0,15,0.0,17,0.0,2,0.0,44.12,0.0,2025-02-13,-,0,-
1283,-73,PeskyGekko,-,1139.24,-19.55,1280.79,-21.48,47.18,-0.65,102,6.0,32,0.0,68,6.0,2,0.0,31.37,-1.96,2026-08-12,-,0,1118.0
-,-,Blizzo,-,1139.1,-2.38,1345.27,0.0,68.72,0.79,54,0.0,21,0.0,33,0.0,0,0.0,38.89,0.0,2022-06-05,-,0,-
-,-,Scotty4s,-,1138.77,-1.84,1405.82,0.0,89.01,0.61,20,0.0,9,0.0,11,0.0,0,0.0,45.0,0.0,2025-02-04,-,0,1067.0
-,-,Saish,ES,1138.4,-4.09,1264.25,0.0,41.95,1.36,393,0.0,118,0.0,274,0.0,1,0.0,30.03,0.0,2025-02-21,-,0,1173.0
-,-,TTTE,-,1137.81,-1.28,1520.38,0.0,127.52,0.43,9,0.0,6,0.0,3,0.0,0,0.0,66.67,0.0,2025-02-17,-,0,1375.0
1284,-31,Francesco_,-,1137.78,16.89,1341.42,13.81,67.88,-1.03,33,3.0,11,1.0,22,2.0,0,0.0,33.33,0.0,2026-07-04,-,0,-
1285,-50,EbaN,-,1137.42,-2.12,1368.91,0.0,77.16,0.71,30,0.0,9,0.0,21,0.0,0,0.0,30.0,0.0,2026-02-11,-,0,-
-,-,JoeBa,-,1137.16,-3.45,1280.65,0.0,47.83,1.15,134,0.0,42,0.0,91,0.0,1,0.0,31.34,0.0,2024-06-02,-,0,-
-,-,JFK2016,US,1137.1,-4.22,1270.39,0.0,44.43,1.41,580,0.0,191,0.0,384,0.0,5,0.0,32.93,0.0,2023-11-30,-,0,-
1286,-50,MarsU-NL,-,1136.79,-2.34,1346.73,0.0,69.98,0.78,45,0.0,13,0.0,31,0.0,1,0.0,28.89,0.0,2026-04-11,-,0,-
-,-,O.K.,-,1136.61,-3.39,1285.7,0.0,49.7,1.13,131,0.0,37,0.0,91,0.0,3,0.0,28.24,0.0,2025-02-03,-,0,1118.0
1287,unretired,ctcheung,-,1136.48,-12.89,1261.41,-11.99,41.64,0.3,173,6.0,50,0.0,116,6.0,7,0.0,28.9,-1.04,2026-07-30,-,0,857.0
-,-,calculex,-,1136.4,-2.58,1328.23,0.0,63.94,0.86,72,0.0,27,0.0,45,0.0,0,0.0,37.5,0.0,2022-08-22,-,0,-
-,-,Samn4ation,-,1136.24,-1.66,1431.39,0.0,98.38,0.55,24,0.0,11,0.0,13,0.0,0,0.0,45.83,0.0,2020-11-27,-,0,-
-,-,yellow23,-,1136.08,-1.37,1492.39,0.0,118.77,0.46,12,0.0,7,0.0,5,0.0,0,0.0,58.33,0.0,2022-02-21,-,0,-
-,-,Ske,-,1135.74,-1.26,1523.86,0.0,129.37,0.42,12,0.0,8,0.0,4,0.0,0,0.0,66.67,0.0,2020-11-24,-,0,-
1288,-46,BlackSmyth,-,1135.67,4.16,1291.01,0.24,51.78,-1.31,85,6.0,24,1.0,60,4.0,1,1.0,28.24,-0.87,2026-07-20,-,0,1118.0
1289,15,Zielonus,-,1135.55,74.0,1304.22,68.75,56.22,-1.75,66,6.0,23,5.0,43,1.0,0,0.0,34.85,4.85,2026-08-06,-,0,1118.0
-,-,drivebyrobot,-,1135.47,-1.26,1524.33,0.0,129.62,0.42,18,0.0,12,0.0,6,0.0,0,0.0,66.67,0.0,2020-06-28,-,0,-
1290,-50,szyszuniawiesz,-,1135.4,2.1,1255.36,2.78,39.98,0.23,169,6.0,53,2.0,113,4.0,3,0.0,31.36,0.07,2026-07-25,-,0,1184.0
-,-,Chairman_Marv,-,1135.17,-1.98,1383.16,0.0,82.67,0.66,48,0.0,18,0.0,30,0.0,0,0.0,37.5,0.0,2020-03-30,-,0,-
1291,-23,Hampsink,-,1135.16,27.5,1252.78,24.03,39.21,-1.16,157,13.0,43,7.0,114,6.0,0,0.0,27.39,2.39,2026-08-13,-,0,863.0
-,-,fadenpendler,-,1135.1,-0.86,1705.47,0.0,190.12,0.29,4,0.0,4,0.0,0,0.0,0,0.0,100.0,0.0,2025-02-06,-,0,-
1292,-55,Nati_1916,-,1135.07,-1.62,1437.09,0.0,100.67,0.54,12,0.0,6,0.0,6,0.0,0,0.0,50.0,0.0,2026-05-27,-,0,-
-,-,jabroner,-,1134.97,-1.35,1498.3,0.0,121.11,0.45,12,0.0,6,0.0,6,0.0,0,0.0,50.0,0.0,2021-02-25,-,0,-
-,-,Vee,IN,1134.88,-1.89,1394.91,0.0,86.68,0.63,33,0.0,14,0.0,19,0.0,0,0.0,42.42,0.0,2023-11-17,-,0,-
-,-,marialy,-,1134.84,-1.41,1483.32,0.0,116.16,0.47,12,0.0,8,0.0,4,0.0,0,0.0,66.67,0.0,2024-08-30,-,0,-
-,-,dyz,-,1134.6,-1.81,1408.77,0.0,91.39,0.6,23,0.0,6,0.0,17,0.0,0,0.0,26.09,0.0,2023-01-15,-,0,-
1293,-59,TheCenturion,-,1134.46,-7.96,1280.12,-12.04,48.55,-1.36,85,6.0,24,1.0,61,5.0,0,0.0,28.24,-0.87,2026-08-12,-,0,989.0
1294,-51,RAKoS,-,1133.72,3.5,1267.83,1.63,44.71,-0.63,105,6.0,34,2.0,70,4.0,1,0.0,32.38,0.06,2026-08-12,-,0,1067.0
1295,-56,Jaspie,-,1133.55,-0.94,1653.83,0.0,173.43,0.31,4,0.0,2,0.0,2,0.0,0,0.0,50.0,0.0,2026-02-16,-,0,-
1296,-55,Dolling,-,1133.28,0.92,1295.19,-3.47,53.97,-1.46,70,6.0,23,1.0,47,5.0,0,0.0,32.86,-1.52,2026-07-27,-,0,1118.0
-,-,Brzoza,-,1133.23,-2.3,1348.19,0.0,71.65,0.77,54,0.0,22,0.0,32,0.0,0,0.0,40.74,0.0,2021-05-25,-,0,-
-,-,RyGuy123,-,1133.18,-2.01,1377.64,0.0,81.48,0.67,30,0.0,10,0.0,20,0.0,0,0.0,33.33,0.0,2024-02-23,-,0,-
-,-,Richy_Doulares,-,1133.09,-1.65,1430.15,0.0,99.02,0.55,18,0.0,9,0.0,8,0.0,1,0.0,50.0,0.0,2024-03-03,-,0,-
-,-,monsieurt,-,1132.84,-2.64,1318.97,0.0,62.04,0.88,58,0.0,20,0.0,38,0.0,0,0.0,34.48,0.0,2025-01-29,-,0,1067.0
-,-,Supergabibbo,-,1132.57,-1.56,1447.05,0.0,104.82,0.52,18,0.0,9,0.0,9,0.0,0,0.0,50.0,0.0,2020-12-06,-,0,-
-,-,kissfish,-,1132.39,-1.26,1522.19,0.0,129.93,0.42,18,0.0,8,0.0,9,0.0,1,0.0,44.44,0.0,2018-06-17,-,0,-
1297,-12,Kugi,-,1131.85,44.62,1345.85,20.98,71.33,-7.88,50,6.0,14,3.0,36,3.0,0,0.0,28.0,3.0,2026-07-27,-,0,1287.0
-,-,icedrakin,-,1131.34,-2.41,1334.22,0.0,67.63,0.8,53,0.0,22,0.0,31,0.0,0,0.0,41.51,0.0,2023-01-22,-,0,-
1298,-75,IrenaX,-,1131.13,-18.33,1201.4,-16.04,23.42,0.76,765,40.0,195,6.0,565,34.0,5,0.0,25.49,-0.58,2026-08-19,-,0,645.0
1299,-40,johnboy,-,1130.97,14.37,1260.06,5.44,43.03,-2.97,93,13.0,28,5.0,64,8.0,1,0.0,30.11,1.36,2026-08-15,-,0,989.0
-,-,DeNnY0810,-,1130.97,-4.05,1260.53,0.0,43.19,1.35,225,0.0,69,0.0,152,0.0,4,0.0,30.67,0.0,2024-04-14,-,0,-
-,-,Hot.Cocoa,-,1130.88,-2.7,1315.99,0.0,61.7,0.9,67,0.0,21,0.0,41,0.0,5,0.0,31.34,0.0,2024-09-22,-,0,-
-,-,mysoli,-,1130.6,-1.49,1458.9,0.0,109.43,0.5,12,0.0,7,0.0,5,0.0,0,0.0,58.33,0.0,2025-02-28,-,0,1287.0
-,-,Diegaccio,IT,1130.05,-3.35,1278.82,0.0,49.59,1.12,222,0.0,64,0.0,155,0.0,3,0.0,28.83,0.0,2024-04-04,-,0,-
-,-,KingPerun,-,1129.76,-2.98,1294.98,0.0,55.07,0.99,69,0.0,25,0.0,43,0.0,1,0.0,36.23,0.0,2025-01-27,-,0,1184.0
-,-,fokos,-,1129.71,-2.42,1344.2,0.0,71.5,0.81,54,0.0,20,0.0,33,0.0,1,0.0,37.04,0.0,2021-09-05,-,0,-
-,-,hopek,-,1129.39,-1.22,1530.61,0.0,133.74,0.41,7,0.0,3,0.0,4,0.0,0,0.0,42.86,0.0,2023-10-05,-,0,-
1300,-70,MLucient,-,1129.32,-17.25,1352.76,-27.31,74.48,-3.35,33,3.0,10,0.0,22,3.0,1,0.0,30.3,-3.03,2026-06-23,-,0,-
-,-,theblender,-,1129.19,-2.99,1299.85,0.0,56.89,1.0,129,0.0,41,0.0,76,0.0,12,0.0,31.78,0.0,2024-05-25,-,0,-
-,-,TimtheGreat,-,1128.15,-1.77,1404.37,0.0,92.07,0.59,36,0.0,18,0.0,17,0.0,1,0.0,50.0,0.0,2020-09-27,-,0,-
-,-,Left-fire-egg,-,1127.66,-1.93,1382.57,0.0,84.97,0.64,33,0.0,13,0.0,20,0.0,0,0.0,39.39,0.0,2024-10-13,-,0,-
-,-,Dariusz,-,1127.27,-2.28,1343.08,0.0,71.94,0.76,30,0.0,13,0.0,17,0.0,0,0.0,43.33,0.0,2025-02-01,-,0,1067.0
-,-,dylyla,-,1127.03,-1.93,1380.58,0.0,84.52,0.64,36,0.0,17,0.0,19,0.0,0,0.0,47.22,0.0,2021-03-02,-,0,-
-,-,SiliconMeeple,-,1126.82,-3.22,1287.58,0.0,53.59,1.07,180,0.0,60,0.0,120,0.0,0,0.0,33.33,0.0,2022-09-04,-,0,-
-,-,zeminith,-,1126.12,-2.07,1364.82,0.0,79.57,0.69,60,0.0,24,0.0,34,0.0,2,0.0,40.0,0.0,2020-06-28,-,0,-
1301,-57,Icarium,US,1125.29,-0.52,1197.14,0.02,23.95,0.18,1210,41.0,328,14.0,871,27.0,11,0.0,27.11,0.25,2026-08-20,-,0,690.0
-,-,t-die,-,1125.28,-1.42,1470.67,0.0,115.13,0.47,12,0.0,7,0.0,5,0.0,0,0.0,58.33,0.0,2022-11-30,-,0,-
-,-,Sabastapul,-,1124.73,-2.08,1362.96,0.0,79.41,0.69,45,0.0,16,0.0,28,0.0,1,0.0,35.56,0.0,2025-02-04,-,0,1118.0
-,-,Campanulas,-,1124.65,-3.59,1263.71,0.0,46.35,1.2,153,0.0,42,0.0,110,0.0,1,0.0,27.45,0.0,2024-10-13,-,0,-
-,-,yeokaiwei,-,1124.47,-1.18,1540.59,0.0,138.71,0.39,12,0.0,7,0.0,3,0.0,2,0.0,58.33,0.0,2020-02-09,-,0,-
1302,-96,Irmo,-,1124.22,-40.76,1315.75,-56.51,63.84,-5.25,36,6.0,8,0.0,28,6.0,0,0.0,22.22,-4.45,2026-08-03,-,0,-
1303,-41,Ilyanep,-,1123.99,7.99,1226.39,8.2,34.13,0.07,395,18.0,109,4.0,285,14.0,1,0.0,27.59,-0.26,2026-07-29,-,0,1271.0
-,-,Zenmaster,-,1123.73,-1.41,1470.03,0.0,115.43,0.47,12,0.0,5,0.0,7,0.0,0,0.0,41.67,0.0,2020-11-18,-,0,-
-,-,billymorph,-,1122.82,-1.53,1443.72,0.0,106.97,0.51,18,0.0,9,0.0,9,0.0,0,0.0,50.0,0.0,2021-06-02,-,0,-
-,-,FWN,-,1122.77,-0.86,1688.82,0.0,188.68,0.29,4,0.0,3,0.0,1,0.0,0,0.0,75.0,0.0,2021-11-15,-,0,-
1304,-66,babaganoosh,-,1122.48,-13.72,1300.53,-16.97,59.35,-1.08,63,3.0,20,0.0,43,3.0,0,0.0,31.75,-1.58,2026-06-16,-,0,1067.0
-,-,Ringbearer,NL,1122.44,-3.04,1286.35,0.0,54.64,1.01,144,0.0,60,0.0,83,0.0,1,0.0,41.67,0.0,2022-09-04,-,0,-
-,-,pansiano,-,1121.95,-2.07,1358.73,0.0,78.93,0.69,36,0.0,16,0.0,19,0.0,1,0.0,44.44,0.0,2021-12-05,-,0,-
1305,-58,kulho,-,1121.69,-2.1,1355.07,0.0,77.79,0.7,25,0.0,9,0.0,16,0.0,0,0.0,36.0,0.0,2026-02-07,-,0,-
-,-,PinkrAnger,-,1121.11,-3.68,1260.92,0.0,46.6,1.23,440,0.0,134,0.0,294,0.0,12,0.0,30.45,0.0,2023-06-04,-,0,-
1306,-58,sjgardner3,-,1120.07,-2.61,1309.46,0.0,63.13,0.87,69,0.0,22,0.0,47,0.0,0,0.0,31.88,0.0,2026-02-01,-,0,1184.0
-,-,alban,-,1118.61,-2.3,1332.45,0.0,71.28,0.77,30,0.0,10,0.0,20,0.0,0,0.0,33.33,0.0,2025-02-12,-,0,1118.0
1307,-52,Decontest,-,1118.2,-2.32,1330.32,0.0,70.71,0.77,36,0.0,14,0.0,21,0.0,1,0.0,38.89,0.0,2026-01-31,-,0,1287.0
1308,-82,DBaker17,-,1117.74,-31.23,1204.94,-31.01,29.07,0.07,658,21.0,167,0.0,487,19.0,4,2.0,25.38,-0.84,2026-07-22,-,0,651.0
-,-,Sephiroth83,-,1117.68,-2.9,1298.88,0.0,60.4,0.97,138,0.0,45,0.0,89,0.0,4,0.0,32.61,0.0,2021-09-05,-,0,-
1309,unretired,wahrlator,-,1117.42,-4.16,1264.31,-3.91,48.96,0.09,220,3.0,68,0.0,150,2.0,2,1.0,30.91,-0.43,2026-06-22,-,0,1051.0
-,-,Rikelev,-,1116.54,-2.72,1297.77,0.0,60.41,0.91,90,0.0,34,0.0,55,0.0,1,0.0,37.78,0.0,2022-06-05,-,0,-
1310,-58,Jacko65,-,1116.2,-4.74,1225.87,0.0,36.56,1.58,475,0.0,136,0.0,336,0.0,3,0.0,28.63,0.0,2025-12-07,-,0,1184.0
-,-,FSY,-,1116.01,-1.93,1371.49,0.0,85.16,0.64,28,0.0,14,0.0,14,0.0,0,0.0,50.0,0.0,2025-07-19,-,0,1063.0
1311,-31,Execut0r,-,1115.83,21.4,1281.53,18.96,55.23,-0.81,55,6.0,15,2.0,40,4.0,0,0.0,27.27,0.74,2026-08-04,-,0,1118.0
1312,-51,tytw,-,1115.7,-0.72,1799.63,0.0,227.97,0.24,3,0.0,3,0.0,0,0.0,0,0.0,100.0,0.0,2026-05-05,-,0,-
1313,-57,rubenman,-,1115.64,-3.11,1273.69,0.0,52.68,1.04,79,0.0,24,0.0,55,0.0,0,0.0,30.38,0.0,2026-01-31,-,0,-
-,-,thundermain,-,1115.12,-1.95,1367.24,0.0,84.04,0.65,30,0.0,12,0.0,18,0.0,0,0.0,40.0,0.0,2024-02-23,-,0,-
1314,-43,cultro,-,1115.12,10.5,1280.67,2.92,55.18,-2.53,66,6.0,12,2.0,52,4.0,2,0.0,18.18,1.51,2026-08-04,-,0,1287.0
-,-,szesophie,-,1114.97,-4.17,1234.84,0.0,39.96,1.39,315,0.0,98,0.0,217,0.0,0,0.0,31.11,0.0,2024-11-17,-,0,1287.0
1315,-57,Bafbeer,-,1114.64,-2.01,1359.4,0.0,81.59,0.67,25,0.0,7,0.0,18,0.0,0,0.0,28.0,0.0,2026-01-31,-,0,-
-,-,Secretfool,-,1114.46,-2.35,1324.65,0.0,70.06,0.78,48,0.0,20,0.0,28,0.0,0,0.0,41.67,0.0,2022-06-05,-,0,-
-,-,Volt65,-,1113.99,-1.28,1496.94,0.0,127.65,0.43,16,0.0,10,0.0,6,0.0,0,0.0,62.5,0.0,2020-02-17,-,0,-
1316,-66,Tonino,-,1113.92,-8.23,1189.75,-3.76,25.28,1.49,1184,16.0,306,5.0,853,11.0,25,0.0,25.84,0.07,2026-08-07,-,0,788.0
-,-,AoR,-,1113.73,-2.46,1317.91,0.0,68.06,0.82,67,0.0,25,0.0,41,0.0,1,0.0,37.31,0.0,2023-01-15,-,0,-
-,-,gengelstein,-,1113.52,-2.33,1325.13,0.0,70.54,0.78,72,0.0,26,0.0,46,0.0,0,0.0,36.11,0.0,2021-03-02,-,0,-
1317,-54,OffDutyDad,-,1113.2,-2.25,1332.46,0.0,73.09,0.75,42,0.0,14,0.0,28,0.0,0,0.0,33.33,0.0,2025-12-01,-,0,1287.0
1318,new,Argionelite,-,1113.08,663.08,1677.05,177.05,187.99,187.99,5,5.0,4,4.0,1,1.0,0,0.0,80.0,80.0,2026-08-07,-,0,-
-,-,Ralpher,-,1112.89,-1.37,1469.66,0.0,118.92,0.46,18,0.0,9,0.0,9,0.0,0,0.0,50.0,0.0,2020-06-28,-,0,-
-,-,GreatKingRat78,-,1112.8,-1.85,1377.56,0.0,88.25,0.62,20,0.0,6,0.0,14,0.0,0,0.0,30.0,0.0,2025-01-30,-,0,1118.0
1319,-73,janbandit,-,1112.75,-11.99,1287.99,-13.78,58.41,-0.6,53,3.0,14,0.0,39,3.0,0,0.0,26.42,-1.58,2026-06-22,-,0,1118.0
-,-,logocentric,-,1112.65,-2.98,1280.68,0.0,56.01,0.99,180,0.0,57,0.0,121,0.0,2,0.0,31.67,0.0,2022-02-23,-,0,-
-,-,RagingKozak,-,1112.09,-2.74,1293.65,0.0,60.52,0.91,150,0.0,58,0.0,92,0.0,0,0.0,38.67,0.0,2021-09-05,-,0,-
1320,-63,MartinCZE,CZ,1111.67,-5.45,1218.29,0.0,35.54,1.82,545,0.0,139,0.0,393,0.0,13,0.0,25.5,0.0,2026-01-17,-,0,915.0
-,-,calatravag,-,1111.36,-2.17,1338.34,0.0,75.66,0.72,35,0.0,9,0.0,24,0.0,2,0.0,25.71,0.0,2024-04-04,-,0,-
-,-,Doc.Fusion,-,1110.77,-1.14,1539.7,0.0,142.98,0.38,8,0.0,3,0.0,5,0.0,0,0.0,37.5,0.0,2022-01-01,-,0,-
-,-,FlyFelix,-,1110.32,-1.44,1449.44,0.0,113.04,0.48,12,0.0,7,0.0,4,0.0,1,0.0,58.33,0.0,2024-02-27,-,0,-
-,-,PortugueseBandit,-,1109.43,-2.22,1330.73,0.0,73.77,0.74,30,0.0,11,0.0,19,0.0,0,0.0,36.67,0.0,2025-02-04,-,0,1118.0
1321,-57,Atomtomate,DE,1109.33,-3.8,1245.34,0.0,45.34,1.27,159,0.0,39,0.0,118,0.0,2,0.0,24.53,0.0,2025-12-01,-,0,932.0
-,-,flogae,-,1109.07,-1.5,1435.85,0.0,108.93,0.5,18,0.0,12,0.0,5,0.0,1,0.0,66.67,0.0,2021-03-02,-,0,-
1322,-57,Marchely,-,1108.98,-3.63,1286.37,-13.13,59.13,-3.17,59,6.0,19,1.0,40,5.0,0,0.0,32.2,-1.76,2026-07-30,-,0,1118.0
-,-,Swingles,-,1108.81,-2.23,1328.79,0.0,73.33,0.74,48,0.0,24,0.0,24,0.0,0,0.0,50.0,0.0,2022-06-05,-,0,-
-,-,ergates,-,1108.55,-1.36,1469.08,0.0,120.18,0.45,18,0.0,9,0.0,8,0.0,1,0.0,50.0,0.0,2018-10-14,-,0,-
-,-,Flamingpichu,-,1108.37,-2.73,1291.79,0.0,61.14,0.91,95,0.0,27,0.0,59,0.0,9,0.0,28.42,0.0,2023-01-22,-,0,-
-,-,DPRK,-,1107.79,-1.94,1360.84,0.0,84.35,0.65,30,0.0,10,0.0,20,0.0,0,0.0,33.33,0.0,2025-02-01,-,0,989.0
-,-,Cormcolash,-,1107.5,-2.19,1332.08,0.0,74.86,0.73,30,0.0,13,0.0,17,0.0,0,0.0,43.33,0.0,2025-04-18,-,0,1373.0
-,-,DislexicBigot,-,1107.13,-1.93,1361.07,0.0,84.65,0.64,36,0.0,17,0.0,19,0.0,0,0.0,47.22,0.0,2021-06-02,-,0,-
1323,-56,CJcj,-,1106.82,-1.81,1379.16,0.0,90.78,0.6,18,0.0,8,0.0,10,0.0,0,0.0,44.44,0.0,2025-12-01,-,0,-
-,-,Somerent,-,1106.68,-2.82,1280.88,0.0,58.07,0.94,126,0.0,51,0.0,75,0.0,0,0.0,40.48,0.0,2022-06-05,-,0,-
1324,-58,ToSt,PL,1106.61,-3.98,1231.56,0.0,41.65,1.33,253,0.0,68,0.0,183,0.0,2,0.0,26.88,0.0,2026-02-07,-,0,-
1325,-23,Meklaurufen,-,1106.43,42.24,1319.73,24.46,71.1,-5.93,35,6.0,12,2.0,22,3.0,1,1.0,34.29,-0.19,2026-07-24,-,0,-
-,-,Ryktus,-,1106.09,-2.82,1286.66,0.0,60.19,0.94,108,0.0,38,0.0,69,0.0,1,0.0,35.19,0.0,2022-03-06,-,0,-
1326,-105,Redders,-,1105.96,-45.16,1297.98,-75.65,64.01,-10.17,47,10.0,19,1.0,28,9.0,0,0.0,40.43,-8.22,2026-07-30,-,0,-
1327,6,Mister_Pazel,-,1105.64,90.03,1286.42,-6.37,60.26,-32.13,40,23.0,14,9.0,25,13.0,1,1.0,35.0,5.59,2026-08-08,-,0,-
1328,unretired,FuManchu,-,1105.23,0.8,1209.43,-2.44,34.73,-1.08,390,16.0,100,5.0,285,10.0,5,1.0,25.64,0.24,2026-08-10,-,0,1051.0
-,-,flacoforro,-,1105.22,-2.38,1313.81,0.0,69.53,0.79,40,0.0,13,0.0,27,0.0,0,0.0,32.5,0.0,2025-03-25,-,0,939.0
-,-,RiccardoRaso,-,1105.16,-3.14,1264.76,0.0,53.2,1.05,141,0.0,41,0.0,99,0.0,1,0.0,29.08,0.0,2023-01-15,-,0,-
1329,-41,Merclaw,-,1105.12,19.65,1244.53,16.96,46.47,-0.9,81,7.0,20,3.0,61,4.0,0,0.0,24.69,1.72,2026-08-12,-,0,928.0
1330,-61,Dunketelin,-,1104.27,-1.81,1180.13,-2.62,25.29,-0.27,873,41.0,217,12.0,654,29.0,2,0.0,24.86,0.22,2026-08-14,-,0,676.0
-,-,SunTiger,-,1104.27,-2.1,1337.74,0.0,77.82,0.7,30,0.0,11,0.0,19,0.0,0,0.0,36.67,0.0,2025-01-27,-,0,1184.0
-,-,Hanthelmor,BR,1104.02,-4.72,1229.61,0.0,41.86,1.57,595,0.0,155,0.0,430,0.0,10,0.0,26.05,0.0,2024-06-16,-,0,-
1331,-61,madmanmatt666,-,1103.53,-1.97,1353.3,0.0,83.26,0.66,36,0.0,11,0.0,24,0.0,1,0.0,30.56,0.0,2026-02-06,-,0,1287.0
1332,-36,vekijo,-,1102.68,34.62,1298.03,16.04,65.12,-6.19,36,6.0,13,3.0,23,3.0,0,0.0,36.11,2.78,2026-08-01,-,0,-
-,-,Shalif,FR,1102.4,-3.52,1244.39,0.0,47.33,1.17,195,0.0,54,0.0,137,0.0,4,0.0,27.69,0.0,2025-01-13,-,0,1184.0
-,-,Zeclion,-,1102.37,-2.85,1276.51,0.0,58.05,0.95,254,0.0,65,0.0,174,0.0,15,0.0,25.59,0.0,2021-03-02,-,0,-
1333,-55,JS619,US,1101.85,4.42,1176.73,4.87,24.96,0.15,1230,41.0,259,13.0,959,28.0,12,0.0,21.06,0.37,2026-08-09,-,0,798.0
-,-,dww,-,1101.45,-1.15,1526.36,0.0,141.64,0.38,8,0.0,4,0.0,4,0.0,0,0.0,50.0,0.0,2022-01-01,-,0,-
-,-,Esraymuk,-,1101.42,-1.97,1350.56,0.0,83.05,0.66,42,0.0,15,0.0,26,0.0,1,0.0,35.71,0.0,2021-05-15,-,0,-
1334,92,Karmoth,-,1100.05,360.26,1448.66,-51.34,116.21,-137.2,12,10.0,6,5.0,6,5.0,0,0.0,50.0,0.0,2026-08-01,-,0,-
1335,-63,Papella,-,1099.98,-2.3,1314.05,0.0,71.36,0.77,30,0.0,9,0.0,21,0.0,0,0.0,30.0,0.0,2026-02-03,-,0,-
1336,-42,AvanAgornin,-,1099.58,29.84,1309.81,18.76,70.08,-3.69,36,6.0,8,2.0,28,4.0,0,0.0,22.22,2.22,2026-08-10,-,0,-
-,-,Sonalator,-,1099.31,-3.01,1262.5,0.0,54.4,1.0,80,0.0,22,0.0,58,0.0,0,0.0,27.5,0.0,2025-02-14,-,0,932.0
-,-,bach0910,-,1099.15,-1.95,1361.61,0.0,87.48,0.65,54,0.0,26,0.0,27,0.0,1,0.0,48.15,0.0,2020-08-10,-,0,-
-,-,Darzic,-,1097.84,-1.42,1441.55,0.0,114.57,0.47,18,0.0,8,0.0,10,0.0,0,0.0,44.44,0.0,2020-09-27,-,0,-
-,-,Wirbin,-,1097.45,-1.88,1358.09,0.0,86.88,0.63,36,0.0,13,0.0,23,0.0,0,0.0,36.11,0.0,2020-09-27,-,0,-
-,-,dongz,-,1097.28,-1.7,1386.06,0.0,96.26,0.57,18,0.0,8,0.0,10,0.0,0,0.0,44.44,0.0,2022-03-06,-,0,-
-,-,pupukani,-,1096.83,-1.94,1349.93,0.0,84.37,0.65,36,0.0,17,0.0,19,0.0,0,0.0,47.22,0.0,2022-05-29,-,0,-
1337,-62,Nitrosaurus24,US,1096.61,-2.76,1188.37,-2.65,30.59,0.04,583,19.0,135,5.0,436,13.0,12,1.0,23.16,0.11,2026-08-18,-,0,844.0
1338,-65,Romulus07,-,1096.55,-4.3,1212.91,0.0,38.79,1.43,167,0.0,49,0.0,115,0.0,3,0.0,29.34,0.0,2026-02-28,-,0,1065.0
-,-,Svaldini,CA,1095.89,-2.56,1289.66,0.0,64.59,0.85,63,0.0,20,0.0,43,0.0,0,0.0,31.75,0.0,2023-02-23,-,0,-
-,-,jbuergel,-,1095.5,-1.83,1365.09,0.0,89.86,0.61,36,0.0,13,0.0,21,0.0,2,0.0,36.11,0.0,2020-08-23,-,0,-
-,-,Bartas,-,1095.31,-2.24,1314.52,0.0,73.07,0.75,36,0.0,12,0.0,22,0.0,2,0.0,33.33,0.0,2023-06-04,-,0,-
-,-,ZguZimZguZa,-,1095.03,-1.53,1415.55,0.0,106.84,0.51,15,0.0,5,0.0,10,0.0,0,0.0,33.33,0.0,2023-01-15,-,0,-
-,-,davidx,-,1094.95,-2.06,1335.3,0.0,80.12,0.69,27,0.0,11,0.0,15,0.0,1,0.0,40.74,0.0,2025-08-26,-,0,-
1339,-49,Clarinachos,-,1094.87,15.7,1215.66,12.02,40.26,-1.23,171,21.0,40,4.0,131,17.0,0,0.0,23.39,-0.61,2026-07-21,-,0,1271.0
1340,-80,XRipper,-,1094.72,-21.73,1290.72,-36.97,65.33,-5.08,36,6.0,8,0.0,27,5.0,1,1.0,22.22,-4.45,2026-08-04,-,0,-
-,-,Beru,-,1094.37,-2.18,1320.1,0.0,75.24,0.73,40,0.0,17,0.0,23,0.0,0,0.0,42.5,0.0,2021-12-05,-,0,-
1341,-64,Batallon,-,1093.51,-4.95,1198.94,0.0,35.14,1.65,455,0.0,129,0.0,322,0.0,4,0.0,28.35,0.0,2025-12-01,-,0,845.0
-,-,Midkenium,-,1093.02,-1.77,1370.26,0.0,92.41,0.59,36,0.0,15,0.0,21,0.0,0,0.0,41.67,0.0,2020-09-27,-,0,-
1342,-63,Yeoman,-,1092.67,-2.39,1298.77,0.0,68.7,0.8,30,0.0,11,0.0,18,0.0,1,0.0,36.67,0.0,2026-05-31,-,0,-
1343,-69,Kazan,-,1092.59,-7.7,1205.06,-6.32,37.49,0.46,260,8.0,71,1.0,179,7.0,10,0.0,27.31,-0.47,2026-08-11,-,0,1184.0
-,-,Jbob2626,-,1091.39,-2.1,1327.79,0.0,78.8,0.7,30,0.0,14,0.0,16,0.0,0,0.0,46.67,0.0,2025-01-31,-,0,1118.0
-,-,Gervais,IT,1091.3,-3.96,1222.2,0.0,43.64,1.32,385,0.0,114,0.0,266,0.0,5,0.0,29.61,0.0,2024-12-14,-,0,1287.0
-,-,opk,-,1090.51,-2.63,1278.83,0.0,62.77,0.88,60,0.0,16,0.0,44,0.0,0,0.0,26.67,0.0,2025-02-02,-,0,1118.0
1344,-63,NerAlgert,-,1090.51,-3.85,1221.17,0.0,43.55,1.28,108,0.0,30,0.0,76,0.0,2,0.0,27.78,0.0,2026-02-28,-,0,1385.0
-,-,mmarr,-,1090.31,-1.62,1393.42,0.0,101.04,0.54,26,0.0,10,0.0,16,0.0,0,0.0,38.46,0.0,2018-11-09,-,0,-
-,-,CleanerCode,-,1088.74,-1.89,1361.38,0.0,90.88,0.63,36,0.0,15,0.0,21,0.0,0,0.0,41.67,0.0,2020-12-06,-,0,-
1345,-58,Samantho,-,1088.54,2.66,1172.35,3.62,27.94,0.32,810,24.0,183,7.0,623,17.0,4,0.0,22.59,0.2,2026-08-03,-,0,718.0
-,-,Mlhovan,-,1088.22,-3.64,1226.72,0.0,46.17,1.21,304,0.0,84,0.0,214,0.0,6,0.0,27.63,0.0,2024-10-13,-,0,-
-,-,oginostok,-,1088.18,-1.89,1347.42,0.0,86.41,0.63,36,0.0,17,0.0,19,0.0,0,0.0,47.22,0.0,2020-12-06,-,0,-
1346,-70,Redda,-,1087.62,-11.64,1179.04,-11.0,30.47,0.21,234,15.0,58,3.0,172,12.0,4,0.0,24.79,-0.32,2026-08-12,-,0,939.0
1347,15,BuddhaBoost,-,1087.42,119.87,1225.58,71.03,46.05,-16.28,97,41.0,26,16.0,70,25.0,1,0.0,26.8,8.94,2026-08-20,-,0,-
1348,-66,Nomade,-,1087.29,-4.07,1213.99,0.0,42.23,1.36,255,0.0,79,0.0,175,0.0,1,0.0,30.98,0.0,2025-12-10,-,0,1118.0
-,-,JanusXXIII,-,1087.1,-1.06,1550.82,0.0,154.58,0.35,9,0.0,5,0.0,4,0.0,0,0.0,55.56,0.0,2023-11-07,-,0,-
-,-,J.J.,-,1086.43,-2.21,1309.91,0.0,74.49,0.74,76,0.0,22,0.0,54,0.0,0,0.0,28.95,0.0,2020-04-08,-,0,-
-,-,Raphi,-,1086.41,-2.97,1252.97,0.0,55.52,0.99,69,0.0,16,0.0,53,0.0,0,0.0,23.19,0.0,2025-02-12,-,0,1184.0
1349,-66,Czechlands,-,1086.2,-2.23,1306.73,0.0,73.51,0.74,40,0.0,14,0.0,26,0.0,0,0.0,35.0,0.0,2026-03-23,-,0,-
-,-,EmporerAndrew,-,1085.67,-0.77,1719.14,0.0,211.16,0.26,4,0.0,3,0.0,1,0.0,0,0.0,75.0,0.0,2021-11-15,-,0,-
-,-,Math4u,-,1084.88,-3.27,1246.08,0.0,53.73,1.09,131,0.0,37,0.0,94,0.0,0,0.0,28.24,0.0,2024-01-16,-,0,-
1350,-64,gutibudoka,-,1083.97,-2.12,1171.56,-2.56,29.19,-0.15,359,23.0,110,6.0,249,17.0,0,0.0,30.64,-0.31,2026-08-11,-,0,915.0
-,-,Signor_Darcy,-,1083.94,-3.43,1228.89,0.0,48.32,1.14,292,0.0,80,0.0,211,0.0,1,0.0,27.4,0.0,2024-01-16,-,0,-
-,-,MikeyB,-,1083.82,-2.21,1305.73,0.0,73.97,0.74,42,0.0,10,0.0,31,0.0,1,0.0,23.81,0.0,2024-05-15,-,0,-
-,-,FRadar,-,1083.78,-2.09,1318.85,0.0,78.36,0.7,30,0.0,8,0.0,22,0.0,0,0.0,26.67,0.0,2024-02-23,-,0,-
-,-,gameofstu,-,1083.77,-1.84,1351.68,0.0,89.31,0.61,36,0.0,14,0.0,22,0.0,0,0.0,38.89,0.0,2019-12-30,-,0,-
-,-,Four-Zero,-,1083.37,-1.71,1380.69,0.0,99.11,0.57,30,0.0,18,0.0,11,0.0,1,0.0,60.0,0.0,2022-06-05,-,0,-
-,-,SirTommoth,-,1083.22,-2.31,1296.52,0.0,71.1,0.77,48,0.0,19,0.0,28,0.0,1,0.0,39.58,0.0,2022-06-05,-,0,-
-,-,Adunak,-,1083.05,-1.99,1329.88,0.0,82.27,0.66,36,0.0,13,0.0,22,0.0,1,0.0,36.11,0.0,2021-06-02,-,0,-
1351,-39,Dexray,-,1082.99,38.49,1318.99,14.54,78.67,-7.98,31,6.0,12,2.0,19,4.0,0,0.0,38.71,-1.29,2026-08-01,-,0,-
-,-,Friedthelt,-,1082.06,-2.22,1303.54,0.0,73.83,0.74,45,0.0,17,0.0,28,0.0,0,0.0,37.78,0.0,2025-02-07,-,0,1118.0
-,-,toptheworld,-,1082.05,-2.7,1264.41,0.0,60.79,0.9,60,0.0,15,0.0,45,0.0,0,0.0,25.0,0.0,2025-02-03,-,0,1184.0
-,-,biso,-,1081.8,-3.64,1229.91,0.0,49.37,1.21,270,0.0,83,0.0,183,0.0,4,0.0,30.74,0.0,2025-01-26,-,0,1416.0
-,-,vladslavBR,-,1080.19,-1.92,1336.78,0.0,85.53,0.64,36,0.0,10,0.0,19,0.0,7,0.0,27.78,0.0,2019-12-30,-,0,-
-,-,Bricks718,-,1079.33,-2.24,1298.31,0.0,72.99,0.75,40,0.0,12,0.0,28,0.0,0,0.0,30.0,0.0,2024-04-04,-,0,-
-,-,DionysosKing,-,1079.33,-1.61,1383.52,0.0,101.4,0.54,18,0.0,9,0.0,9,0.0,0,0.0,50.0,0.0,2023-02-05,-,0,-
1352,-107,sparkyal,-,1079.28,-46.37,1299.41,-77.51,73.38,-10.38,54,6.0,15,0.0,39,6.0,0,0.0,27.78,-3.47,2026-07-25,-,0,-
-,-,Adrianucho,-,1079.19,-1.97,1328.46,0.0,83.09,0.66,30,0.0,11,0.0,19,0.0,0,0.0,36.67,0.0,2024-02-23,-,0,-
-,-,Gondis,-,1078.56,-1.43,1420.72,0.0,114.05,0.48,24,0.0,10,0.0,14,0.0,0,0.0,41.67,0.0,2020-05-19,-,0,-
-,-,Alabastero,-,1078.56,-1.43,1420.72,0.0,114.05,0.48,24,0.0,10,0.0,14,0.0,0,0.0,41.67,0.0,2020-05-28,-,0,-
-,-,psutera,-,1078.56,-1.43,1420.72,0.0,114.05,0.48,24,0.0,10,0.0,14,0.0,0,0.0,41.67,0.0,2020-05-20,-,0,-
-,-,Dreadpiratejosh,-,1078.48,-1.76,1356.38,0.0,92.64,0.59,36,0.0,17,0.0,19,0.0,0,0.0,47.22,0.0,2019-02-17,-,0,-
-,-,Abssalom,-,1078.46,-2.22,1299.27,0.0,73.6,0.74,42,0.0,16,0.0,26,0.0,0,0.0,38.1,0.0,2024-01-16,-,0,-
-,-,CharlieFish,-,1077.73,-2.18,1302.92,0.0,75.06,0.73,30,0.0,12,0.0,18,0.0,0,0.0,40.0,0.0,2025-01-27,-,0,1118.0
-,-,Edge613,-,1077.46,-4.08,1200.95,0.0,41.16,1.36,270,0.0,78,0.0,190,0.0,2,0.0,28.89,0.0,2025-04-22,-,0,1433.0
-,-,MythMoth,-,1076.55,-2.33,1287.41,0.0,70.28,0.78,47,0.0,13,0.0,31,0.0,3,0.0,27.66,0.0,2023-02-28,-,0,-
-,-,DaMeager,-,1076.37,-2.01,1322.47,0.0,82.03,0.67,36,0.0,13,0.0,23,0.0,0,0.0,36.11,0.0,2021-12-05,-,0,-
-,-,-BARBAR-,-,1075.93,-1.47,1408.82,0.0,110.96,0.49,19,0.0,6,0.0,11,0.0,2,0.0,31.58,0.0,2023-01-15,-,0,-
1353,-58,lengesses,-,1075.11,5.86,1257.53,2.62,60.81,-1.08,54,3.0,10,1.0,44,2.0,0,0.0,18.52,0.87,2026-07-14,-,0,1184.0
1354,-63,Devonia,-,1073.9,-3.07,1235.29,0.0,53.8,1.02,70,0.0,17,0.0,53,0.0,0,0.0,24.29,0.0,2026-02-02,-,0,1118.0
-,-,Pastiness,-,1073.56,-1.98,1321.56,0.0,82.67,0.66,30,0.0,8,0.0,22,0.0,0,0.0,26.67,0.0,2024-04-04,-,0,-
-,-,Werlix,-,1073.29,-1.72,1357.58,0.0,94.76,0.57,36,0.0,13,0.0,23,0.0,0,0.0,36.11,0.0,2018-10-14,-,0,-
-,-,whiteraven,-,1073.22,-1.37,1430.08,0.0,118.95,0.46,18,0.0,8,0.0,9,0.0,1,0.0,44.44,0.0,2020-06-28,-,0,-
-,-,Penisbursche,-,1072.43,-1.85,1339.65,0.0,89.07,0.62,36,0.0,15,0.0,21,0.0,0,0.0,41.67,0.0,2020-06-28,-,0,-
-,-,DrThyme,-,1072.37,-1.18,1486.62,0.0,138.08,0.39,12,0.0,6,0.0,6,0.0,0,0.0,50.0,0.0,2020-08-18,-,0,-
-,-,Naismith,-,1070.11,-1.57,1382.62,0.0,104.17,0.52,18,0.0,6,0.0,12,0.0,0,0.0,33.33,0.0,2020-09-27,-,0,-
1355,-63,Mighke,-,1069.62,-5.98,1239.95,-5.68,56.78,0.1,61,3.0,16,0.0,45,3.0,0,0.0,26.23,-1.36,2026-06-23,-,0,1118.0
-,-,Tomo,-,1069.14,-3.82,1203.22,0.0,44.69,1.27,362,0.0,93,0.0,267,0.0,2,0.0,25.69,0.0,2024-03-17,-,0,-
-,-,Chuie,-,1068.76,-1.32,1438.43,0.0,123.22,0.44,18,0.0,9,0.0,9,0.0,0,0.0,50.0,0.0,2019-12-30,-,0,-
1356,-63,Azami,-,1068.45,-2.25,1287.04,0.0,72.86,0.75,36,0.0,10,0.0,26,0.0,0,0.0,27.78,0.0,2026-02-04,-,0,1287.0
-,-,SatoruGojo,-,1067.13,-1.75,1347.6,0.0,93.49,0.58,30,0.0,10,0.0,19,0.0,1,0.0,33.33,0.0,2024-02-23,-,0,-
-,-,funkenschlag,-,1066.96,-3.25,1224.05,0.0,52.36,1.08,379,0.0,93,0.0,280,0.0,6,0.0,24.54,0.0,2023-01-15,-,0,-
-,-,Krisztciii,-,1066.93,-3.18,1224.75,0.0,52.61,1.06,235,0.0,55,0.0,177,0.0,3,0.0,23.4,0.0,2023-02-05,-,0,-
-,-,Xayide,-,1066.57,-1.45,1404.07,0.0,112.5,0.48,18,0.0,8,0.0,10,0.0,0,0.0,44.44,0.0,2020-03-30,-,0,-
-,-,sztukam,-,1066.23,-1.34,1430.71,0.0,121.49,0.45,12,0.0,6,0.0,5,0.0,1,0.0,50.0,0.0,2021-02-21,-,0,-
-,-,Finch,-,1066.19,-1.36,1426.61,0.0,120.14,0.45,18,0.0,8,0.0,10,0.0,0,0.0,44.44,0.0,2020-06-28,-,0,-
-,-,Rusticista,-,1066.07,-1.77,1343.71,0.0,92.55,0.59,23,0.0,7,0.0,16,0.0,0,0.0,30.43,0.0,2023-01-15,-,0,-
-,-,Athelis,-,1065.17,-1.75,1345.71,0.0,93.51,0.58,19,0.0,4,0.0,14,0.0,1,0.0,21.05,0.0,2023-03-05,-,0,-
1357,-25,landrew,-,1064.87,47.38,1257.64,37.13,64.26,-3.42,60,6.0,17,3.0,43,3.0,0,0.0,28.33,2.4,2026-07-31,-,0,-
1358,-59,greslack,-,1064.7,-2.33,1275.75,0.0,70.35,0.78,42,0.0,14,0.0,27,0.0,1,0.0,33.33,0.0,2026-01-31,-,0,-
1359,-75,ViznessDaBizness,-,1063.45,-23.95,1247.05,-46.04,61.2,-7.36,44,10.0,15,1.0,29,9.0,0,0.0,34.09,-7.09,2026-08-12,-,0,-
-,-,Yerdua,-,1063.44,-1.99,1310.73,0.0,82.43,0.66,54,0.0,19,0.0,34,0.0,1,0.0,35.19,0.0,2020-09-27,-,0,-
-,-,hkl,-,1063.01,-1.85,1332.0,0.0,89.66,0.62,23,0.0,5,0.0,17,0.0,1,0.0,21.74,0.0,2023-01-15,-,0,-
-,-,Wooojciech,-,1062.99,-1.89,1323.3,0.0,86.77,0.63,36,0.0,11,0.0,25,0.0,0,0.0,30.56,0.0,2021-02-20,-,0,-
-,-,Prablemzzz,-,1062.45,-2.34,1271.47,0.0,69.68,0.78,54,0.0,23,0.0,30,0.0,1,0.0,42.59,0.0,2022-03-06,-,0,-
-,-,adocen,-,1061.61,-1.59,1369.53,0.0,102.64,0.53,24,0.0,9,0.0,13,0.0,2,0.0,37.5,0.0,2020-11-15,-,0,-
-,-,lulligator,-,1060.89,-1.87,1347.77,0.0,95.63,0.62,42,0.0,22,0.0,20,0.0,0,0.0,52.38,0.0,2020-06-28,-,0,-
1360,-49,TarisI,-,1060.84,12.13,1272.58,2.82,70.58,-3.1,33,3.0,10,1.0,23,2.0,0,0.0,30.3,0.3,2026-06-17,-,0,-
1361,-63,firstfloorfinest,BE,1060.49,-7.15,1181.16,-4.32,40.22,0.95,385,3.0,97,0.0,285,3.0,3,0.0,25.19,-0.2,2026-06-28,-,0,-
-,-,wkawkfl,-,1059.42,-2.43,1262.3,0.0,67.63,0.81,96,0.0,27,0.0,67,0.0,2,0.0,28.12,0.0,2021-08-24,-,0,-
-,-,Samut,-,1059.33,-1.81,1330.81,0.0,90.49,0.6,30,0.0,11,0.0,19,0.0,0,0.0,36.67,0.0,2024-02-23,-,0,-
-,-,BlueJay,-,1058.22,-2.23,1278.11,0.0,73.3,0.74,30,0.0,9,0.0,21,0.0,0,0.0,30.0,0.0,2025-02-02,-,0,1184.0
-,-,lxy,-,1058.15,-1.6,1364.32,0.0,102.05,0.53,24,0.0,12,0.0,12,0.0,0,0.0,50.0,0.0,2020-05-25,-,0,-
-,-,henk,-,1057.57,-2.26,1280.09,0.0,74.18,0.75,48,0.0,14,0.0,28,0.0,6,0.0,29.17,0.0,2021-06-02,-,0,-
-,-,liladre,-,1057.4,-4.37,1196.1,0.0,46.23,1.46,459,0.0,121,0.0,336,0.0,2,0.0,26.36,0.0,2023-11-17,-,0,-
-,-,ackbleh,-,1056.89,-1.22,1459.71,0.0,134.27,0.41,12,0.0,7,0.0,5,0.0,0,0.0,58.33,0.0,2020-11-19,-,0,-
-,-,Judiot,-,1056.39,-1.96,1306.69,0.0,83.43,0.65,30,0.0,7,0.0,23,0.0,0,0.0,23.33,0.0,2024-02-23,-,0,-
-,-,MadAvenger,-,1056.18,-3.38,1205.08,0.0,49.63,1.13,315,0.0,74,0.0,238,0.0,3,0.0,23.49,0.0,2023-05-23,-,0,-
1362,-56,FabioMP,-,1056.0,0.82,1162.07,3.98,35.35,1.05,631,6.0,161,2.0,468,4.0,2,0.0,25.52,0.08,2026-07-27,-,0,1245.0
-,-,Druen,-,1055.25,-1.06,1515.34,0.0,153.36,0.35,8,0.0,4,0.0,4,0.0,0,0.0,50.0,0.0,2022-01-01,-,0,-
-,-,CeeJ,-,1054.96,-2.08,1290.92,0.0,78.66,0.69,44,0.0,13,0.0,31,0.0,0,0.0,29.55,0.0,2024-01-16,-,0,-
1363,-32,Tapio,-,1054.69,36.53,1257.93,25.6,67.74,-3.64,66,6.0,16,2.0,50,4.0,0,0.0,24.24,0.91,2026-07-19,-,0,1287.0
1364,-63,Wing,-,1054.65,-10.74,1251.18,-15.06,65.51,-1.44,40,3.0,8,0.0,31,3.0,1,0.0,20.0,-1.62,2026-06-25,-,0,1118.0
-,-,yoyo0507,-,1054.53,-1.92,1312.15,0.0,85.87,0.64,44,0.0,18,0.0,24,0.0,2,0.0,40.91,0.0,2023-04-02,-,0,-
-,-,Rugan,-,1053.95,-1.16,1477.46,0.0,141.17,0.39,8,0.0,3,0.0,5,0.0,0,0.0,37.5,0.0,2022-01-01,-,0,-
-,-,Ritocito,-,1053.61,-1.11,1494.02,0.0,146.8,0.37,6,0.0,2,0.0,2,0.0,2,0.0,33.33,0.0,2023-10-05,-,0,-
-,-,Dharkan_Kaazar,-,1053.34,-1.67,1347.09,0.0,97.92,0.56,15,0.0,3,0.0,12,0.0,0,0.0,20.0,0.0,2024-02-23,-,0,-
1365,-5,Monty1979,-,1052.96,84.43,1256.41,67.72,67.82,-5.57,50,8.0,17,4.0,33,4.0,0,0.0,34.0,3.05,2026-08-01,-,0,1183.0
1366,-57,Giulio_GC,-,1052.68,1.01,1268.97,-7.54,72.1,-2.85,33,3.0,6,0.0,26,2.0,1,1.0,18.18,-1.82,2026-06-25,-,0,-
1367,-62,thebigcheese,-,1052.54,-6.23,1216.69,-12.04,54.72,-1.94,72,6.0,17,1.0,55,5.0,0,0.0,23.61,-0.63,2026-07-26,-,0,1287.0
1368,-60,Gregoriocasa,-,1051.76,-2.37,1258.88,0.0,69.04,0.79,30,0.0,9,0.0,21,0.0,0,0.0,30.0,0.0,2026-02-05,-,0,-
-,-,JibehArcher,-,1051.57,-1.15,1478.5,0.0,142.31,0.38,12,0.0,6,0.0,6,0.0,0,0.0,50.0,0.0,2021-05-27,-,0,-
-,-,Alexd,-,1051.25,-1.88,1311.64,0.0,86.8,0.63,30,0.0,12,0.0,18,0.0,0,0.0,40.0,0.0,2021-08-23,-,0,-
-,-,Kykelodeon,-,1051.13,-2.46,1253.88,0.0,67.58,0.82,90,0.0,30,0.0,60,0.0,0,0.0,33.33,0.0,2021-03-02,-,0,-
-,-,FoglyOgly,-,1049.9,-2.01,1294.03,0.0,81.38,0.67,54,0.0,12,0.0,41,0.0,1,0.0,22.22,0.0,2021-05-07,-,0,-
1369,new,Marinheiro,-,1049.26,599.26,1304.49,-195.51,85.08,85.08,18,18.0,4,4.0,14,14.0,0,0.0,22.22,22.22,2026-07-27,-,0,-
-,-,MadsB,-,1048.79,-2.99,1213.71,0.0,54.97,1.0,95,0.0,27,0.0,68,0.0,0,0.0,28.42,0.0,2023-09-24,-,0,-
1370,-60,Tietzsche,-,1048.29,-3.03,1211.16,0.0,54.29,1.01,96,0.0,23,0.0,72,0.0,1,0.0,23.96,0.0,2026-02-07,-,0,1109.0
-,-,Sukhjit,-,1048.0,-1.59,1356.77,0.0,102.92,0.53,42,0.0,15,0.0,27,0.0,0,0.0,35.71,0.0,2020-11-24,-,0,-
-,-,KuddelFA,-,1046.76,-2.08,1282.55,0.0,78.6,0.69,52,0.0,13,0.0,37,0.0,2,0.0,25.0,0.0,2020-08-15,-,0,-
-,-,Althaj,SK,1046.45,-2.89,1218.27,0.0,57.27,0.96,75,0.0,16,0.0,58,0.0,1,0.0,21.33,0.0,2024-09-15,-,0,-
-,-,Petoss,-,1045.91,-1.37,1403.79,0.0,119.3,0.46,9,0.0,3,0.0,6,0.0,0,0.0,33.33,0.0,2023-04-11,-,0,-
1371,-64,Rickanchamun,-,1045.02,-9.43,1210.77,-17.27,55.25,-2.61,54,6.0,13,1.0,41,5.0,0,0.0,24.07,-0.93,2026-07-27,-,0,1381.0
-,-,Ben96,-,1043.9,-2.15,1272.21,0.0,76.1,0.72,72,0.0,22,0.0,50,0.0,0,0.0,30.56,0.0,2020-09-27,-,0,-
-,-,ludnunes,-,1043.76,-2.44,1244.91,0.0,67.05,0.81,81,0.0,21,0.0,59,0.0,1,0.0,25.93,0.0,2023-01-15,-,0,-
-,-,marcelodadf,-,1043.52,-1.53,1364.33,0.0,106.94,0.51,15,0.0,4,0.0,11,0.0,0,0.0,26.67,0.0,2024-02-23,-,0,-
-,-,anyhotcountry,-,1043.29,-1.36,1403.82,0.0,120.18,0.45,18,0.0,9,0.0,9,0.0,0,0.0,50.0,0.0,2018-10-14,-,0,-
1372,-46,Oyvind,-,1041.56,18.19,1210.19,11.82,56.21,-2.12,76,6.0,17,2.0,59,4.0,0,0.0,22.37,0.94,2026-07-27,-,0,1184.0
-,-,Ivalice,-,1041.19,-1.81,1311.97,0.0,90.26,0.6,36,0.0,15,0.0,20,0.0,1,0.0,41.67,0.0,2019-12-30,-,0,-
-,-,GeoHub,-,1039.51,-1.83,1309.91,0.0,90.13,0.61,48,0.0,15,0.0,33,0.0,0,0.0,31.25,0.0,2020-11-26,-,0,-
-,-,LyraInfinite,-,1039.42,-0.86,1611.36,0.0,190.65,0.29,4,0.0,2,0.0,2,0.0,0,0.0,50.0,0.0,2021-11-15,-,0,-
1373,-73,RodaxIII,-,1039.36,-26.89,1140.82,-28.23,33.82,-0.44,300,21.0,85,0.0,202,20.0,13,1.0,28.33,-2.14,2026-07-18,-,0,1270.0
1374,-19,Vojvoda_Micko,-,1039.31,60.52,1260.72,39.1,73.8,-7.14,33,6.0,8,3.0,25,3.0,0,0.0,24.24,5.72,2026-07-22,-,0,-
-,-,ThonosP,BE,1039.12,-2.31,1251.31,0.0,70.73,0.77,39,0.0,8,0.0,27,0.0,4,0.0,20.51,0.0,2024-06-16,-,0,-
-,-,Gorky,-,1038.85,-1.04,1511.71,0.0,157.62,0.35,8,0.0,4,0.0,4,0.0,0,0.0,50.0,0.0,2022-01-01,-,0,-
1375,-61,Smithereens,-,1038.71,-1.63,1340.18,0.0,100.49,0.54,16,0.0,6,0.0,9,0.0,1,0.0,37.5,0.0,2026-01-11,-,0,-
-,-,cymerdown,-,1037.26,-2.16,1264.76,0.0,75.83,0.72,30,0.0,8,0.0,18,0.0,4,0.0,26.67,0.0,2025-02-28,-,0,1287.0
1376,-61,MATADORDELMAR,-,1036.7,-3.15,1195.17,0.0,52.82,1.05,75,0.0,16,0.0,58,0.0,1,0.0,21.33,0.0,2026-01-29,-,0,1287.0
1377,new,dragonst33d,-,1036.51,586.51,1272.87,-227.13,78.79,78.79,22,22.0,5,5.0,17,17.0,0,0.0,22.73,22.73,2026-08-07,-,0,-
-,-,PandaJJ,-,1036.05,-2.34,1248.82,0.0,70.93,0.78,36,0.0,8,0.0,28,0.0,0,0.0,22.22,0.0,2025-01-21,-,0,1112.0
-,-,lolcese,-,1035.35,-2.97,1203.82,0.0,56.16,0.99,156,0.0,40,0.0,115,0.0,1,0.0,25.64,0.0,2023-11-29,-,0,-
-,-,pepinecko,-,1035.1,-2.68,1219.51,0.0,61.47,0.89,69,0.0,23,0.0,46,0.0,0,0.0,33.33,0.0,2024-12-08,-,0,1287.0
-,-,hongcha,-,1034.94,-1.68,1326.61,0.0,97.22,0.56,19,0.0,1,0.0,13,0.0,5,0.0,5.26,0.0,2023-01-15,-,0,-
-,-,Albertotron,-,1033.94,-0.88,1587.19,0.0,184.42,0.29,4,0.0,2,0.0,2,0.0,0,0.0,50.0,0.0,2021-11-15,-,0,-
1378,-62,NixonSparrow,-,1033.89,-1.79,1308.62,0.0,91.58,0.6,24,0.0,9,0.0,15,0.0,0,0.0,37.5,0.0,2026-04-25,-,0,-
1379,-57,omoi,-,1033.31,4.73,1196.44,-15.61,54.38,-6.78,58,13.0,15,3.0,43,10.0,0,0.0,25.86,-0.81,2026-08-17,-,0,-
1380,-45,kackajoni,-,1031.83,17.13,1209.41,10.96,59.19,-2.06,66,6.0,21,2.0,45,4.0,0,0.0,31.82,0.15,2026-07-21,-,0,1118.0
-,-,DarthElendil,-,1031.77,-1.68,1323.04,0.0,97.09,0.56,18,0.0,8,0.0,10,0.0,0,0.0,44.44,0.0,2025-05-04,-,0,1388.0
1381,-63,Lint,-,1030.6,-2.32,1242.2,0.0,70.54,0.77,42,0.0,7,0.0,35,0.0,0,0.0,16.67,0.0,2026-02-02,-,0,-
-,-,meni,-,1030.45,-1.37,1387.04,0.0,118.86,0.46,9,0.0,3,0.0,6,0.0,0,0.0,33.33,0.0,2023-02-12,-,0,-
-,-,Tasslehoff,-,1030.35,-1.91,1288.67,0.0,86.11,0.64,36,0.0,12,0.0,24,0.0,0,0.0,33.33,0.0,2020-12-06,-,0,-
-,-,zcarvalh87,-,1028.7,-1.63,1330.95,0.0,100.75,0.54,24,0.0,6,0.0,18,0.0,0,0.0,25.0,0.0,2020-11-24,-,0,-
1382,new,Alistair,-,1028.6,578.6,1280.84,-219.16,84.08,84.08,18,18.0,4,4.0,14,14.0,0,0.0,22.22,22.22,2026-07-30,-,0,-
-,-,Master_Nodu,-,1028.54,-2.57,1218.98,0.0,63.48,0.86,66,0.0,21,0.0,44,0.0,1,0.0,31.82,0.0,2023-02-05,-,0,-
-,-,mliszewski,-,1027.67,-1.85,1293.22,0.0,88.51,0.62,36,0.0,14,0.0,22,0.0,0,0.0,38.89,0.0,2020-12-06,-,0,-
-,-,Jakuu,-,1027.29,-2.52,1222.52,0.0,65.07,0.84,60,0.0,11,0.0,49,0.0,0,0.0,18.33,0.0,2025-02-05,-,0,1184.0
-,-,aps29965319,-,1027.23,-2.1,1266.04,0.0,79.6,0.7,48,0.0,12,0.0,32,0.0,4,0.0,25.0,0.0,2021-11-16,-,0,-
-,-,blubeck,-,1026.42,-2.56,1218.73,0.0,64.1,0.85,90,0.0,29,0.0,60,0.0,1,0.0,32.22,0.0,2022-06-05,-,0,-
1383,-62,Gaulamos,-,1026.15,-3.1,1131.34,-0.48,35.06,0.87,504,4.0,120,2.0,381,2.0,3,0.0,23.81,0.21,2026-07-31,-,0,1287.0
-,-,nima_msg,-,1025.96,-1.54,1344.09,0.0,106.04,0.51,18,0.0,9,0.0,9,0.0,0,0.0,50.0,0.0,2023-09-03,-,0,-
1384,-61,weide,-,1024.77,-1.91,1281.71,0.0,85.65,0.64,21,0.0,5,0.0,16,0.0,0,0.0,23.81,0.0,2026-01-05,-,0,-
1385,-65,Seabrook,-,1024.54,-5.78,1123.24,0.0,32.9,1.93,328,0.0,51,0.0,253,0.0,24,0.0,15.55,0.0,2025-11-30,-,0,1060.0
1386,-67,beny85,IT,1024.41,-6.16,1125.42,0.0,33.67,2.05,352,0.0,55,0.0,281,0.0,16,0.0,15.62,0.0,2026-05-31,-,0,796.0
-,-,captpirat,-,1024.39,-2.28,1241.18,0.0,72.26,0.76,44,0.0,11,0.0,33,0.0,0,0.0,25.0,0.0,2024-01-16,-,0,-
1387,-42,DaddySparky,-,1023.92,26.15,1186.37,-22.84,54.15,-16.33,54,24.0,11,5.0,41,19.0,2,0.0,20.37,0.37,2026-07-24,-,0,-
-,-,PierrotLeFoul,-,1023.13,-0.75,1674.33,0.0,217.07,0.25,2,0.0,2,0.0,0,0.0,0,0.0,100.0,0.0,2023-04-02,-,0,-
-,-,apobel,-,1022.89,-2.56,1220.99,0.0,66.03,0.85,102,0.0,19,0.0,79,0.0,4,0.0,18.63,0.0,2020-12-06,-,0,-
1388,-63,majin,-,1022.88,-1.64,1322.51,0.0,99.88,0.55,15,0.0,1,0.0,14,0.0,0,0.0,6.67,0.0,2025-12-06,-,0,-
-,-,vince_ma,-,1022.37,-1.63,1323.11,0.0,100.25,0.54,18,0.0,8,0.0,10,0.0,0,0.0,44.44,0.0,2022-03-06,-,0,-
1389,-65,Trek,-,1022.29,-2.74,1201.54,0.0,59.75,0.91,55,0.0,13,0.0,42,0.0,0,0.0,23.64,0.0,2026-02-04,-,0,1118.0
-,-,Lindoro,-,1022.02,-2.35,1230.94,0.0,69.64,0.78,36,0.0,15,0.0,21,0.0,0,0.0,41.67,0.0,2024-08-11,-,0,-
-,-,danjoy72,-,1021.75,-1.92,1277.6,0.0,85.28,0.64,30,0.0,9,0.0,21,0.0,0,0.0,30.0,0.0,2024-02-23,-,0,-
1390,-73,Castanicus,-,1021.47,-13.05,1199.55,-16.8,59.36,-1.25,66,6.0,12,0.0,54,6.0,0,0.0,18.18,-1.82,2026-08-07,-,0,1184.0
-,-,jobe,-,1021.33,-2.5,1218.81,0.0,65.83,0.83,62,0.0,17,0.0,45,0.0,0,0.0,27.42,0.0,2025-02-28,-,0,1421.0
-,-,carlinator,-,1019.79,-1.56,1333.95,0.0,104.72,0.52,12,0.0,3,0.0,9,0.0,0,0.0,25.0,0.0,2023-11-29,-,0,-
-,-,CefreBunda,-,1019.45,-1.77,1295.68,0.0,92.08,0.59,48,0.0,12,0.0,35,0.0,1,0.0,25.0,0.0,2018-06-17,-,0,-
-,-,reddog,-,1019.06,-1.98,1267.16,0.0,82.7,0.66,30,0.0,7,0.0,23,0.0,0,0.0,23.33,0.0,2025-02-01,-,0,1184.0
-,-,Jagophile,-,1019.04,-1.85,1284.79,0.0,88.58,0.62,30,0.0,7,0.0,23,0.0,0,0.0,23.33,0.0,2024-02-23,-,0,-
-,-,Ruthless741,-,1018.83,-1.44,1358.56,0.0,113.24,0.48,18,0.0,7,0.0,11,0.0,0,0.0,38.89,0.0,2020-06-28,-,0,-
-,-,Dim_,-,1018.44,-2.1,1252.4,0.0,77.99,0.7,45,0.0,12,0.0,32,0.0,1,0.0,26.67,0.0,2023-01-15,-,0,-
-,-,UrbanSammie,-,1018.21,-1.29,1397.17,0.0,126.32,0.43,18,0.0,7,0.0,11,0.0,0,0.0,38.89,0.0,2020-06-28,-,0,-
-,-,welchi,-,1018.1,-1.47,1351.02,0.0,110.97,0.49,18,0.0,7,0.0,10,0.0,1,0.0,38.89,0.0,2020-09-27,-,0,-
-,-,Quality_Jones,-,1018.08,-2.14,1247.66,0.0,76.53,0.71,45,0.0,13,0.0,32,0.0,0,0.0,28.89,0.0,2023-01-22,-,0,-
-,-,Spip74,-,1017.96,-2.79,1193.54,0.0,58.53,0.93,132,0.0,32,0.0,100,0.0,0,0.0,24.24,0.0,2022-06-05,-,0,-
1391,-63,Ivan_A_Destructalot,-,1017.72,-2.55,1210.73,0.0,64.34,0.85,37,0.0,7,0.0,30,0.0,0,0.0,18.92,0.0,2026-02-11,-,0,-
-,-,BartoszN,-,1017.52,-2.16,1247.36,0.0,76.62,0.72,46,0.0,12,0.0,31,0.0,3,0.0,26.09,0.0,2022-02-18,-,0,-
-,-,Chesswizard42,-,1017.11,-1.05,1482.17,0.0,155.02,0.35,12,0.0,7,0.0,5,0.0,0,0.0,58.33,0.0,2020-02-09,-,0,-
-,-,mdross1,-,1016.4,-1.79,1290.59,0.0,91.4,0.6,40,0.0,13,0.0,27,0.0,0,0.0,32.5,0.0,2020-09-27,-,0,-
-,-,TheCat,-,1015.91,-1.47,1348.2,0.0,110.76,0.49,20,0.0,7,0.0,13,0.0,0,0.0,35.0,0.0,2020-04-08,-,0,-
-,-,Nognix,-,1015.86,-1.98,1263.53,0.0,82.55,0.66,28,0.0,9,0.0,18,0.0,1,0.0,32.14,0.0,2024-02-23,-,0,-
1392,-65,VladBenez,IT,1015.65,-7.61,1119.98,-6.13,34.78,0.49,254,13.0,42,1.0,212,12.0,0,0.0,16.54,-0.47,2026-08-16,-,0,861.0
-,-,maurice986,-,1015.28,-1.97,1265.8,0.0,83.5,0.66,30,0.0,7,0.0,23,0.0,0,0.0,23.33,0.0,2025-01-30,-,0,1118.0
-,-,gregg900,-,1015.08,-1.89,1277.42,0.0,87.45,0.63,36,0.0,11,0.0,25,0.0,0,0.0,30.56,0.0,2020-09-27,-,0,-
1393,-63,Vaibhavaiyar,-,1014.76,-4.03,1142.62,0.0,42.62,1.34,286,0.0,63,0.0,216,0.0,7,0.0,22.03,0.0,2026-01-31,-,0,1184.0
1394,-54,Sopelek,-,1014.42,7.99,1133.53,6.22,39.7,-0.59,182,13.0,35,2.0,142,9.0,5,2.0,19.23,-0.3,2026-08-12,-,0,912.0
-,-,Dr.MilkDuck,-,1014.4,-1.5,1340.59,0.0,108.73,0.5,18,0.0,6,0.0,12,0.0,0,0.0,33.33,0.0,2020-12-06,-,0,-
-,-,Billtje,-,1013.73,-1.52,1336.54,0.0,107.6,0.51,18,0.0,9,0.0,9,0.0,0,0.0,50.0,0.0,2021-03-02,-,0,-
1395,-61,Maximouse,-,1013.57,-1.48,1344.88,0.0,110.44,0.49,15,0.0,2,0.0,13,0.0,0,0.0,13.33,0.0,2025-12-14,-,0,-
-,-,LucaDiGennaro,-,1012.96,-1.31,1385.37,0.0,124.14,0.44,18,0.0,8,0.0,10,0.0,0,0.0,44.44,0.0,2018-10-14,-,0,-
-,-,MrDosu,-,1012.68,-1.37,1368.89,0.0,118.74,0.46,18,0.0,6,0.0,12,0.0,0,0.0,33.33,0.0,2020-03-30,-,0,-
-,-,kunayala,-,1011.99,-1.76,1290.34,0.0,92.79,0.59,34,0.0,12,0.0,22,0.0,0,0.0,35.29,0.0,2020-09-27,-,0,-
-,-,greatscotttch,-,1011.83,-2.5,1210.69,0.0,66.29,0.83,90,0.0,20,0.0,64,0.0,6,0.0,22.22,0.0,2021-11-16,-,0,-
-,-,BigAAA,-,1010.75,-1.86,1275.26,0.0,88.17,0.62,25,0.0,2,0.0,23,0.0,0,0.0,8.0,0.0,2024-04-04,-,0,-
-,-,Inco,-,1010.74,-1.81,1282.45,0.0,90.57,0.6,48,0.0,14,0.0,33,0.0,1,0.0,29.17,0.0,2019-12-30,-,0,-
-,-,PikaSex,-,1010.55,-1.85,1277.09,0.0,88.85,0.62,36,0.0,9,0.0,27,0.0,0,0.0,25.0,0.0,2020-06-28,-,0,-
-,-,Rona_the_Terrible,-,1010.05,-1.64,1309.63,0.0,99.86,0.55,18,0.0,7,0.0,10,0.0,1,0.0,38.89,0.0,2024-03-03,-,0,-
1396,-59,jurgen18,-,1008.93,-2.51,1205.24,0.0,65.44,0.84,45,0.0,11,0.0,34,0.0,0,0.0,24.44,0.0,2026-02-08,-,0,1287.0
1397,-13,Kradmesor,-,1008.82,91.68,1238.94,83.88,76.71,-2.6,48,3.0,6,3.0,42,0.0,0,0.0,12.5,5.83,2026-07-04,-,0,1287.0
-,-,DrDuff,-,1008.77,-1.67,1303.07,0.0,98.1,0.56,21,0.0,8,0.0,13,0.0,0,0.0,38.1,0.0,2024-02-23,-,0,-
1398,-60,Caps,-,1008.75,-2.08,1245.24,0.0,78.83,0.69,25,0.0,6,0.0,18,0.0,1,0.0,24.0,0.0,2026-01-30,-,0,-
-,-,Nele,-,1008.52,-2.95,1175.2,0.0,55.56,0.98,125,0.0,22,0.0,100,0.0,3,0.0,17.6,0.0,2023-07-15,-,0,-
-,-,mehanik,-,1008.41,-2.02,1253.85,0.0,81.81,0.67,27,0.0,6,0.0,21,0.0,0,0.0,22.22,0.0,2023-01-15,-,0,-
-,-,mowglee,-,1008.2,-1.91,1269.35,0.0,87.05,0.64,36,0.0,10,0.0,26,0.0,0,0.0,27.78,0.0,2019-12-30,-,0,-
1399,-60,emifon90,-,1008.02,-2.19,1174.18,-4.83,55.39,-0.88,57,6.0,11,0.0,45,5.0,1,1.0,19.3,-2.27,2026-07-31,-,0,1421.0
-,-,Narsil,-,1007.74,-1.94,1264.8,0.0,85.69,0.65,42,0.0,18,0.0,22,0.0,2,0.0,42.86,0.0,2021-02-17,-,0,-
1400,-37,Fifagi,-,1007.51,40.89,1201.76,24.99,64.75,-5.3,39,7.0,8,3.0,29,4.0,2,0.0,20.51,4.89,2026-07-28,-,0,-
-,-,Jusaz,-,1006.68,-3.29,1158.57,0.0,50.63,1.1,210,0.0,49,0.0,160,0.0,1,0.0,23.33,0.0,2024-12-06,-,0,1287.0
-,-,thallium,-,1006.23,-1.18,1421.37,0.0,138.38,0.39,12,0.0,4,0.0,8,0.0,0,0.0,33.33,0.0,2020-08-15,-,0,-
1401,-72,Gigot,-,1004.87,-14.94,1166.1,-18.22,53.74,-1.09,66,6.0,12,0.0,53,6.0,1,0.0,18.18,-1.82,2026-07-15,-,0,1184.0
-,-,Aluc4rd,-,1004.79,-2.05,1246.2,0.0,80.47,0.68,36,0.0,7,0.0,26,0.0,3,0.0,19.44,0.0,2021-06-02,-,0,-
-,-,Xioph,-,1004.49,-2.2,1235.26,0.0,76.92,0.73,54,0.0,18,0.0,36,0.0,0,0.0,33.33,0.0,2021-03-02,-,0,-
-,-,sirivanhoe,-,1003.09,-1.38,1358.81,0.0,118.57,0.46,18,0.0,6,0.0,12,0.0,0,0.0,33.33,0.0,2020-06-28,-,0,-
-,-,Drenteller,-,1002.75,-1.26,1391.63,0.0,129.63,0.42,18,0.0,10,0.0,7,0.0,1,0.0,55.56,0.0,2020-09-27,-,0,-
-,-,checkmate4200,-,1002.29,-1.75,1282.62,0.0,93.45,0.58,48,0.0,14,0.0,34,0.0,0,0.0,29.17,0.0,2018-06-17,-,0,-
-,-,Mazino,-,1002.24,-1.22,1403.51,0.0,133.76,0.41,9,0.0,5,0.0,4,0.0,0,0.0,55.56,0.0,2023-02-12,-,0,-
-,-,1point21gigawatts,-,1002.22,-1.82,1272.46,0.0,90.08,0.61,47,0.0,14,0.0,33,0.0,0,0.0,29.79,0.0,2019-05-13,-,0,-
-,-,tricky5,-,1002.16,-1.2,1411.18,0.0,136.34,0.4,12,0.0,6,0.0,6,0.0,0,0.0,50.0,0.0,2021-02-27,-,0,-
-,-,Silent82,-,1002.07,-2.13,1231.79,0.0,76.57,0.71,52,0.0,11,0.0,41,0.0,0,0.0,21.15,0.0,2021-11-15,-,0,-
-,-,Ender17,-,1000.08,-1.72,1285.25,0.0,95.06,0.57,30,0.0,4,0.0,26,0.0,0,0.0,13.33,0.0,2022-07-06,-,0,-
-,-,tts,-,999.42,-1.08,1453.63,0.0,151.4,0.36,8,0.0,3,0.0,5,0.0,0,0.0,37.5,0.0,2022-01-01,-,0,-
-,-,jacobmaster,-,999.37,-1.71,1286.55,0.0,95.73,0.57,19,0.0,6,0.0,13,0.0,0,0.0,31.58,0.0,2023-01-15,-,0,-
1402,-61,FeroDigital,-,999.21,-1.64,1298.49,0.0,99.76,0.55,15,0.0,2,0.0,12,0.0,1,0.0,13.33,0.0,2025-12-09,-,0,-
-,-,Ryuk,-,997.29,-1.12,1434.1,0.0,145.6,0.37,8,0.0,2,0.0,6,0.0,0,0.0,25.0,0.0,2022-01-01,-,0,-
1403,-4,Dolio,-,996.98,135.34,1281.41,85.34,94.81,-16.67,21,6.0,4,3.0,17,3.0,0,0.0,19.05,12.38,2026-08-08,-,0,-
-,-,RayBird,-,996.91,-1.63,1297.56,0.0,100.22,0.54,15,0.0,1,0.0,14,0.0,0,0.0,6.67,0.0,2023-03-01,-,0,-
-,-,Seif,-,996.12,-1.41,1342.6,0.0,115.49,0.47,18,0.0,8,0.0,10,0.0,0,0.0,44.44,0.0,2020-03-30,-,0,-
1404,-62,moigaren,-,995.87,-2.74,1175.73,0.0,59.95,0.91,48,0.0,7,0.0,40,0.0,1,0.0,14.58,0.0,2026-05-27,-,0,1385.0
1405,-62,mkuz18,-,995.77,-2.7,1179.69,0.0,61.3,0.9,46,0.0,10,0.0,34,0.0,2,0.0,21.74,0.0,2026-01-14,-,0,1118.0
1406,-62,Less5,-,993.97,-4.44,1106.04,0.0,37.36,1.48,195,0.0,40,0.0,155,0.0,0,0.0,20.51,0.0,2026-01-22,-,0,987.0
-,-,VesperDraco,-,993.2,-2.11,1226.52,0.0,77.77,0.7,66,0.0,22,0.0,44,0.0,0,0.0,33.33,0.0,2020-09-27,-,0,-
1407,-60,paroova,-,992.89,-1.54,1311.23,0.0,106.11,0.51,15,0.0,2,0.0,13,0.0,0,0.0,13.33,0.0,2025-12-21,-,0,-
1408,-62,Guerrita,-,992.66,-2.38,1200.22,0.0,69.19,0.79,36,0.0,5,0.0,30,0.0,1,0.0,13.89,0.0,2026-02-22,-,0,1385.0
-,-,VOLDO1989,-,992.5,-1.29,1371.46,0.0,126.32,0.43,18,0.0,6,0.0,11,0.0,1,0.0,33.33,0.0,2020-06-28,-,0,-
1409,-61,LottiePreston,-,992.16,-1.08,1443.41,0.0,150.41,0.36,7,0.0,5,0.0,2,0.0,0,0.0,71.43,0.0,2026-02-09,-,0,-
-,-,machine_elf,-,991.97,-1.6,1297.56,0.0,101.86,0.53,30,0.0,14,0.0,16,0.0,0,0.0,46.67,0.0,2019-05-26,-,0,-
-,-,zyx19951124,-,991.64,-1.82,1263.23,0.0,90.53,0.61,54,0.0,13,0.0,40,0.0,1,0.0,24.07,0.0,2020-09-27,-,0,-
-,-,cvetopluk,-,991.56,-1.48,1322.6,0.0,110.35,0.49,30,0.0,9,0.0,20,0.0,1,0.0,30.0,0.0,2017-11-10,-,0,-
-,-,UncleBenon,-,991.52,-1.51,1315.67,0.0,108.05,0.5,12,0.0,3,0.0,9,0.0,0,0.0,25.0,0.0,2025-05-31,-,0,1421.0
1410,-17,Hetman,-,990.97,90.52,1305.92,-71.89,104.98,-54.14,16,8.0,7,2.0,9,6.0,0,0.0,43.75,-18.75,2026-07-28,-,0,-
-,-,ghudbishs,-,990.67,-1.62,1293.65,0.0,100.99,0.54,15,0.0,5,0.0,10,0.0,0,0.0,33.33,0.0,2024-12-16,-,0,1287.0
-,-,aigarsgaa,-,990.49,-1.82,1260.24,0.0,89.92,0.61,36,0.0,11,0.0,25,0.0,0,0.0,30.56,0.0,2021-03-02,-,0,-
-,-,Naawi,-,989.35,-1.7,1278.57,0.0,96.41,0.57,18,0.0,6,0.0,12,0.0,0,0.0,33.33,0.0,2022-06-05,-,0,-
-,-,Blahu,-,989.28,-1.7,1277.75,0.0,96.16,0.57,25,0.0,4,0.0,21,0.0,0,0.0,16.0,0.0,2024-02-23,-,0,-
-,-,mdscolour,-,988.47,-1.83,1262.39,0.0,91.31,0.61,36,0.0,13,0.0,23,0.0,0,0.0,36.11,0.0,2020-09-27,-,0,-
-,-,Chris_Bray,-,988.43,-2.3,1201.81,0.0,71.12,0.77,72,0.0,18,0.0,54,0.0,0,0.0,25.0,0.0,2021-05-20,-,0,-
-,-,namenloser,-,987.16,-2.55,1189.18,0.0,67.34,0.85,134,0.0,26,0.0,108,0.0,0,0.0,19.4,0.0,2023-02-27,-,0,-
-,-,cord_red,-,987.02,-1.19,1399.61,0.0,137.53,0.4,8,0.0,4,0.0,4,0.0,0,0.0,50.0,0.0,2024-12-04,-,0,1184.0
-,-,rhode,-,987.01,-0.86,1558.84,0.0,190.61,0.29,4,0.0,2,0.0,2,0.0,0,0.0,50.0,0.0,2021-11-15,-,0,-
-,-,jineegood,-,986.7,-1.94,1241.94,0.0,85.08,0.65,23,0.0,3,0.0,20,0.0,0,0.0,13.04,0.0,2023-01-15,-,0,-
-,-,Ramoneror,-,986.67,-1.84,1253.51,0.0,88.95,0.61,26,0.0,8,0.0,18,0.0,0,0.0,30.77,0.0,2022-03-06,-,0,-
-,-,GlobalT,-,986.21,-1.38,1340.33,0.0,118.04,0.46,12,0.0,4,0.0,8,0.0,0,0.0,33.33,0.0,2021-02-18,-,0,-
1411,-61,deleted_user_6305131,-,986.09,-1.67,1279.73,0.0,97.88,0.56,14,0.0,0,0.0,10,0.0,4,0.0,0.0,0.0,2026-01-19,-,0,-
1412,-63,Xirf,-,985.67,-5.53,1224.87,-9.83,79.73,-1.43,28,3.0,11,0.0,17,3.0,0,0.0,39.29,-4.71,2026-07-05,-,0,-
-,-,Neyragrat,-,985.59,-1.6,1292.52,0.0,102.31,0.53,15,0.0,3,0.0,12,0.0,0,0.0,20.0,0.0,2023-01-15,-,0,-
-,-,Xela1988,-,984.01,-2.6,1174.68,0.0,63.56,0.87,53,0.0,12,0.0,41,0.0,0,0.0,22.64,0.0,2025-01-29,-,0,1184.0
-,-,Nyita,-,983.99,-1.61,1287.65,0.0,101.22,0.54,19,0.0,4,0.0,15,0.0,0,0.0,21.05,0.0,2023-01-15,-,0,-
1413,-62,Mathilda,-,983.99,-1.8,1256.92,0.0,90.98,0.6,15,0.0,1,0.0,14,0.0,0,0.0,6.67,0.0,2025-12-12,-,0,-
-,-,monads,-,983.66,-1.43,1326.6,0.0,114.31,0.48,18,0.0,6,0.0,12,0.0,0,0.0,33.33,0.0,2020-03-16,-,0,-
-,-,TbeDataGuy,-,983.5,-2.03,1225.62,0.0,80.71,0.68,30,0.0,5,0.0,25,0.0,0,0.0,16.67,0.0,2024-04-04,-,0,-
-,-,Gyrocopter,-,983.31,-1.48,1315.32,0.0,110.67,0.49,18,0.0,8,0.0,10,0.0,0,0.0,44.44,0.0,2021-03-02,-,0,-
-,-,ijthegreat,-,983.23,-1.38,1337.98,0.0,118.25,0.46,12,0.0,0,0.0,9,0.0,3,0.0,0.0,0.0,2020-11-25,-,0,-
-,-,Paeoc,BR,983.08,-1.26,1370.35,0.0,129.09,0.42,9,0.0,4,0.0,5,0.0,0,0.0,44.44,0.0,2023-04-11,-,0,-
-,-,flautert,-,982.57,-0.86,1551.88,0.0,189.77,0.29,4,0.0,2,0.0,2,0.0,0,0.0,50.0,0.0,2021-11-15,-,0,-
-,-,anakbawang,-,982.57,-1.34,1348.6,0.0,122.01,0.45,23,0.0,6,0.0,17,0.0,0,0.0,26.09,0.0,2018-05-12,-,0,-
-,-,krull007,-,982.3,-1.28,1364.83,0.0,127.51,0.43,18,0.0,7,0.0,11,0.0,0,0.0,38.89,0.0,2019-09-30,-,0,-
-,-,DrunkenPete,-,982.07,-2.09,1216.57,0.0,78.17,0.7,30,0.0,5,0.0,25,0.0,0,0.0,16.67,0.0,2025-02-03,-,0,1184.0
-,-,Maraxus,-,981.92,-1.89,1241.6,0.0,86.56,0.63,36,0.0,10,0.0,26,0.0,0,0.0,27.78,0.0,2020-12-06,-,0,-
-,-,salmonpizza,-,981.57,-2.04,1225.19,0.0,81.21,0.68,44,0.0,11,0.0,31,0.0,2,0.0,25.0,0.0,2022-02-20,-,0,-
-,-,OxyGee,-,981.03,-2.07,1222.7,0.0,80.56,0.69,72,0.0,16,0.0,55,0.0,1,0.0,22.22,0.0,2021-02-14,-,0,-
1414,-61,S.C.U.D.,-,979.92,-2.12,1211.82,0.0,77.3,0.71,33,0.0,5,0.0,23,0.0,5,0.0,15.15,0.0,2025-12-01,-,0,1067.0
-,-,SpillisWillis,-,979.86,-2.48,1178.07,0.0,66.07,0.83,42,0.0,8,0.0,34,0.0,0,0.0,19.05,0.0,2025-08-31,-,0,1177.0
-,-,eotta,-,978.63,-2.54,1171.85,0.0,64.41,0.85,60,0.0,14,0.0,45,0.0,1,0.0,23.33,0.0,2024-10-31,-,0,-
-,-,KaiMorten,-,978.59,-2.16,1205.58,0.0,75.67,0.72,28,0.0,6,0.0,22,0.0,0,0.0,21.43,0.0,2025-01-31,-,0,1184.0
-,-,loggum,-,978.46,-1.74,1260.45,0.0,94.0,0.58,30,0.0,8,0.0,21,0.0,1,0.0,26.67,0.0,2020-03-30,-,0,-
-,-,Nethrix,-,978.21,-1.18,1393.85,0.0,138.55,0.39,12,0.0,5,0.0,7,0.0,0,0.0,41.67,0.0,2020-08-24,-,0,-
-,-,KingBilly,-,977.95,-1.98,1226.38,0.0,82.81,0.66,30,0.0,6,0.0,24,0.0,0,0.0,20.0,0.0,2024-02-23,-,0,-
-,-,HnNAdventures,-,977.84,-3.35,1124.8,0.0,48.99,1.12,311,0.0,61,0.0,250,0.0,0,0.0,19.61,0.0,2024-02-23,-,0,-
-,-,DecMoon,FR,977.49,-4.11,1106.02,0.0,42.84,1.37,350,0.0,74,0.0,273,0.0,3,0.0,21.14,0.0,2024-04-14,-,0,-
-,-,Dashing,-,976.81,-2.11,1209.1,0.0,77.43,0.7,72,0.0,20,0.0,50,0.0,2,0.0,27.78,0.0,2020-09-27,-,0,-
-,-,T_error,-,976.77,-3.17,1135.55,0.0,52.92,1.06,243,0.0,56,0.0,184,0.0,3,0.0,23.05,0.0,2023-01-22,-,0,-
1415,-63,Moskbnea,-,976.61,-5.74,1063.34,-4.18,28.91,0.52,602,23.0,116,4.0,485,19.0,1,0.0,19.27,-0.07,2026-08-18,-,0,1057.0
-,-,DaveBG,-,974.95,-1.09,1422.28,0.0,149.11,0.36,8,0.0,2,0.0,5,0.0,1,0.0,25.0,0.0,2022-01-01,-,0,-
-,-,Badavan,-,974.75,-1.53,1294.61,0.0,106.62,0.51,21,0.0,8,0.0,12,0.0,1,0.0,38.1,0.0,2024-02-23,-,0,-
-,-,rvanloon,-,974.7,-2.31,1188.43,0.0,71.24,0.77,72,0.0,17,0.0,55,0.0,0,0.0,23.61,0.0,2021-02-15,-,0,-
-,-,Emir,-,974.65,-1.24,1370.89,0.0,132.08,0.41,12,0.0,7,0.0,4,0.0,1,0.0,58.33,0.0,2024-03-17,-,0,-
-,-,kinmener,-,974.25,-1.73,1258.24,0.0,94.66,0.58,24,0.0,8,0.0,16,0.0,0,0.0,33.33,0.0,2021-02-26,-,0,-
-,-,funpaul66,-,973.85,-3.22,1131.3,0.0,52.49,1.07,209,0.0,49,0.0,155,0.0,5,0.0,23.44,0.0,2023-06-04,-,0,-
1416,-40,andregois,-,973.05,35.0,1219.27,5.33,82.07,-9.89,36,6.0,10,1.0,25,4.0,1,1.0,27.78,-2.22,2026-07-31,-,0,-
1417,-63,SCN,-,972.76,-8.72,1129.81,-9.2,52.35,-0.16,76,6.0,12,0.0,64,6.0,0,0.0,15.79,-1.35,2026-08-01,-,0,1184.0
-,-,SPEEDOWAGON,-,972.01,-2.32,1184.3,0.0,70.76,0.77,45,0.0,10,0.0,34,0.0,1,0.0,22.22,0.0,2024-11-19,-,0,1287.0
1418,-61,Wookiebutcher,-,971.32,-2.43,1173.58,0.0,67.42,0.81,78,0.0,18,0.0,60,0.0,0,0.0,23.08,0.0,2026-03-26,-,0,-
-,-,bigbird85,-,970.43,-2.02,1213.34,0.0,80.97,0.67,30,0.0,9,0.0,20,0.0,1,0.0,30.0,0.0,2022-03-06,-,0,-
-,-,machalCZ,-,970.15,-1.76,1249.41,0.0,93.09,0.59,36,0.0,8,0.0,28,0.0,0,0.0,22.22,0.0,2020-09-27,-,0,-
1419,-63,Frabac,-,969.77,-5.37,1065.91,0.0,32.05,1.79,817,0.0,107,0.0,706,0.0,4,0.0,13.1,0.0,2026-05-25,-,0,711.0
-,-,Jango,-,969.5,-1.39,1321.64,0.0,117.38,0.46,12,0.0,3,0.0,8,0.0,1,0.0,25.0,0.0,2024-05-15,-,0,-
-,-,Arensivia,-,969.17,-1.49,1298.53,0.0,109.79,0.5,12,0.0,3,0.0,9,0.0,0,0.0,25.0,0.0,2022-08-23,-,0,-
-,-,CapraTriada,-,969.16,-2.12,1201.38,0.0,77.41,0.71,36,0.0,12,0.0,24,0.0,0,0.0,33.33,0.0,2022-09-04,-,0,-
1420,new,LoreNacho,-,968.55,518.55,1213.99,-286.01,81.81,81.81,18,18.0,0,0.0,14,14.0,4,4.0,0.0,0.0,2026-07-29,-,0,-
-,-,Lookaszk,-,968.36,-1.42,1312.73,0.0,114.79,0.47,12,0.0,4,0.0,8,0.0,0,0.0,33.33,0.0,2024-08-26,-,0,-
1421,-63,I-Y-T,TR,967.96,-2.36,1176.47,0.0,69.5,0.79,42,0.0,5,0.0,37,0.0,0,0.0,11.9,0.0,2026-02-01,-,0,-
-,-,xoiben,-,967.7,-2.06,1209.03,0.0,80.44,0.69,54,0.0,14,0.0,40,0.0,0,0.0,25.93,0.0,2020-08-24,-,0,-
-,-,Kefka,-,967.63,-1.69,1258.4,0.0,96.92,0.56,30,0.0,13,0.0,17,0.0,0,0.0,43.33,0.0,2019-12-30,-,0,-
1422,-58,TomaszW,-,966.72,0.21,1209.82,-29.93,81.03,-10.05,21,6.0,1,1.0,20,5.0,0,0.0,4.76,4.76,2026-07-30,-,0,-
1423,-62,GoodThoughtRhythm,-,966.66,-1.79,1240.59,0.0,91.31,0.6,21,0.0,5,0.0,16,0.0,0,0.0,23.81,0.0,2026-01-31,-,0,-
1424,-65,Daliman13,-,966.44,-2.36,1175.22,0.0,69.59,0.79,66,0.0,14,0.0,49,0.0,3,0.0,21.21,0.0,2025-11-27,-,0,1421.0
-,-,hors7,-,965.88,-2.92,1135.22,0.0,56.45,0.97,91,0.0,7,0.0,76,0.0,8,0.0,7.69,0.0,2023-11-15,-,0,-
1425,new,V.Lustig,-,964.94,514.94,1364.67,-135.33,133.24,133.24,7,7.0,3,3.0,4,4.0,0,0.0,42.86,42.86,2026-08-15,-,0,-
-,-,Anchy,-,963.94,-2.41,1168.37,0.0,68.14,0.8,58,0.0,13,0.0,44,0.0,1,0.0,22.41,0.0,2022-06-05,-,0,-
-,-,Prezez,-,963.28,-1.56,1276.52,0.0,104.41,0.52,16,0.0,6,0.0,10,0.0,0,0.0,37.5,0.0,2022-02-24,-,0,-
-,-,Kokhran,-,963.26,-1.92,1220.99,0.0,85.91,0.64,36,0.0,6,0.0,30,0.0,0,0.0,16.67,0.0,2021-05-26,-,0,-
-,-,AlexanderChwiszczuk,-,962.11,-1.19,1372.84,0.0,136.91,0.4,12,0.0,4,0.0,8,0.0,0,0.0,33.33,0.0,2020-08-15,-,0,-
-,-,Pir4t,-,962.04,-1.67,1256.03,0.0,98.0,0.56,36,0.0,11,0.0,24,0.0,1,0.0,30.56,0.0,2020-09-27,-,0,-
-,-,F1087,-,961.8,-2.09,1196.79,0.0,78.33,0.7,36,0.0,9,0.0,26,0.0,1,0.0,25.0,0.0,2022-03-06,-,0,-
-,-,postalrat,-,961.44,-1.82,1230.58,0.0,89.71,0.61,30,0.0,10,0.0,20,0.0,0,0.0,33.33,0.0,2024-02-23,-,0,-
-,-,TomaszWielki,-,961.18,-1.44,1300.91,0.0,113.24,0.48,18,0.0,6,0.0,12,0.0,0,0.0,33.33,0.0,2020-06-28,-,0,-
-,-,fuxio82,-,959.26,-2.72,1141.04,0.0,60.59,0.91,116,0.0,24,0.0,89,0.0,3,0.0,20.69,0.0,2022-01-01,-,0,-
-,-,manulao,-,958.83,-0.88,1512.9,0.0,184.69,0.29,4,0.0,2,0.0,2,0.0,0,0.0,50.0,0.0,2021-11-15,-,0,-
-,-,ArrogantMenace,-,958.12,-1.73,1241.94,0.0,94.61,0.58,36,0.0,8,0.0,28,0.0,0,0.0,22.22,0.0,2020-08-18,-,0,-
-,-,hehasmoments,-,957.62,-0.94,1477.66,0.0,173.35,0.31,4,0.0,2,0.0,2,0.0,0,0.0,50.0,0.0,2021-11-15,-,0,-
-,-,Pampio,-,957.31,-1.44,1296.58,0.0,113.09,0.48,18,0.0,8,0.0,10,0.0,0,0.0,44.44,0.0,2020-09-27,-,0,-
1426,-60,qman,-,957.02,-2.57,1149.35,0.0,64.11,0.86,45,0.0,8,0.0,37,0.0,0,0.0,17.78,0.0,2025-12-13,-,0,1184.0
-,-,PabloSalinas,-,956.07,-0.98,1453.94,0.0,165.96,0.33,8,0.0,2,0.0,6,0.0,0,0.0,25.0,0.0,2022-01-01,-,0,-
1427,-62,Axius9,-,955.02,-8.51,1139.74,-16.34,61.57,-2.61,46,6.0,8,0.0,37,5.0,1,1.0,17.39,-2.61,2026-07-22,-,0,1184.0
1428,new,Brick1984,-,954.37,504.37,1679.34,179.34,241.66,241.66,2,2.0,2,2.0,0,0.0,0,0.0,100.0,100.0,2026-08-04,-,0,-
1429,-60,Kuraiite,-,953.42,-1.81,1224.6,0.0,90.39,0.6,15,0.0,1,0.0,14,0.0,0,0.0,6.67,0.0,2025-12-07,-,0,-
1430,new,chessmonster,-,953.35,503.35,1426.17,-73.83,157.6,157.6,7,7.0,4,4.0,3,3.0,0,0.0,57.14,57.14,2026-08-12,-,0,-
-,-,Malekith,-,952.76,-1.91,1209.88,0.0,85.71,0.64,30,0.0,4,0.0,26,0.0,0,0.0,13.33,0.0,2025-02-02,-,0,1184.0
-,-,Furlan,-,952.17,-1.39,1303.32,0.0,117.05,0.46,19,0.0,3,0.0,16,0.0,0,0.0,15.79,0.0,2023-01-15,-,0,-
1431,-61,K0ncept,-,952.13,-2.28,1167.95,0.0,71.94,0.76,32,0.0,5,0.0,25,0.0,2,0.0,15.62,0.0,2025-10-09,-,0,1429.0
-,-,CantGetAway,-,951.29,-1.31,1325.79,0.0,124.83,0.44,12,0.0,4,0.0,8,0.0,0,0.0,33.33,0.0,2020-08-12,-,0,-
-,-,transporter96,-,950.58,-1.57,1268.16,0.0,105.86,0.52,24,0.0,6,0.0,17,0.0,1,0.0,25.0,0.0,2025-02-28,-,0,1381.0
1432,-34,Paajosh,-,950.55,83.95,1178.13,70.95,75.86,-4.33,66,6.0,13,3.0,52,3.0,1,0.0,19.7,3.03,2026-07-25,-,0,1118.0
-,-,Cubeec,-,950.41,-1.42,1295.29,0.0,114.96,0.47,18,0.0,6,0.0,12,0.0,0,0.0,33.33,0.0,2020-06-28,-,0,-
-,-,valvonauta,IT,950.18,-2.98,1116.27,0.0,55.37,0.99,99,0.0,13,0.0,83,0.0,3,0.0,13.13,0.0,2024-09-15,-,0,-
-,-,Kubenboa,-,949.88,-2.5,1145.99,0.0,65.37,0.83,73,0.0,17,0.0,55,0.0,1,0.0,23.29,0.0,2023-01-15,-,0,-
1433,-65,wheelerruss,GB,949.31,-9.49,1052.59,-5.84,34.43,1.22,710,6.0,117,0.0,578,6.0,15,0.0,16.48,-0.14,2026-08-09,-,0,1111.0
-,-,SagYer,-,948.74,-1.58,1259.71,0.0,103.66,0.53,17,0.0,4,0.0,13,0.0,0,0.0,23.53,0.0,2023-01-22,-,0,-
-,-,scalp,-,948.67,-2.28,1166.56,0.0,72.63,0.76,60,0.0,14,0.0,43,0.0,3,0.0,23.33,0.0,2021-03-02,-,0,-
-,-,Lidocaina,-,948.53,-1.16,1371.77,0.0,141.08,0.39,8,0.0,2,0.0,6,0.0,0,0.0,25.0,0.0,2022-01-01,-,0,-
-,-,alex20030190,-,948.29,-1.75,1230.18,0.0,93.96,0.58,30,0.0,7,0.0,22,0.0,1,0.0,23.33,0.0,2020-09-27,-,0,-
-,-,Apriori1,-,947.62,-2.01,1191.05,0.0,81.14,0.67,30,0.0,6,0.0,24,0.0,0,0.0,20.0,0.0,2025-01-31,-,0,1184.0
-,-,Markariah,-,947.59,-1.77,1224.44,0.0,92.28,0.59,24,0.0,5,0.0,13,0.0,6,0.0,20.83,0.0,2023-11-20,-,0,-
-,-,popdragon,-,946.93,-1.91,1203.78,0.0,85.62,0.64,32,0.0,5,0.0,27,0.0,0,0.0,15.62,0.0,2024-01-16,-,0,-
-,-,Goozy_Sosa,-,946.77,-1.1,1391.29,0.0,148.17,0.37,8,0.0,4,0.0,4,0.0,0,0.0,50.0,0.0,2024-12-20,-,0,-
-,-,Mincha,-,945.23,-1.27,1331.12,0.0,128.63,0.42,12,0.0,6,0.0,6,0.0,0,0.0,50.0,0.0,2022-05-29,-,0,-
-,-,rakimmitt,-,944.81,-1.54,1263.9,0.0,106.36,0.51,30,0.0,6,0.0,23,0.0,1,0.0,20.0,0.0,2020-09-27,-,0,-
1434,-62,monorator,-,943.87,-3.52,1085.15,0.0,47.09,1.17,198,0.0,26,0.0,170,0.0,2,0.0,13.13,0.0,2025-12-14,-,0,1184.0
1435,-62,Viktoria301296,-,943.51,-1.86,1207.03,0.0,87.84,0.62,25,0.0,9,0.0,16,0.0,0,0.0,36.0,0.0,2026-02-02,-,0,-
-,-,lissi,-,943.09,-2.18,1169.16,0.0,75.36,0.73,32,0.0,6,0.0,23,0.0,3,0.0,18.75,0.0,2024-06-02,-,0,-
1436,-62,ZeroMaximus,-,942.63,-2.22,1163.72,0.0,73.7,0.74,45,0.0,7,0.0,37,0.0,1,0.0,15.56,0.0,2026-01-30,-,0,-
-,-,astrostl,-,942.39,-1.63,1242.72,0.0,100.11,0.54,30,0.0,8,0.0,19,0.0,3,0.0,26.67,0.0,2021-11-15,-,0,-
-,-,Inteq,-,942.24,-1.66,1246.57,0.0,101.44,0.55,30,0.0,11,0.0,18,0.0,1,0.0,36.67,0.0,2020-09-27,-,0,-
-,-,Toniolamachine,-,942.07,-2.68,1125.04,0.0,60.99,0.89,94,0.0,19,0.0,75,0.0,0,0.0,20.21,0.0,2022-09-04,-,0,-
-,-,ValeriaDeMot,-,941.03,-1.28,1322.61,0.0,127.19,0.43,12,0.0,4,0.0,8,0.0,0,0.0,33.33,0.0,2021-02-18,-,0,-
1437,-62,Rox123,-,940.06,-1.78,1215.27,0.0,91.73,0.59,15,0.0,2,0.0,13,0.0,0,0.0,13.33,0.0,2025-12-10,-,0,-
1438,-58,FabioFurious,-,939.72,11.08,1188.75,-18.62,83.01,-9.9,21,6.0,1,1.0,20,5.0,0,0.0,4.76,4.76,2026-07-15,-,0,-
-,-,Zosia,-,939.19,-1.97,1188.59,0.0,83.14,0.66,36,0.0,11,0.0,25,0.0,0,0.0,30.56,0.0,2023-06-04,-,0,-
-,-,NomadicPpl,-,938.43,-1.23,1335.95,0.0,132.51,0.41,18,0.0,7,0.0,10,0.0,1,0.0,38.89,0.0,2020-06-28,-,0,-
-,-,JohnMarc,-,938.13,-3.01,1108.24,0.0,56.7,1.0,180,0.0,34,0.0,143,0.0,3,0.0,18.89,0.0,2022-09-04,-,0,-
-,-,Sultos,-,937.68,-1.87,1200.01,0.0,87.44,0.62,30,0.0,8,0.0,21,0.0,1,0.0,26.67,0.0,2020-12-06,-,0,-
1439,-68,woogi,-,936.92,-14.39,1224.55,-34.93,95.88,-6.85,18,3.0,3,0.0,15,3.0,0,0.0,16.67,-3.33,2026-06-11,-,0,-
-,-,Jazper,-,936.35,-1.15,1363.31,0.0,142.32,0.38,12,0.0,5,0.0,7,0.0,0,0.0,41.67,0.0,2020-08-19,-,0,-
-,-,alanbateman,-,935.97,-1.42,1280.66,0.0,114.89,0.47,18,0.0,4,0.0,14,0.0,0,0.0,22.22,0.0,2020-06-28,-,0,-
-,-,Mustarda,PT,935.34,-1.4,1284.2,0.0,116.29,0.47,12,0.0,2,0.0,10,0.0,0,0.0,16.67,0.0,2024-06-16,-,0,-
-,-,Karhaix,-,934.76,-0.86,1504.12,0.0,189.79,0.29,4,0.0,2,0.0,2,0.0,0,0.0,50.0,0.0,2021-11-15,-,0,-
-,-,Gelsomiina,-,934.29,-1.82,1203.25,0.0,89.65,0.61,21,0.0,4,0.0,17,0.0,0,0.0,19.05,0.0,2025-01-09,-,0,1184.0
-,-,Kacperniak,-,934.03,-1.91,1190.43,0.0,85.47,0.64,27,0.0,8,0.0,19,0.0,0,0.0,29.63,0.0,2024-03-12,-,0,-
-,-,jjmancini,-,933.45,-1.59,1241.1,0.0,102.55,0.53,22,0.0,6,0.0,16,0.0,0,0.0,27.27,0.0,2024-01-16,-,0,-
-,-,IndieErikJones,-,933.36,-1.95,1184.85,0.0,83.83,0.65,30,0.0,7,0.0,23,0.0,0,0.0,23.33,0.0,2024-02-23,-,0,-
-,-,S0neca_,-,932.76,-1.33,1299.98,0.0,122.41,0.44,10,0.0,3,0.0,7,0.0,0,0.0,30.0,0.0,2024-12-06,-,0,1287.0
-,-,halbsodoppelt,-,929.54,-2.35,1138.42,0.0,69.62,0.78,44,0.0,10,0.0,32,0.0,2,0.0,22.73,0.0,2024-10-22,-,0,-
-,-,Zelbot,-,928.93,-0.87,1488.05,0.0,186.37,0.29,4,0.0,2,0.0,2,0.0,0,0.0,50.0,0.0,2021-11-15,-,0,-
-,-,Vxn,-,928.41,-1.93,1183.7,0.0,85.09,0.64,27,0.0,6,0.0,20,0.0,1,0.0,22.22,0.0,2023-06-04,-,0,-
1440,-73,BennyV,-,927.8,-31.16,1164.31,-59.87,78.84,-9.57,21,6.0,1,0.0,20,6.0,0,0.0,4.76,-1.91,2026-07-31,-,0,-
1441,-62,Estia,-,927.32,-1.56,1241.58,0.0,104.75,0.52,12,0.0,0,0.0,12,0.0,0,0.0,0.0,0.0,2025-12-01,-,0,-
-,-,Calamar,-,927.04,-1.99,1174.28,0.0,82.41,0.66,29,0.0,6,0.0,23,0.0,0,0.0,20.69,0.0,2024-02-23,-,0,-
-,-,Mmcgo2,-,926.98,-1.67,1220.82,0.0,97.95,0.56,18,0.0,4,0.0,14,0.0,0,0.0,22.22,0.0,2022-03-06,-,0,-
-,-,Totox,-,926.58,-1.3,1303.7,0.0,125.71,0.43,9,0.0,3,0.0,6,0.0,0,0.0,33.33,0.0,2023-02-12,-,0,-
-,-,SlemmeOdder,-,926.27,-0.81,1531.25,0.0,201.66,0.27,4,0.0,2,0.0,2,0.0,0,0.0,50.0,0.0,2021-11-15,-,0,-
-,-,Proximo,-,926.03,-1.9,1184.25,0.0,86.07,0.63,21,0.0,2,0.0,19,0.0,0,0.0,9.52,0.0,2025-01-12,-,0,1184.0
-,-,RockStar3AG,-,925.77,-1.97,1175.22,0.0,83.15,0.66,36,0.0,6,0.0,28,0.0,2,0.0,16.67,0.0,2021-06-02,-,0,-
-,-,roderigo,-,925.63,-1.6,1232.94,0.0,102.44,0.53,34,0.0,8,0.0,25,0.0,1,0.0,23.53,0.0,2020-01-27,-,0,-
1442,-64,captainparadise,FR,925.13,-3.98,1052.47,0.0,42.45,1.33,147,0.0,17,0.0,119,0.0,11,0.0,11.56,0.0,2025-11-30,-,0,1415.0
-,-,Sir_Jacob,-,925.11,-2.92,1095.85,0.0,56.91,0.97,132,0.0,19,0.0,111,0.0,2,0.0,14.39,0.0,2023-11-07,-,0,-
-,-,forofo27,-,924.97,-1.11,1367.16,0.0,147.4,0.37,12,0.0,7,0.0,5,0.0,0,0.0,58.33,0.0,2020-08-25,-,0,-
-,-,Dleco,-,924.59,-1.71,1211.15,0.0,95.52,0.57,18,0.0,4,0.0,14,0.0,0,0.0,22.22,0.0,2021-12-05,-,0,-
-,-,Melo0,-,924.55,-1.68,1215.62,0.0,97.02,0.56,15,0.0,0,0.0,14,0.0,1,0.0,0.0,0.0,2023-01-15,-,0,-
-,-,Jammykins,-,923.74,-1.47,1258.07,0.0,111.44,0.49,18,0.0,5,0.0,13,0.0,0,0.0,27.78,0.0,2020-06-28,-,0,-
1443,-54,Titiman,-,923.68,17.31,1085.66,15.74,54.0,-0.52,81,6.0,12,2.0,68,4.0,1,0.0,14.81,1.48,2026-08-02,-,0,1287.0
1444,-63,Captain_Alex,-,923.44,-2.17,1150.03,0.0,75.53,0.72,30,0.0,3,0.0,27,0.0,0,0.0,10.0,0.0,2025-12-10,-,0,-
-,-,defazze,-,922.98,-1.71,1209.66,0.0,95.56,0.57,19,0.0,2,0.0,16,0.0,1,0.0,10.53,0.0,2023-03-05,-,0,-
-,-,Millership,-,922.63,-3.34,1071.01,0.0,49.46,1.11,230,0.0,27,0.0,199,0.0,4,0.0,11.74,0.0,2024-05-27,-,0,-
-,-,Graffuh,-,921.83,-1.57,1233.12,0.0,103.77,0.52,18,0.0,6,0.0,12,0.0,0,0.0,33.33,0.0,2022-06-05,-,0,-
-,-,FidelC,-,920.89,-2.76,1101.41,0.0,60.17,0.92,126,0.0,23,0.0,103,0.0,0,0.0,18.25,0.0,2022-09-04,-,0,-
1445,-63,Rocodo,-,920.75,-1.46,1256.29,0.0,111.85,0.49,16,0.0,6,0.0,9,0.0,1,0.0,37.5,0.0,2025-09-25,-,0,1413.0
-,-,Fembrosia,-,920.73,-1.67,1214.01,0.0,97.76,0.56,18,0.0,5,0.0,13,0.0,0,0.0,27.78,0.0,2022-03-06,-,0,-
1446,-63,PriestCthulhu,-,918.83,-1.81,1190.13,0.0,90.43,0.6,15,0.0,1,0.0,14,0.0,0,0.0,6.67,0.0,2025-12-11,-,0,-
-,-,Szymonn,-,918.29,-1.54,1235.77,0.0,105.83,0.51,15,0.0,1,0.0,14,0.0,0,0.0,6.67,0.0,2023-10-09,-,0,-
-,-,JaBulani,CH,917.83,-0.82,1512.59,0.0,198.25,0.27,4,0.0,3,0.0,1,0.0,0,0.0,75.0,0.0,2025-05-22,-,0,-
-,-,Dipac,-,917.73,-2.08,1153.97,0.0,78.75,0.69,30,0.0,5,0.0,25,0.0,0,0.0,16.67,0.0,2025-02-04,-,0,1184.0
1447,-47,psztika,-,916.73,55.26,1226.65,25.53,103.31,-9.91,21,6.0,2,1.0,19,5.0,0,0.0,9.52,2.85,2026-07-25,-,0,-
-,-,Apofis,BG,916.65,-1.66,1212.31,0.0,98.55,0.55,15,0.0,1,0.0,14,0.0,0,0.0,6.67,0.0,2023-01-15,-,0,-
-,-,Conor_Osullivan,-,916.32,-1.84,1182.87,0.0,88.85,0.61,42,0.0,9,0.0,33,0.0,0,0.0,21.43,0.0,2020-05-22,-,0,-
-,-,aramaic,-,916.26,-2.39,1122.38,0.0,68.71,0.8,76,0.0,18,0.0,56,0.0,2,0.0,23.68,0.0,2024-02-23,-,0,-
-,-,Tippin,-,915.95,-1.46,1252.07,0.0,112.04,0.49,15,0.0,1,0.0,14,0.0,0,0.0,6.67,0.0,2024-02-23,-,0,-
-,-,Ostua,-,915.71,-0.8,1529.04,0.0,204.44,0.27,4,0.0,2,0.0,2,0.0,0,0.0,50.0,0.0,2021-11-15,-,0,-
-,-,Zeti,-,915.41,-1.83,1187.66,0.0,90.75,0.61,42,0.0,10,0.0,27,0.0,5,0.0,23.81,0.0,2020-06-28,-,0,-
1448,-52,Hengoroth,-,914.91,31.22,1111.34,25.3,65.48,-1.97,81,6.0,16,2.0,65,4.0,0,0.0,19.75,1.08,2026-07-31,-,0,1184.0
-,-,Sorio,-,914.86,-2.51,1110.72,0.0,65.29,0.84,73,0.0,13,0.0,60,0.0,0,0.0,17.81,0.0,2023-08-24,-,0,-
-,-,Swup,-,914.49,-1.21,1318.12,0.0,134.54,0.4,12,0.0,6,0.0,6,0.0,0,0.0,50.0,0.0,2020-08-21,-,0,-
-,-,Cespac,-,913.98,-2.25,1132.04,0.0,72.69,0.75,57,0.0,8,0.0,46,0.0,3,0.0,14.04,0.0,2024-01-16,-,0,-
1449,-64,Mewunit,-,913.42,-1.82,1182.9,0.0,89.83,0.61,15,0.0,0,0.0,15,0.0,0,0.0,0.0,0.0,2025-12-08,-,0,-
-,-,Mochiman,-,912.92,-1.33,1280.19,0.0,122.42,0.44,18,0.0,5,0.0,12,0.0,1,0.0,27.78,0.0,2019-09-30,-,0,-
-,-,Tleilax,-,912.47,-1.37,1268.76,0.0,118.76,0.46,10,0.0,2,0.0,8,0.0,0,0.0,20.0,0.0,2024-04-28,-,0,-
1450,-64,paul7xyz,-,912.36,-1.78,1187.99,0.0,91.87,0.59,18,0.0,2,0.0,16,0.0,0,0.0,11.11,0.0,2026-04-22,-,0,-
-,-,Fyn,-,912.02,-1.01,1395.56,0.0,161.18,0.34,4,0.0,1,0.0,3,0.0,0,0.0,25.0,0.0,2023-07-15,-,0,-
-,-,Calo,-,911.07,-0.78,1538.03,0.0,208.98,0.26,4,0.0,2,0.0,2,0.0,0,0.0,50.0,0.0,2021-11-15,-,0,-
-,-,Walleywalker,-,910.9,-1.43,1254.24,0.0,114.45,0.48,18,0.0,6,0.0,12,0.0,0,0.0,33.33,0.0,2021-03-02,-,0,-
-,-,Moon2g,-,910.16,-1.81,1181.69,0.0,90.51,0.6,42,0.0,9,0.0,32,0.0,1,0.0,21.43,0.0,2020-06-28,-,0,-
-,-,Flam3ister,-,909.83,-1.64,1208.07,0.0,99.41,0.55,15,0.0,1,0.0,14,0.0,0,0.0,6.67,0.0,2023-01-15,-,0,-
-,-,Amadeus,-,909.77,-1.47,1243.89,0.0,111.37,0.49,12,0.0,0,0.0,10,0.0,2,0.0,0.0,0.0,2024-05-24,-,0,-
-,-,qifeng,-,909.39,-0.92,1441.5,0.0,177.37,0.31,4,0.0,2,0.0,2,0.0,0,0.0,50.0,0.0,2021-11-15,-,0,-
-,-,omniswitcher,-,909.35,-2.53,1104.6,0.0,65.08,0.84,120,0.0,23,0.0,97,0.0,0,0.0,19.17,0.0,2021-08-19,-,0,-
-,-,AmazingMrHedge,-,908.37,-1.36,1267.65,0.0,119.76,0.45,15,0.0,3,0.0,12,0.0,0,0.0,20.0,0.0,2024-02-23,-,0,-
1451,-64,mariyka,RU,908.06,-3.24,1061.98,0.0,51.3,1.08,151,0.0,24,0.0,126,0.0,1,0.0,15.89,0.0,2025-12-02,-,0,1287.0
-,-,ancientmagellan,-,907.72,-2.34,1122.61,0.0,71.63,0.78,72,0.0,16,0.0,54,0.0,2,0.0,22.22,0.0,2021-02-19,-,0,-
-,-,ZenosHoplite,-,907.39,-0.86,1479.32,0.0,190.65,0.29,4,0.0,1,0.0,3,0.0,0,0.0,25.0,0.0,2021-11-15,-,0,-
-,-,HumptyMonkey,-,907.29,-2.43,1112.83,0.0,68.52,0.81,102,0.0,21,0.0,80,0.0,1,0.0,20.59,0.0,2021-06-02,-,0,-
1452,-64,Durpan,-,905.94,-2.26,1123.54,0.0,72.53,0.75,45,0.0,5,0.0,40,0.0,0,0.0,11.11,0.0,2025-12-09,-,0,1184.0
-,-,kivirowei,-,905.04,-2.37,1112.34,0.0,69.1,0.79,37,0.0,3,0.0,34,0.0,0,0.0,8.11,0.0,2025-05-16,-,0,1174.0
-,-,kissnicky,-,904.98,-1.06,1367.32,0.0,154.11,0.35,12,0.0,6,0.0,6,0.0,0,0.0,50.0,0.0,2020-08-10,-,0,-
-,-,TwoFold,-,904.63,-1.92,1160.51,0.0,85.29,0.64,36,0.0,5,0.0,31,0.0,0,0.0,13.89,0.0,2025-01-11,-,0,1184.0
-,-,Terumo,-,904.13,-0.82,1503.18,0.0,199.68,0.27,4,0.0,2,0.0,2,0.0,0,0.0,50.0,0.0,2021-11-15,-,0,-
-,-,CaveMan8683,-,903.36,-1.53,1223.21,0.0,106.62,0.51,15,0.0,1,0.0,14,0.0,0,0.0,6.67,0.0,2024-12-05,-,0,1287.0
-,-,Jaydash808,-,903.14,-1.39,1255.73,0.0,117.53,0.46,18,0.0,5,0.0,13,0.0,0,0.0,27.78,0.0,2020-06-28,-,0,-
-,-,Jonasmeister,-,902.78,-1.77,1180.18,0.0,92.47,0.59,18,0.0,2,0.0,14,0.0,2,0.0,11.11,0.0,2023-12-03,-,0,-
1453,-62,joonseok,-,902.5,-1.07,1359.38,0.0,152.29,0.36,6,0.0,3,0.0,3,0.0,0,0.0,50.0,0.0,2026-01-31,-,0,-
1454,-64,Shuvo2406,-,902.23,-1.74,1184.22,0.0,94.0,0.58,18,0.0,0,0.0,15,0.0,3,0.0,0.0,0.0,2025-10-06,-,0,1435.0
-,-,pollitis,-,901.37,-2.01,1146.23,0.0,81.62,0.67,54,0.0,11,0.0,42,0.0,1,0.0,20.37,0.0,2019-09-30,-,0,-
-,-,Aogaog,-,899.38,-1.25,1291.71,0.0,130.78,0.42,12,0.0,4,0.0,8,0.0,0,0.0,33.33,0.0,2020-08-17,-,0,-
-,-,Johnthemilkman,-,899.22,-2.04,1140.88,0.0,80.56,0.68,54,0.0,8,0.0,42,0.0,4,0.0,14.81,0.0,2021-11-21,-,0,-
-,-,chizcw,-,898.52,-2.02,1141.17,0.0,80.88,0.67,54,0.0,12,0.0,41,0.0,1,0.0,22.22,0.0,2021-03-02,-,0,-
1455,-63,Saginse,-,898.47,-2.56,1091.17,0.0,64.23,0.85,87,0.0,14,0.0,73,0.0,0,0.0,16.09,0.0,2025-12-19,-,0,-
-,-,CharmingP,-,898.44,-1.6,1204.09,0.0,101.89,0.53,18,0.0,6,0.0,11,0.0,1,0.0,33.33,0.0,2023-06-04,-,0,-
-,-,GuiStempelme,-,898.3,-1.65,1194.63,0.0,98.78,0.55,15,0.0,0,0.0,14,0.0,1,0.0,0.0,0.0,2023-01-15,-,0,-
-,-,torang_ei,-,897.5,-1.6,1203.65,0.0,102.05,0.53,15,0.0,2,0.0,13,0.0,0,0.0,13.33,0.0,2024-02-23,-,0,-
1456,new,Herminio,-,897.07,447.07,1554.68,54.68,219.2,219.2,3,3.0,2,2.0,1,1.0,0,0.0,66.67,66.67,2026-07-18,-,0,-
-,-,ElArchitekto,-,896.96,-2.09,1131.91,0.0,78.32,0.7,30,0.0,6,0.0,24,0.0,0,0.0,20.0,0.0,2025-02-02,-,0,1184.0
-,-,Lnena,-,896.22,-1.49,1224.57,0.0,109.45,0.5,15,0.0,5,0.0,10,0.0,0,0.0,33.33,0.0,2024-01-16,-,0,-
-,-,Drako,-,895.42,-1.79,1169.15,0.0,91.24,0.6,25,0.0,5,0.0,20,0.0,0,0.0,20.0,0.0,2024-02-23,-,0,-
-,-,tbrofromspace,-,894.68,-1.57,1209.8,0.0,105.04,0.52,16,0.0,4,0.0,12,0.0,0,0.0,25.0,0.0,2025-01-13,-,0,1184.0
-,-,Rincy73,-,894.02,-1.7,1182.01,0.0,96.0,0.57,19,0.0,2,0.0,17,0.0,0,0.0,10.53,0.0,2023-01-15,-,0,-
-,-,fader_master,-,893.41,-2.65,1079.93,0.0,62.17,0.88,126,0.0,19,0.0,107,0.0,0,0.0,15.08,0.0,2022-03-06,-,0,-
-,-,pasin11,-,893.38,-2.0,1138.86,0.0,81.82,0.67,30,0.0,3,0.0,27,0.0,0,0.0,10.0,0.0,2024-01-16,-,0,-
-,-,ukjohnboy,-,892.62,-1.87,1154.58,0.0,87.32,0.62,36,0.0,8,0.0,24,0.0,4,0.0,22.22,0.0,2021-09-05,-,0,-
-,-,balarithon,-,891.87,-3.41,1042.94,0.0,50.36,1.14,304,0.0,41,0.0,261,0.0,2,0.0,13.49,0.0,2023-06-04,-,0,-
-,-,Maximus,-,891.67,-1.42,1236.98,0.0,115.1,0.47,24,0.0,8,0.0,16,0.0,0,0.0,33.33,0.0,2021-05-21,-,0,-
-,-,SoupyDan,-,891.46,-1.26,1278.52,0.0,129.02,0.42,18,0.0,5,0.0,11,0.0,2,0.0,27.78,0.0,2020-06-28,-,0,-
-,-,denguny,-,889.67,-1.29,1268.63,0.0,126.32,0.43,18,0.0,4,0.0,13,0.0,1,0.0,22.22,0.0,2020-06-28,-,0,-
1457,-63,Shary,-,888.72,-1.55,1204.45,0.0,105.24,0.52,15,0.0,0,0.0,14,0.0,1,0.0,0.0,0.0,2025-12-13,-,0,-
-,-,badoomboom,-,888.71,-1.48,1219.44,0.0,110.25,0.49,15,0.0,3,0.0,12,0.0,0,0.0,20.0,0.0,2024-12-06,-,0,1287.0
1458,-26,OblongOrange,-,888.29,163.45,1151.02,140.04,87.58,-7.8,27,6.0,8,4.0,18,2.0,1,0.0,29.63,10.58,2026-07-30,-,0,-
-,-,Skrad,-,887.84,-1.24,1283.35,0.0,131.84,0.41,12,0.0,5,0.0,7,0.0,0,0.0,41.67,0.0,2020-11-21,-,0,-
-,-,Cesaras,-,887.52,-1.37,1244.67,0.0,119.05,0.46,16,0.0,5,0.0,11,0.0,0,0.0,31.25,0.0,2020-06-28,-,0,-
-,-,thokk,-,887.36,-1.84,1154.54,0.0,89.06,0.61,18,0.0,0,0.0,15,0.0,3,0.0,0.0,0.0,2024-06-02,-,0,-
-,-,LordCreed,-,886.7,-1.51,1210.82,0.0,108.04,0.5,18,0.0,1,0.0,17,0.0,0,0.0,5.56,0.0,2020-09-27,-,0,-
-,-,Fakkus,-,886.5,-2.09,1120.9,0.0,78.13,0.7,33,0.0,5,0.0,26,0.0,2,0.0,15.15,0.0,2023-06-04,-,0,-
-,-,huihuang,-,886.46,-0.83,1476.4,0.0,196.65,0.28,4,0.0,2,0.0,2,0.0,0,0.0,50.0,0.0,2021-11-15,-,0,-
-,-,snoozefest,-,885.38,-1.76,1164.88,0.0,93.16,0.59,36,0.0,6,0.0,30,0.0,0,0.0,16.67,0.0,2020-09-27,-,0,-
-,-,JediPrzemo,-,885.33,-0.85,1457.64,0.0,190.77,0.28,4,0.0,2,0.0,2,0.0,0,0.0,50.0,0.0,2021-11-15,-,0,-
-,-,BabaYega,-,885.23,-1.3,1261.93,0.0,125.57,0.43,12,0.0,4,0.0,8,0.0,0,0.0,33.33,0.0,2021-08-24,-,0,-
-,-,avo_liao,-,884.91,-1.28,1266.22,0.0,127.1,0.43,12,0.0,2,0.0,10,0.0,0,0.0,16.67,0.0,2020-11-20,-,0,-
-,-,SpectralB4dger,-,884.73,-1.73,1168.17,0.0,94.48,0.58,21,0.0,3,0.0,18,0.0,0,0.0,14.29,0.0,2025-01-08,-,0,1184.0
-,-,kuatz,-,884.23,-1.64,1182.6,0.0,99.46,0.55,19,0.0,2,0.0,17,0.0,0,0.0,10.53,0.0,2023-01-15,-,0,-
-,-,Hubcap4x4,-,883.93,-1.53,1203.84,0.0,106.64,0.51,30,0.0,11,0.0,19,0.0,0,0.0,36.67,0.0,2019-06-23,-,0,-
-,-,Melonduck4000,-,883.08,-1.53,1204.34,0.0,107.09,0.51,15,0.0,2,0.0,13,0.0,0,0.0,13.33,0.0,2024-02-23,-,0,-
-,-,Kozzie,-,882.91,-1.6,1190.52,0.0,102.53,0.53,18,0.0,5,0.0,13,0.0,0,0.0,27.78,0.0,2024-08-11,-,0,-
-,-,Michael437,-,881.64,-1.57,1193.42,0.0,103.93,0.52,18,0.0,2,0.0,15,0.0,1,0.0,11.11,0.0,2020-03-30,-,0,-
-,-,iLuden,-,879.86,-1.75,1161.33,0.0,93.82,0.58,40,0.0,7,0.0,30,0.0,3,0.0,17.5,0.0,2020-12-06,-,0,-
-,-,MartyParty,-,879.82,-1.42,1224.4,0.0,114.86,0.47,19,0.0,3,0.0,16,0.0,0,0.0,15.79,0.0,2023-01-15,-,0,-
-,-,Tosser,-,879.77,-0.82,1476.77,0.0,199.0,0.27,4,0.0,1,0.0,3,0.0,0,0.0,25.0,0.0,2021-11-15,-,0,-
-,-,Bossland,-,879.74,-1.86,1149.24,0.0,89.83,0.62,30,0.0,8,0.0,22,0.0,0,0.0,26.67,0.0,2020-12-06,-,0,-
-,-,Yahtzee12,-,878.95,-3.14,1040.73,0.0,53.93,1.05,303,0.0,37,0.0,258,0.0,8,0.0,12.21,0.0,2024-02-26,-,0,-
-,-,Chatir,-,877.98,-2.17,1104.32,0.0,75.45,0.72,66,0.0,12,0.0,54,0.0,0,0.0,18.18,0.0,2021-06-02,-,0,-
-,-,GullyRiddims,-,877.44,-1.97,1126.83,0.0,83.13,0.66,36,0.0,8,0.0,28,0.0,0,0.0,22.22,0.0,2021-09-05,-,0,-
-,-,Alain23,-,877.44,-2.2,1101.64,0.0,74.73,0.73,30,0.0,4,0.0,26,0.0,0,0.0,13.33,0.0,2025-01-31,-,0,1184.0
-,-,budi,-,877.0,-1.52,1200.01,0.0,107.67,0.51,18,0.0,3,0.0,15,0.0,0,0.0,16.67,0.0,2021-03-02,-,0,-
-,-,IndianaJones,-,875.86,-2.19,1101.19,0.0,75.11,0.73,45,0.0,5,0.0,37,0.0,3,0.0,11.11,0.0,2023-02-25,-,0,-
-,-,GreyFrog,-,875.54,-1.24,1269.66,0.0,131.37,0.41,18,0.0,5,0.0,11,0.0,2,0.0,27.78,0.0,2018-10-14,-,0,-
-,-,Baseballbob,-,875.33,-1.65,1172.45,0.0,99.04,0.55,30,0.0,5,0.0,25,0.0,0,0.0,16.67,0.0,2020-08-07,-,0,-
-,-,hbattosai83,-,874.66,-1.88,1136.46,0.0,87.27,0.63,36,0.0,9,0.0,27,0.0,0,0.0,25.0,0.0,2021-06-02,-,0,-
-,-,KILLERST,-,872.45,-1.63,1173.71,0.0,100.42,0.54,24,0.0,5,0.0,19,0.0,0,0.0,20.83,0.0,2021-05-20,-,0,-
-,-,Tikki,US,871.92,-2.71,1053.2,0.0,60.43,0.9,148,0.0,16,0.0,127,0.0,5,0.0,10.81,0.0,2022-06-05,-,0,-
-,-,alanala,-,870.78,-1.3,1247.89,0.0,125.7,0.43,18,0.0,7,0.0,10,0.0,1,0.0,38.89,0.0,2018-10-14,-,0,-
-,-,nikos63,-,870.56,-1.06,1332.9,0.0,154.11,0.35,12,0.0,6,0.0,6,0.0,0,0.0,50.0,0.0,2020-08-09,-,0,-
1459,-43,Alex2297,-,870.26,77.43,1084.42,15.77,71.39,-20.55,36,18.0,5,3.0,30,14.0,1,1.0,13.89,2.78,2026-07-22,-,0,-
-,-,Gideon333,-,869.43,-1.06,1333.16,0.0,154.58,0.35,9,0.0,3,0.0,6,0.0,0,0.0,33.33,0.0,2023-11-07,-,0,-
-,-,Bender86,-,868.83,-2.03,1111.72,0.0,80.96,0.68,48,0.0,5,0.0,41,0.0,2,0.0,10.42,0.0,2022-05-31,-,0,-
-,-,mitroCZECH,-,868.56,-1.49,1196.51,0.0,109.32,0.5,18,0.0,7,0.0,11,0.0,0,0.0,38.89,0.0,2020-12-06,-,0,-
-,-,Maghda,-,867.75,-1.56,1182.23,0.0,104.83,0.52,18,0.0,0,0.0,13,0.0,5,0.0,0.0,0.0,2020-12-06,-,0,-
-,-,MrPandy,-,867.46,-1.65,1165.23,0.0,99.26,0.55,24,0.0,6,0.0,18,0.0,0,0.0,25.0,0.0,2021-02-22,-,0,-
1460,-63,KingMomo,-,867.21,-2.53,1062.77,0.0,65.18,0.84,52,0.0,6,0.0,45,0.0,1,0.0,11.54,0.0,2025-12-01,-,0,1287.0
-,-,cleantroll,-,865.78,-0.83,1455.1,0.0,196.44,0.28,4,0.0,2,0.0,2,0.0,0,0.0,50.0,0.0,2021-11-15,-,0,-
-,-,Sleepwalker,-,865.63,-1.4,1214.99,0.0,116.45,0.47,18,0.0,6,0.0,12,0.0,0,0.0,33.33,0.0,2019-12-30,-,0,-
-,-,Copocioff,-,864.55,-1.38,1218.28,0.0,117.91,0.46,13,0.0,4,0.0,9,0.0,0,0.0,30.77,0.0,2024-08-11,-,0,-
-,-,NICKnACK,-,863.96,-1.29,1242.92,0.0,126.32,0.43,18,0.0,3,0.0,13,0.0,2,0.0,16.67,0.0,2020-06-28,-,0,-
1461,-60,Podrik,-,863.62,4.05,1080.91,-4.02,72.43,-2.69,45,6.0,6,1.0,39,5.0,0,0.0,13.33,0.51,2026-07-03,-,0,-
-,-,noppi,-,863.16,-1.32,1232.83,0.0,123.23,0.44,18,0.0,6,0.0,12,0.0,0,0.0,33.33,0.0,2019-12-30,-,0,-
1462,-85,Seiza,-,863.08,-71.81,1121.42,-553.77,86.12,-160.65,22,20.0,2,0.0,18,18.0,2,2.0,9.09,-90.91,2026-08-10,-,0,-
-,-,Aghamin,-,862.35,-3.66,1003.6,0.0,47.09,1.22,489,0.0,59,0.0,428,0.0,2,0.0,12.07,0.0,2023-09-24,-,0,-
-,-,ZappBranigan,-,861.41,-1.95,1112.57,0.0,83.72,0.65,30,0.0,2,0.0,28,0.0,0,0.0,6.67,0.0,2024-02-23,-,0,-
-,-,xqcjfway,-,859.38,-1.6,1177.75,0.0,106.13,0.53,30,0.0,13,0.0,15,0.0,2,0.0,43.33,0.0,2023-02-05,-,0,-
-,-,James2at8,-,858.38,-1.56,1173.13,0.0,104.92,0.52,15,0.0,0,0.0,15,0.0,0,0.0,0.0,0.0,2024-02-23,-,0,-
-,-,Edenys,-,858.06,-1.54,1175.79,0.0,105.91,0.51,21,0.0,2,0.0,19,0.0,0,0.0,9.52,0.0,2023-01-22,-,0,-
1463,-61,Vroshnak,-,858.04,-1.45,1195.55,0.0,112.51,0.48,12,0.0,0,0.0,12,0.0,0,0.0,0.0,0.0,2025-12-01,-,0,-
-,-,Nagato,-,857.27,-0.83,1446.77,0.0,196.5,0.28,4,0.0,1,0.0,3,0.0,0,0.0,25.0,0.0,2021-11-15,-,0,-
-,-,eduarsu,-,857.22,-1.55,1173.1,0.0,105.29,0.52,16,0.0,1,0.0,12,0.0,3,0.0,6.25,0.0,2024-09-22,-,0,-
1464,-60,Marabu.,-,857.08,-1.22,1259.99,0.0,134.3,0.41,6,0.0,0,0.0,5,0.0,1,0.0,0.0,0.0,2025-12-01,-,0,-
-,-,kamilya,-,856.64,-1.27,1243.4,0.0,128.92,0.42,10,0.0,1,0.0,8,0.0,1,0.0,10.0,0.0,2024-12-10,-,0,1287.0
-,-,Gripperas,-,856.07,-1.35,1219.07,0.0,121.0,0.45,12,0.0,0,0.0,4,0.0,8,0.0,0.0,0.0,2023-11-19,-,0,-
-,-,Beldaran10,-,855.95,-1.64,1156.18,0.0,100.08,0.55,36,0.0,6,0.0,29,0.0,1,0.0,16.67,0.0,2020-09-27,-,0,-
-,-,NicolasJavier,-,855.76,-1.99,1102.7,0.0,82.31,0.66,30,0.0,2,0.0,28,0.0,0,0.0,6.67,0.0,2025-01-31,-,0,1184.0
-,-,fmfglkhk,-,854.06,-1.57,1167.03,0.0,104.32,0.52,15,0.0,0,0.0,14,0.0,1,0.0,0.0,0.0,2023-01-15,-,0,-
-,-,intelligentskeleton,VN,853.69,-1.38,1208.71,0.0,118.34,0.46,12,0.0,1,0.0,11,0.0,0,0.0,8.33,0.0,2024-06-16,-,0,-
-,-,Scottus,-,853.43,-1.35,1216.42,0.0,121.0,0.45,12,0.0,4,0.0,8,0.0,0,0.0,33.33,0.0,2022-05-29,-,0,-
-,-,Tsu,-,853.15,-1.68,1144.71,0.0,97.19,0.56,33,0.0,5,0.0,26,0.0,2,0.0,15.15,0.0,2020-09-27,-,0,-
-,-,Oenaud,-,852.19,-1.71,1138.84,0.0,95.55,0.57,24,0.0,4,0.0,20,0.0,0,0.0,16.67,0.0,2022-02-24,-,0,-
-,-,BillyTheBanana,-,851.59,-1.13,1283.66,0.0,144.02,0.38,8,0.0,2,0.0,6,0.0,0,0.0,25.0,0.0,2019-03-01,-,0,-
-,-,williamtywong,-,851.17,-2.11,1085.57,0.0,78.13,0.7,48,0.0,10,0.0,34,0.0,4,0.0,20.83,0.0,2021-03-02,-,0,-
1465,-62,pjorge,-,850.96,-8.02,1024.55,-9.56,57.86,-0.51,94,6.0,9,0.0,83,6.0,2,0.0,9.57,-0.66,2026-07-30,-,0,1184.0
-,-,whq115,-,849.84,-0.94,1369.88,0.0,173.35,0.31,4,0.0,1,0.0,3,0.0,0,0.0,25.0,0.0,2021-11-15,-,0,-
-,-,Hank62299,-,849.23,-1.43,1190.83,0.0,113.87,0.48,12,0.0,2,0.0,10,0.0,0,0.0,16.67,0.0,2021-11-19,-,0,-
-,-,Xanpat,-,849.22,-1.87,1112.37,0.0,87.72,0.62,45,0.0,7,0.0,37,0.0,1,0.0,15.56,0.0,2020-09-27,-,0,-
-,-,FilipDabrowski,-,849.02,-1.26,1251.32,0.0,134.1,0.42,24,0.0,7,0.0,17,0.0,0,0.0,29.17,0.0,2024-03-12,-,0,-
-,-,Hapetiitti,-,847.56,-0.94,1368.59,0.0,173.68,0.31,4,0.0,1,0.0,3,0.0,0,0.0,25.0,0.0,2021-11-15,-,0,-
-,-,Adas,-,847.18,-1.61,1152.47,0.0,101.77,0.54,30,0.0,6,0.0,24,0.0,0,0.0,20.0,0.0,2020-09-27,-,0,-
-,-,wolvie02,-,847.08,-0.86,1418.31,0.0,190.41,0.29,4,0.0,1,0.0,3,0.0,0,0.0,25.0,0.0,2021-11-15,-,0,-
-,-,BGMafia12,-,846.96,-1.46,1182.25,0.0,111.76,0.49,18,0.0,6,0.0,12,0.0,0,0.0,33.33,0.0,2021-06-02,-,0,-
-,-,Eels,-,846.45,-1.5,1172.9,0.0,108.81,0.5,12,0.0,1,0.0,9,0.0,2,0.0,8.33,0.0,2025-02-28,-,0,1375.0
-,-,Desossi,-,846.12,-1.35,1208.33,0.0,120.73,0.45,12,0.0,3,0.0,9,0.0,0,0.0,25.0,0.0,2022-08-29,-,0,-
1466,-61,Natulya,-,845.17,-1.76,1123.45,0.0,92.76,0.59,15,0.0,1,0.0,14,0.0,0,0.0,6.67,0.0,2025-12-08,-,0,-
1467,-61,Etro,-,844.45,-1.19,1254.59,0.0,136.71,0.4,6,0.0,0,0.0,6,0.0,0,0.0,0.0,0.0,2025-12-01,-,0,-
1468,-61,William_Adama,-,844.01,-1.42,1189.24,0.0,115.08,0.47,12,0.0,0,0.0,12,0.0,0,0.0,0.0,0.0,2025-12-03,-,0,-
-,-,Pachuca74,-,843.95,-2.93,1013.06,0.0,56.37,0.98,306,0.0,38,0.0,268,0.0,0,0.0,12.42,0.0,2022-09-04,-,0,-
-,-,StartPlayer,GB,843.68,-1.61,1148.58,0.0,101.63,0.54,15,0.0,0,0.0,14,0.0,1,0.0,0.0,0.0,2023-01-15,-,0,-
-,-,PennyOrange,-,843.04,-1.86,1106.44,0.0,87.8,0.62,30,0.0,0,0.0,30,0.0,0,0.0,0.0,0.0,2024-12-11,-,0,1287.0
-,-,Vv_Sazer,-,842.4,-1.85,1106.63,0.0,88.08,0.62,36,0.0,4,0.0,25,0.0,7,0.0,11.11,0.0,2021-06-02,-,0,-
-,-,LaFuria,-,842.07,-1.17,1261.06,0.0,139.67,0.39,12,0.0,6,0.0,6,0.0,0,0.0,50.0,0.0,2021-05-26,-,0,-
-,-,shall7,-,841.91,-1.56,1156.63,0.0,104.91,0.52,18,0.0,0,0.0,18,0.0,0,0.0,0.0,0.0,2020-06-28,-,0,-
-,-,denwiller,-,841.72,-1.69,1131.52,0.0,96.6,0.56,25,0.0,1,0.0,23,0.0,1,0.0,4.0,0.0,2024-12-08,-,0,1287.0
-,-,GMass,-,840.34,-0.91,1378.85,0.0,179.5,0.3,4,0.0,1,0.0,3,0.0,0,0.0,25.0,0.0,2021-11-15,-,0,-
-,-,bigshotrob,-,838.76,-1.49,1167.04,0.0,109.43,0.5,18,0.0,4,0.0,14,0.0,0,0.0,22.22,0.0,2020-09-27,-,0,-
-,-,DanielLin,-,838.3,-0.78,1463.64,0.0,208.45,0.26,4,0.0,2,0.0,2,0.0,0,0.0,50.0,0.0,2021-11-15,-,0,-
-,-,lolowest,-,838.11,-1.64,1136.84,0.0,99.57,0.55,15,0.0,0,0.0,15,0.0,0,0.0,0.0,0.0,2023-01-15,-,0,-
-,-,Hectek,-,837.7,-2.21,1060.23,0.0,74.17,0.74,36,0.0,0,0.0,36,0.0,0,0.0,0.0,0.0,2025-04-18,-,0,1433.0
-,-,SrLantes,-,837.65,-1.4,1188.0,0.0,116.78,0.47,18,0.0,4,0.0,13,0.0,1,0.0,22.22,0.0,2019-12-30,-,0,-
-,-,CanisLupus,-,837.15,-1.13,1270.64,0.0,144.5,0.38,6,0.0,0,0.0,4,0.0,2,0.0,0.0,0.0,2024-11-18,-,0,1287.0
-,-,Sobain,-,836.21,-1.12,1271.59,0.0,145.13,0.37,9,0.0,2,0.0,6,0.0,1,0.0,22.22,0.0,2023-02-12,-,0,-
-,-,switch201,-,835.61,-1.88,1096.7,0.0,87.03,0.63,19,0.0,1,0.0,18,0.0,0,0.0,5.26,0.0,2025-02-28,-,0,1416.0
-,-,Stefanos,-,835.32,-2.3,1051.15,0.0,71.94,0.77,78,0.0,9,0.0,69,0.0,0,0.0,11.54,0.0,2021-12-05,-,0,-
1469,-60,Monken,-,834.58,-1.88,1095.34,0.0,86.92,0.63,45,0.0,6,0.0,39,0.0,0,0.0,13.33,0.0,2025-12-07,-,0,1287.0
-,-,Strange,-,834.23,-1.77,1110.75,0.0,92.17,0.59,48,0.0,10,0.0,38,0.0,0,0.0,20.83,0.0,2020-03-30,-,0,-
-,-,janneskoehler,-,833.1,-1.56,1146.86,0.0,104.59,0.52,15,0.0,3,0.0,12,0.0,0,0.0,20.0,0.0,2025-05-31,-,0,1421.0
-,-,AlbertoMCS,-,833.05,-1.52,1156.18,0.0,107.71,0.51,18,0.0,5,0.0,12,0.0,1,0.0,27.78,0.0,2021-12-05,-,0,-
1470,-62,Pecheros,-,832.71,-4.82,1033.14,-5.01,66.81,-0.06,96,3.0,5,0.0,84,3.0,7,0.0,5.21,-0.17,2026-06-18,-,0,-
-,-,Sooroosh,-,830.5,-1.15,1257.38,0.0,142.29,0.38,6,0.0,0,0.0,6,0.0,0,0.0,0.0,0.0,2024-11-18,-,0,-
1471,-61,dra49,-,830.45,-2.55,1023.7,0.0,64.42,0.85,109,0.0,10,0.0,97,0.0,2,0.0,9.17,0.0,2026-05-18,-,0,-
-,-,doodoo,-,830.02,-1.48,1161.05,0.0,110.34,0.49,18,0.0,3,0.0,15,0.0,0,0.0,16.67,0.0,2020-12-06,-,0,-
-,-,toooooof,-,829.39,-0.93,1356.38,0.0,175.66,0.31,4,0.0,1,0.0,3,0.0,0,0.0,25.0,0.0,2021-11-15,-,0,-
-,-,Muzerious,-,827.56,-1.47,1159.99,0.0,110.81,0.49,12,0.0,0,0.0,12,0.0,0,0.0,0.0,0.0,2024-11-30,-,0,1287.0
-,-,Igrokratiya,-,826.68,-1.88,1087.69,0.0,87.01,0.63,32,0.0,1,0.0,31,0.0,0,0.0,3.12,0.0,2025-01-29,-,0,1184.0
-,-,Asturia,-,825.91,-1.52,1148.45,0.0,107.51,0.51,21,0.0,1,0.0,20,0.0,0,0.0,4.76,0.0,2023-01-22,-,0,-
-,-,N2ll,-,825.84,-1.14,1255.83,0.0,143.33,0.38,12,0.0,5,0.0,7,0.0,0,0.0,41.67,0.0,2020-08-23,-,0,-
-,-,FalcoLombardi,-,825.72,-0.82,1425.62,0.0,199.97,0.27,4,0.0,2,0.0,2,0.0,0,0.0,50.0,0.0,2021-11-15,-,0,-
1472,-60,BubaTwenty4,-,824.95,-1.16,1247.85,0.0,140.96,0.39,6,0.0,0,0.0,6,0.0,0,0.0,0.0,0.0,2025-12-01,-,0,-
-,-,ralba,-,824.62,-1.94,1077.29,0.0,84.22,0.65,36,0.0,4,0.0,32,0.0,0,0.0,11.11,0.0,2022-06-05,-,0,-
-,-,Agathon,TR,824.45,-1.29,1204.52,0.0,126.69,0.43,15,0.0,1,0.0,14,0.0,0,0.0,6.67,0.0,2025-04-05,-,0,-
-,-,pilscobra,-,823.45,-0.89,1372.12,0.0,182.89,0.3,4,0.0,1,0.0,3,0.0,0,0.0,25.0,0.0,2021-11-15,-,0,-
-,-,paulydev,-,823.42,-1.18,1239.06,0.0,138.55,0.39,12,0.0,3,0.0,9,0.0,0,0.0,25.0,0.0,2020-08-24,-,0,-
-,-,bananarepublic,-,823.3,-1.61,1128.33,0.0,101.68,0.54,18,0.0,3,0.0,15,0.0,0,0.0,16.67,0.0,2021-06-02,-,0,-
-,-,12thManStanding,-,822.94,-1.29,1202.49,0.0,126.52,0.43,18,0.0,3,0.0,15,0.0,0,0.0,16.67,0.0,2018-06-17,-,0,-
-,-,stacy_ovsyanka,-,821.99,-1.27,1209.04,0.0,129.01,0.42,12,0.0,0,0.0,9,0.0,3,0.0,0.0,0.0,2020-11-18,-,0,-
-,-,Roybocop,-,820.76,-1.8,1093.48,0.0,90.91,0.6,36,0.0,5,0.0,29,0.0,2,0.0,13.89,0.0,2022-03-06,-,0,-
1473,-62,JackoKun,-,820.63,-8.82,1016.6,-22.93,65.32,-4.71,50,8.0,2,0.0,46,7.0,2,1.0,4.0,-0.76,2026-08-06,-,0,1287.0
-,-,bence233,-,820.08,-1.41,1166.75,0.0,115.56,0.47,12,0.0,0,0.0,9,0.0,3,0.0,0.0,0.0,2023-05-22,-,0,-
-,-,dudurban,-,819.91,-1.5,1147.53,0.0,109.21,0.5,15,0.0,3,0.0,12,0.0,0,0.0,20.0,0.0,2024-01-16,-,0,-
-,-,Casaubon,-,819.25,-1.55,1140.18,0.0,106.98,0.52,24,0.0,10,0.0,14,0.0,0,0.0,41.67,0.0,2021-02-28,-,0,-
-,-,HectorDart,-,817.22,-1.64,1116.51,0.0,99.76,0.55,18,0.0,2,0.0,16,0.0,0,0.0,11.11,0.0,2023-06-04,-,0,-
-,-,lingdianyike,-,817.06,-1.76,1096.12,0.0,93.02,0.59,25,0.0,1,0.0,24,0.0,0,0.0,4.0,0.0,2024-01-16,-,0,-
-,-,TheJamesBlake,-,815.66,-1.62,1118.63,0.0,100.99,0.54,15,0.0,0,0.0,15,0.0,0,0.0,0.0,0.0,2023-01-15,-,0,-
-,-,miberale,-,814.49,-2.77,993.41,0.0,59.64,0.92,88,0.0,1,0.0,83,0.0,4,0.0,1.14,0.0,2023-07-15,-,0,-
-,-,ligohigh,-,814.34,-0.73,1483.43,0.0,223.03,0.24,4,0.0,2,0.0,2,0.0,0,0.0,50.0,0.0,2021-11-15,-,0,-
-,-,Golgotha,-,814.33,-1.37,1170.77,0.0,118.81,0.46,18,0.0,6,0.0,12,0.0,0,0.0,33.33,0.0,2020-09-27,-,0,-
-,-,Imperator_Europy,-,814.3,-1.69,1104.59,0.0,96.76,0.56,30,0.0,5,0.0,24,0.0,1,0.0,16.67,0.0,2020-11-21,-,0,-
-,-,Khimbo,-,814.15,-1.48,1145.2,0.0,110.35,0.49,30,0.0,4,0.0,26,0.0,0,0.0,13.33,0.0,2017-11-10,-,0,-
-,-,irvan,-,813.92,-1.47,1147.64,0.0,111.24,0.49,28,0.0,3,0.0,25,0.0,0,0.0,10.71,0.0,2021-11-15,-,0,-
-,-,DiegoCoelho,-,813.79,-1.89,1073.39,0.0,86.53,0.63,36,0.0,5,0.0,31,0.0,0,0.0,13.89,0.0,2022-06-05,-,0,-
1474,-57,Viceroy,-,813.21,28.26,1061.68,15.39,82.82,-4.29,27,6.0,2,0.0,23,4.0,2,2.0,7.41,-2.11,2026-07-21,-,0,-
1475,-62,ScubaPig,-,813.06,-1.2,1220.24,0.0,135.73,0.4,6,0.0,0,0.0,6,0.0,0,0.0,0.0,0.0,2025-12-01,-,0,-
-,-,MacBad,-,813.03,-1.56,1126.92,0.0,104.63,0.52,18,0.0,0,0.0,18,0.0,0,0.0,0.0,0.0,2020-06-28,-,0,-
-,-,PixiePete,-,811.61,-1.69,1102.36,0.0,96.91,0.56,36,0.0,9,0.0,27,0.0,0,0.0,25.0,0.0,2020-09-27,-,0,-
1476,-62,Soul_Viper,-,811.4,-1.11,1251.55,0.0,146.72,0.37,6,0.0,0,0.0,4,0.0,2,0.0,0.0,0.0,2025-12-01,-,0,-
-,-,to118,-,809.92,-1.88,1074.2,0.0,88.09,0.63,36,0.0,7,0.0,28,0.0,1,0.0,19.44,0.0,2020-12-06,-,0,-
-,-,cassini23,-,808.6,-1.72,1093.35,0.0,94.92,0.57,18,0.0,0,0.0,17,0.0,1,0.0,0.0,0.0,2023-06-04,-,0,-
-,-,rporrini,-,808.25,-2.31,1023.67,0.0,71.81,0.77,174,0.0,21,0.0,146,0.0,7,0.0,12.07,0.0,2019-12-30,-,0,-
-,-,KorE,US,807.92,-1.24,1202.13,0.0,131.4,0.41,9,0.0,1,0.0,8,0.0,0,0.0,11.11,0.0,2023-02-12,-,0,-
-,-,Marthy,-,807.37,-1.44,1147.72,0.0,113.45,0.48,21,0.0,3,0.0,14,0.0,4,0.0,14.29,0.0,2024-02-23,-,0,-
-,-,Ronald1,-,807.22,-1.46,1143.56,0.0,112.11,0.49,15,0.0,4,0.0,11,0.0,0,0.0,26.67,0.0,2024-01-16,-,0,-
-,-,Tapis_volant,-,804.83,-1.47,1138.85,0.0,111.34,0.49,18,0.0,5,0.0,13,0.0,0,0.0,27.78,0.0,2020-09-27,-,0,-
-,-,WulfstanCyning,-,804.06,-1.82,1073.57,0.0,89.84,0.61,36,0.0,5,0.0,31,0.0,0,0.0,13.89,0.0,2020-09-27,-,0,-
-,-,Nelissanne,-,803.09,-0.87,1362.22,0.0,186.37,0.29,4,0.0,1,0.0,3,0.0,0,0.0,25.0,0.0,2021-11-15,-,0,-
1477,-62,horangz,-,803.09,-1.56,1118.09,0.0,105.0,0.52,12,0.0,0,0.0,12,0.0,0,0.0,0.0,0.0,2026-05-31,-,0,-
-,-,Duilin,-,802.8,-0.88,1358.33,0.0,185.18,0.29,4,0.0,1,0.0,3,0.0,0,0.0,25.0,0.0,2021-11-15,-,0,-
-,-,wik84,-,802.73,-1.27,1188.98,0.0,128.75,0.42,12,0.0,2,0.0,10,0.0,0,0.0,16.67,0.0,2020-08-29,-,0,-
-,-,LUISPI,-,802.45,-0.86,1368.5,0.0,188.68,0.29,4,0.0,1,0.0,3,0.0,0,0.0,25.0,0.0,2021-11-15,-,0,-
-,-,Athenaios,-,802.29,-1.52,1124.1,0.0,107.27,0.51,18,0.0,0,0.0,18,0.0,0,0.0,0.0,0.0,2020-06-28,-,0,-
-,-,Flynn,-,801.54,-1.85,1067.45,0.0,88.64,0.62,66,0.0,8,0.0,57,0.0,1,0.0,12.12,0.0,2018-10-14,-,0,-
-,-,Ev85,-,801.05,-1.7,1090.02,0.0,96.33,0.57,18,0.0,3,0.0,15,0.0,0,0.0,16.67,0.0,2025-05-05,-,0,1429.0
-,-,Muki,-,800.34,-0.91,1335.22,0.0,178.29,0.3,4,0.0,0,0.0,3,0.0,1,0.0,0.0,0.0,2021-11-15,-,0,-
-,-,Pascalculate,VN,800.17,-2.48,998.06,0.0,65.96,0.83,129,0.0,11,0.0,114,0.0,4,0.0,8.53,0.0,2023-06-04,-,0,-
-,-,atry,-,799.46,-1.18,1213.72,0.0,138.08,0.39,12,0.0,3,0.0,9,0.0,0,0.0,25.0,0.0,2020-08-08,-,0,-
-,-,Toreander,-,799.09,-1.53,1118.72,0.0,106.55,0.51,18,0.0,0,0.0,15,0.0,3,0.0,0.0,0.0,2021-03-02,-,0,-
-,-,Baso,IT,798.94,-0.81,1399.69,0.0,200.25,0.27,4,0.0,1,0.0,3,0.0,0,0.0,25.0,0.0,2021-11-15,-,0,-
-,-,Dunedrain,-,798.28,-2.03,1039.82,0.0,80.51,0.68,36,0.0,3,0.0,33,0.0,0,0.0,8.33,0.0,2025-07-31,-,0,1435.0
-,-,MortenStor,-,797.76,-1.36,1158.79,0.0,120.34,0.45,12,0.0,2,0.0,10,0.0,0,0.0,16.67,0.0,2021-11-29,-,0,-
-,-,Yannis,-,795.73,-1.75,1076.31,0.0,93.53,0.58,36,0.0,3,0.0,30,0.0,3,0.0,8.33,0.0,2020-09-27,-,0,-
-,-,Majunior,-,794.33,-1.07,1250.02,0.0,151.9,0.36,6,0.0,0,0.0,4,0.0,2,0.0,0.0,0.0,2024-11-21,-,0,1287.0
-,-,CivEnginner,-,793.08,-1.04,1265.8,0.0,157.58,0.35,12,0.0,5,0.0,7,0.0,0,0.0,41.67,0.0,2020-08-22,-,0,-
-,-,Kerrigan99,-,792.87,-1.7,1081.76,0.0,96.3,0.57,20,0.0,0,0.0,15,0.0,5,0.0,0.0,0.0,2025-01-28,-,0,1435.0
-,-,Rhop8,-,791.95,-1.69,1082.39,0.0,96.81,0.56,24,0.0,3,0.0,21,0.0,0,0.0,12.5,0.0,2022-11-30,-,0,-
-,-,XenoMatt,-,790.97,-1.32,1160.61,0.0,123.21,0.44,12,0.0,2,0.0,10,0.0,0,0.0,16.67,0.0,2021-05-20,-,0,-
-,-,Demianv,-,790.28,-1.82,1059.36,0.0,89.69,0.61,66,0.0,6,0.0,59,0.0,1,0.0,9.09,0.0,2019-02-17,-,0,-
-,-,sleepwalker,-,789.06,-1.1,1233.89,0.0,148.28,0.37,6,0.0,0,0.0,6,0.0,0,0.0,0.0,0.0,2025-05-01,-,0,-
-,-,Majinbuu,-,788.99,-2.47,988.02,0.0,66.34,0.82,86,0.0,5,0.0,78,0.0,3,0.0,5.81,0.0,2024-01-16,-,0,-
-,-,Sislar,-,788.91,-1.37,1145.69,0.0,118.93,0.46,12,0.0,0,0.0,12,0.0,0,0.0,0.0,0.0,2024-12-02,-,0,1287.0
-,-,woosan,-,788.06,-1.48,1119.92,0.0,110.62,0.49,12,0.0,2,0.0,10,0.0,0,0.0,16.67,0.0,2023-08-31,-,0,-
-,-,Frimandyr,-,786.83,-1.29,1165.8,0.0,126.32,0.43,18,0.0,2,0.0,15,0.0,1,0.0,11.11,0.0,2020-06-28,-,0,-
-,-,Borewitsch,-,786.09,-1.42,1130.76,0.0,114.89,0.47,18,0.0,4,0.0,14,0.0,0,0.0,22.22,0.0,2020-09-27,-,0,-
-,-,gvasil,-,785.16,-1.69,1076.46,0.0,97.1,0.56,42,0.0,4,0.0,38,0.0,0,0.0,9.52,0.0,2020-06-28,-,0,-
-,-,Feel_Young,-,783.66,-1.3,1158.96,0.0,125.1,0.43,12,0.0,0,0.0,12,0.0,0,0.0,0.0,0.0,2020-11-16,-,0,-
-,-,jeannot_la_pinte,-,783.48,-0.93,1310.46,0.0,175.66,0.31,4,0.0,1,0.0,3,0.0,0,0.0,25.0,0.0,2021-11-15,-,0,-
-,-,aboadaa,-,783.23,-1.39,1135.58,0.0,117.45,0.46,18,0.0,6,0.0,12,0.0,0,0.0,33.33,0.0,2021-03-02,-,0,-
1478,-60,Readicculus,-,782.61,-1.12,1221.09,0.0,146.16,0.37,6,0.0,0,0.0,6,0.0,0,0.0,0.0,0.0,2025-12-01,-,0,-
-,-,DancingQuinn,-,781.25,-1.1,1227.43,0.0,148.73,0.37,6,0.0,2,0.0,4,0.0,0,0.0,33.33,0.0,2024-08-04,-,0,-
-,-,snowwll,-,780.94,-1.35,1143.94,0.0,121.0,0.45,12,0.0,0,0.0,6,0.0,6,0.0,0.0,0.0,2023-11-24,-,0,-
-,-,Donnin,-,779.49,-1.57,1090.81,0.0,103.77,0.52,22,0.0,1,0.0,18,0.0,3,0.0,4.55,0.0,2021-11-15,-,0,-
-,-,hcllineker,-,779.17,-0.82,1378.53,0.0,199.79,0.27,4,0.0,1,0.0,3,0.0,0,0.0,25.0,0.0,2021-11-15,-,0,-
-,-,SirBrandalot,-,778.49,-1.42,1123.08,0.0,114.86,0.47,18,0.0,3,0.0,15,0.0,0,0.0,16.67,0.0,2020-09-27,-,0,-
1479,-59,Telanis,-,776.68,-1.09,1226.26,0.0,149.86,0.36,6,0.0,0,0.0,6,0.0,0,0.0,0.0,0.0,2025-12-01,-,0,-
-,-,Davidson,-,776.39,-0.92,1306.56,0.0,176.72,0.31,4,0.0,0,0.0,4,0.0,0,0.0,0.0,0.0,2025-02-05,-,0,-
-,-,Guernnister,-,774.81,-1.2,1183.78,0.0,136.32,0.4,12,0.0,3,0.0,9,0.0,0,0.0,25.0,0.0,2020-08-19,-,0,-
1480,-59,Sexyboy,-,774.19,-1.1,1218.17,0.0,147.99,0.37,6,0.0,0,0.0,6,0.0,0,0.0,0.0,0.0,2025-12-01,-,0,-
-,-,Paakit,AR,773.78,-2.13,1004.86,0.0,77.03,0.71,33,0.0,0,0.0,32,0.0,1,0.0,0.0,0.0,2023-01-15,-,0,-
-,-,ImPlayingN4K3D,-,773.36,-1.5,1098.98,0.0,108.54,0.5,18,0.0,1,0.0,14,0.0,3,0.0,5.56,0.0,2021-03-02,-,0,-
-,-,Grobir,-,772.73,-1.08,1224.17,0.0,150.48,0.36,6,0.0,0,0.0,6,0.0,0,0.0,0.0,0.0,2024-02-23,-,0,-
-,-,Zurabman,-,772.44,-1.54,1090.94,0.0,106.17,0.51,18,0.0,1,0.0,17,0.0,0,0.0,5.56,0.0,2020-12-06,-,0,-
-,-,gaberosser,-,771.64,-1.79,1046.63,0.0,91.66,0.6,30,0.0,1,0.0,29,0.0,0,0.0,3.33,0.0,2024-01-16,-,0,-
-,-,Grisen,-,771.08,-0.85,1349.09,0.0,192.67,0.28,4,0.0,1,0.0,3,0.0,0,0.0,25.0,0.0,2021-11-15,-,0,-
-,-,VeniVidiVindi,-,771.0,-1.46,1106.29,0.0,111.76,0.49,18,0.0,5,0.0,13,0.0,0,0.0,27.78,0.0,2021-06-02,-,0,-
-,-,LavenderQueen,-,769.91,-1.41,1118.06,0.0,116.05,0.47,15,0.0,0,0.0,12,0.0,3,0.0,0.0,0.0,2024-01-16,-,0,-
-,-,captanc,-,769.71,-1.49,1098.14,0.0,109.48,0.5,12,0.0,0,0.0,12,0.0,0,0.0,0.0,0.0,2021-11-16,-,0,-
-,-,simone.farina,-,768.72,-1.59,1095.7,0.0,108.99,0.53,30,0.0,11,0.0,19,0.0,0,0.0,36.67,0.0,2020-06-28,-,0,-
-,-,MaLoY,-,768.19,-1.45,1105.67,0.0,112.49,0.48,12,0.0,0,0.0,12,0.0,0,0.0,0.0,0.0,2022-08-24,-,0,-
-,-,JurisII,-,766.33,-2.23,986.26,0.0,73.31,0.74,41,0.0,2,0.0,38,0.0,1,0.0,4.88,0.0,2023-04-16,-,0,-
-,-,jeffcorrie,-,766.02,-1.38,1122.18,0.0,118.72,0.46,18,0.0,2,0.0,16,0.0,0,0.0,11.11,0.0,2019-09-30,-,0,-
-,-,Firo,-,765.77,-0.85,1344.63,0.0,192.95,0.28,4,0.0,0,0.0,3,0.0,1,0.0,0.0,0.0,2021-11-15,-,0,-
-,-,Moncop,-,764.04,-1.64,1062.53,0.0,99.5,0.55,18,0.0,0,0.0,17,0.0,1,0.0,0.0,0.0,2021-12-05,-,0,-
1481,-59,gmathes,-,763.9,-1.19,1176.76,0.0,137.62,0.4,6,0.0,0,0.0,6,0.0,0,0.0,0.0,0.0,2025-12-01,-,0,-
-,-,Kangaroodi,-,763.23,-1.28,1144.48,0.0,127.08,0.43,18,0.0,4,0.0,14,0.0,0,0.0,22.22,0.0,2020-06-28,-,0,-
1482,-46,kynj,-,762.91,64.43,1091.11,52.25,109.4,-4.06,18,3.0,2,1.0,16,2.0,0,0.0,11.11,4.44,2026-06-28,-,0,-
-,-,Nordenwatch,-,761.8,-1.43,1104.44,0.0,114.21,0.48,18,0.0,0,0.0,15,0.0,3,0.0,0.0,0.0,2020-06-28,-,0,-
-,-,LeoLeo,-,761.8,-1.43,1104.44,0.0,114.21,0.48,18,0.0,0,0.0,15,0.0,3,0.0,0.0,0.0,2020-06-28,-,0,-
-,-,Adamantium18,-,761.42,-1.43,1103.59,0.0,114.06,0.48,24,0.0,2,0.0,22,0.0,0,0.0,8.33,0.0,2020-05-24,-,0,-
-,-,hewb2006,-,760.54,-1.88,1022.1,0.0,87.19,0.63,58,0.0,4,0.0,52,0.0,2,0.0,6.9,0.0,2021-11-30,-,0,-
-,-,Anto-8080,-,760.02,-1.38,1115.82,0.0,118.6,0.46,18,0.0,4,0.0,14,0.0,0,0.0,22.22,0.0,2020-09-27,-,0,-
-,-,CuteMiner,-,758.74,-1.52,1081.88,0.0,107.71,0.51,18,0.0,3,0.0,14,0.0,1,0.0,16.67,0.0,2021-12-05,-,0,-
-,-,Paiaso,-,757.35,-0.97,1260.5,0.0,167.72,0.32,4,0.0,0,0.0,4,0.0,0,0.0,0.0,0.0,2021-11-15,-,0,-
-,-,jasdrakken,-,756.05,-1.6,1062.49,0.0,102.15,0.53,36,0.0,6,0.0,29,0.0,1,0.0,16.67,0.0,2019-05-26,-,0,-
-,-,putritralala,-,755.01,-1.49,1086.55,0.0,110.51,0.5,30,0.0,5,0.0,25,0.0,0,0.0,16.67,0.0,2021-06-02,-,0,-
-,-,Kaspipos,-,754.25,-1.38,1107.92,0.0,117.89,0.46,15,0.0,0,0.0,15,0.0,0,0.0,0.0,0.0,2024-12-12,-,0,1287.0
-,-,Toledator,-,753.94,-1.34,1118.98,0.0,121.68,0.45,18,0.0,1,0.0,13,0.0,4,0.0,5.56,0.0,2019-09-30,-,0,-
1483,-59,8840806,-,752.79,-0.86,1322.61,0.0,189.94,0.29,3,0.0,0,0.0,3,0.0,0,0.0,0.0,0.0,2025-11-11,-,0,-
-,-,Xunguito,-,752.74,-0.8,1367.68,0.0,204.98,0.27,4,0.0,1,0.0,3,0.0,0,0.0,25.0,0.0,2021-11-15,-,0,-
1484,-61,Neno011,-,752.69,-1.08,1207.61,0.0,151.64,0.36,6,0.0,0,0.0,6,0.0,0,0.0,0.0,0.0,2025-12-01,-,0,-
-,-,Diglosgr,-,751.18,-1.75,1031.54,0.0,93.45,0.58,24,0.0,1,0.0,23,0.0,0,0.0,4.17,0.0,2022-11-23,-,0,-
-,-,Zembo,-,750.57,-1.08,1202.04,0.0,150.49,0.36,6,0.0,0,0.0,6,0.0,0,0.0,0.0,0.0,2024-12-05,-,0,1287.0
-,-,StarFollower,-,750.04,-1.53,1070.62,0.0,106.86,0.51,12,0.0,0,0.0,12,0.0,0,0.0,0.0,0.0,2023-11-28,-,0,-
1485,-58,Pancake1,-,750.03,19.14,945.58,18.64,65.18,-0.17,82,6.0,6,1.0,75,5.0,1,0.0,7.32,0.74,2026-08-05,-,0,-
-,-,hs8127,-,749.51,-1.32,1119.49,0.0,123.33,0.44,9,0.0,0,0.0,9,0.0,0,0.0,0.0,0.0,2023-02-12,-,0,-
-,-,gavanoza,-,749.49,-1.45,1087.16,0.0,112.56,0.48,12,0.0,0,0.0,12,0.0,0,0.0,0.0,0.0,2023-05-22,-,0,-
-,-,CaiChengzhi,-,748.63,-1.1,1195.27,0.0,148.88,0.37,6,0.0,0,0.0,6,0.0,0,0.0,0.0,0.0,2024-11-14,-,0,1287.0
-,-,whitepand,-,747.39,-1.65,1044.49,0.0,99.03,0.55,18,0.0,0,0.0,18,0.0,0,0.0,0.0,0.0,2021-09-05,-,0,-
-,-,Solon,-,747.3,-0.98,1248.47,0.0,167.06,0.33,4,0.0,0,0.0,4,0.0,0,0.0,0.0,0.0,2021-11-15,-,0,-
-,-,__Alex__,-,746.12,-2.67,933.67,0.0,62.52,0.89,120,0.0,13,0.0,99,0.0,8,0.0,10.83,0.0,2024-10-01,-,0,-
-,-,Ragnar18,-,745.84,-1.43,1087.68,0.0,113.95,0.48,12,0.0,0,0.0,12,0.0,0,0.0,0.0,0.0,2022-08-27,-,0,-
-,-,Claudio,-,745.82,-1.7,1034.38,0.0,96.19,0.57,42,0.0,5,0.0,35,0.0,2,0.0,11.9,0.0,2020-02-09,-,0,-
-,-,TroutYossarian,-,745.7,-1.47,1079.62,0.0,111.31,0.49,12,0.0,0,0.0,12,0.0,0,0.0,0.0,0.0,2022-08-24,-,0,-
-,-,Freddy1986,-,745.47,-0.83,1335.41,0.0,196.65,0.28,4,0.0,1,0.0,3,0.0,0,0.0,25.0,0.0,2021-11-15,-,0,-
-,-,john1325,-,745.36,-2.27,962.41,0.0,72.35,0.76,168,0.0,19,0.0,148,0.0,1,0.0,11.31,0.0,2021-08-28,-,0,-
-,-,timmypolilla92,-,743.03,-1.32,1113.86,0.0,123.61,0.44,18,0.0,0,0.0,17,0.0,1,0.0,0.0,0.0,2020-06-28,-,0,-
1486,-61,Rikard,-,742.8,-1.56,1056.27,0.0,104.49,0.52,15,0.0,1,0.0,14,0.0,0,0.0,6.67,0.0,2025-12-09,-,0,-
-,-,deaddams,-,741.98,-1.89,1002.74,0.0,86.92,0.63,60,0.0,7,0.0,53,0.0,0,0.0,11.67,0.0,2021-03-02,-,0,-
-,-,amit871,-,741.98,-1.56,1055.95,0.0,104.66,0.52,16,0.0,1,0.0,14,0.0,1,0.0,6.25,0.0,2024-12-03,-,0,-
-,-,syc8295,-,740.46,-1.37,1098.34,0.0,119.29,0.46,18,0.0,0,0.0,18,0.0,0,0.0,0.0,0.0,2020-09-27,-,0,-
-,-,bouzou,-,737.46,-1.11,1177.45,0.0,146.66,0.37,12,0.0,3,0.0,9,0.0,0,0.0,25.0,0.0,2021-02-26,-,0,-
-,-,Arual,-,736.85,-1.98,984.88,0.0,82.68,0.66,72,0.0,9,0.0,63,0.0,0,0.0,12.5,0.0,2020-05-25,-,0,-
-,-,Fad23,-,732.19,-1.29,1110.98,0.0,126.26,0.43,18,0.0,3,0.0,15,0.0,0,0.0,16.67,0.0,2018-06-17,-,0,-
-,-,HostileApostle,-,731.96,-1.9,990.04,0.0,86.03,0.63,78,0.0,9,0.0,67,0.0,2,0.0,11.54,0.0,2020-03-30,-,0,-
-,-,Overmindless,-,731.86,-1.62,1033.8,0.0,100.65,0.54,18,0.0,0,0.0,18,0.0,0,0.0,0.0,0.0,2021-09-05,-,0,-
-,-,fedevet86,-,731.5,-1.63,1032.46,0.0,100.32,0.54,18,0.0,0,0.0,14,0.0,4,0.0,0.0,0.0,2022-06-05,-,0,-
-,-,Masaka,-,730.88,-1.6,1037.52,0.0,102.21,0.53,36,0.0,4,0.0,32,0.0,0,0.0,11.11,0.0,2021-03-02,-,0,-
-,-,JasonZhang0826,-,730.72,-1.45,1068.53,0.0,112.61,0.48,12,0.0,0,0.0,11,0.0,1,0.0,0.0,0.0,2022-05-28,-,0,-
-,-,jimlaughs64,-,729.69,-1.46,1065.72,0.0,112.01,0.49,15,0.0,2,0.0,13,0.0,0,0.0,13.33,0.0,2024-12-18,-,0,1287.0
-,-,disszy,-,729.5,-1.3,1105.72,0.0,125.41,0.43,12,0.0,0,0.0,12,0.0,0,0.0,0.0,0.0,2021-05-31,-,0,-
1487,-59,FabienB,-,729.46,-1.04,1201.8,0.0,157.45,0.35,6,0.0,0,0.0,6,0.0,0,0.0,0.0,0.0,2025-12-01,-,0,-
-,-,Kittyclaws,-,728.94,-1.61,1033.98,0.0,101.68,0.54,18,0.0,0,0.0,18,0.0,0,0.0,0.0,0.0,2021-06-02,-,0,-
-,-,Nanozawr,-,728.53,-1.47,1061.46,0.0,110.98,0.49,18,0.0,1,0.0,16,0.0,1,0.0,5.56,0.0,2020-09-27,-,0,-
-,-,JaneHatke,-,728.49,-2.48,926.57,0.0,66.03,0.83,228,0.0,19,0.0,208,0.0,1,0.0,8.33,0.0,2022-02-28,-,0,-
1488,-59,ruben_san,-,728.34,-1.67,1022.1,0.0,97.92,0.56,21,0.0,1,0.0,19,0.0,1,0.0,4.76,0.0,2025-12-01,-,0,-
-,-,Wicked_Liz,-,728.32,-1.33,1097.22,0.0,122.97,0.44,15,0.0,3,0.0,12,0.0,0,0.0,20.0,0.0,2024-01-16,-,0,-
1489,-59,plamen,-,727.79,-1.92,983.71,0.0,85.31,0.64,30,0.0,0,0.0,30,0.0,0,0.0,0.0,0.0,2025-12-01,-,0,1287.0
1490,-59,OBILIC,-,726.93,-1.09,1174.32,0.0,149.13,0.36,6,0.0,0,0.0,6,0.0,0,0.0,0.0,0.0,2025-12-01,-,0,-
-,-,deleted_user_8469282,-,726.11,-1.05,1192.46,0.0,155.45,0.35,6,0.0,1,0.0,5,0.0,0,0.0,16.67,0.0,2025-08-16,-,0,1416.0
-,-,Yellowhammer,-,725.1,-0.83,1314.42,0.0,196.44,0.28,4,0.0,1,0.0,3,0.0,0,0.0,25.0,0.0,2021-11-15,-,0,-
-,-,xinjv,-,724.61,-1.62,1026.96,0.0,100.78,0.54,18,0.0,0,0.0,18,0.0,0,0.0,0.0,0.0,2021-12-05,-,0,-
-,-,Elionoir,-,724.11,-1.56,1037.49,0.0,104.46,0.52,18,0.0,5,0.0,13,0.0,0,0.0,27.78,0.0,2022-09-04,-,0,-
-,-,SanaRana,-,721.67,-1.43,1065.4,0.0,114.58,0.48,18,0.0,0,0.0,18,0.0,0,0.0,0.0,0.0,2020-09-27,-,0,-
-,-,Tiesto,-,721.49,-1.02,1202.82,0.0,160.44,0.34,4,0.0,0,0.0,4,0.0,0,0.0,0.0,0.0,2023-07-15,-,0,-
-,-,PeaceAndProsperity,-,721.1,-1.4,1071.12,0.0,116.67,0.47,18,0.0,0,0.0,16,0.0,2,0.0,0.0,0.0,2020-09-27,-,0,-
-,-,StefanOkrzeja,-,721.0,-1.44,1060.48,0.0,113.16,0.48,15,0.0,0,0.0,15,0.0,0,0.0,0.0,0.0,2024-12-12,-,0,1287.0
-,-,VerrueckterMax,-,720.17,-1.51,1045.14,0.0,108.32,0.5,18,0.0,0,0.0,17,0.0,1,0.0,0.0,0.0,2021-03-02,-,0,-
1491,-58,Miles1,-,718.73,-1.67,1012.62,0.0,97.96,0.56,14,0.0,0,0.0,14,0.0,0,0.0,0.0,0.0,2026-02-28,-,0,-
-,-,Alfredo094,-,718.62,-1.32,1089.46,0.0,123.61,0.44,18,0.0,0,0.0,18,0.0,0,0.0,0.0,0.0,2020-06-28,-,0,-
-,-,Hethalos,-,718.23,-0.63,1500.0,0.0,260.59,0.21,2,0.0,1,0.0,1,0.0,0,0.0,50.0,0.0,2018-02-18,-,0,-
-,-,win021795,-,717.83,-1.5,1044.54,0.0,108.9,0.5,18,0.0,4,0.0,14,0.0,0,0.0,22.22,0.0,2021-03-02,-,0,-
-,-,AshLikeSnow,-,717.6,-0.63,1500.0,0.0,260.8,0.21,2,0.0,1,0.0,1,0.0,0,0.0,50.0,0.0,2017-11-12,-,0,-
-,-,FalcoFernandes,-,716.93,-1.63,1017.25,0.0,100.11,0.54,36,0.0,3,0.0,33,0.0,0,0.0,8.33,0.0,2019-12-30,-,0,-
-,-,DannyTheKing,-,716.54,-1.55,1032.18,0.0,105.21,0.52,18,0.0,1,0.0,17,0.0,0,0.0,5.56,0.0,2021-09-05,-,0,-
-,-,SumbuddyStopMe,-,716.27,-1.13,1151.17,0.0,144.97,0.38,6,0.0,0,0.0,6,0.0,0,0.0,0.0,0.0,2024-11-24,-,0,1287.0
1492,-58,TheRobe,-,716.2,-0.72,1400.12,0.0,227.97,0.24,3,0.0,1,0.0,2,0.0,0,0.0,33.33,0.0,2026-05-05,-,0,-
-,-,burnedPotato,-,716.15,-1.32,1088.29,0.0,124.05,0.44,18,0.0,2,0.0,16,0.0,0,0.0,11.11,0.0,2020-06-28,-,0,-
-,-,Seeker6498,-,715.37,-0.77,1348.8,0.0,211.14,0.26,4,0.0,1,0.0,3,0.0,0,0.0,25.0,0.0,2021-11-15,-,0,-
-,-,Vladmech,-,715.13,-1.64,1015.01,0.0,99.96,0.55,24,0.0,5,0.0,18,0.0,1,0.0,20.83,0.0,2021-05-25,-,0,-
-,-,AzzCark,-,713.9,-1.67,1008.24,0.0,98.11,0.56,18,0.0,1,0.0,17,0.0,0,0.0,5.56,0.0,2024-09-04,-,0,-
-,-,xSherylx,-,713.33,-0.9,1255.35,0.0,180.67,0.3,4,0.0,0,0.0,4,0.0,0,0.0,0.0,0.0,2021-11-15,-,0,-
-,-,Meetsay,-,713.24,-1.73,996.61,0.0,94.46,0.58,25,0.0,2,0.0,21,0.0,2,0.0,8.0,0.0,2024-03-12,-,0,-
-,-,joefling34,-,712.95,-0.86,1281.03,0.0,189.36,0.29,4,0.0,0,0.0,4,0.0,0,0.0,0.0,0.0,2021-11-15,-,0,-
-,-,shanwh,-,712.63,-1.21,1118.49,0.0,135.28,0.4,12,0.0,0,0.0,12,0.0,0,0.0,0.0,0.0,2020-08-08,-,0,-
-,-,DanKamu,-,712.62,-1.14,1142.97,0.0,143.45,0.38,12,0.0,2,0.0,10,0.0,0,0.0,16.67,0.0,2018-09-02,-,0,-
-,-,Danilo0h,-,712.02,-1.09,1162.86,0.0,150.28,0.36,6,0.0,0,0.0,6,0.0,0,0.0,0.0,0.0,2024-11-10,-,0,1287.0
-,-,neomore,-,710.89,-1.66,1005.94,0.0,98.35,0.55,18,0.0,0,0.0,18,0.0,0,0.0,0.0,0.0,2021-09-05,-,0,-
-,-,ducos,-,709.71,-1.29,1088.67,0.0,126.32,0.43,18,0.0,0,0.0,16,0.0,2,0.0,0.0,0.0,2020-06-28,-,0,-
-,-,dralbright,-,709.71,-1.29,1088.67,0.0,126.32,0.43,18,0.0,1,0.0,17,0.0,0,0.0,5.56,0.0,2020-06-28,-,0,-
-,-,bbpiszczu,-,706.26,-0.99,1199.44,0.0,164.39,0.33,6,0.0,2,0.0,4,0.0,0,0.0,33.33,0.0,2025-09-01,-,0,-
-,-,apricot,-,706.08,-1.65,1003.81,0.0,99.24,0.55,18,0.0,0,0.0,14,0.0,4,0.0,0.0,0.0,2022-09-04,-,0,-
-,-,picoro-kun,-,706.0,-1.27,1092.69,0.0,128.9,0.42,12,0.0,2,0.0,10,0.0,0,0.0,16.67,0.0,2020-11-24,-,0,-
-,-,Galaxy_Rhino,-,705.75,-1.33,1073.62,0.0,122.62,0.44,15,0.0,2,0.0,13,0.0,0,0.0,13.33,0.0,2024-01-16,-,0,-
-,-,KingCarlos,-,705.04,-1.92,960.22,0.0,85.06,0.64,36,0.0,5,0.0,31,0.0,0,0.0,13.89,0.0,2022-09-04,-,0,-
-,-,BoMa85,-,704.66,-1.08,1156.53,0.0,150.62,0.36,6,0.0,0,0.0,6,0.0,0,0.0,0.0,0.0,2024-01-16,-,0,-
-,-,rmrfusr,-,703.65,-0.84,1284.02,0.0,193.45,0.28,4,0.0,1,0.0,3,0.0,0,0.0,25.0,0.0,2021-11-15,-,0,-
-,-,TwoJay,-,703.64,-1.36,1064.08,0.0,120.15,0.45,18,0.0,1,0.0,17,0.0,0,0.0,5.56,0.0,2020-06-28,-,0,-
-,-,nihao,-,703.5,-1.66,998.9,0.0,98.47,0.55,18,0.0,0,0.0,18,0.0,0,0.0,0.0,0.0,2021-12-05,-,0,-
-,-,DukeofCarniola,-,699.76,-1.15,1124.89,0.0,141.71,0.38,6,0.0,0,0.0,6,0.0,0,0.0,0.0,0.0,2024-11-11,-,0,1287.0
-,-,greatestdecade,-,699.49,-1.76,978.41,0.0,92.97,0.59,18,0.0,0,0.0,18,0.0,0,0.0,0.0,0.0,2023-12-03,-,0,-
1493,-58,SnoopyC4,-,699.48,-1.0,1188.09,0.0,162.87,0.33,6,0.0,0,0.0,6,0.0,0,0.0,0.0,0.0,2025-12-01,-,0,-
1494,-57,deleted_user_5614334,-,696.85,-1.02,1178.85,0.0,160.67,0.34,6,0.0,0,0.0,6,0.0,0,0.0,0.0,0.0,2025-12-01,-,0,-
-,-,Rikitiki,-,696.09,-1.13,1129.68,0.0,144.53,0.38,6,0.0,0,0.0,6,0.0,0,0.0,0.0,0.0,2024-11-24,-,0,1287.0
-,-,xiaxud,-,695.09,-0.84,1277.6,0.0,194.17,0.28,4,0.0,1,0.0,3,0.0,0,0.0,25.0,0.0,2021-11-15,-,0,-
-,-,MarioG1,-,694.21,-0.92,1225.92,0.0,177.24,0.31,3,0.0,0,0.0,3,0.0,0,0.0,0.0,0.0,2024-04-14,-,0,-
1495,-57,HolyOne,-,693.44,-1.63,994.53,0.0,100.36,0.54,24,0.0,0,0.0,24,0.0,0,0.0,0.0,0.0,2025-12-05,-,0,1287.0
-,-,Qrzy,-,692.12,-0.76,1332.47,0.0,213.45,0.25,4,0.0,1,0.0,3,0.0,0,0.0,25.0,0.0,2021-11-15,-,0,-
-,-,FOX23,-,691.36,-1.71,980.07,0.0,96.24,0.57,48,0.0,3,0.0,39,0.0,6,0.0,6.25,0.0,2025-02-28,-,0,1421.0
-,-,BengtBapper,-,688.55,-1.64,987.11,0.0,99.52,0.55,18,0.0,0,0.0,18,0.0,0,0.0,0.0,0.0,2021-09-05,-,0,-
-,-,qkpbksdm,-,686.38,-1.0,1177.83,0.0,163.82,0.33,5,0.0,0,0.0,5,0.0,0,0.0,0.0,0.0,2024-02-11,-,0,-
-,-,matrozrabbi,-,685.13,-1.48,1016.19,0.0,110.35,0.49,30,0.0,0,0.0,30,0.0,0,0.0,0.0,0.0,2017-11-17,-,0,-
-,-,dub,-,684.6,-1.36,1045.15,0.0,120.18,0.45,18,0.0,1,0.0,17,0.0,0,0.0,5.56,0.0,2018-10-14,-,0,-
-,-,Oanti,-,684.0,-1.29,1062.97,0.0,126.32,0.43,18,0.0,0,0.0,17,0.0,1,0.0,0.0,0.0,2020-06-28,-,0,-
-,-,amaze,-,683.99,-1.77,961.92,0.0,92.64,0.59,24,0.0,4,0.0,17,0.0,3,0.0,16.67,0.0,2025-02-28,-,0,1435.0
-,-,Tarasboula,-,683.27,-0.9,1226.74,0.0,181.16,0.3,4,0.0,0,0.0,4,0.0,0,0.0,0.0,0.0,2021-11-15,-,0,-
1496,-57,chronos011,-,683.1,-1.18,1097.64,0.0,138.18,0.39,6,0.0,0,0.0,6,0.0,0,0.0,0.0,0.0,2025-12-01,-,0,-
-,-,issv,-,682.61,-1.64,982.2,0.0,99.86,0.55,18,0.0,0,0.0,17,0.0,1,0.0,0.0,0.0,2024-03-03,-,0,-
-,-,Loira,-,681.39,-0.87,1242.12,0.0,186.91,0.29,4,0.0,0,0.0,4,0.0,0,0.0,0.0,0.0,2021-11-15,-,0,-
-,-,Monacomat,-,680.02,-0.75,1332.47,0.0,217.48,0.25,4,0.0,1,0.0,3,0.0,0,0.0,25.0,0.0,2017-11-12,-,0,-
-,-,SimonLaycock,-,678.96,-0.65,1432.67,0.0,251.24,0.22,2,0.0,1,0.0,1,0.0,0,0.0,50.0,0.0,2025-01-04,-,0,-
-,-,Igor_TheGreatest,-,678.37,-1.63,979.04,0.0,100.22,0.54,18,0.0,0,0.0,17,0.0,1,0.0,0.0,0.0,2022-06-05,-,0,-
-,-,Esqarrouth,-,677.96,-1.13,1109.96,0.0,144.0,0.38,6,0.0,0,0.0,6,0.0,0,0.0,0.0,0.0,2024-05-15,-,0,-
-,-,Weasel69,-,676.94,-1.36,1036.45,0.0,119.84,0.45,12,0.0,0,0.0,10,0.0,2,0.0,0.0,0.0,2022-11-30,-,0,-
-,-,Lahila,-,676.77,-1.69,967.82,0.0,97.02,0.56,36,0.0,2,0.0,33,0.0,1,0.0,5.56,0.0,2021-11-23,-,0,-
-,-,xiangyi,-,674.8,-0.83,1266.33,0.0,197.18,0.28,4,0.0,1,0.0,2,0.0,1,0.0,25.0,0.0,2021-11-15,-,0,-
-,-,MrCl0ud,-,673.28,-0.86,1239.33,0.0,188.68,0.29,4,0.0,0,0.0,4,0.0,0,0.0,0.0,0.0,2021-11-15,-,0,-
-,-,WWG1WGA,-,673.27,-1.06,1135.61,0.0,154.11,0.35,12,0.0,4,0.0,8,0.0,0,0.0,33.33,0.0,2020-08-09,-,0,-
-,-,DEATH,-,672.03,-0.85,1246.67,0.0,191.55,0.28,6,0.0,1,0.0,5,0.0,0,0.0,16.67,0.0,2017-10-27,-,0,-
-,-,jarosz,-,671.87,-0.92,1205.66,0.0,177.93,0.31,4,0.0,0,0.0,4,0.0,0,0.0,0.0,0.0,2021-11-15,-,0,-
-,-,czosy,-,669.26,-0.84,1248.66,0.0,193.14,0.28,4,0.0,1,0.0,3,0.0,0,0.0,25.0,0.0,2021-11-15,-,0,-
-,-,Rwhite88,-,667.82,-1.39,1020.85,0.0,117.68,0.46,18,0.0,1,0.0,16,0.0,1,0.0,5.56,0.0,2019-12-30,-,0,-
1497,-57,Gandalf86,-,667.42,-1.02,1147.45,0.0,160.01,0.34,6,0.0,0,0.0,6,0.0,0,0.0,0.0,0.0,2025-12-01,-,0,-
-,-,Sucaaaa,-,665.87,-0.86,1237.7,0.0,190.61,0.29,4,0.0,0,0.0,4,0.0,0,0.0,0.0,0.0,2021-11-15,-,0,-
-,-,withmuzic,-,665.31,-0.91,1200.37,0.0,178.36,0.3,6,0.0,1,0.0,5,0.0,0,0.0,16.67,0.0,2018-12-17,-,0,-
-,-,C4nt3r,-,665.22,-1.56,979.46,0.0,104.75,0.52,18,0.0,0,0.0,18,0.0,0,0.0,0.0,0.0,2020-12-06,-,0,-
-,-,sps,-,664.67,-1.2,1074.09,0.0,136.47,0.4,7,0.0,0,0.0,7,0.0,0,0.0,0.0,0.0,2025-02-13,-,0,1435.0
-,-,dchampoy,-,664.47,-1.57,977.3,0.0,104.28,0.52,18,0.0,0,0.0,18,0.0,0,0.0,0.0,0.0,2020-12-06,-,0,-
-,-,FLIIIPER,-,663.09,-1.25,1054.08,0.0,130.33,0.42,18,0.0,3,0.0,15,0.0,0,0.0,16.67,0.0,2020-06-28,-,0,-
-,-,pidzi,-,662.69,-1.57,974.0,0.0,103.77,0.52,18,0.0,0,0.0,18,0.0,0,0.0,0.0,0.0,2022-06-05,-,0,-
-,-,Fair_Kate,-,661.9,-1.46,997.25,0.0,111.78,0.49,12,0.0,0,0.0,11,0.0,1,0.0,0.0,0.0,2023-08-31,-,0,-
-,-,rachpablo182,-,661.67,-1.3,1039.5,0.0,125.95,0.43,12,0.0,1,0.0,11,0.0,0,0.0,8.33,0.0,2024-12-06,-,0,1287.0
1498,-57,UgoNuma,-,659.32,-1.39,1010.74,0.0,117.14,0.46,15,0.0,0,0.0,15,0.0,0,0.0,0.0,0.0,2025-12-08,-,0,-
-,-,Juangiraldo11,-,658.31,-0.83,1246.59,0.0,196.09,0.28,4,0.0,0,0.0,3,0.0,1,0.0,0.0,0.0,2021-11-15,-,0,-
-,-,Cholismo89,-,658.3,-1.63,959.17,0.0,100.29,0.54,30,0.0,0,0.0,27,0.0,3,0.0,0.0,0.0,2021-03-02,-,0,-
-,-,Sharky22,-,657.59,-0.84,1239.47,0.0,193.96,0.28,4,0.0,0,0.0,4,0.0,0,0.0,0.0,0.0,2021-11-15,-,0,-
-,-,suburbius,-,650.12,-1.84,917.24,0.0,89.04,0.61,60,0.0,4,0.0,56,0.0,0,0.0,6.67,0.0,2020-12-06,-,0,-
-,-,Crazybrandon,-,644.8,-1.6,950.67,0.0,101.96,0.53,18,0.0,0,0.0,17,0.0,1,0.0,0.0,0.0,2023-02-05,-,0,-
-,-,Deect,-,644.68,-1.64,943.98,0.0,99.77,0.55,18,0.0,0,0.0,17,0.0,1,0.0,0.0,0.0,2022-03-06,-,0,-
-,-,Srbak,-,644.21,-0.99,1137.67,0.0,164.48,0.33,6,0.0,0,0.0,6,0.0,0,0.0,0.0,0.0,2024-01-16,-,0,-
-,-,Pietro,-,641.72,-1.45,978.33,0.0,112.2,0.48,29,0.0,2,0.0,26,0.0,1,0.0,6.9,0.0,2023-05-14,-,0,1388.0
-,-,Orissai,-,640.55,-1.13,1072.4,0.0,143.95,0.38,6,0.0,0,0.0,6,0.0,0,0.0,0.0,0.0,2024-11-19,-,0,1287.0
-,-,tigeralleycat,-,637.98,-1.49,967.54,0.0,109.85,0.5,18,0.0,3,0.0,15,0.0,0,0.0,16.67,0.0,2020-12-06,-,0,-
-,-,zakalwe,-,636.05,-0.85,1214.06,0.0,192.67,0.28,4,0.0,0,0.0,4,0.0,0,0.0,0.0,0.0,2021-11-15,-,0,-
-,-,Goatonhillside,-,633.53,-1.14,1064.22,0.0,143.56,0.38,6,0.0,0,0.0,6,0.0,0,0.0,0.0,0.0,2024-11-17,-,0,1287.0
-,-,Terrill,-,633.38,-0.82,1232.75,0.0,199.79,0.27,4,0.0,0,0.0,4,0.0,0,0.0,0.0,0.0,2021-11-15,-,0,-
-,-,Fleron,-,630.64,-1.17,1050.27,0.0,139.88,0.39,12,0.0,2,0.0,10,0.0,0,0.0,16.67,0.0,2020-11-27,-,0,-
1499,-57,Oluwatobi,-,628.41,-1.22,1030.67,0.0,134.09,0.41,7,0.0,0,0.0,7,0.0,0,0.0,0.0,0.0,2026-02-15,-,0,-
-,-,Zeider,-,626.63,-0.85,1204.76,0.0,192.71,0.28,6,0.0,1,0.0,5,0.0,0,0.0,16.67,0.0,2018-02-18,-,0,-
-,-,Simnel,-,626.33,-1.04,1096.78,0.0,156.82,0.35,6,0.0,0,0.0,6,0.0,0,0.0,0.0,0.0,2024-01-16,-,0,-
-,-,diverhawks,-,625.96,-1.59,935.0,0.0,103.01,0.53,18,0.0,0,0.0,18,0.0,0,0.0,0.0,0.0,2021-09-05,-,0,-
-,-,jadeuk,-,621.71,-1.55,938.22,0.0,105.51,0.52,18,0.0,0,0.0,17,0.0,1,0.0,0.0,0.0,2021-06-02,-,0,-
-,-,Willoo,-,621.67,-0.87,1180.86,0.0,186.4,0.29,4,0.0,0,0.0,4,0.0,0,0.0,0.0,0.0,2021-11-15,-,0,-
1500,-43,Teadiddy14,-,620.99,270.32,907.25,-183.73,95.42,-151.35,28,26.0,0,0.0,27,25.0,1,1.0,0.0,0.0,2026-07-17,-,0,-
-,-,FatherMatthew,-,620.89,-0.85,1193.21,0.0,190.77,0.28,4,0.0,0,0.0,4,0.0,0,0.0,0.0,0.0,2021-11-15,-,0,-
-,-,red,-,618.76,-1.21,1023.53,0.0,134.92,0.4,8,0.0,0,0.0,8,0.0,0,0.0,0.0,0.0,2025-01-17,-,0,-
-,-,Mysticum,-,616.43,-0.87,1176.01,0.0,186.52,0.29,4,0.0,0,0.0,4,0.0,0,0.0,0.0,0.0,2021-11-15,-,0,-
1501,-58,uhujb,-,614.76,-1.62,916.8,0.0,100.68,0.54,20,0.0,0,0.0,18,0.0,2,0.0,0.0,0.0,2025-10-11,-,0,-
-,-,Bethesda,-,614.4,-1.45,952.51,0.0,112.7,0.48,18,0.0,0,0.0,15,0.0,3,0.0,0.0,0.0,2021-06-02,-,0,-
-,-,Mscislaw,-,611.99,-1.25,1002.99,0.0,130.33,0.42,18,0.0,2,0.0,15,0.0,1,0.0,11.11,0.0,2020-06-28,-,0,-
-,-,leellz,-,611.34,-0.88,1166.98,0.0,185.21,0.29,4,0.0,0,0.0,4,0.0,0,0.0,0.0,0.0,2021-11-15,-,0,-
-,-,Marcin85,-,608.57,-0.81,1215.34,0.0,202.26,0.27,4,0.0,1,0.0,3,0.0,0,0.0,25.0,0.0,2021-11-15,-,0,-
-,-,Jenny909,-,607.32,-1.32,977.13,0.0,123.27,0.44,12,0.0,0,0.0,12,0.0,0,0.0,0.0,0.0,2022-02-25,-,0,-
-,-,ShepherdOfSheep,-,607.2,-1.25,997.73,0.0,130.18,0.42,12,0.0,0,0.0,12,0.0,0,0.0,0.0,0.0,2020-11-16,-,0,-
-,-,ppatrickme9,-,605.74,-1.55,922.62,0.0,105.63,0.52,18,0.0,3,0.0,15,0.0,0,0.0,16.67,0.0,2022-09-04,-,0,-
-,-,8469282,-,605.68,-1.03,1082.37,0.0,158.9,0.34,6,0.0,0,0.0,4,0.0,2,0.0,0.0,0.0,2025-08-31,-,0,-
-,-,H4Y3K,-,605.3,-1.88,866.05,0.0,86.92,0.63,55,0.0,1,0.0,54,0.0,0,0.0,1.82,0.0,2024-01-16,-,0,-
-,-,Marcin82,-,604.74,-1.18,1020.39,0.0,138.55,0.39,12,0.0,0,0.0,12,0.0,0,0.0,0.0,0.0,2020-08-05,-,0,-
-,-,gm416684729,-,604.02,-0.85,1177.18,0.0,191.05,0.28,4,0.0,0,0.0,4,0.0,0,0.0,0.0,0.0,2021-11-15,-,0,-
-,-,Potti,-,603.25,-1.58,913.02,0.0,103.26,0.53,18,0.0,0,0.0,15,0.0,3,0.0,0.0,0.0,2021-12-05,-,0,-
-,-,ching_chong,-,602.53,-1.38,957.22,0.0,118.23,0.46,14,0.0,0,0.0,13,0.0,1,0.0,0.0,0.0,2024-02-17,-,0,-
-,-,amsuska,-,598.87,-0.8,1213.8,0.0,204.98,0.27,4,0.0,0,0.0,4,0.0,0,0.0,0.0,0.0,2021-11-15,-,0,-
-,-,saet1a,-,598.04,-1.31,971.96,0.0,124.64,0.44,15,0.0,1,0.0,14,0.0,0,0.0,6.67,0.0,2024-01-16,-,0,-
-,-,WhiteKnight1987,-,594.59,-1.62,896.85,0.0,100.75,0.54,18,0.0,0,0.0,18,0.0,0,0.0,0.0,0.0,2022-03-06,-,0,-
-,-,Levente1989,-,594.57,-1.11,1037.07,0.0,147.5,0.37,6,0.0,0,0.0,6,0.0,0,0.0,0.0,0.0,2024-11-15,-,0,1287.0
-,-,Gontz,-,592.89,-1.22,995.72,0.0,134.28,0.41,12,0.0,0,0.0,12,0.0,0,0.0,0.0,0.0,2020-11-19,-,0,-
-,-,godpepper,-,590.55,-0.89,1139.52,0.0,182.99,0.3,4,0.0,0,0.0,4,0.0,0,0.0,0.0,0.0,2021-11-15,-,0,-
-,-,DeNu,-,589.77,-1.39,941.66,0.0,117.29,0.46,12,0.0,0,0.0,12,0.0,0,0.0,0.0,0.0,2022-05-26,-,0,-
-,-,Nemo233,-,585.18,-1.49,914.23,0.0,109.68,0.5,18,0.0,2,0.0,16,0.0,0,0.0,11.11,0.0,2020-12-06,-,0,-
-,-,Nagas,-,584.52,-0.9,1127.9,0.0,181.13,0.3,4,0.0,0,0.0,4,0.0,0,0.0,0.0,0.0,2021-11-15,-,0,-
-,-,9275835,-,583.53,-1.2,993.05,0.0,136.51,0.4,8,0.0,0,0.0,7,0.0,1,0.0,0.0,0.0,2024-12-31,-,0,-
-,-,Reif,-,580.19,-1.47,914.23,0.0,111.34,0.49,18,0.0,0,0.0,18,0.0,0,0.0,0.0,0.0,2020-09-27,-,0,-
-,-,beeri,-,574.91,-1.59,883.34,0.0,102.81,0.53,20,0.0,0,0.0,20,0.0,0,0.0,0.0,0.0,2023-03-05,-,0,-
-,-,Xevi,-,573.06,-1.49,901.95,0.0,109.63,0.5,18,0.0,0,0.0,16,0.0,2,0.0,0.0,0.0,2020-12-06,-,0,-
-,-,Eroticus,-,572.66,-1.46,909.46,0.0,112.26,0.49,36,0.0,0,0.0,36,0.0,0,0.0,0.0,0.0,2018-10-14,-,0,-
-,-,gh1,-,572.6,-1.51,898.09,0.0,108.5,0.5,18,0.0,0,0.0,18,0.0,0,0.0,0.0,0.0,2021-06-02,-,0,-
-,-,mladodoc,-,572.22,-1.34,939.22,0.0,122.33,0.45,15,0.0,2,0.0,13,0.0,0,0.0,13.33,0.0,2024-01-16,-,0,-
-,-,Felis33,-,570.56,-0.96,1083.3,0.0,170.91,0.32,6,0.0,1,0.0,5,0.0,0,0.0,16.67,0.0,2023-04-16,-,0,-
-,-,SeThLaY,-,569.7,-0.89,1120.01,0.0,183.43,0.3,6,0.0,0,0.0,6,0.0,0,0.0,0.0,0.0,2024-11-28,-,0,1287.0
-,-,MasterToT,-,567.4,-0.78,1197.97,0.0,210.19,0.26,2,0.0,0,0.0,2,0.0,0,0.0,0.0,0.0,2023-05-14,-,0,-
-,-,Slavik2,-,567.0,-1.41,914.58,0.0,115.86,0.47,12,0.0,0,0.0,12,0.0,0,0.0,0.0,0.0,2023-11-22,-,0,-
-,-,joejones,-,563.5,-0.97,1070.58,0.0,169.03,0.32,6,0.0,0,0.0,6,0.0,0,0.0,0.0,0.0,2024-01-16,-,0,-
-,-,dogrockbeeboy,-,563.11,-0.97,1067.51,0.0,168.13,0.32,8,0.0,0,0.0,6,0.0,2,0.0,0.0,0.0,2024-01-16,-,0,-
-,-,skwaeron,-,562.33,-1.4,911.71,0.0,116.46,0.47,18,0.0,0,0.0,18,0.0,0,0.0,0.0,0.0,2019-12-30,-,0,-
1502,-58,ukrseaman,-,559.81,-1.83,827.78,0.0,89.32,0.61,38,0.0,0,0.0,38,0.0,0,0.0,0.0,0.0,2026-01-06,-,0,-
-,-,Ssimpson,-,559.74,-1.44,899.03,0.0,113.1,0.48,18,0.0,0,0.0,18,0.0,0,0.0,0.0,0.0,2020-09-27,-,0,-
-,-,onion777,-,557.86,-0.71,1243.14,0.0,228.43,0.24,3,0.0,0,0.0,3,0.0,0,0.0,0.0,0.0,2025-08-11,-,0,-
-,-,busti,BE,550.88,-40.7,1450.73,0.0,299.95,13.57,225,0.0,149,0.0,76,0.0,0,0.0,66.22,0.0,2023-11-17,-,0,-
-,-,Utah7,-,550.58,-0.78,1178.36,0.0,209.26,0.26,3,0.0,0,0.0,3,0.0,0,0.0,0.0,0.0,2024-11-19,-,0,-
-,-,Dantes2180,-,547.74,-0.88,1102.84,0.0,185.03,0.29,6,0.0,0,0.0,4,0.0,2,0.0,0.0,0.0,2024-01-16,-,0,-
-,-,deleted_user_4359608,-,547.65,-1.26,937.81,0.0,130.05,0.42,12,0.0,0,0.0,11,0.0,1,0.0,0.0,0.0,2024-03-17,-,0,-
-,-,Jeff_Ffej,-,543.33,-1.33,911.24,0.0,122.64,0.44,15,0.0,0,0.0,15,0.0,0,0.0,0.0,0.0,2024-01-16,-,0,-
-,-,boheg,-,541.26,-1.37,898.78,0.0,119.17,0.46,11,0.0,0,0.0,11,0.0,0,0.0,0.0,0.0,2024-10-31,-,0,-
-,-,Calineczkaeu,-,539.61,-1.08,994.68,0.0,151.69,0.36,6,0.0,0,0.0,6,0.0,0,0.0,0.0,0.0,2024-11-15,-,0,1287.0
-,-,thedayne,-,534.92,-1.68,827.59,0.0,97.56,0.56,43,0.0,0,0.0,43,0.0,0,0.0,0.0,0.0,2023-01-15,-,0,-
-,-,number1boy,-,533.54,-0.84,1112.95,0.0,193.14,0.28,4,0.0,0,0.0,4,0.0,0,0.0,0.0,0.0,2021-11-15,-,0,-
-,-,RoOlf,-,533.0,-0.83,1124.54,0.0,197.18,0.28,4,0.0,0,0.0,3,0.0,1,0.0,0.0,0.0,2021-11-15,-,0,-
-,-,ManOfSorrows,-,532.14,-0.84,1118.06,0.0,195.31,0.28,4,0.0,0,0.0,4,0.0,0,0.0,0.0,0.0,2021-11-15,-,0,-
1503,-58,denatale,-,530.43,-0.96,1038.59,0.0,169.39,0.32,6,0.0,0,0.0,4,0.0,2,0.0,0.0,0.0,2025-12-01,-,0,-
-,-,or0b0to,-,525.21,-1.28,908.79,0.0,127.86,0.43,15,0.0,1,0.0,14,0.0,0,0.0,6.67,0.0,2024-01-16,-,0,-
-,-,RobinBanks,-,524.66,-1.35,888.58,0.0,121.31,0.45,24,0.0,1,0.0,23,0.0,0,0.0,4.17,0.0,2021-05-26,-,0,-
-,-,Gina72,-,524.59,-0.76,1164.94,0.0,213.45,0.25,4,0.0,0,0.0,4,0.0,0,0.0,0.0,0.0,2021-11-15,-,0,-
-,-,OfficerJoe,-,519.41,-0.84,1103.15,0.0,194.58,0.28,4,0.0,0,0.0,4,0.0,0,0.0,0.0,0.0,2021-11-15,-,0,-
1504,new,fengmufeng,-,517.17,67.17,1200.37,-299.63,227.74,227.74,3,3.0,0,0.0,3,3.0,0,0.0,0.0,0.0,2026-07-25,-,0,-
-,-,lauch,DE,513.83,-0.99,1009.2,0.0,165.12,0.33,6,0.0,0,0.0,5,0.0,1,0.0,0.0,0.0,2024-01-16,-,0,-
-,-,cvxmsdup,-,511.29,-0.73,1180.4,0.0,223.04,0.24,2,0.0,0,0.0,2,0.0,0,0.0,0.0,0.0,2023-07-15,-,0,-
1505,-59,EnrySally,-,510.3,-0.97,1015.6,0.0,168.43,0.32,6,0.0,0,0.0,6,0.0,0,0.0,0.0,0.0,2025-12-01,-,0,-
-,-,deleted_user_9720913,-,509.97,-1.4,860.02,0.0,116.68,0.47,12,0.0,0,0.0,12,0.0,0,0.0,0.0,0.0,2024-05-27,-,0,-
-,-,shuihan,-,509.17,-1.37,865.63,0.0,118.82,0.46,18,0.0,0,0.0,18,0.0,0,0.0,0.0,0.0,2020-09-27,-,0,-
-,-,DustInMadness,-,508.63,-0.71,1200.37,0.0,230.58,0.24,3,0.0,0,0.0,3,0.0,0,0.0,0.0,0.0,2023-07-15,-,0,-
-,-,xbusti,-,505.72,-0.81,1113.13,0.0,202.47,0.27,4,0.0,0,0.0,4,0.0,0,0.0,0.0,0.0,2021-11-15,-,0,-
-,-,vrhpires,-,504.12,-1.35,867.94,0.0,121.27,0.45,18,0.0,0,0.0,18,0.0,0,0.0,0.0,0.0,2020-09-27,-,0,-
-,-,Imperator,-,503.17,-0.99,996.37,0.0,164.4,0.33,5,0.0,0,0.0,5,0.0,0,0.0,0.0,0.0,2025-02-01,-,0,-
-,-,Starflower,-,501.22,-1.25,892.23,0.0,130.34,0.42,18,0.0,0,0.0,17,0.0,1,0.0,0.0,0.0,2020-06-28,-,0,-
-,-,GuilleNCP,-,495.38,-0.77,1132.85,0.0,212.49,0.26,4,0.0,2,0.0,2,0.0,0,0.0,50.0,0.0,2023-04-16,-,0,-
-,-,Rouming,RU,494.12,-1.0,983.73,0.0,163.2,0.33,6,0.0,0,0.0,6,0.0,0,0.0,0.0,0.0,2024-01-16,-,0,-
1506,-59,luoxiaobai,-,492.4,-1.0,980.71,0.0,162.77,0.33,6,0.0,0,0.0,5,0.0,1,0.0,0.0,0.0,2025-12-01,-,0,-
1507,-58,D.C.A,-,491.23,-0.65,1247.43,0.0,252.07,0.22,2,0.0,0,0.0,1,0.0,1,0.0,0.0,0.0,2025-10-10,-,0,-
1508,-58,bodyontheocean,-,491.18,-0.64,1252.68,0.0,253.83,0.21,2,0.0,0,0.0,2,0.0,0,0.0,0.0,0.0,2026-02-05,-,0,-
-,-,Kaaz,-,476.27,-1.54,794.17,0.0,105.96,0.51,20,0.0,0,0.0,20,0.0,0,0.0,0.0,0.0,2023-03-05,-,0,-
-,-,Mercury777,-,471.22,-0.98,969.9,0.0,166.23,0.33,6,0.0,0,0.0,6,0.0,0,0.0,0.0,0.0,2024-01-16,-,0,-
1509,-58,Fr3nChi,-,468.0,-0.74,1131.93,0.0,221.31,0.25,2,0.0,0,0.0,2,0.0,0,0.0,0.0,0.0,2025-12-25,-,0,-
1510,-58,JVCSC,-,461.7,-1.35,825.2,0.0,121.17,0.45,24,0.0,0,0.0,24,0.0,0,0.0,0.0,0.0,2025-12-01,-,0,-
-,-,Patrickdsp7,-,460.1,-1.17,877.82,0.0,139.24,0.39,12,0.0,0,0.0,12,0.0,0,0.0,0.0,0.0,2020-11-22,-,0,-
-,-,Phlegm,-,451.74,-1.29,830.73,0.0,126.33,0.43,15,0.0,2,0.0,13,0.0,0,0.0,13.33,0.0,2024-01-16,-,0,-
-,-,deleted_user_7683175,-,448.39,-0.91,984.82,0.0,178.81,0.3,6,0.0,0,0.0,6,0.0,0,0.0,0.0,0.0,2024-01-16,-,0,-
1511,new,CaNaLLA,-,447.45,-2.55,997.2,-502.8,183.25,183.25,5,5.0,0,0.0,5,5.0,0,0.0,0.0,0.0,2026-08-04,-,0,-
-,-,Rahul,-,443.29,-1.17,860.65,0.0,139.12,0.39,12,0.0,1,0.0,11,0.0,0,0.0,8.33,0.0,2019-08-04,-,0,-
-,-,GameTroll,-,441.98,-0.99,938.78,0.0,165.6,0.33,6,0.0,0,0.0,6,0.0,0,0.0,0.0,0.0,2024-01-16,-,0,-
-,-,Lordsmile,-,434.22,-0.91,970.23,0.0,178.67,0.3,6,0.0,0,0.0,6,0.0,0,0.0,0.0,0.0,2024-01-16,-,0,-
-,-,King11,-,429.14,-1.68,720.57,0.0,97.15,0.56,94,0.0,0,0.0,89,0.0,5,0.0,0.0,0.0,2023-06-04,-,0,-
1512,-59,Benedonuss,-,427.86,-0.98,926.66,0.0,166.27,0.33,6,0.0,0,0.0,5,0.0,1,0.0,0.0,0.0,2026-05-09,-,0,-
-,-,Roms90,-,426.22,-1.44,766.89,0.0,113.56,0.48,18,0.0,0,0.0,15,0.0,3,0.0,0.0,0.0,2021-03-02,-,0,-
1513,-59,Szymon767,-,424.09,-1.42,769.02,0.0,114.98,0.47,26,0.0,1,0.0,23,0.0,2,0.0,3.85,0.0,2025-12-01,-,0,-
-,-,nuvolaz,-,421.8,-32.03,1094.62,0.0,224.28,10.68,371,0.0,158,0.0,212,0.0,1,0.0,42.59,0.0,2024-02-23,-,0,-
1514,-59,Spiderodra,-,411.23,-0.82,1005.35,0.0,198.04,0.27,3,0.0,0,0.0,3,0.0,0,0.0,0.0,0.0,2026-04-24,-,0,-
-,-,Small_sips,-,407.49,-0.9,950.25,0.0,180.92,0.3,6,0.0,0,0.0,6,0.0,0,0.0,0.0,0.0,2024-01-16,-,0,-
-,-,Top8,-,405.66,-0.64,1165.18,0.0,253.17,0.21,2,0.0,0,0.0,2,0.0,0,0.0,0.0,0.0,2024-09-22,-,0,-
-,-,Topalogy,-,375.2,-0.88,929.82,0.0,184.87,0.29,6,0.0,0,0.0,6,0.0,0,0.0,0.0,0.0,2024-01-16,-,0,-
1515,-59,Vincera,-,362.69,-0.66,1099.21,0.0,245.5,0.22,2,0.0,0,0.0,2,0.0,0,0.0,0.0,0.0,2026-05-18,-,0,-
-,-,Lobbakak,-,354.56,-1.41,701.99,0.0,115.81,0.47,18,0.0,0,0.0,18,0.0,0,0.0,0.0,0.0,2020-12-06,-,0,-
-,-,Juanitosssss,-,347.53,-1.06,809.88,0.0,154.12,0.35,12,0.0,0,0.0,12,0.0,0,0.0,0.0,0.0,2020-08-07,-,0,-
-,-,Mirefox,-,347.53,-1.06,809.88,0.0,154.12,0.35,12,0.0,0,0.0,12,0.0,0,0.0,0.0,0.0,2020-08-09,-,0,-
-,-,Dante870502,-,331.7,-0.68,1052.84,0.0,240.38,0.23,2,0.0,0,0.0,2,0.0,0,0.0,0.0,0.0,2023-03-05,-,0,-
-,-,Eysteinh,-,329.02,-1.23,725.89,0.0,132.29,0.41,12,0.0,0,0.0,12,0.0,0,0.0,0.0,0.0,2023-05-28,-,0,-
-,-,PengenCurry,-,316.5,-1.27,701.04,0.0,128.18,0.42,12,0.0,0,0.0,12,0.0,0,0.0,0.0,0.0,2023-11-24,-,0,-
1516,-58,altiSocke,-,307.42,-0.7,1005.87,0.0,232.82,0.23,2,0.0,0,0.0,2,0.0,0,0.0,0.0,0.0,2026-04-16,-,0,-
-,-,Storzo,-,294.63,-1.1,739.63,0.0,148.34,0.37,12,0.0,0,0.0,12,0.0,0,0.0,0.0,0.0,2019-11-10,-,0,-
1517,-58,GnoseR,-,248.47,-0.62,1033.15,0.0,261.56,0.21,2,0.0,0,0.0,2,0.0,0,0.0,0.0,0.0,2026-05-19,-,0,-
-,-,wapper,-,216.66,-1.07,676.59,0.0,153.31,0.36,12,0.0,0,0.0,11,0.0,1,0.0,0.0,0.0,2024-06-16,-,0,-
-,-,Turkuee,-,186.46,-0.67,924.62,0.0,246.06,0.22,4,0.0,1,0.0,3,0.0,0,0.0,25.0,0.0,2023-10-05,-,0,-
-,-,TheExiledPrince,-,182.44,-1.21,585.91,0.0,134.49,0.4,24,0.0,0,0.0,24,0.0,0,0.0,0.0,0.0,2021-05-26,-,0,-
-,-,Atheas,-,91.88,-0.64,860.9,0.0,256.34,0.21,2,0.0,0,0.0,2,0.0,0,0.0,0.0,0.0,2024-12-07,-,0,-
