Rank,Rank Δ,Player,Code,C Rating,C Rating Δ,Rating,Rating Δ,RD,RD Δ,Opps,Opps Δ,Ws,Ws Δ,Ls,Ls Δ,Ds,Ds Δ,W%,W% Δ,Last Played,Title,Title Count,Leaderboard Rank
1,0,Weidenbaum,DE,1943.18,8.92,2061.12,4.78,39.31,-1.38,160,13.0,120,10.0,40,3.0,0,0.0,75.0,0.17,2026-08-29,GM,27,10.0
2,0,Martin_Pecheur,FR,1927.77,-6.4,2034.65,-8.93,35.63,-0.84,201,13.0,142,7.0,57,6.0,2,0.0,70.65,-1.16,2026-08-28,GM,15,1.0
3,1,SandHippo,CN,1922.45,23.93,2103.86,13.2,60.47,-3.58,55,6.0,41,5.0,14,1.0,0,0.0,74.55,1.08,2026-08-29,-,0,238.0
4,4,DANeo,DE,1911.32,31.07,2026.24,26.19,38.31,-1.62,143,13.0,101,11.0,41,2.0,1,0.0,70.63,1.4,2026-08-31,GM,3,7.0
-,-,Ender_Wiggin,CN,1910.44,-1.94,2164.23,0.0,84.6,0.65,30,0.0,26,0.0,3,0.0,1,0.0,86.67,0.0,2022-07-01,-,0,-
5,-2,saru,CN,1910.15,-3.73,2011.59,-3.13,33.81,0.2,247,10.0,181,6.0,64,4.0,2,0.0,73.28,-0.56,2026-08-19,M,3,4.0
6,0,pv4,BE,1897.44,13.01,2008.22,11.12,36.92,-0.63,150,12.0,97,10.0,48,2.0,5,0.0,64.67,1.63,2026-08-26,GM,14,3.0
7,-2,yaop,CN,1889.17,-8.78,2021.56,-15.24,44.13,-2.15,96,10.0,76,5.0,20,5.0,0,0.0,79.17,-3.39,2026-08-08,G,1,28.0
-,-,vanishadow,CN,1887.49,-2.56,2080.28,0.0,64.26,0.85,51,0.0,36,0.0,14,0.0,1,0.0,70.59,0.0,2025-02-10,-,0,88.0
8,-1,Grozz,RU,1870.56,-11.01,1982.55,-14.51,37.33,-1.17,142,12.0,101,5.0,40,7.0,1,0.0,71.13,-2.72,2026-08-26,M,1,6.0
-,-,Genghisip,UA,1867.49,-2.33,2077.91,0.0,70.14,0.78,51,0.0,40,0.0,7,0.0,4,0.0,78.43,0.0,2024-09-10,GM,9,27.0
9,0,Arne,DE,1862.09,13.92,1986.73,9.11,41.55,-1.6,99,10.0,67,7.0,32,3.0,0,0.0,67.68,0.26,2026-08-12,M,4,14.0
-,-,GZ95,CN,1861.86,-2.15,2090.69,0.0,76.28,0.72,37,0.0,35,0.0,2,0.0,0,0.0,94.59,0.0,2024-08-11,-,0,1106.0
10,0,wolvs,UA,1849.08,9.46,1953.49,7.32,34.8,-0.71,221,13.0,152,8.0,68,5.0,1,0.0,68.78,-0.45,2026-08-20,GM,3,5.0
11,0,Vovka,UA,1840.93,6.87,1986.19,-3.4,48.42,-3.42,69,10.0,52,6.0,17,4.0,0,0.0,75.36,-2.61,2026-08-21,-,0,43.0
12,19,dellcan,-,1839.66,87.37,2040.66,62.95,67.0,-8.14,37,7.0,35,7.0,2,0.0,0,0.0,94.59,1.26,2026-08-17,-,0,852.0
-,-,Airren,US,1836.6,-1.79,2110.52,0.0,91.31,0.6,22,0.0,18,0.0,4,0.0,0,0.0,81.82,0.0,2024-08-11,GM,5,622.0
13,0,Eepogi,FI,1820.7,-3.89,1947.04,0.0,42.11,1.3,125,0.0,83,0.0,40,0.0,2,0.0,66.4,0.0,2026-01-10,GM,1,2.0
14,-2,FirstOfDao,CN,1820.54,-11.6,1919.92,-11.39,33.12,0.07,227,11.0,147,4.0,78,6.0,2,1.0,64.76,-1.44,2026-08-31,P,2,29.0
15,-1,Palino,SK,1819.15,-2.4,2024.38,0.0,68.41,0.8,46,0.0,37,0.0,9,0.0,0,0.0,80.43,0.0,2025-10-11,GM,5,77.0
16,-1,Plunderteig,CN,1814.07,-1.81,2084.43,0.0,90.12,0.6,21,0.0,19,0.0,2,0.0,0,0.0,90.48,0.0,2025-10-11,-,0,102.0
17,4,totsilence,DE,1813.29,24.53,1941.42,22.85,42.71,-0.56,145,6.0,97,6.0,46,0.0,2,0.0,66.9,1.43,2026-08-31,GM,2,9.0
-,-,megumi,CN,1806.95,-2.62,1994.61,0.0,62.55,0.87,48,0.0,33,0.0,15,0.0,0,0.0,68.75,0.0,2025-05-14,-,0,90.0
18,-1,ben0728,KR,1805.44,-0.42,1912.84,1.3,35.8,0.57,207,7.0,140,5.0,67,2.0,0,0.0,67.63,0.13,2026-08-12,-,0,19.0
19,1,pajada,CZ,1801.02,4.71,1925.42,6.24,41.46,0.51,132,3.0,91,2.0,41,1.0,0,0.0,68.94,-0.05,2026-07-07,GM,11,12.0
-,-,Himmelstosh,RU,1799.1,-2.38,2006.05,0.0,68.98,0.79,55,0.0,41,0.0,13,0.0,1,0.0,74.55,0.0,2024-07-15,GM,1,-
20,-2,Wawrzyniec,PL,1790.21,-9.33,1959.97,-20.54,56.59,-3.74,65,6.0,45,2.0,20,4.0,0,0.0,69.23,-3.65,2026-08-31,GM,8,94.0
21,9,Yookie,CN,1789.8,33.81,1931.82,27.65,47.34,-2.05,93,7.0,76,6.0,16,1.0,1,0.0,81.72,0.32,2026-08-08,-,0,201.0
22,-3,Dazzy,CN,1785.71,-12.44,1884.57,-10.62,32.96,0.61,243,7.0,147,2.0,94,5.0,2,0.0,60.49,-0.95,2026-08-11,M,2,20.0
23,-7,Majondor,AU,1782.67,-29.4,1913.23,-39.22,43.52,-3.28,87,13.0,54,4.0,33,9.0,0,0.0,62.07,-5.5,2026-08-30,GM,5,8.0
24,16,Eske,DK,1777.29,46.85,1928.21,41.1,50.31,-1.92,76,6.0,50,6.0,25,0.0,1,0.0,65.79,2.93,2026-08-28,GM,4,110.0
25,9,Jaracz,PL,1775.19,29.11,1912.44,26.16,45.75,-0.98,112,6.0,84,6.0,25,0.0,3,0.0,75.0,1.42,2026-08-31,P,6,258.0
26,-4,Wanderlust,CN,1775.15,-3.51,1918.52,0.0,47.79,1.17,85,0.0,59,0.0,26,0.0,0,0.0,69.41,0.0,2025-11-30,-,0,25.0
27,-2,Lcfyx,FR,1773.54,-3.8,1903.95,0.0,43.47,1.27,123,0.0,74,0.0,49,0.0,0,0.0,60.16,0.0,2025-11-10,M,5,16.0
-,-,Sugoi,CA,1773.06,-2.69,1957.14,0.0,61.36,0.9,66,0.0,48,0.0,18,0.0,0,0.0,72.73,0.0,2024-07-01,P,2,-
28,32,Pitor,NL,1772.1,79.38,1969.12,23.17,65.67,-18.74,38,13.0,28,9.0,10,4.0,0,0.0,73.68,-2.32,2026-08-20,-,0,-
29,0,Kolo,IT,1769.51,12.86,1930.21,-5.8,53.57,-6.22,57,10.0,37,5.0,20,5.0,0,0.0,64.91,-3.18,2026-08-15,M,2,607.0
30,-4,Brightfuture,RU,1767.21,-7.19,1884.26,-4.84,39.02,0.78,178,3.0,120,1.0,56,2.0,2,0.0,67.42,-0.58,2026-07-18,P,7,48.0
-,-,Weida,CN,1765.14,-2.02,2008.09,0.0,80.98,0.67,33,0.0,22,0.0,11,0.0,0,0.0,66.67,0.0,2022-07-01,-,0,-
31,-4,Gilgamesh2,NL,1765.09,-4.68,1892.13,-7.35,42.35,-0.89,92,7.0,55,2.0,37,5.0,0,0.0,59.78,-2.57,2026-08-08,G,2,32.0
-,-,pigfans,CN,1763.82,-1.71,2050.75,0.0,95.64,0.57,24,0.0,20,0.0,4,0.0,0,0.0,83.33,0.0,2022-05-26,-,0,1057.0
32,-4,Gutemetralla,FR,1761.26,-0.64,1868.31,-3.75,35.69,-1.04,173,13.0,100,7.0,71,6.0,2,0.0,57.8,-0.33,2026-08-31,-,0,24.0
33,12,kyshantry,US,1757.72,37.75,1948.21,19.33,63.5,-6.14,42,6.0,30,4.0,12,2.0,0,0.0,71.43,-0.79,2026-08-31,M,1,53.0
34,-10,Drikhen,EE,1751.76,-25.63,1921.37,-45.59,56.54,-6.65,58,10.0,43,4.0,14,6.0,1,0.0,74.14,-7.11,2026-08-18,-,0,226.0
35,-12,zoldaria,US,1748.73,-29.04,1932.06,-41.35,61.11,-4.11,43,6.0,30,2.0,13,4.0,0,0.0,69.77,-5.91,2026-08-31,-,0,288.0
36,-4,Oprah,DK,1748.16,-3.55,1886.69,0.0,46.18,1.18,101,0.0,68,0.0,33,0.0,0,0.0,67.33,0.0,2025-11-30,GM,2,60.0
37,22,a440,CA,1740.61,47.37,1906.31,38.7,55.23,-2.89,64,6.0,40,5.0,22,1.0,2,0.0,62.5,2.16,2026-08-31,-,0,26.0
38,-2,mwi,PL,1738.85,-1.74,1849.57,-3.52,36.91,-0.6,154,10.0,84,4.0,70,6.0,0,0.0,54.55,-1.01,2026-08-09,M,1,13.0
39,0,Dantes,US,1736.94,4.86,1857.07,-1.92,40.04,-2.26,106,13.0,61,6.0,43,7.0,2,0.0,57.55,-1.59,2026-08-31,P,1,36.0
40,new,Kroplasowy,-,1734.38,1284.38,2174.32,674.32,146.65,146.65,8,8.0,7,7.0,1,1.0,0,0.0,87.5,87.5,2026-08-31,-,0,-
41,2,holy834,CN,1733.78,12.85,1849.42,9.95,38.55,-0.97,122,10.0,81,6.0,39,4.0,2,0.0,66.39,-0.57,2026-08-10,-,0,146.0
42,6,DrRerNate,DE,1733.56,16.24,1933.97,8.43,66.8,-2.6,45,3.0,32,2.0,12,1.0,1,0.0,71.11,-0.32,2026-07-18,GM,4,142.0
-,-,e5582768,CN,1730.68,-2.73,1911.08,0.0,60.13,0.91,59,0.0,38,0.0,21,0.0,0,0.0,64.41,0.0,2025-08-21,-,0,238.0
-,-,mbbchess,US,1728.91,-2.2,1952.48,0.0,74.52,0.73,39,0.0,28,0.0,11,0.0,0,0.0,71.79,0.0,2025-05-14,P,2,398.0
43,-8,321letsjam,DE,1727.41,-16.79,1867.93,-17.14,46.84,-0.12,103,3.0,68,0.0,34,3.0,1,0.0,66.02,-1.98,2026-07-20,G,5,67.0
-,-,Sohoof,NL,1725.9,-2.95,1894.66,0.0,56.25,0.98,69,0.0,48,0.0,21,0.0,0,0.0,69.57,0.0,2025-08-15,-,0,218.0
-,-,littlesquirrel,CN,1725.07,-2.45,1926.09,0.0,67.01,0.82,41,0.0,33,0.0,8,0.0,0,0.0,80.49,0.0,2025-08-13,-,0,138.0
44,5,Allfather,US,1724.43,11.33,1849.69,8.75,41.75,-0.86,105,7.0,66,4.0,39,3.0,0,0.0,62.86,-0.41,2026-08-08,-,0,30.0
45,-8,Lander90,BE,1723.82,-11.46,1847.83,-19.74,41.34,-2.76,107,13.0,77,5.0,29,8.0,1,0.0,71.96,-4.64,2026-08-31,-,0,80.0
46,73,tianren4561367,-,1723.74,104.87,1911.19,54.34,62.48,-16.84,40,14.0,34,11.0,6,3.0,0,0.0,85.0,-3.46,2026-08-31,-,0,-
47,-1,Gandin,CH,1722.96,3.71,1846.3,5.31,41.11,0.53,108,3.0,65,2.0,43,1.0,0,0.0,60.19,0.19,2026-07-14,M,4,15.0
48,-15,Angor,RU,1721.74,-27.98,1875.9,-29.24,51.39,-0.42,81,3.0,48,0.0,33,3.0,0,0.0,59.26,-2.28,2026-07-14,GM,1,104.0
49,-11,Cogito3,US,1720.27,-12.01,1833.7,-16.58,37.81,-1.52,125,13.0,79,6.0,46,7.0,0,0.0,63.2,-1.98,2026-08-31,G,1,34.0
50,-9,CaesarSalah,US,1718.68,-10.78,1815.6,-9.69,32.31,0.36,262,10.0,149,3.0,112,7.0,1,0.0,56.87,-1.07,2026-08-16,P,15,21.0
51,-4,RestlessMe,US,1715.07,-3.26,1811.75,-1.29,32.23,0.65,247,8.0,134,2.0,111,5.0,2,1.0,54.25,-0.98,2026-08-31,P,5,34.0
52,-2,BelieveDream,-,1710.45,-2.56,1902.46,0.0,64.0,0.85,43,0.0,32,0.0,10,0.0,1,0.0,74.42,0.0,2025-11-10,-,0,130.0
53,-2,KarlThomas,NO,1709.32,-2.6,1899.35,0.0,63.34,0.87,51,0.0,34,0.0,15,0.0,2,0.0,66.67,0.0,2025-10-15,M,4,-
54,-10,Sylvain,FR,1709.24,-11.35,1833.6,-12.43,41.45,-0.36,128,6.0,76,2.0,52,4.0,0,0.0,59.38,-1.28,2026-08-31,M,2,38.0
-,-,Draculade,-,1708.59,-2.45,1909.44,0.0,66.95,0.82,54,0.0,39,0.0,15,0.0,0,0.0,72.22,0.0,2024-07-01,P,2,653.0
55,6,Malakesh,DE,1708.38,17.15,1843.27,10.17,44.96,-2.33,86,10.0,60,7.0,26,3.0,0,0.0,69.77,0.03,2026-08-10,-,0,298.0
56,-14,Praetorianer,DE,1707.57,-19.82,1803.5,-18.87,31.98,0.32,258,10.0,143,2.0,112,8.0,3,0.0,55.43,-1.42,2026-08-16,GM,1,33.0
57,28,IdkIdcIdgaf,UA,1705.32,48.63,1927.21,20.29,73.97,-9.44,41,6.0,31,4.0,9,1.0,1,1.0,75.61,-1.53,2026-08-31,G,2,398.0
-,-,St4nkk,PL,1704.76,-2.26,1922.43,0.0,72.55,0.75,39,0.0,27,0.0,12,0.0,0,0.0,69.23,0.0,2025-08-19,M,1,265.0
58,31,ERock37,CA,1703.57,53.48,1829.27,44.72,41.9,-2.92,100,13.0,67,11.0,33,2.0,0,0.0,67.0,2.63,2026-08-31,-,0,51.0
59,-6,Huettengaudi,DE,1703.27,-3.72,1836.65,0.0,44.46,1.24,97,0.0,62,0.0,35,0.0,0,0.0,63.92,0.0,2026-05-19,P,6,71.0
60,-8,DrSniken,NO,1699.8,-9.98,1831.95,-9.28,44.05,0.23,93,3.0,57,1.0,35,2.0,1,0.0,61.29,-0.93,2026-07-23,-,0,72.0
-,-,Lemmingsplayer,GB,1699.69,-2.04,1940.52,0.0,80.28,0.68,31,0.0,20,0.0,10,0.0,1,0.0,64.52,0.0,2024-10-31,GM,1,-
61,-7,Boromir7,PL,1699.59,-3.88,1827.2,0.0,42.54,1.29,132,0.0,78,0.0,51,0.0,3,0.0,59.09,0.0,2026-05-20,M,8,31.0
62,0,GerisNezus,LT,1699.41,10.81,1801.15,9.8,33.91,-0.34,219,13.0,133,7.0,84,6.0,2,0.0,60.73,-0.44,2026-08-30,P,3,45.0
63,65,FCKAFD,DE,1697.4,88.99,1916.76,57.05,73.12,-10.64,26,6.0,18,5.0,8,1.0,0,0.0,69.23,4.23,2026-08-31,-,0,100.0
64,-9,Vantablack,MO,1697.16,-3.73,1830.65,0.0,44.5,1.24,136,0.0,83,0.0,53,0.0,0,0.0,61.03,0.0,2026-05-20,GM,1,84.0
65,-8,Raffaello,DE,1696.0,-2.39,1820.77,-6.85,41.59,-1.49,101,10.0,62,3.0,39,7.0,0,0.0,61.39,-3.45,2026-08-19,G,2,39.0
66,-8,barboucha,FR,1694.04,-2.55,1887.57,0.0,64.51,0.85,46,0.0,31,0.0,15,0.0,0,0.0,67.39,0.0,2025-11-21,GM,1,50.0
-,-,Dirkules,DE,1692.57,-2.15,1921.02,0.0,76.15,0.72,39,0.0,27,0.0,12,0.0,0,0.0,69.23,0.0,2024-07-15,GM,3,-
67,6,jantteri,-,1687.62,15.26,1791.54,13.75,34.64,-0.5,171,12.0,103,9.0,68,3.0,0,0.0,60.23,1.11,2026-08-31,G,5,46.0
68,-5,moemoe,DE,1682.65,-3.91,1810.41,0.0,42.59,1.3,96,0.0,63,0.0,32,0.0,1,0.0,65.62,0.0,2026-05-25,-,0,65.0
69,-13,syras,-,1679.52,-20.71,1819.14,-25.97,46.54,-1.75,78,7.0,49,1.0,29,6.0,0,0.0,62.82,-4.79,2026-08-19,-,0,254.0
70,-6,Tordread,US,1679.46,-4.73,1787.13,0.0,35.89,1.58,202,0.0,111,0.0,89,0.0,2,0.0,54.95,0.0,2026-05-26,GM,3,44.0
71,-1,MidnightFox,SE,1678.54,2.52,1805.9,-0.64,42.45,-1.05,102,7.0,60,3.0,41,3.0,1,1.0,58.82,-1.18,2026-08-12,G,2,62.0
72,-7,LittleBob,TW,1676.35,-5.04,1784.71,-4.47,36.12,0.19,157,7.0,88,2.0,68,5.0,1,0.0,56.05,-1.28,2026-08-08,P,14,68.0
73,-4,Spartan1337,NL,1676.21,-1.79,1773.74,-2.34,32.51,-0.19,237,13.0,128,7.0,105,6.0,4,0.0,54.01,-0.01,2026-08-31,P,10,37.0
74,-8,Fourierrr,BR,1675.98,-3.01,1840.69,0.0,54.9,1.0,66,0.0,38,0.0,28,0.0,0,0.0,57.58,0.0,2026-05-20,M,2,49.0
75,-7,darwinian,GB,1675.44,-2.57,1794.45,-5.89,39.67,-1.11,115,10.0,67,3.0,47,7.0,1,0.0,58.26,-2.69,2026-08-21,P,2,91.0
76,-9,scipio238,GB,1675.08,-3.28,1825.54,0.0,50.15,1.09,67,0.0,42,0.0,25,0.0,0,0.0,62.69,0.0,2026-02-10,P,3,41.0
77,54,Icallhimtest,-,1672.19,65.5,1885.89,18.41,71.23,-15.7,28,10.0,20,7.0,8,3.0,0,0.0,71.43,-0.79,2026-08-11,-,0,-
78,57,dannyboy14,US,1671.56,67.22,1862.46,48.67,63.63,-6.18,45,6.0,29,5.0,16,1.0,0,0.0,64.44,2.9,2026-08-31,GM,2,23.0
79,0,Sektat,CH,1670.06,5.21,1788.66,1.12,39.53,-1.37,114,10.0,59,5.0,55,5.0,0,0.0,51.75,-0.17,2026-08-16,M,11,18.0
80,-8,WowaduHek,-,1669.8,-3.14,1826.87,0.0,52.36,1.05,62,0.0,44,0.0,18,0.0,0,0.0,70.97,0.0,2026-05-12,-,0,318.0
82,-8,Snucka,US,1668.91,-3.25,1823.32,0.0,51.47,1.08,73,0.0,50,0.0,23,0.0,0,0.0,68.49,0.0,2025-11-30,-,0,128.0
81,16,Unterjochen,DE,1668.91,25.44,1790.73,23.12,40.61,-0.77,100,8.0,64,6.0,35,2.0,1,0.0,64.0,0.96,2026-08-31,-,0,100.0
-,-,Binki,RU,1667.35,-2.51,1864.84,0.0,65.83,0.84,63,0.0,42,0.0,21,0.0,0,0.0,66.67,0.0,2023-11-15,GM,3,-
83,-12,daimx,-,1667.19,-8.69,1770.99,-7.68,34.6,0.34,177,7.0,97,2.0,79,5.0,1,0.0,54.8,-1.08,2026-08-16,P,4,63.0
84,-4,BlixLT,LT,1664.97,1.55,1762.51,2.92,32.52,0.46,268,9.0,150,5.0,116,4.0,2,0.0,55.97,-0.01,2026-08-31,P,18,56.0
85,-8,iyakhoop,TH,1664.56,-3.75,1795.84,0.0,43.76,1.25,130,0.0,76,0.0,51,0.0,3,0.0,58.46,0.0,2025-11-30,GM,1,297.0
86,5,belowfox,CN,1664.43,15.43,1805.67,11.53,47.08,-1.3,84,7.0,59,6.0,23,1.0,2,0.0,70.24,1.41,2026-08-09,-,0,155.0
-,-,Raulone,ES,1662.98,-2.61,1851.66,0.0,62.89,0.87,43,0.0,28,0.0,15,0.0,0,0.0,65.12,0.0,2025-08-26,G,5,93.0
-,-,sdzy,-,1662.51,-2.02,1905.28,0.0,80.92,0.67,34,0.0,26,0.0,7,0.0,1,0.0,76.47,0.0,2025-07-02,-,0,321.0
87,0,HCsquared,CA,1662.01,8.12,1804.08,7.69,47.36,-0.14,94,3.0,56,2.0,38,1.0,0,0.0,59.57,0.23,2026-07-17,P,6,66.0
-,-,DJLAODIE,CN,1661.67,-3.28,1812.23,0.0,50.19,1.09,95,0.0,60,0.0,32,0.0,3,0.0,63.16,0.0,2025-07-02,-,0,340.0
88,-7,yliu386,AU,1661.4,-1.96,1910.73,0.0,83.11,0.65,30,0.0,26,0.0,4,0.0,0,0.0,86.67,0.0,2026-05-27,-,0,529.0
89,-5,Masox,DE,1661.07,3.31,1758.75,4.07,32.56,0.25,250,10.0,141,6.0,106,4.0,3,0.0,56.4,0.15,2026-08-20,P,2,92.0
90,-12,Ristey,GB,1660.74,-5.0,1759.42,0.0,32.89,1.67,258,0.0,144,0.0,113,0.0,1,0.0,55.81,0.0,2026-05-31,P,3,52.0
91,-15,zadokk,BE,1658.59,-9.89,1775.52,-9.42,38.98,0.16,142,6.0,75,1.0,65,5.0,2,0.0,52.82,-1.59,2026-08-31,P,14,80.0
-,-,DJParson,DE,1658.23,-2.24,1878.15,0.0,73.31,0.75,38,0.0,26,0.0,12,0.0,0,0.0,68.42,0.0,2025-07-07,GM,8,321.0
92,-10,jezza101,AU,1655.87,-6.04,1785.81,-5.29,43.31,0.25,101,3.0,51,1.0,47,2.0,3,0.0,50.5,-0.52,2026-07-17,G,4,40.0
93,2,roverandom,HR,1654.45,9.92,1755.44,11.73,33.66,0.61,216,7.0,119,5.0,95,2.0,2,0.0,55.09,0.54,2026-08-11,P,10,121.0
94,-11,Kesterer,GB,1653.37,-6.14,1868.44,-59.86,71.69,-17.91,29,10.0,20,4.0,9,6.0,0,0.0,68.97,-15.24,2026-08-09,-,0,-
95,-9,Reenter73,-,1652.83,-2.61,1841.08,0.0,62.75,0.87,57,0.0,38,0.0,18,0.0,1,0.0,66.67,0.0,2026-05-31,M,5,154.0
96,-4,Fjantarik,-,1651.32,3.27,1852.27,-5.85,66.98,-3.04,36,3.0,21,1.0,15,2.0,0,0.0,58.33,-2.28,2026-07-18,P,2,58.0
97,3,Lech,PL,1650.5,13.69,1785.29,11.73,44.93,-0.65,90,6.0,48,3.0,41,3.0,1,0.0,53.33,-0.24,2026-08-20,M,3,17.0
98,-10,whsvin,HK,1648.97,-2.01,1893.9,0.0,81.64,0.67,30,0.0,20,0.0,9,0.0,1,0.0,66.67,0.0,2026-05-17,GM,6,64.0
99,-9,delonecarter,GB,1647.06,-2.62,1835.27,0.0,62.74,0.87,56,0.0,40,0.0,14,0.0,2,0.0,71.43,0.0,2026-05-23,G,15,243.0
-,-,Maxxxx,-,1646.31,-1.69,1936.96,0.0,96.89,0.56,24,0.0,19,0.0,5,0.0,0,0.0,79.17,0.0,2023-07-18,P,4,-
100,39,MrBiz,US,1645.78,43.67,1813.9,20.5,56.04,-7.72,51,10.0,38,6.0,13,4.0,0,0.0,74.51,-3.54,2026-08-16,-,0,480.0
-,-,Xxyu,CN,1643.5,-1.97,1892.3,0.0,82.94,0.66,30,0.0,22,0.0,8,0.0,0,0.0,73.33,0.0,2024-10-31,-,0,845.0
101,69,bryanckh,SG,1642.95,67.87,1851.68,40.66,69.58,-9.07,33,8.0,28,7.0,5,1.0,0,0.0,84.85,0.85,2026-08-13,-,0,1262.0
102,0,Gavatron,CA,1642.86,7.28,1826.36,2.29,61.16,-1.67,57,3.0,39,2.0,18,1.0,0,0.0,68.42,-0.1,2026-07-18,P,3,155.0
103,-10,speedstone,PL,1642.34,-4.15,1762.9,0.0,40.18,1.38,134,0.0,71,0.0,58,0.0,5,0.0,52.99,0.0,2026-05-19,-,0,108.0
104,-8,daggsea,CN,1641.83,-2.29,1793.54,-10.54,50.57,-2.75,65,7.0,43,2.0,22,5.0,0,0.0,66.15,-4.54,2026-08-16,-,0,304.0
105,-7,Rob_Stedman,AU,1638.84,-4.21,1756.42,0.0,39.19,1.4,163,0.0,92,0.0,70,0.0,1,0.0,56.44,0.0,2026-05-20,M,1,122.0
106,1,BoatyMcBoatface,US,1637.67,7.98,1754.53,4.33,38.95,-1.22,130,10.0,73,6.0,55,4.0,2,0.0,56.15,0.32,2026-08-14,P,2,88.0
107,-8,vodka,CZ,1637.15,-3.21,1791.38,0.0,51.41,1.07,71,0.0,53,0.0,17,0.0,1,0.0,74.65,0.0,2026-05-22,G,4,228.0
-,-,xRen1101,LT,1636.64,-1.55,1952.11,0.0,105.16,0.52,19,0.0,15,0.0,4,0.0,0,0.0,78.95,0.0,2023-03-01,P,4,-
-,-,Lambda,ES,1635.43,-1.34,2001.9,0.0,122.16,0.45,12,0.0,11,0.0,1,0.0,0,0.0,91.67,0.0,2023-06-06,GM,2,22.0
-,-,Musan,US,1634.08,-3.58,1772.16,0.0,46.03,1.19,123,0.0,79,0.0,44,0.0,0,0.0,64.23,0.0,2025-03-21,P,4,291.0
108,-4,Nickeberg,-,1633.53,-1.6,1806.21,-5.51,57.56,-1.3,59,3.0,34,1.0,25,2.0,0,0.0,57.63,-1.3,2026-07-14,P,2,216.0
109,70,ysiad,-,1632.79,66.46,1777.79,57.28,48.34,-3.06,68,9.0,45,8.0,23,1.0,0,0.0,66.18,3.47,2026-08-31,-,0,460.0
110,-9,Kay,HK,1632.32,-4.23,1749.25,0.0,38.97,1.41,148,0.0,98,0.0,49,0.0,1,0.0,66.22,0.0,2026-05-26,P,2,61.0
-,-,sqwndw,CN,1631.78,-3.56,1779.9,0.0,49.38,1.19,115,0.0,66,0.0,47,0.0,2,0.0,57.39,0.0,2024-10-01,GM,2,-
111,2,Jorrig,CH,1631.52,6.78,1771.02,6.68,46.5,-0.03,107,3.0,65,2.0,42,1.0,0,0.0,60.75,0.17,2026-07-12,M,1,79.0
112,-7,Shagrat,CZ,1631.06,-0.89,1738.21,-2.34,35.72,-0.48,151,10.0,93,5.0,56,5.0,2,0.0,61.59,-0.82,2026-08-20,G,1,112.0
113,-19,Flackk,BG,1629.17,-16.22,1746.2,-14.04,39.01,0.73,123,3.0,59,0.0,63,3.0,1,0.0,47.97,-1.2,2026-07-12,P,5,47.0
114,-2,MindKillazz,CA,1628.4,2.84,1732.06,4.25,34.56,0.47,188,7.0,106,5.0,79,2.0,3,0.0,56.38,0.58,2026-08-17,P,2,134.0
-,-,WDD,CN,1628.37,-2.5,1824.35,0.0,65.33,0.83,43,0.0,30,0.0,13,0.0,0,0.0,69.77,0.0,2025-07-01,-,0,224.0
-,-,gorozei-12ans,CH,1627.45,-1.4,1978.42,0.0,116.99,0.47,16,0.0,14,0.0,2,0.0,0,0.0,87.5,0.0,2023-06-06,G,2,-
-,-,SnailZane,CN,1627.17,-2.35,1836.04,0.0,69.62,0.78,47,0.0,30,0.0,17,0.0,0,0.0,63.83,0.0,2024-08-11,M,6,757.0
-,-,SuperDon,-,1626.25,-1.44,1966.63,0.0,113.46,0.48,16,0.0,13,0.0,3,0.0,0,0.0,81.25,0.0,2022-03-01,-,0,-
115,-5,Cmacu,-,1625.46,-2.17,1851.06,0.0,75.2,0.72,36,0.0,25,0.0,11,0.0,0,0.0,69.44,0.0,2026-03-25,-,0,321.0
116,-8,vaLfizzL,DE,1625.26,-4.32,1739.45,0.0,38.06,1.44,186,0.0,97,0.0,88,0.0,1,0.0,52.15,0.0,2025-11-30,M,4,109.0
117,24,drodriguez,-,1624.25,24.08,1767.28,13.33,47.68,-3.58,73,10.0,48,6.0,25,4.0,0,0.0,65.75,-0.92,2026-08-10,-,0,126.0
-,-,Crey,-,1624.23,-1.87,1886.93,0.0,87.57,0.62,26,0.0,18,0.0,7,0.0,1,0.0,69.23,0.0,2025-07-09,G,2,299.0
118,-9,ElChupacabra,MK,1624.11,-3.93,1750.04,0.0,41.98,1.31,100,0.0,51,0.0,49,0.0,0,0.0,51.0,0.0,2026-03-22,M,1,42.0
119,87,DarKStyle,-,1623.51,78.09,1828.28,18.76,68.26,-19.78,31,12.0,19,7.0,12,5.0,0,0.0,61.29,-1.87,2026-08-31,-,0,-
120,-2,Doobie,CN,1622.72,3.57,1720.76,2.92,32.68,-0.22,230,13.0,116,5.0,107,7.0,7,1.0,50.43,-0.72,2026-08-31,G,21,87.0
121,-10,Garri,ES,1622.4,-4.11,1742.81,0.0,40.14,1.37,174,0.0,99,0.0,73,0.0,2,0.0,56.9,0.0,2026-05-25,G,6,145.0
122,-5,Rajeev,-,1621.26,0.84,1759.23,-3.2,45.99,-1.35,81,7.0,48,2.0,33,5.0,0,0.0,59.26,-2.9,2026-08-17,G,1,129.0
123,-9,PlanarFreak,US,1620.98,-2.74,1801.19,0.0,60.07,0.91,63,0.0,43,0.0,20,0.0,0,0.0,68.25,0.0,2026-03-27,G,12,151.0
124,-21,CrownKiller,KR,1620.77,-14.52,1728.33,-13.92,35.86,0.2,182,7.0,105,2.0,77,5.0,0,0.0,57.69,-1.17,2026-08-18,G,2,213.0
-,-,PacificKonradin,-,1620.45,-2.45,1821.07,0.0,66.87,0.82,42,0.0,30,0.0,12,0.0,0,0.0,71.43,0.0,2025-08-11,-,0,711.0
125,-5,Arcee,-,1619.34,0.48,1747.75,-1.53,42.8,-0.67,97,7.0,53,2.0,43,5.0,1,0.0,54.64,-2.03,2026-08-17,M,2,184.0
126,-2,Kimmo,FI,1617.23,3.39,1722.42,5.32,35.06,0.64,180,7.0,96,6.0,83,1.0,1,0.0,53.33,1.31,2026-08-10,GM,1,124.0
127,63,Bad_Horse,-,1616.7,61.0,1827.77,11.5,70.36,-16.5,28,9.0,19,5.0,9,4.0,0,0.0,67.86,-5.82,2026-08-10,-,0,-
128,-13,Momomillion,DE,1616.23,-5.44,1753.12,-16.53,45.63,-3.7,77,12.0,46,5.0,30,7.0,1,0.0,59.74,-3.34,2026-08-31,-,0,83.0
-,-,JeJenan,KR,1615.32,-2.03,1857.68,0.0,80.78,0.68,32,0.0,21,0.0,11,0.0,0,0.0,65.62,0.0,2024-01-05,G,12,-
129,-23,tupper,CA,1615.16,-15.95,1728.89,-18.43,37.91,-0.83,141,10.0,96,3.0,45,7.0,0,0.0,68.09,-2.9,2026-08-13,G,3,78.0
130,-4,Turdle,AT,1615.15,6.32,1735.18,0.01,40.01,-2.1,102,13.0,53,7.0,47,6.0,2,0.0,51.96,0.27,2026-08-30,P,4,111.0
131,46,zcx,-,1615.06,45.15,1816.95,15.56,67.3,-9.86,32,7.0,23,4.0,9,3.0,0,0.0,71.88,-4.12,2026-08-16,-,0,1178.0
-,-,Isaia,KR,1614.67,-1.67,1907.23,0.0,97.52,0.56,25,0.0,19,0.0,6,0.0,0,0.0,76.0,0.0,2023-06-06,M,3,-
132,2,Sunmaster14_LV,LV,1613.33,8.6,1710.05,10.79,32.24,0.73,260,7.0,137,6.0,119,1.0,4,0.0,52.69,0.91,2026-08-22,P,6,137.0
-,-,Raistlin3m,IT,1612.82,-2.81,1788.02,0.0,58.4,0.94,57,0.0,30,0.0,25,0.0,2,0.0,52.63,0.0,2024-10-01,M,2,-
133,-11,gregt,-,1612.7,-1.74,1894.96,0.0,94.09,0.58,18,0.0,15,0.0,3,0.0,0,0.0,83.33,0.0,2026-05-21,P,4,321.0
134,-11,Prautim,-,1611.63,-2.38,1817.61,0.0,68.66,0.79,44,0.0,31,0.0,13,0.0,0,0.0,70.45,0.0,2026-05-27,-,0,729.0
-,-,Veikka,FI,1610.63,-2.32,1822.23,0.0,70.53,0.77,45,0.0,26,0.0,18,0.0,1,0.0,57.78,0.0,2023-11-15,P,10,-
-,-,Pascalotopia,CA,1609.54,-1.7,1897.44,0.0,95.97,0.57,17,0.0,12,0.0,5,0.0,0,0.0,70.59,0.0,2024-09-10,GM,5,-
135,-6,ElKhan,CL,1609.2,1.49,1709.28,3.39,33.36,0.64,227,7.0,127,5.0,97,2.0,3,0.0,55.95,0.5,2026-08-12,G,10,160.0
-,-,LaoHuang,CN,1608.88,-2.67,1801.48,0.0,64.2,0.89,68,0.0,34,0.0,32,0.0,2,0.0,50.0,0.0,2023-11-15,M,3,-
136,-11,jonswar,US,1606.08,-2.97,1771.88,0.0,55.26,0.99,53,0.0,32,0.0,21,0.0,0,0.0,60.38,0.0,2025-11-30,M,1,514.0
137,-10,PhiTrigger,US,1604.6,-3.84,1732.94,0.0,42.78,1.28,118,0.0,62,0.0,56,0.0,0,0.0,52.54,0.0,2026-03-22,M,7,102.0
138,4,Flower4,-,1603.59,5.6,1790.4,-21.56,62.27,-9.05,43,9.0,31,4.0,12,5.0,0,0.0,72.09,-7.32,2026-08-31,-,0,931.0
139,-23,Gagic,CZ,1603.18,-18.41,1719.31,-18.67,38.71,-0.08,119,7.0,68,1.0,51,6.0,0,0.0,57.14,-2.68,2026-08-19,G,5,73.0
140,-8,funnytortoise,ID,1602.49,-4.14,1723.67,0.0,40.4,1.38,152,0.0,81,0.0,67,0.0,4,0.0,53.29,0.0,2026-03-29,G,9,70.0
141,26,Beebs,-,1601.33,24.21,1748.39,13.18,49.02,-3.68,66,9.0,46,6.0,19,3.0,1,0.0,69.7,-0.48,2026-08-21,-,0,463.0
142,-9,eggmancs,GB,1601.27,-4.41,1727.01,-8.52,41.91,-1.37,97,9.0,57,3.0,40,6.0,0,0.0,58.76,-2.6,2026-08-31,-,0,191.0
143,-13,Gyphon,DE,1600.64,-6.18,1733.46,-10.25,44.27,-1.36,90,7.0,54,3.0,35,4.0,1,0.0,60.0,-1.45,2026-08-23,-,0,104.0
-,-,silent_x111,US,1600.46,-1.61,1904.24,0.0,101.26,0.54,20,0.0,13,0.0,7,0.0,0,0.0,65.0,0.0,2022-04-01,GM,14,-
144,-7,Phalanxx,US,1599.97,-3.05,1761.79,0.0,53.94,1.02,58,0.0,40,0.0,18,0.0,0,0.0,68.97,0.0,2026-05-26,-,0,95.0
145,16,Rolls.Royal,DE,1597.28,16.94,1731.8,12.63,44.84,-1.44,94,7.0,61,5.0,33,2.0,0,0.0,64.89,0.52,2026-08-13,-,0,226.0
146,-6,Netopier,SK,1596.91,-4.53,1710.44,0.0,37.85,1.51,205,0.0,97,0.0,106,0.0,2,0.0,47.32,0.0,2025-11-30,M,4,97.0
-,-,Shorty55,-,1596.41,-1.52,1919.12,0.0,107.57,0.51,19,0.0,14,0.0,4,0.0,1,0.0,73.68,0.0,2022-04-01,M,3,-
147,111,GrandHedgehog,RU,1594.09,86.31,1827.98,38.2,77.96,-16.04,25,7.0,19,5.0,6,2.0,0,0.0,76.0,-1.78,2026-08-12,-,0,-
148,-10,Dots,DE,1593.78,-8.55,1806.58,-19.88,70.93,-3.78,32,3.0,18,1.0,14,2.0,0,0.0,56.25,-2.37,2026-07-16,GM,2,123.0
149,2,Watlersen,-,1592.86,4.44,1722.8,1.08,43.31,-1.12,86,7.0,52,4.0,34,3.0,0,0.0,60.47,-0.29,2026-08-11,-,0,195.0
-,-,MikeyLear,-,1592.71,-2.68,1776.78,0.0,61.36,0.89,52,0.0,38,0.0,14,0.0,0,0.0,73.08,0.0,2025-05-20,-,0,478.0
-,-,gothark,PL,1592.19,-2.58,1782.79,0.0,63.53,0.86,47,0.0,29,0.0,17,0.0,1,0.0,61.7,0.0,2025-05-21,G,2,74.0
150,-14,BitterBlossom,CN,1592.1,-11.65,1751.15,-13.52,53.02,-0.62,81,7.0,53,5.0,28,2.0,0,0.0,65.43,0.57,2026-08-13,-,0,158.0
-,-,Galinlik,-,1591.48,-1.64,1890.87,0.0,99.8,0.55,24,0.0,19,0.0,5,0.0,0,0.0,79.17,0.0,2023-06-06,-,0,-
151,-2,weisswurst,NL,1591.1,-0.52,1755.15,-3.09,54.68,-0.86,52,3.0,29,1.0,23,2.0,0,0.0,55.77,-1.37,2026-07-17,M,4,120.0
-,-,josqvin,-,1589.46,-1.45,1926.91,0.0,112.48,0.48,16,0.0,11,0.0,4,0.0,1,0.0,68.75,0.0,2022-03-01,-,0,-
152,-2,Hisbossness,US,1588.3,-2.36,1725.36,-1.9,45.69,0.16,84,3.0,50,1.0,33,2.0,1,0.0,59.52,-0.97,2026-07-13,-,0,135.0
153,9,LeonidasI,-,1587.92,7.62,1712.89,7.1,41.66,-0.18,120,7.0,70,6.0,49,1.0,1,0.0,58.33,1.69,2026-08-31,-,0,107.0
154,-7,WhateverParsley,-,1587.8,-4.62,1721.02,-3.86,44.41,0.25,94,3.0,50,1.0,44,2.0,0,0.0,53.19,-0.66,2026-07-18,P,12,106.0
155,-9,jingjing123,CN,1587.66,-4.84,1694.9,0.0,35.75,1.61,186,0.0,106,0.0,77,0.0,3,0.0,56.99,0.0,2026-05-25,-,0,147.0
156,62,Vortex1612,-,1585.98,46.8,1778.35,22.74,64.12,-8.02,45,7.0,27,5.0,18,2.0,0,0.0,60.0,2.11,2026-08-14,-,0,1287.0
157,28,phoang,-,1584.99,25.34,1714.44,19.98,43.15,-1.79,96,10.0,58,7.0,37,2.0,1,1.0,60.42,1.12,2026-08-13,-,0,255.0
158,-5,Tim248,-,1584.49,-2.18,1810.21,0.0,75.24,0.73,46,0.0,40,0.0,4,0.0,2,0.0,86.96,0.0,2026-03-30,-,0,863.0
159,186,Silvester,-,1583.47,142.71,1778.75,108.74,65.09,-11.32,37,11.0,30,11.0,7,0.0,0,0.0,81.08,8.0,2026-08-31,-,0,-
160,-12,jhutc,GB,1583.13,-8.92,1707.04,-12.51,41.3,-1.2,101,9.0,62,4.0,37,5.0,2,0.0,61.39,-1.65,2026-08-15,-,0,113.0
161,-18,flutter,US,1582.49,-14.25,1687.61,-13.23,35.04,0.34,183,7.0,95,1.0,86,6.0,2,0.0,51.91,-1.5,2026-08-10,P,2,172.0
162,-7,Footloop,CA,1582.24,-2.32,1793.74,0.0,70.5,0.77,40,0.0,26,0.0,14,0.0,0,0.0,65.0,0.0,2026-05-13,GM,7,-
-,-,Lothar,US,1581.0,-2.47,1780.56,0.0,66.52,0.82,48,0.0,31,0.0,17,0.0,0,0.0,64.58,0.0,2025-05-16,G,6,509.0
163,-7,CouchKing,PK,1580.67,-3.83,1710.28,0.0,43.2,1.28,117,0.0,66,0.0,49,0.0,2,0.0,56.41,0.0,2026-04-04,P,2,99.0
-,-,Doughnut,GB,1579.69,-2.38,1786.03,0.0,68.78,0.79,44,0.0,28,0.0,15,0.0,1,0.0,63.64,0.0,2025-07-02,G,6,308.0
164,-7,NFGM,DE,1579.07,-4.54,1740.12,-16.14,53.68,-3.87,56,7.0,36,2.0,18,5.0,2,0.0,64.29,-5.1,2026-08-10,-,0,306.0
165,-7,HeirOfValyria,-,1578.39,-4.43,1695.24,-5.57,38.95,-0.38,125,7.0,69,3.0,53,4.0,3,0.0,55.2,-0.73,2026-08-21,P,14,190.0
166,15,richardhell,UA,1578.24,14.55,1707.45,11.56,43.07,-1.0,97,7.0,60,4.0,36,3.0,1,0.0,61.86,-0.36,2026-08-14,-,0,214.0
167,-7,virvett,BR,1577.5,-3.94,1703.81,0.0,42.1,1.31,113,0.0,58,0.0,55,0.0,0,0.0,51.33,0.0,2026-05-31,G,2,164.0
-,-,occupied,-,1576.83,-1.75,1856.98,0.0,93.38,0.58,21,0.0,15,0.0,6,0.0,0,0.0,71.43,0.0,2024-07-15,M,2,161.0
-,-,ArtPlay,FR,1576.75,-2.28,1792.26,0.0,71.84,0.76,43,0.0,25,0.0,17,0.0,1,0.0,58.14,0.0,2023-11-15,P,4,-
168,-4,ciufile,-,1575.73,-2.99,1740.65,0.0,54.97,1.0,56,0.0,37,0.0,19,0.0,0,0.0,66.07,0.0,2026-05-21,-,0,163.0
169,114,Nepgear,-,1574.25,91.25,1792.38,56.1,72.71,-11.72,27,7.0,20,6.0,7,1.0,0,0.0,74.07,4.07,2026-08-25,-,0,709.0
170,-2,Djinges,-,1574.12,-2.04,1814.6,0.0,80.16,0.68,34,0.0,21,0.0,13,0.0,0,0.0,61.76,0.0,2026-05-13,-,0,-
171,-6,Shadowiscool500,US,1574.02,-3.98,1699.36,0.0,41.78,1.33,134,0.0,79,0.0,55,0.0,0,0.0,58.96,0.0,2026-02-18,G,2,116.0
-,-,bobaboba,-,1574.01,-1.65,1871.41,0.0,99.14,0.55,18,0.0,14,0.0,4,0.0,0,0.0,77.78,0.0,2024-07-30,-,0,-
172,-6,Boyo,TW,1573.9,-3.95,1699.18,0.0,41.76,1.32,127,0.0,70,0.0,54,0.0,3,0.0,55.12,0.0,2026-01-29,G,2,54.0
173,88,lhrljr,SG,1573.74,68.44,1748.5,32.31,58.25,-12.04,45,13.0,32,9.0,13,4.0,0,0.0,71.11,-0.77,2026-08-31,-,0,852.0
174,-11,ed_vins,LV,1573.68,-6.03,1680.67,-4.84,35.66,0.4,173,7.0,104,2.0,68,5.0,1,0.0,60.12,-1.33,2026-08-13,-,0,114.0
-,-,busti,BE,1573.62,-1.98,1822.85,0.0,83.08,0.66,34,0.0,23,0.0,11,0.0,0,0.0,67.65,0.0,2023-10-05,-,0,-
175,-6,Magnetiseur,DE,1573.49,-2.53,1767.57,0.0,64.69,0.84,47,0.0,28,0.0,19,0.0,0,0.0,59.57,0.0,2026-05-25,P,10,57.0
176,-22,Firedart,GB,1573.49,-12.08,1670.9,-9.67,32.47,0.8,270,7.0,136,2.0,131,5.0,3,0.0,50.37,-0.58,2026-08-24,P,6,86.0
-,-,Veivi,FI,1573.49,-1.59,1882.26,0.0,102.92,0.53,20,0.0,14,0.0,6,0.0,0,0.0,70.0,0.0,2022-04-08,GM,4,-
-,-,GunKer,-,1573.45,-2.89,1745.15,0.0,57.23,0.96,70,0.0,42,0.0,27,0.0,1,0.0,60.0,0.0,2025-08-18,G,2,224.0
177,-25,JimmyLin,TW,1572.2,-15.03,1674.18,-13.55,33.99,0.49,211,7.0,109,2.0,101,5.0,1,0.0,51.66,-0.79,2026-08-22,M,2,152.0
178,32,takusto_II,JP,1572.15,29.67,1718.78,24.53,48.88,-1.71,86,6.0,45,4.0,41,2.0,0,0.0,52.33,1.08,2026-08-31,M,3,59.0
179,58,Michiel,BE,1570.55,46.46,1803.38,9.11,77.61,-12.45,25,6.0,14,3.0,10,3.0,1,0.0,56.0,-1.89,2026-08-31,-,0,176.0
180,32,FenPlays,RU,1569.77,27.9,1688.56,26.63,39.6,-0.42,108,7.0,63,6.0,45,1.0,0,0.0,58.33,1.89,2026-08-23,-,0,221.0
181,-7,Shmu,-,1569.62,-1.71,1856.38,0.0,95.59,0.57,20,0.0,15,0.0,5,0.0,0,0.0,75.0,0.0,2026-05-26,-,0,578.0
182,-9,Alistxi,-,1569.32,-2.57,1761.3,0.0,64.0,0.86,50,0.0,34,0.0,16,0.0,0,0.0,68.0,0.0,2026-05-21,-,0,1287.0
183,53,mrcy,HU,1567.1,40.67,1797.25,24.93,76.72,-5.25,30,3.0,22,2.0,8,1.0,0,0.0,73.33,-0.74,2026-07-10,-,0,726.0
184,-8,Neandrtalec,-,1566.88,-3.62,1703.57,0.0,45.56,1.21,87,0.0,48,0.0,38,0.0,1,0.0,55.17,0.0,2026-05-19,-,0,291.0
185,-40,Vangelisb,GR,1566.39,-28.14,1675.97,-28.0,36.53,0.05,150,7.0,82,0.0,67,7.0,1,0.0,54.67,-2.67,2026-08-21,G,6,142.0
-,-,isman,ES,1566.15,-2.87,1737.88,0.0,57.24,0.96,61,0.0,35,0.0,25,0.0,1,0.0,57.38,0.0,2025-08-13,G,2,182.0
186,-11,Thisisnotasmile,GB,1565.96,-4.87,1667.68,0.0,33.9,1.62,224,0.0,120,0.0,100,0.0,4,0.0,53.57,0.0,2026-05-31,P,2,171.0
187,-28,Jonny125,RU,1565.73,-16.71,1666.29,-14.26,33.52,0.82,242,6.0,123,1.0,114,5.0,5,0.0,50.83,-0.86,2026-08-02,P,2,173.0
188,-16,fathope,SK,1562.86,-9.17,1672.0,-9.04,36.38,0.04,161,7.0,89,2.0,69,5.0,3,0.0,55.28,-1.21,2026-08-16,P,2,168.0
189,-45,zoiedberg,BE,1562.5,-32.97,1769.14,-43.45,68.88,-3.49,36,3.0,21,0.0,15,3.0,0,0.0,58.33,-5.31,2026-07-08,-,0,265.0
190,29,Notbot66,FI,1561.77,23.68,1691.91,20.11,43.38,-1.19,88,7.0,49,5.0,39,2.0,0,0.0,55.68,1.36,2026-08-10,-,0,169.0
191,-11,GerionLannister,CZ,1561.64,-2.31,1773.45,0.0,70.6,0.77,39,0.0,30,0.0,9,0.0,0,0.0,76.92,0.0,2026-02-10,-,0,231.0
-,-,Sjir,NL,1561.59,-2.06,1799.91,0.0,79.44,0.69,36,0.0,23,0.0,12,0.0,1,0.0,63.89,0.0,2024-07-15,M,5,-
192,-21,SwaulgustusCaesar,-,1561.28,-12.61,1781.18,-53.55,73.3,-13.65,26,7.0,15,2.0,11,5.0,0,0.0,57.69,-10.73,2026-08-13,-,0,-
-,-,Bool,-,1561.18,-1.81,1832.65,0.0,90.49,0.6,27,0.0,19,0.0,8,0.0,0,0.0,70.37,0.0,2023-07-18,-,0,-
193,-11,lcj,-,1561.12,-2.46,1760.92,0.0,66.6,0.82,44,0.0,33,0.0,10,0.0,1,0.0,75.0,0.0,2026-02-28,-,0,677.0
-,-,eNroamer,LV,1560.81,-3.66,1695.52,0.0,44.9,1.22,140,0.0,84,0.0,51,0.0,5,0.0,60.0,0.0,2025-09-04,G,10,196.0
194,28,arDKee,-,1560.53,24.59,1798.87,7.14,79.45,-5.82,31,3.0,25,2.0,5,1.0,1,0.0,80.65,-1.49,2026-07-18,-,0,589.0
195,-12,Buldozer_bga,-,1559.62,-3.12,1717.6,0.0,52.66,1.04,65,0.0,35,0.0,29,0.0,1,0.0,53.85,0.0,2026-03-31,-,0,166.0
196,52,Andiii,-,1559.46,41.56,1757.84,22.35,66.13,-6.4,40,6.0,25,3.0,15,3.0,0,0.0,62.5,-2.21,2026-08-20,-,0,662.0
197,-19,gamblerch,CL,1557.48,-11.53,1665.95,-10.91,36.16,0.21,164,7.0,89,2.0,75,5.0,0,0.0,54.27,-1.14,2026-08-14,-,0,306.0
198,22,Zegs,-,1557.02,19.29,1721.05,11.47,54.68,-2.61,49,7.0,30,6.0,19,1.0,0,0.0,61.22,4.08,2026-08-14,P,4,441.0
-,-,Bidenbaum,-,1556.73,-1.35,1918.89,0.0,120.72,0.45,10,0.0,9,0.0,1,0.0,0,0.0,90.0,0.0,2025-08-27,-,0,522.0
199,-15,LuckyAnesa,-,1556.31,-3.64,1691.4,0.0,45.03,1.21,110,0.0,57,0.0,51,0.0,2,0.0,51.82,0.0,2026-03-23,-,0,271.0
200,-14,gomensky,CZ,1555.68,-2.64,1741.94,0.0,62.09,0.88,66,0.0,47,0.0,18,0.0,1,0.0,71.21,0.0,2026-05-29,G,2,96.0
201,-14,Dvale112,US,1554.71,-3.48,1697.71,0.0,47.67,1.16,85,0.0,47,0.0,36,0.0,2,0.0,55.29,0.0,2026-04-01,G,12,148.0
202,-8,jacksonray,-,1554.65,1.82,1685.59,-0.87,43.65,-0.9,95,7.0,60,4.0,32,2.0,3,1.0,63.16,-0.48,2026-08-09,-,0,491.0
203,-11,Adamez,PL,1554.2,0.37,1671.24,-0.83,39.01,-0.4,135,7.0,70,3.0,64,4.0,1,0.0,51.85,-0.49,2026-08-11,-,0,192.0
204,-15,Dayvs,-,1553.48,-2.37,1657.08,-1.19,34.53,0.39,199,7.0,110,3.0,87,4.0,2,0.0,55.28,-0.45,2026-08-11,-,0,205.0
-,-,Rabbles,AU,1552.92,-1.42,1897.2,0.0,114.76,0.47,16,0.0,12,0.0,4,0.0,0,0.0,75.0,0.0,2022-03-01,M,1,-
-,-,RutgerHauer,SE,1552.88,-2.27,1769.89,0.0,72.34,0.76,36,0.0,20,0.0,16,0.0,0,0.0,55.56,0.0,2025-08-27,M,2,75.0
205,68,sTeVej,-,1552.83,64.43,1794.61,15.84,80.59,-16.2,31,7.0,24,5.0,7,2.0,0,0.0,77.42,-1.75,2026-08-16,-,0,-
206,-15,Tamirys,US,1551.78,-2.16,1781.12,0.0,76.44,0.72,36,0.0,24,0.0,12,0.0,0,0.0,66.67,0.0,2026-05-18,GM,9,69.0
207,-19,Magesolo,DE,1551.77,-4.92,1656.5,0.0,34.91,1.64,244,0.0,130,0.0,111,0.0,3,0.0,53.28,0.0,2026-03-25,P,10,174.0
208,-15,Obinger_Alphons,AT,1550.45,-2.98,1679.01,-5.92,42.85,-0.98,94,7.0,50,3.0,44,4.0,0,0.0,53.19,-0.83,2026-08-16,-,0,125.0
209,-14,brunoerwin,-,1548.52,-2.94,1716.09,0.0,55.86,0.98,57,0.0,33,0.0,22,0.0,2,0.0,57.89,0.0,2026-03-23,P,2,119.0
210,20,kenchan,HK,1548.23,17.75,1650.22,19.38,34.0,0.54,238,7.0,128,6.0,108,1.0,2,0.0,53.78,0.97,2026-08-15,G,8,170.0
211,-15,yaba,PL,1547.82,-2.54,1741.16,0.0,64.45,0.85,45,0.0,23,0.0,21,0.0,1,0.0,51.11,0.0,2026-05-23,M,6,55.0
212,-15,LT.Stuntovic,-,1546.74,-2.9,1715.94,0.0,56.4,0.97,64,0.0,35,0.0,29,0.0,0,0.0,54.69,0.0,2026-05-23,G,12,274.0
213,-12,invalidName,NO,1546.14,-1.84,1813.19,0.0,89.02,0.61,23,0.0,15,0.0,8,0.0,0,0.0,65.22,0.0,2026-05-18,GM,2,-
-,-,Vorbrock,-,1545.91,-2.38,1751.74,0.0,68.61,0.79,37,0.0,21,0.0,15,0.0,1,0.0,56.76,0.0,2025-07-13,P,12,247.0
214,-16,fugg,US,1545.78,-3.71,1680.1,0.0,44.78,1.24,131,0.0,79,0.0,52,0.0,0,0.0,60.31,0.0,2026-04-02,G,2,473.0
215,28,Garlett,-,1545.56,24.44,1680.56,20.01,45.0,-1.48,86,7.0,44,5.0,42,2.0,0,0.0,51.16,1.79,2026-08-16,P,4,389.0
216,-17,Qiubag,PL,1545.23,-4.21,1663.64,0.0,39.47,1.4,147,0.0,74,0.0,72,0.0,1,0.0,50.34,0.0,2026-03-29,G,6,135.0
217,-17,rap2,HK,1544.55,-3.7,1678.62,0.0,44.69,1.23,97,0.0,53,0.0,43,0.0,1,0.0,54.64,0.0,2026-02-11,G,6,202.0
218,32,Muning,-,1544.17,27.89,1697.72,19.52,51.18,-2.79,61,7.0,37,4.0,24,3.0,0,0.0,60.66,-0.45,2026-08-14,-,0,565.0
-,-,Hsugneslie,-,1543.91,-1.88,1806.37,0.0,87.48,0.63,32,0.0,18,0.0,13,0.0,1,0.0,56.25,0.0,2024-08-11,G,8,-
219,-17,jhamra,DE,1543.78,-3.13,1702.88,0.0,53.03,1.04,72,0.0,47,0.0,25,0.0,0,0.0,65.28,0.0,2026-03-22,-,0,372.0
220,-17,Kor,BE,1543.4,-3.14,1699.41,-10.24,52.0,-2.37,63,7.0,36,4.0,26,3.0,1,0.0,57.14,0.0,2026-08-21,-,0,251.0
221,48,llsgnm,-,1542.87,47.85,1722.11,29.43,59.75,-6.14,42,7.0,28,5.0,14,2.0,0,0.0,66.67,0.96,2026-08-13,-,0,488.0
222,-17,ruby_buby,US,1542.64,-3.21,1695.78,0.0,51.04,1.07,65,0.0,39,0.0,26,0.0,0,0.0,60.0,0.0,2026-05-22,-,0,174.0
223,9,Sellux,IT,1542.08,12.29,1669.46,8.47,42.46,-1.27,97,9.0,48,4.0,49,5.0,0,0.0,49.48,-0.52,2026-08-31,-,0,203.0
224,-103,kevinsbane,-,1541.75,-73.3,1754.38,-118.12,70.88,-14.94,31,10.0,20,2.0,11,8.0,0,0.0,64.52,-21.19,2026-08-10,-,0,-
225,-16,Naleenae,BE,1541.58,-1.82,1812.05,0.0,90.16,0.61,24,0.0,16,0.0,8,0.0,0,0.0,66.67,0.0,2026-01-28,-,0,757.0
226,-18,Romendil,IT,1541.44,-2.08,1777.03,0.0,78.53,0.69,35,0.0,25,0.0,10,0.0,0,0.0,71.43,0.0,2026-05-21,G,12,229.0
227,-20,maxolino,IT,1540.51,-3.46,1683.42,0.0,47.64,1.15,81,0.0,50,0.0,31,0.0,0,0.0,61.73,0.0,2026-03-21,G,6,140.0
228,-17,Olesch,DE,1540.05,-2.42,1743.27,0.0,67.74,0.81,43,0.0,26,0.0,17,0.0,0,0.0,60.47,0.0,2026-05-26,P,2,207.0
229,-5,maunzzz,SE,1539.32,4.64,1670.98,-3.01,43.89,-2.55,89,10.0,51,4.0,37,6.0,1,0.0,57.3,-2.19,2026-08-11,-,0,162.0
-,-,Cleanbulk,NL,1538.96,-1.69,1828.04,0.0,96.36,0.56,25,0.0,16,0.0,8,0.0,1,0.0,64.0,0.0,2023-06-06,M,5,-
230,-17,Amorin,ES,1538.36,-3.2,1693.59,0.0,51.74,1.07,85,0.0,46,0.0,39,0.0,0,0.0,54.12,0.0,2026-05-19,-,0,212.0
231,-17,Terence,-,1537.35,-2.9,1635.97,-0.89,32.87,0.67,252,7.0,128,4.0,122,3.0,2,0.0,50.79,0.18,2026-08-10,G,6,235.0
232,226,condemor,-,1537.19,165.15,1837.77,64.6,100.19,-33.52,15,7.0,14,6.0,1,1.0,0,0.0,93.33,-6.67,2026-08-08,-,0,-
233,23,Straszyk,PL,1536.95,27.53,1727.24,21.64,63.43,-1.96,50,3.0,27,2.0,22,1.0,1,0.0,54.0,0.81,2026-07-14,G,4,179.0
-,-,MruczekW,PL,1536.45,-2.5,1733.34,0.0,65.63,0.83,42,0.0,29,0.0,12,0.0,1,0.0,69.05,0.0,2024-10-01,G,4,1245.0
234,125,bluecube,-,1536.44,104.92,1809.5,41.37,91.02,-21.19,18,6.0,11,3.0,5,3.0,2,0.0,61.11,-5.56,2026-08-31,-,0,1287.0
235,-20,Dragonite,US,1536.26,-3.74,1668.95,0.0,44.23,1.25,106,0.0,56,0.0,49,0.0,1,0.0,52.83,0.0,2026-03-22,G,4,181.0
236,-32,Spence2102,GB,1536.16,-10.24,1666.1,-11.97,43.31,-0.58,95,7.0,54,4.0,40,3.0,1,0.0,56.84,0.02,2026-08-12,G,2,180.0
237,126,Sonder.,-,1535.94,105.79,1778.34,58.4,80.8,-15.8,22,7.0,19,6.0,3,1.0,0,0.0,86.36,-0.31,2026-08-08,-,0,-
-,-,zanydruid,-,1535.51,-1.45,1874.03,0.0,112.84,0.48,16,0.0,11,0.0,5,0.0,0,0.0,68.75,0.0,2022-03-01,-,0,-
-,-,ranch99,US,1535.24,-1.75,1815.37,0.0,93.38,0.58,23,0.0,17,0.0,5,0.0,1,0.0,73.91,0.0,2025-05-16,GM,1,578.0
238,-22,ChipsAhoya,US,1533.54,-6.32,1631.94,-4.29,32.8,0.68,263,7.0,134,2.0,126,5.0,3,0.0,50.95,-0.61,2026-08-11,P,8,209.0
-,-,Miklos,HU,1532.71,-3.67,1667.06,0.0,44.78,1.22,147,0.0,81,0.0,64,0.0,2,0.0,55.1,0.0,2024-10-01,-,0,1245.0
239,89,xiaoduan,-,1532.28,80.2,1731.84,53.96,66.52,-8.75,34,7.0,27,6.0,7,1.0,0,0.0,79.41,1.63,2026-08-13,-,0,-
240,-17,baodalanxin,CN,1531.22,-3.71,1664.54,0.0,44.44,1.24,117,0.0,70,0.0,47,0.0,0,0.0,59.83,0.0,2026-03-26,G,2,248.0
241,-16,BahbUrge,-,1531.21,-2.57,1721.97,0.0,63.59,0.86,42,0.0,28,0.0,12,0.0,2,0.0,66.67,0.0,2026-05-23,-,0,310.0
-,-,FoLKeN91,FR,1530.75,-2.08,1766.27,0.0,78.51,0.69,36,0.0,22,0.0,13,0.0,1,0.0,61.11,0.0,2025-05-14,M,2,578.0
242,-14,OlaWictorin,SE,1530.1,-2.62,1718.0,0.0,62.63,0.87,51,0.0,34,0.0,15,0.0,2,0.0,66.67,0.0,2026-05-26,G,3,150.0
243,-16,NapoleonB,PL,1530.01,-2.99,1695.84,0.0,55.28,1.0,75,0.0,41,0.0,34,0.0,0,0.0,54.67,0.0,2026-04-03,-,0,989.0
244,-3,Pieroz88,-,1529.88,8.6,1648.61,8.54,39.58,-0.02,124,6.0,63,5.0,58,1.0,3,0.0,50.81,1.66,2026-08-09,-,0,296.0
245,-16,FreddyCrugerKiller,UA,1529.82,-2.53,1724.39,0.0,64.86,0.84,45,0.0,26,0.0,19,0.0,0,0.0,57.78,0.0,2026-05-16,M,6,164.0
246,-12,Mike1313,RU,1529.56,2.34,1630.85,4.22,33.76,0.63,245,7.0,137,5.0,106,2.0,2,0.0,55.92,0.46,2026-08-08,-,0,229.0
247,-21,Rhizom,-,1529.12,-4.05,1651.29,0.0,40.72,1.35,138,0.0,62,0.0,75,0.0,1,0.0,44.93,0.0,2025-11-26,P,2,144.0
248,9,lol1,-,1527.74,19.53,1660.08,15.48,44.11,-1.35,89,7.0,51,5.0,36,2.0,2,0.0,57.3,1.2,2026-08-09,-,0,365.0
249,-3,mikechike,US,1526.6,6.24,1768.29,-11.29,80.56,-5.85,25,3.0,16,1.0,9,2.0,0,0.0,64.0,-4.18,2026-07-08,-,0,480.0
250,-19,Mark0n,HR,1525.46,-4.41,1639.68,0.0,38.07,1.47,210,0.0,119,0.0,90,0.0,1,0.0,56.67,0.0,2025-11-30,G,7,186.0
251,12,Nostradamus5321,-,1524.14,19.31,1653.94,16.22,43.27,-1.03,108,7.0,67,5.0,41,2.0,0,0.0,62.04,0.65,2026-08-15,-,0,403.0
-,-,sunian,-,1524.08,-1.45,1861.41,0.0,112.44,0.48,17,0.0,16,0.0,1,0.0,0,0.0,94.12,0.0,2024-12-10,-,0,-
252,74,maximpodg,-,1522.87,69.49,1784.4,38.7,87.18,-10.26,23,5.0,13,2.0,10,3.0,0,0.0,56.52,-4.59,2026-08-26,M,2,-
253,-36,Gelato,DE,1522.6,-16.89,1643.83,-18.59,40.41,-0.56,101,7.0,52,2.0,49,5.0,0,0.0,51.49,-1.7,2026-08-12,-,0,153.0
-,-,mushan,CN,1522.13,-2.08,1758.15,0.0,78.67,0.69,29,0.0,23,0.0,6,0.0,0,0.0,79.31,0.0,2025-02-09,GM,1,558.0
254,-16,Aftheiss,US,1521.97,-2.0,1766.98,0.0,81.67,0.67,33,0.0,26,0.0,7,0.0,0,0.0,78.79,0.0,2025-11-20,-,0,408.0
255,156,Pavnco,-,1521.57,120.61,1759.65,77.57,79.36,-14.35,27,8.0,21,8.0,6,0.0,0,0.0,77.78,9.36,2026-08-31,-,0,-
256,-35,raist,SG,1521.32,-15.39,1623.18,-13.28,33.96,0.7,226,7.0,117,0.0,108,7.0,1,0.0,51.77,-1.65,2026-08-11,P,2,185.0
257,-17,vitek,-,1521.06,-2.16,1748.2,0.0,75.71,0.72,34,0.0,23,0.0,10,0.0,1,0.0,67.65,0.0,2026-04-05,G,18,246.0
258,-25,St-Amadeus,CA,1520.62,-8.62,1630.26,-7.37,36.55,0.42,165,7.0,80,4.0,82,3.0,3,0.0,48.48,0.38,2026-08-09,P,4,199.0
259,-8,Mario86,IT,1520.31,4.45,1644.99,2.03,41.56,-0.81,112,7.0,63,4.0,49,3.0,0,0.0,56.25,0.06,2026-08-15,G,4,346.0
260,-25,DavidSegoviano,ES,1520.18,-6.25,1626.27,-4.85,35.36,0.47,180,7.0,96,4.0,82,3.0,2,0.0,53.33,0.15,2026-08-16,G,2,186.0
261,-9,Sakic19,HU,1519.48,4.74,1649.31,1.36,43.28,-1.13,86,7.0,46,3.0,37,4.0,3,0.0,53.49,-0.94,2026-08-10,-,0,285.0
262,-18,Dethar,PL,1518.86,-2.19,1744.03,0.0,75.06,0.73,26,0.0,15,0.0,11,0.0,0,0.0,57.69,0.0,2026-05-12,-,0,302.0
263,-16,DiddleySquat,BE,1517.63,-2.54,1712.27,0.0,64.88,0.85,44,0.0,24,0.0,20,0.0,0,0.0,54.55,0.0,2026-05-27,GM,1,98.0
-,-,XiePei,-,1517.01,-1.23,1914.95,0.0,132.65,0.41,12,0.0,10,0.0,2,0.0,0,0.0,83.33,0.0,2022-02-01,-,0,-
-,-,Alpha775,-,1516.97,-1.24,1912.5,0.0,131.84,0.41,12,0.0,10,0.0,2,0.0,0,0.0,83.33,0.0,2022-02-01,-,0,-
264,-19,LordMichael,DE,1516.66,-3.74,1648.47,0.0,43.94,1.25,117,0.0,61,0.0,54,0.0,2,0.0,52.14,0.0,2026-03-20,G,8,233.0
-,-,_sleepwalker,-,1516.37,-2.7,1699.37,0.0,61.0,0.9,58,0.0,43,0.0,15,0.0,0,0.0,74.14,0.0,2025-03-22,-,0,805.0
265,-26,Noa1,-,1513.67,-9.77,1733.91,-45.36,73.41,-11.87,35,7.0,26,3.0,9,4.0,0,0.0,74.29,-7.85,2026-08-25,-,0,-
266,83,J0hnny_Utah7,CA,1512.29,75.2,1805.29,39.8,97.67,-11.8,18,3.0,13,2.0,4,1.0,1,0.0,72.22,-1.11,2026-07-10,-,0,989.0
-,-,VikingLeif,-,1511.36,-1.95,1763.2,0.0,83.95,0.65,27,0.0,16,0.0,11,0.0,0,0.0,59.26,0.0,2024-01-05,P,8,-
267,-14,maiquelPS,ES,1510.66,-3.64,1648.31,0.0,45.88,1.21,99,0.0,38,0.0,60,0.0,1,0.0,38.38,0.0,2026-05-20,P,15,76.0
268,-13,Raskonin,-,1510.57,-0.84,1735.74,-13.99,75.06,-4.38,27,3.0,15,1.0,12,2.0,0,0.0,55.56,-2.77,2026-07-15,-,0,214.0
-,-,Tanario,DK,1510.51,-2.41,1714.96,0.0,68.15,0.8,50,0.0,41,0.0,9,0.0,0,0.0,82.0,0.0,2024-07-01,-,0,-
269,-15,rcia,ES,1508.53,-3.77,1639.86,0.0,43.78,1.26,120,0.0,66,0.0,54,0.0,0,0.0,55.0,0.0,2026-03-27,G,16,502.0
-,-,_Melkor,-,1508.44,-1.45,1847.46,0.0,113.01,0.48,15,0.0,9,0.0,6,0.0,0,0.0,60.0,0.0,2023-10-09,-,0,-
270,-21,Maharaj_JD,-,1507.65,-9.81,1637.96,-12.69,43.44,-0.96,93,7.0,49,3.0,44,4.0,0,0.0,52.69,-0.8,2026-08-11,-,0,271.0
271,-6,Budde,DE,1506.04,3.69,1667.81,1.64,53.92,-0.68,53,3.0,30,1.0,23,2.0,0,0.0,56.6,-1.4,2026-07-23,-,0,352.0
-,-,smoula892,-,1505.9,-1.42,1850.03,0.0,114.71,0.47,16,0.0,10,0.0,5,0.0,1,0.0,62.5,0.0,2022-03-01,-,0,-
-,-,P373R,GB,1505.51,-1.25,1898.34,0.0,130.94,0.42,12,0.0,10,0.0,2,0.0,0,0.0,83.33,0.0,2022-02-01,G,2,-
272,-12,Tharkis,-,1505.38,-1.47,1839.48,0.0,111.37,0.49,16,0.0,9,0.0,7,0.0,0,0.0,56.25,0.0,2026-05-20,P,2,1060.0
273,-14,Padishar,-,1504.88,-2.29,1606.14,-0.62,33.75,0.55,234,7.0,113,3.0,119,4.0,2,0.0,48.29,-0.17,2026-08-15,G,3,138.0
-,-,treitze,DE,1504.71,-2.33,1715.39,0.0,70.22,0.78,39,0.0,21,0.0,18,0.0,0,0.0,53.85,0.0,2024-10-31,P,4,-
274,19,SafeT,-,1503.9,26.41,1778.8,-25.13,91.63,-17.18,23,7.0,19,5.0,4,2.0,0,0.0,82.61,-4.89,2026-08-10,-,0,-
275,-1,schwam,US,1503.84,15.78,1635.78,13.91,43.98,-0.62,95,6.0,54,4.0,41,2.0,0,0.0,56.84,0.66,2026-08-10,-,0,278.0
276,-34,AndriiN,DE,1501.94,-19.33,1612.07,-18.73,36.71,0.2,157,7.0,89,1.0,68,6.0,0,0.0,56.69,-1.98,2026-08-15,-,0,197.0
277,-1,Panthera,PL,1501.58,16.54,1609.76,17.25,36.06,0.24,168,7.0,90,6.0,76,1.0,2,0.0,53.57,1.4,2026-08-12,-,0,255.0
-,-,TSS,-,1501.15,-1.45,1838.38,0.0,112.41,0.48,16,0.0,10,0.0,5,0.0,1,0.0,62.5,0.0,2022-03-01,-,0,-
278,6,Sarek,DE,1500.38,17.42,1641.42,11.71,47.01,-1.9,82,7.0,48,5.0,32,2.0,2,0.0,58.54,1.21,2026-08-10,-,0,255.0
279,16,StonedHenge420,US,1499.95,23.48,1613.37,23.7,37.81,0.07,139,7.0,75,6.0,61,1.0,3,0.0,53.96,1.69,2026-08-13,G,2,210.0
-,-,Demetrius,UA,1499.41,-2.47,1700.97,0.0,67.19,0.82,41,0.0,22,0.0,19,0.0,0,0.0,53.66,0.0,2025-07-27,-,0,236.0
280,unretired,Jerry2017,-,1499.22,268.72,1825.04,86.25,108.6,-60.83,15,8.0,14,7.0,1,1.0,0,0.0,93.33,-6.67,2026-08-31,-,0,1262.0
281,0,vagrantil,AU,1497.84,14.25,1639.37,8.38,47.18,-1.96,71,7.0,41,4.0,30,3.0,0,0.0,57.75,-0.06,2026-08-15,-,0,264.0
282,90,discodancer,-,1496.77,70.45,1781.56,36.18,94.93,-11.42,15,3.0,11,2.0,4,1.0,0,0.0,73.33,-1.67,2026-07-13,P,4,130.0
283,-16,ThomRun974,FR,1496.21,-3.75,1628.32,0.0,44.04,1.25,107,0.0,55,0.0,51,0.0,1,0.0,51.4,0.0,2026-05-20,G,6,543.0
284,-209,poikai2,-,1496.13,-172.8,1790.17,-277.16,98.01,-34.79,21,10.0,14,3.0,7,7.0,0,0.0,66.67,-33.33,2026-08-18,-,0,-
285,30,AaronGreen,US,1496.02,37.9,1753.08,-4.45,85.69,-14.12,20,5.0,11,2.0,9,3.0,0,0.0,55.0,-5.0,2026-08-31,GM,7,729.0
-,-,zbert,DE,1495.44,-3.48,1637.89,0.0,47.48,1.16,116,0.0,65,0.0,50,0.0,1,0.0,56.03,0.0,2025-05-13,G,2,295.0
286,-24,wartin,SK,1495.39,-9.84,1603.66,-9.08,36.09,0.25,165,7.0,97,2.0,68,5.0,0,0.0,58.79,-1.34,2026-08-12,P,2,275.0
287,-23,wittr,GR,1495.27,-9.25,1603.02,-8.41,35.92,0.28,163,7.0,69,3.0,91,4.0,3,0.0,42.33,0.02,2026-08-10,P,8,117.0
-,-,Andrethegiant,NO,1494.7,-1.6,1801.53,0.0,102.28,0.53,20,0.0,13,0.0,7,0.0,0,0.0,65.0,0.0,2023-07-18,GM,1,-
-,-,Wolar,CZ,1494.46,-3.17,1650.39,0.0,51.98,1.06,77,0.0,42,0.0,35,0.0,0,0.0,54.55,0.0,2025-05-14,-,0,282.0
288,-22,ChampDeGlace,DE,1493.13,-8.28,1618.28,-10.24,41.72,-0.65,108,7.0,55,3.0,50,4.0,3,0.0,50.93,-0.56,2026-08-13,G,1,188.0
289,-12,McNulty,US,1492.23,7.32,1598.77,9.0,35.51,0.56,207,8.0,108,7.0,96,1.0,3,0.0,52.17,1.42,2026-08-31,-,0,340.0
290,-22,Kuter,PL,1491.52,-3.84,1619.64,0.0,42.71,1.28,145,0.0,74,0.0,69,0.0,2,0.0,51.03,0.0,2026-05-16,-,0,369.0
291,102,Caveman90,-,1491.46,77.26,1742.31,25.91,83.62,-17.12,23,7.0,17,5.0,5,1.0,1,1.0,73.91,-1.09,2026-08-11,-,0,-
292,-21,Oleksandr,UA,1491.41,-0.68,1617.34,-2.73,41.98,-0.68,109,7.0,62,4.0,45,3.0,2,0.0,56.88,0.02,2026-08-08,-,0,337.0
293,-23,MurphyAKL,US,1487.95,-4.67,1587.27,-2.71,33.11,0.65,264,7.0,113,2.0,149,5.0,2,0.0,42.8,-0.39,2026-08-11,G,2,205.0
-,-,shpand,-,1487.86,-2.09,1723.21,0.0,78.45,0.7,29,0.0,19,0.0,10,0.0,0,0.0,65.52,0.0,2024-10-31,-,0,-
294,-2,bcnoexceptions,US,1487.06,6.97,1601.1,8.21,38.01,0.41,142,7.0,86,6.0,55,1.0,1,0.0,60.56,1.3,2026-08-31,G,4,273.0
295,-10,Ddafaith,CZ,1485.9,3.31,1587.44,5.14,33.85,0.61,236,7.0,114,5.0,120,2.0,2,0.0,48.31,0.71,2026-08-17,G,8,238.0
296,-16,aivin,PL,1485.11,1.13,1607.8,0.72,40.9,-0.14,123,6.0,64,3.0,58,3.0,1,0.0,52.03,-0.11,2026-08-17,-,0,352.0
297,-25,brainac,-,1484.92,-3.83,1615.02,0.0,43.37,1.28,122,0.0,62,0.0,58,0.0,2,0.0,50.82,0.0,2026-05-18,G,14,232.0
298,32,Barnes,-,1483.66,32.01,1716.71,-12.75,77.68,-14.92,25,7.0,16,4.0,9,3.0,0,0.0,64.0,-2.67,2026-08-16,-,0,1287.0
299,30,Dread_84,DE,1483.46,31.63,1649.61,11.71,55.38,-6.64,50,10.0,27,4.0,22,5.0,1,1.0,54.0,-3.5,2026-08-21,-,0,384.0
300,-11,TheKrunk,-,1483.4,1.88,1675.5,-20.22,64.03,-7.37,35,7.0,23,2.0,12,5.0,0,0.0,65.71,-9.29,2026-08-12,-,0,757.0
301,-26,Bulten,-,1482.6,-2.66,1667.71,0.0,61.7,0.89,51,0.0,32,0.0,17,0.0,2,0.0,62.75,0.0,2026-05-13,G,1,294.0
-,-,Benni,-,1481.69,-1.44,1822.3,0.0,113.54,0.48,16,0.0,12,0.0,4,0.0,0,0.0,75.0,0.0,2023-06-06,G,2,-
302,-23,BemuthBambai,DE,1481.51,-2.75,1660.35,0.0,59.61,0.92,56,0.0,35,0.0,21,0.0,0,0.0,62.5,0.0,2026-03-28,-,0,616.0
-,-,smollov,NL,1480.04,-2.75,1659.3,0.0,59.75,0.92,61,0.0,34,0.0,27,0.0,0,0.0,55.74,0.0,2025-08-15,-,0,920.0
303,-15,Vyzvejkanec,-,1479.99,-1.8,1753.8,0.0,91.27,0.6,23,0.0,17,0.0,6,0.0,0,0.0,73.91,0.0,2026-03-30,-,0,939.0
-,-,Lloydinspace100,-,1479.53,-2.84,1654.27,0.0,58.25,0.95,67,0.0,31,0.0,33,0.0,3,0.0,46.27,0.0,2024-10-01,G,10,555.0
304,-17,Pule,-,1478.5,-3.65,1613.8,0.0,45.1,1.22,94,0.0,44,0.0,48,0.0,2,0.0,46.81,0.0,2025-11-30,-,0,282.0
305,-15,AdiQue,PL,1478.47,-2.73,1659.79,0.0,60.44,0.91,45,0.0,26,0.0,19,0.0,0,0.0,57.78,0.0,2026-03-29,P,4,293.0
306,-15,danebed,IT,1478.3,-2.13,1708.46,0.0,76.72,0.71,34,0.0,22,0.0,12,0.0,0,0.0,64.71,0.0,2026-03-26,P,10,289.0
307,-21,Thronx,DE,1477.98,-4.29,1594.13,0.0,38.72,1.43,153,0.0,74,0.0,77,0.0,2,0.0,48.37,0.0,2026-03-25,G,4,396.0
-,-,ChosenWizard,-,1477.81,-2.11,1710.52,0.0,77.57,0.7,33,0.0,20,0.0,13,0.0,0,0.0,60.61,0.0,2025-07-03,G,12,177.0
-,-,Asaf,IL,1477.81,-2.73,1658.69,0.0,60.29,0.91,70,0.0,39,0.0,30,0.0,1,0.0,55.71,0.0,2024-04-04,-,0,-
-,-,Mariac,-,1476.9,-2.34,1686.39,0.0,69.83,0.78,42,0.0,27,0.0,15,0.0,0,0.0,64.29,0.0,2024-03-12,-,0,-
-,-,ducky1,-,1476.59,-1.72,1761.0,0.0,94.8,0.57,27,0.0,18,0.0,9,0.0,0,0.0,66.67,0.0,2023-06-12,-,0,-
-,-,zc74560,-,1476.27,-1.25,1869.56,0.0,131.1,0.42,12,0.0,9,0.0,3,0.0,0,0.0,75.0,0.0,2022-02-01,-,0,-
-,-,Dunedain,US,1476.23,-2.2,1698.92,0.0,74.23,0.73,42,0.0,23,0.0,14,0.0,5,0.0,54.76,0.0,2023-11-15,G,12,-
308,-30,henrymerrivale,IT,1474.71,-9.92,1584.86,-9.36,36.72,0.19,161,7.0,84,3.0,75,4.0,2,0.0,52.17,-0.43,2026-08-11,P,4,242.0
309,3,Tasku,FI,1473.96,12.64,1663.94,-2.53,63.33,-5.05,37,6.0,20,3.0,17,3.0,0,0.0,54.05,-0.79,2026-08-10,-,0,561.0
310,-16,MartinW,DE,1473.5,-3.15,1630.62,0.0,52.37,1.05,77,0.0,38,0.0,39,0.0,0,0.0,49.35,0.0,2026-03-26,G,4,132.0
311,-14,t0mk0t,-,1473.08,-2.03,1713.9,0.0,80.27,0.68,26,0.0,15,0.0,10,0.0,1,0.0,57.69,0.0,2026-05-17,-,0,690.0
-,-,ZwzwNzw,CN,1472.9,-2.19,1697.38,0.0,74.83,0.73,34,0.0,25,0.0,9,0.0,0,0.0,73.53,0.0,2025-08-19,-,0,746.0
312,29,Darain,SG,1471.92,28.33,1686.25,3.06,71.44,-8.42,34,7.0,24,5.0,10,2.0,0,0.0,70.59,0.22,2026-08-10,-,0,630.0
313,-15,PontiusPilatus,DK,1471.63,-1.98,1720.17,0.0,82.85,0.66,32,0.0,19,0.0,13,0.0,0,0.0,59.38,0.0,2026-03-30,G,4,1271.0
-,-,Klakla92th,-,1471.05,-3.46,1616.41,0.0,48.45,1.15,111,0.0,60,0.0,51,0.0,0,0.0,54.05,0.0,2024-12-07,G,4,989.0
314,-13,AlkashRusanovskiy,-,1470.71,-1.29,1852.03,0.0,127.11,0.43,14,0.0,10,0.0,4,0.0,0,0.0,71.43,0.0,2026-05-15,-,0,-
315,-15,Composaurus,-,1470.4,-1.86,1733.43,0.0,87.68,0.62,20,0.0,13,0.0,7,0.0,0,0.0,65.0,0.0,2026-05-27,-,0,578.0
316,127,cyb3k,-,1470.14,91.12,1705.83,42.92,78.56,-16.06,26,7.0,18,5.0,8,2.0,0,0.0,69.23,0.81,2026-08-11,-,0,-
317,210,Sawell,-,1470.1,137.44,1733.99,77.25,87.96,-20.06,21,7.0,16,6.0,4,0.0,1,1.0,76.19,4.76,2026-08-12,G,2,-
318,1,Daemon3142,GB,1470.07,14.26,1576.74,15.07,35.56,0.27,181,7.0,88,5.0,92,2.0,1,0.0,48.62,0.92,2026-08-12,-,0,301.0
-,-,Tmer,-,1469.74,-1.97,1718.56,0.0,82.94,0.66,27,0.0,20,0.0,7,0.0,0,0.0,74.07,0.0,2025-03-28,-,0,754.0
-,-,CrystalPete420,-,1469.59,-2.79,1646.05,0.0,58.82,0.93,50,0.0,27,0.0,23,0.0,0,0.0,54.0,0.0,2025-02-11,-,0,989.0
319,-20,DB.Starman,-,1469.26,-3.29,1618.86,0.0,49.87,1.1,78,0.0,35,0.0,42,0.0,1,0.0,44.87,0.0,2026-03-28,P,2,183.0
320,78,Graypilgrim,-,1469.14,57.63,1703.06,17.98,77.97,-13.22,26,7.0,19,5.0,7,2.0,0,0.0,73.08,-0.6,2026-08-13,-,0,-
-,-,vermiliondk,-,1468.87,-1.48,1800.77,0.0,110.63,0.49,12,0.0,8,0.0,4,0.0,0,0.0,66.67,0.0,2024-07-15,-,0,-
321,-17,booyakasha,-,1467.8,-1.74,1749.7,0.0,93.97,0.58,18,0.0,13,0.0,5,0.0,0,0.0,72.22,0.0,2026-03-23,-,0,662.0
322,-8,Nightvayne,CH,1467.21,6.99,1603.16,3.78,45.32,-1.07,89,6.0,47,4.0,41,2.0,1,0.0,52.81,1.0,2026-08-09,G,5,127.0
323,-41,Kharny,GB,1467.18,-16.39,1711.7,-31.05,81.5,-4.89,23,3.0,13,0.0,10,3.0,0,0.0,56.52,-8.48,2026-07-11,-,0,757.0
324,-18,Ilidur,-,1466.91,-2.27,1683.75,0.0,72.28,0.76,38,0.0,24,0.0,14,0.0,0,0.0,63.16,0.0,2026-03-27,-,0,805.0
325,-20,Hardco,CA,1465.51,-3.8,1597.24,0.0,43.91,1.27,116,0.0,53,0.0,61,0.0,2,0.0,45.69,0.0,2025-11-30,M,1,791.0
326,-19,Adi65,-,1465.38,-1.49,1793.99,0.0,109.54,0.5,12,0.0,9,0.0,3,0.0,0,0.0,75.0,0.0,2026-05-19,-,0,-
327,88,vito,-,1465.28,65.91,1733.6,40.37,89.44,-8.51,25,7.0,19,7.0,5,0.0,1,0.0,76.0,9.33,2026-08-11,-,0,-
328,-25,Haxxorn,SE,1464.97,-4.63,1571.68,0.0,35.57,1.54,208,0.0,102,0.0,104,0.0,2,0.0,49.04,0.0,2026-05-23,G,10,286.0
-,-,ugglor,-,1464.92,-2.95,1632.6,0.0,55.89,0.98,76,0.0,44,0.0,31,0.0,1,0.0,57.89,0.0,2025-03-24,G,2,757.0
-,-,BeatrixAnd,PL,1464.65,-2.23,1684.83,0.0,73.39,0.74,40,0.0,28,0.0,12,0.0,0,0.0,70.0,0.0,2025-05-20,-,0,194.0
329,-21,Boristina,US,1464.56,-1.84,1731.18,0.0,88.88,0.61,21,0.0,14,0.0,7,0.0,0,0.0,66.67,0.0,2026-05-18,-,0,372.0
-,-,Chuckles_the_second,-,1463.01,-1.38,1818.24,0.0,118.41,0.46,17,0.0,12,0.0,4,0.0,1,0.0,70.59,0.0,2023-04-16,M,1,-
-,-,ddxy,-,1462.34,-1.42,1806.21,0.0,114.62,0.47,16,0.0,10,0.0,6,0.0,0,0.0,62.5,0.0,2022-03-01,-,0,-
330,47,ChunkySam,US,1461.81,38.37,1638.27,22.92,58.82,-5.15,51,7.0,36,5.0,15,2.0,0,0.0,70.59,0.14,2026-08-09,-,0,1106.0
331,328,FrenkDeTank,NL,1460.91,202.55,1795.79,99.8,111.63,-34.25,15,8.0,13,8.0,1,0.0,1,0.0,86.67,15.24,2026-08-31,-,0,-
-,-,Dooglassa,-,1460.81,-1.39,1812.04,0.0,117.08,0.46,12,0.0,7,0.0,5,0.0,0,0.0,58.33,0.0,2024-07-15,-,0,-
332,-30,MiloslavIII,CA,1460.81,-10.68,1682.51,-18.28,73.9,-2.53,28,3.0,13,0.0,15,3.0,0,0.0,46.43,-5.57,2026-07-15,-,0,398.0
-,-,Alpha.K,-,1459.9,-1.55,1775.77,0.0,105.29,0.52,19,0.0,11,0.0,7,0.0,1,0.0,57.89,0.0,2023-03-01,-,0,-
333,-23,Gudimundi,IS,1459.47,-3.43,1600.92,-8.91,47.15,-1.82,70,7.0,37,2.0,32,5.0,1,0.0,52.86,-2.7,2026-08-25,-,0,222.0
334,-21,Shincham,BR,1458.39,-2.6,1647.58,0.0,63.06,0.87,49,0.0,27,0.0,21,0.0,1,0.0,55.1,0.0,2026-03-24,G,14,249.0
-,-,V0jta,CZ,1458.02,-2.23,1678.1,0.0,73.36,0.74,39,0.0,21,0.0,17,0.0,1,0.0,53.85,0.0,2023-11-15,G,16,-
335,-19,gabev,US,1457.89,0.01,1594.37,-4.17,45.49,-1.39,84,7.0,43,2.0,39,5.0,2,0.0,51.19,-2.06,2026-08-18,-,0,349.0
-,-,ChrisTher,-,1457.73,-1.24,1852.31,0.0,131.53,0.41,8,0.0,6,0.0,2,0.0,0,0.0,75.0,0.0,2024-07-01,G,2,551.0
-,-,Jiffy,HK,1455.31,-2.05,1694.47,0.0,79.72,0.68,27,0.0,19,0.0,7,0.0,1,0.0,70.37,0.0,2025-08-16,-,0,351.0
-,-,matinghiasi,-,1454.37,-1.68,1747.51,0.0,97.71,0.56,18,0.0,11,0.0,7,0.0,0,0.0,61.11,0.0,2025-05-24,-,0,440.0
336,-19,Kermit19,-,1454.07,-2.68,1577.73,-4.61,41.22,-0.64,137,7.0,71,3.0,65,4.0,1,0.0,51.82,-0.49,2026-08-20,-,0,403.0
-,-,WHIZ,-,1453.08,-1.21,1859.31,0.0,135.41,0.4,12,0.0,8,0.0,3,0.0,1,0.0,66.67,0.0,2022-02-01,-,0,-
337,-15,laozhou,-,1453.02,-1.27,1838.12,0.0,128.37,0.42,9,0.0,8,0.0,1,0.0,0,0.0,88.89,0.0,2026-03-23,-,0,-
338,41,DyziK,PL,1452.06,28.88,1741.4,-5.9,96.45,-11.59,15,3.0,10,1.0,5,2.0,0,0.0,66.67,-8.33,2026-07-18,-,0,319.0
339,-16,xy-y,-,1452.04,-1.49,1781.23,0.0,109.73,0.5,16,0.0,13,0.0,3,0.0,0,0.0,81.25,0.0,2026-05-18,-,0,-
340,-19,Aaronwebber,-,1452.0,-2.29,1570.02,-1.29,39.34,0.33,146,6.0,70,4.0,74,1.0,2,1.0,47.95,0.81,2026-08-11,P,4,249.0
341,-14,Rackare,SE,1450.96,-1.67,1744.31,0.0,97.78,0.56,17,0.0,12,0.0,5,0.0,0,0.0,70.59,0.0,2026-03-24,-,0,805.0
342,-17,Skaiwalker,CZ,1450.63,-2.81,1625.56,0.0,58.31,0.94,54,0.0,27,0.0,26,0.0,1,0.0,50.0,0.0,2026-03-23,M,2,141.0
343,-19,Alvin1912,-,1450.59,-2.85,1623.71,0.0,57.71,0.95,50,0.0,23,0.0,26,0.0,1,0.0,46.0,0.0,2026-02-02,P,4,223.0
344,-35,CRocky,-,1449.9,-14.36,1637.13,-32.0,62.41,-5.88,44,7.0,29,3.0,15,4.0,0,0.0,65.91,-4.36,2026-08-12,-,0,622.0
-,-,jmamos,-,1449.45,-1.16,1871.83,0.0,140.79,0.39,9,0.0,6,0.0,3,0.0,0,0.0,66.67,0.0,2023-06-06,G,4,380.0
-,-,heisenberg_97,IT,1449.33,-1.71,1737.45,0.0,96.04,0.57,26,0.0,18,0.0,8,0.0,0,0.0,69.23,0.0,2024-07-01,P,4,118.0
-,-,Zathio,US,1449.12,-2.89,1620.27,0.0,57.05,0.96,61,0.0,37,0.0,24,0.0,0,0.0,60.66,0.0,2025-01-30,-,0,989.0
-,-,elo8000,-,1448.94,-1.42,1793.06,0.0,114.71,0.47,11,0.0,8,0.0,3,0.0,0,0.0,72.73,0.0,2024-09-01,-,0,1412.0
345,-13,MoreHat,US,1448.78,-1.93,1703.15,0.0,84.79,0.64,25,0.0,16,0.0,9,0.0,0,0.0,64.0,0.0,2026-03-26,-,0,670.0
346,-12,Spoobill,-,1448.19,-2.35,1657.27,0.0,69.69,0.78,42,0.0,25,0.0,17,0.0,0,0.0,59.52,0.0,2026-05-15,-,0,350.0
-,-,claxic,-,1448.14,-1.34,1812.42,0.0,121.43,0.45,15,0.0,12,0.0,3,0.0,0,0.0,80.0,0.0,2024-04-04,-,0,-
347,-12,pepikos,NL,1447.86,-2.21,1671.19,0.0,74.45,0.74,37,0.0,21,0.0,16,0.0,0,0.0,56.76,0.0,2026-04-01,-,0,805.0
348,-12,theussner79,DE,1447.54,-1.98,1555.77,-1.01,36.08,0.32,176,7.0,95,2.0,80,5.0,1,0.0,53.98,-1.05,2026-08-20,-,0,356.0
349,-16,trzeciakson,PL,1447.5,-3.13,1605.85,0.0,52.78,1.04,66,0.0,32,0.0,32,0.0,2,0.0,48.48,0.0,2026-05-23,P,6,244.0
350,-13,pote,TN,1447.19,-1.88,1709.02,0.0,87.28,0.63,27,0.0,16,0.0,11,0.0,0,0.0,59.26,0.0,2026-03-26,G,2,1262.0
-,-,ZRoronoaZ,CZ,1445.09,-3.28,1595.13,0.0,50.01,1.09,101,0.0,56,0.0,42,0.0,3,0.0,55.45,0.0,2025-03-25,-,0,939.0
351,-13,Borgmo,DE,1445.04,-2.03,1686.24,0.0,80.4,0.68,29,0.0,17,0.0,12,0.0,0,0.0,58.62,0.0,2026-04-06,G,2,410.0
352,-56,nerficya,US,1444.26,-30.94,1607.09,-42.6,54.28,-3.89,54,7.0,26,1.0,28,6.0,0,0.0,48.15,-5.04,2026-08-13,-,0,157.0
353,2,JSauve,-,1444.21,9.69,1652.94,0.24,69.57,-3.15,36,3.0,20,1.0,16,2.0,0,0.0,55.56,-2.02,2026-07-22,-,0,662.0
354,-14,borz.zrob,HU,1444.11,-2.23,1664.31,0.0,73.4,0.74,37,0.0,20,0.0,17,0.0,0,0.0,54.05,0.0,2026-03-22,P,4,85.0
355,-8,Trond79,-,1443.73,4.38,1654.78,-26.69,70.35,-10.36,30,7.0,20,3.0,10,4.0,0,0.0,66.67,-7.24,2026-08-11,-,0,1262.0
356,-45,TorbenOfHerpes,DE,1443.54,-19.17,1626.17,-38.33,60.88,-6.39,48,7.0,32,2.0,16,5.0,0,0.0,66.67,-6.5,2026-08-11,-,0,622.0
357,-18,Mattian12000,IT,1443.18,-3.59,1582.25,0.0,46.36,1.2,99,0.0,39,0.0,60,0.0,0,0.0,39.39,0.0,2026-03-25,G,2,278.0
-,-,peposqui,ES,1442.53,-2.69,1626.27,0.0,61.25,0.9,62,0.0,29,0.0,33,0.0,0,0.0,46.77,0.0,2024-08-11,G,4,208.0
358,-38,rabalder,NO,1441.9,-12.93,1564.93,-14.69,41.01,-0.58,122,7.0,62,2.0,60,5.0,0,0.0,50.82,-1.35,2026-08-13,-,0,383.0
359,-17,Mkucharz,CA,1440.29,-1.79,1713.33,0.0,91.01,0.6,24,0.0,15,0.0,8,0.0,1,0.0,62.5,0.0,2026-03-21,-,0,452.0
360,-3,Garghiii,IT,1438.66,5.31,1563.15,3.17,41.5,-0.71,102,7.0,53,3.0,48,4.0,1,0.0,51.96,-0.67,2026-08-09,-,0,359.0
361,-17,Dovi,PL,1438.56,-3.25,1590.1,0.0,50.51,1.08,101,0.0,57,0.0,44,0.0,0,0.0,56.44,0.0,2026-03-23,G,2,200.0
362,-31,Vi15So17,DE,1438.52,-12.91,1546.31,-10.99,35.93,0.64,181,7.0,94,3.0,87,4.0,0,0.0,51.93,-0.37,2026-08-12,-,0,365.0
-,-,HomerJr,US,1438.28,-2.62,1626.91,0.0,62.88,0.87,48,0.0,30,0.0,18,0.0,0,0.0,62.5,0.0,2025-03-23,G,8,805.0
-,-,NoswordKnight,CN,1437.23,-2.37,1644.88,0.0,69.22,0.79,44,0.0,25,0.0,19,0.0,0,0.0,56.82,0.0,2025-03-25,-,0,805.0
-,-,jSan,-,1436.99,-2.29,1652.12,0.0,71.71,0.76,36,0.0,21,0.0,15,0.0,0,0.0,58.33,0.0,2025-02-17,-,0,343.0
-,-,AvPL,PL,1436.92,-1.62,1739.39,0.0,100.82,0.54,20,0.0,13,0.0,7,0.0,0,0.0,65.0,0.0,2023-10-22,-,0,-
363,-45,MrGekz,PL,1436.91,-19.37,1558.57,-19.51,40.55,-0.05,128,7.0,60,3.0,68,4.0,0,0.0,46.88,-0.23,2026-08-17,G,4,267.0
-,-,lfrantisek,FI,1435.37,-2.04,1675.4,0.0,80.01,0.68,29,0.0,15,0.0,14,0.0,0,0.0,51.72,0.0,2025-07-31,G,4,514.0
364,-16,Montu,US,1435.08,-2.07,1672.35,0.0,79.09,0.69,24,0.0,18,0.0,6,0.0,0,0.0,75.0,0.0,2025-11-30,-,0,596.0
365,-9,refs,NO,1434.56,1.06,1571.35,-1.26,45.6,-0.77,90,7.0,50,5.0,40,2.0,0,0.0,55.56,1.34,2026-08-12,-,0,394.0
-,-,Berfner,SE,1434.46,-1.7,1723.72,0.0,96.42,0.57,18,0.0,9,0.0,8,0.0,1,0.0,50.0,0.0,2025-03-22,-,0,757.0
366,-15,Gerti,DE,1434.06,-2.27,1650.35,0.0,72.1,0.76,36,0.0,23,0.0,12,0.0,1,0.0,63.89,0.0,2026-03-26,-,0,939.0
367,40,GoblinMatron,-,1433.6,30.72,1609.04,14.41,58.48,-5.44,45,7.0,23,4.0,22,3.0,0,0.0,51.11,1.11,2026-08-15,-,0,192.0
368,-18,BradSwan,US,1433.48,-3.33,1584.41,0.0,50.31,1.11,77,0.0,30,0.0,45,0.0,2,0.0,38.96,0.0,2025-11-30,G,14,548.0
-,-,Asbestos,US,1433.32,-3.18,1588.81,0.0,51.83,1.06,94,0.0,44,0.0,47,0.0,3,0.0,46.81,0.0,2025-03-25,G,8,695.0
-,-,fantasyyu,-,1433.09,-1.66,1728.88,0.0,98.59,0.55,20,0.0,16,0.0,4,0.0,0,0.0,80.0,0.0,2025-02-14,-,0,1112.0
369,6,tnawrocki,US,1432.99,9.41,1565.77,7.75,44.26,-0.55,87,7.0,48,6.0,39,1.0,0,0.0,55.17,2.67,2026-08-10,-,0,280.0
-,-,InfiniteZest,-,1432.34,-2.89,1602.9,0.0,56.85,0.96,66,0.0,30,0.0,35,0.0,1,0.0,45.45,0.0,2025-05-11,G,4,344.0
370,336,DieKrake89,-,1432.17,197.96,1737.83,77.69,101.89,-40.09,14,7.0,12,6.0,2,1.0,0,0.0,85.71,0.0,2026-08-12,G,2,-
371,-19,vendogs,RU,1432.03,-4.12,1552.33,0.0,40.1,1.37,157,0.0,83,0.0,74,0.0,0,0.0,52.87,0.0,2025-12-18,-,0,275.0
-,-,Kostello,-,1431.55,-1.87,1692.85,0.0,87.1,0.62,24,0.0,15,0.0,9,0.0,0,0.0,62.5,0.0,2024-02-11,-,0,-
-,-,follik,LV,1431.2,-2.09,1666.21,0.0,78.34,0.7,33,0.0,18,0.0,15,0.0,0,0.0,54.55,0.0,2023-11-15,G,2,-
372,-14,Kloef,-,1430.94,-2.11,1663.27,0.0,77.45,0.7,27,0.0,13,0.0,12,0.0,2,0.0,48.15,0.0,2026-05-22,-,0,922.0
-,-,Anderkent,PL,1429.36,-1.29,1808.11,0.0,126.25,0.43,14,0.0,11,0.0,3,0.0,0,0.0,78.57,0.0,2023-04-16,G,4,-
373,-13,ulkupayaya,-,1429.18,-1.72,1715.28,0.0,95.37,0.57,18,0.0,10,0.0,7,0.0,1,0.0,55.56,0.0,2026-04-08,-,0,578.0
374,-12,ImmoDoP,-,1429.14,-1.23,1827.21,0.0,132.69,0.41,8,0.0,6,0.0,2,0.0,0,0.0,75.0,0.0,2026-05-13,-,0,-
375,-10,Beowls,-,1427.26,-2.02,1672.99,0.0,81.91,0.67,25,0.0,12,0.0,13,0.0,0,0.0,48.0,0.0,2026-05-14,-,0,321.0
376,-12,Bobisko,CZ,1426.96,-2.61,1616.98,0.0,63.34,0.87,42,0.0,24,0.0,18,0.0,0,0.0,57.14,0.0,2026-02-03,G,2,384.0
377,-11,Xterm,NO,1426.26,-2.32,1637.64,0.0,70.46,0.77,40,0.0,22,0.0,18,0.0,0,0.0,55.0,0.0,2026-05-20,G,10,167.0
378,-11,milanmar,-,1426.19,-1.81,1697.12,0.0,90.31,0.6,23,0.0,13,0.0,10,0.0,0,0.0,56.52,0.0,2026-03-27,-,0,662.0
379,-18,guppyfry,US,1426.15,-4.42,1534.94,-3.5,36.26,0.3,164,7.0,77,2.0,85,5.0,2,0.0,46.95,-0.82,2026-08-15,G,2,332.0
-,-,devilchn,-,1425.84,-1.5,1751.86,0.0,108.67,0.5,12,0.0,9,0.0,3,0.0,0,0.0,75.0,0.0,2025-05-16,-,0,496.0
380,-12,MrFigu,-,1425.83,-1.93,1680.07,0.0,84.75,0.64,26,0.0,16,0.0,9,0.0,1,0.0,61.54,0.0,2026-03-28,-,0,198.0
381,-38,haimke,-,1425.47,-16.52,1635.9,-25.68,70.14,-3.05,36,3.0,19,0.0,17,3.0,0,0.0,52.78,-4.8,2026-07-08,G,4,261.0
382,-11,Aruta,-,1424.81,-1.73,1708.17,0.0,94.45,0.58,17,0.0,11,0.0,6,0.0,0,0.0,64.71,0.0,2026-05-20,-,0,711.0
383,-13,GangwonTeacher,-,1424.61,-2.11,1657.89,0.0,77.76,0.7,34,0.0,21,0.0,13,0.0,0,0.0,61.76,0.0,2026-03-24,-,0,711.0
-,-,xyx,-,1424.33,-1.28,1807.1,0.0,127.59,0.43,15,0.0,14,0.0,1,0.0,0,0.0,93.33,0.0,2024-10-31,-,0,-
384,-15,Daniii,-,1424.0,-3.13,1581.44,0.0,52.48,1.04,70,0.0,36,0.0,34,0.0,0,0.0,51.43,0.0,2026-03-26,G,4,189.0
385,-12,Rumbleman,US,1423.59,-2.72,1604.69,0.0,60.37,0.91,44,0.0,22,0.0,22,0.0,0,0.0,50.0,0.0,2025-11-30,G,8,638.0
-,-,DukeAtreides,-,1423.58,-1.69,1713.7,0.0,96.71,0.56,23,0.0,15,0.0,8,0.0,0,0.0,65.22,0.0,2024-07-15,-,0,-
386,-40,M.T,-,1422.04,-18.35,1570.91,-24.82,49.62,-2.16,71,7.0,42,1.0,29,6.0,0,0.0,59.15,-4.91,2026-08-15,-,0,469.0
387,-13,nanoprince,-,1421.82,-2.47,1620.28,0.0,66.15,0.82,39,0.0,24,0.0,13,0.0,2,0.0,61.54,0.0,2026-05-20,-,0,382.0
-,-,DaemonCleaner,NO,1421.35,-2.42,1624.0,0.0,67.55,0.81,46,0.0,28,0.0,18,0.0,0,0.0,60.87,0.0,2024-10-31,-,0,-
388,-8,petki,-,1421.25,-1.32,1791.42,0.0,123.39,0.44,14,0.0,10,0.0,4,0.0,0,0.0,71.43,0.0,2026-02-05,-,0,-
-,-,SimTubez,AU,1420.93,-2.34,1632.06,0.0,70.38,0.78,45,0.0,26,0.0,19,0.0,0,0.0,57.78,0.0,2024-04-04,G,2,420.0
389,-11,WanderingWolf,AU,1420.89,-2.4,1625.7,0.0,68.27,0.8,42,0.0,19,0.0,22,0.0,1,0.0,45.24,0.0,2026-04-04,M,1,115.0
390,26,taltal,-,1420.23,20.96,1553.27,17.46,44.35,-1.17,92,7.0,50,4.0,42,3.0,0,0.0,54.35,0.23,2026-08-11,-,0,536.0
391,83,Bull3,-,1419.75,57.63,1646.7,18.93,75.65,-12.9,28,7.0,15,4.0,13,3.0,0,0.0,53.57,1.19,2026-08-24,-,0,805.0
392,-4,Michal_Kossakowski,-,1418.6,1.34,1554.12,-3.34,45.17,-1.56,86,7.0,45,3.0,39,4.0,2,0.0,52.33,-0.83,2026-08-10,-,0,416.0
-,-,FFAZ,HK,1418.48,-2.88,1592.6,0.0,58.04,0.96,62,0.0,34,0.0,28,0.0,0,0.0,54.84,0.0,2024-10-01,P,2,-
393,-11,mzotkiew,-,1418.38,-1.74,1699.32,0.0,93.65,0.58,20,0.0,13,0.0,7,0.0,0,0.0,65.0,0.0,2026-05-24,-,0,-
-,-,Z-man,-,1418.31,-1.23,1817.27,0.0,132.99,0.41,9,0.0,8,0.0,1,0.0,0,0.0,88.89,0.0,2025-03-26,-,0,805.0
-,-,Pat_the_Cat,-,1417.78,-1.69,1707.63,0.0,96.62,0.56,20,0.0,14,0.0,6,0.0,0,0.0,70.0,0.0,2024-08-11,-,0,-
394,-11,Darek79,-,1417.25,-2.51,1612.75,0.0,65.17,0.84,47,0.0,28,0.0,19,0.0,0,0.0,59.57,0.0,2026-03-26,-,0,922.0
395,-9,Shergar,GB,1416.96,-1.86,1680.18,0.0,87.74,0.62,20,0.0,11,0.0,9,0.0,0,0.0,55.0,0.0,2026-05-20,-,0,757.0
396,-9,danilius,IT,1416.38,-2.18,1641.49,0.0,75.04,0.73,34,0.0,19,0.0,14,0.0,1,0.0,55.88,0.0,2026-03-22,P,2,327.0
397,-21,MBlueMan,CA,1415.73,-7.81,1524.94,-7.0,36.41,0.27,189,7.0,93,2.0,92,5.0,4,0.0,49.21,-0.79,2026-08-13,-,0,463.0
-,-,VampireD,HK,1415.42,-1.99,1662.34,0.0,82.31,0.66,27,0.0,19,0.0,8,0.0,0,0.0,70.37,0.0,2025-05-16,-,0,219.0
-,-,Etherealz,CA,1415.38,-3.66,1550.33,0.0,44.98,1.22,135,0.0,64,0.0,71,0.0,0,0.0,47.41,0.0,2025-02-12,-,0,511.0
398,217,LordTheodore,-,1415.18,128.89,1764.06,40.13,116.29,-29.58,14,7.0,11,6.0,2,1.0,1,0.0,78.57,7.14,2026-08-31,-,0,-
-,-,Rivarama,-,1415.16,-2.26,1632.82,0.0,72.55,0.75,45,0.0,26,0.0,18,0.0,1,0.0,57.78,0.0,2023-11-15,G,2,-
-,-,AlbertoMariani91,-,1415.03,-1.44,1755.71,0.0,113.56,0.48,17,0.0,11,0.0,6,0.0,0,0.0,64.71,0.0,2023-04-16,G,2,-
-,-,Ronnan,-,1415.0,-1.6,1721.12,0.0,102.04,0.53,22,0.0,12,0.0,10,0.0,0,0.0,54.55,0.0,2023-04-16,P,2,-
-,-,Woodmouth,NO,1414.25,-2.09,1648.82,0.0,78.19,0.7,37,0.0,17,0.0,17,0.0,3,0.0,45.95,0.0,2023-11-15,-,0,-
399,-10,Hysen,GB,1413.91,-2.85,1586.79,0.0,57.63,0.95,61,0.0,37,0.0,24,0.0,0,0.0,60.66,0.0,2026-02-26,-,0,261.0
400,-9,Leeech,FI,1413.61,-1.75,1697.17,0.0,94.52,0.58,19,0.0,12,0.0,7,0.0,0,0.0,63.16,0.0,2026-05-16,-,0,805.0
401,-11,putih,-,1413.41,-2.0,1658.28,0.0,81.62,0.67,21,0.0,14,0.0,6,0.0,1,0.0,66.67,0.0,2026-05-13,-,0,1256.0
-,-,Fayebian,-,1413.04,-1.6,1719.92,0.0,102.29,0.53,17,0.0,9,0.0,8,0.0,0,0.0,52.94,0.0,2025-08-01,G,2,398.0
402,-10,Antigua,HU,1412.67,-1.65,1708.96,0.0,98.76,0.55,17,0.0,12,0.0,5,0.0,0,0.0,70.59,0.0,2026-03-28,-,0,757.0
-,-,jRune,-,1412.59,-1.81,1685.2,0.0,90.87,0.6,25,0.0,15,0.0,10,0.0,0,0.0,60.0,0.0,2024-08-11,P,6,327.0
403,-9,blackwave,CN,1411.27,-2.37,1618.41,0.0,69.05,0.79,35,0.0,23,0.0,12,0.0,0,0.0,65.71,0.0,2026-05-13,-,0,655.0
404,-9,sillysheep,HK,1410.81,-2.74,1591.05,0.0,60.08,0.91,59,0.0,31,0.0,28,0.0,0,0.0,52.54,0.0,2026-05-12,G,6,757.0
-,-,jzebra,US,1409.95,-1.71,1696.91,0.0,95.65,0.57,30,0.0,11,0.0,18,0.0,1,0.0,36.67,0.0,2023-11-15,P,12,-
405,-21,BirdOfPreyyy,RU,1409.67,-9.57,1531.34,-10.57,40.56,-0.33,125,6.0,69,2.0,56,4.0,0,0.0,55.2,-1.1,2026-08-09,-,0,210.0
-,-,EvilBen,GB,1409.17,-1.4,1759.95,0.0,116.93,0.47,17,0.0,12,0.0,5,0.0,0,0.0,70.59,0.0,2023-04-16,-,0,-
406,142,sergilicious,-,1408.95,89.72,1663.48,20.85,84.84,-22.96,23,7.0,15,4.0,8,3.0,0,0.0,65.22,-3.53,2026-08-13,-,0,-
407,-26,jonzewiespike,DE,1408.67,-13.3,1523.11,-13.55,38.15,-0.09,139,7.0,69,2.0,67,5.0,3,0.0,49.64,-1.12,2026-08-11,-,0,310.0
408,-12,justinkejs,-,1408.54,-3.27,1563.58,0.0,51.68,1.09,81,0.0,40,0.0,40,0.0,1,0.0,49.38,0.0,2026-05-27,G,6,805.0
409,-10,Mul,CA,1408.28,-2.94,1574.97,0.0,55.57,0.98,63,0.0,33,0.0,28,0.0,2,0.0,52.38,0.0,2026-03-31,-,0,319.0
410,-10,AxelKlaar,-,1408.12,-2.17,1634.01,0.0,75.3,0.72,30,0.0,17,0.0,13,0.0,0,0.0,56.67,0.0,2026-05-16,-,0,448.0
411,-10,FollowerOfCicero,-,1407.96,-1.27,1792.73,0.0,128.26,0.42,8,0.0,6,0.0,2,0.0,0,0.0,75.0,0.0,2026-04-07,-,0,-
412,-15,Jappa,NL,1407.58,-4.14,1526.88,0.0,39.77,1.38,159,0.0,77,0.0,81,0.0,1,0.0,48.43,0.0,2025-12-14,G,4,313.0
-,-,Donni,DE,1407.16,-3.4,1551.45,0.0,48.1,1.13,96,0.0,43,0.0,53,0.0,0,0.0,44.79,0.0,2025-05-21,-,0,253.0
413,-9,mowangfeng,-,1406.31,-1.54,1724.46,0.0,106.05,0.51,15,0.0,11,0.0,4,0.0,0,0.0,73.33,0.0,2026-03-27,-,0,1375.0
-,-,keizerCarel,-,1405.82,-1.3,1783.03,0.0,125.73,0.43,9,0.0,7,0.0,2,0.0,0,0.0,77.78,0.0,2025-03-20,-,0,684.0
414,14,martinxjames,-,1405.76,16.2,1541.49,11.64,45.24,-1.52,87,7.0,47,4.0,40,3.0,0,0.0,54.02,0.27,2026-08-13,-,0,336.0
415,new,nolucknoskill,-,1405.44,955.44,1776.0,276.0,123.52,123.52,8,8.0,8,8.0,0,0.0,0,0.0,100.0,100.0,2026-08-31,-,0,-
416,-14,JensIV,DE,1405.01,-3.44,1549.01,0.0,48.0,1.15,75,0.0,35,0.0,40,0.0,0,0.0,46.67,0.0,2026-05-19,G,1,158.0
417,-12,mria,-,1405.0,-1.21,1808.92,0.0,134.64,0.4,8,0.0,8,0.0,0,0.0,0,0.0,100.0,0.0,2026-02-28,-,0,-
418,217,Marabu8,-,1404.87,131.81,1738.39,29.34,111.17,-34.15,14,7.0,12,6.0,2,1.0,0,0.0,85.71,0.0,2026-08-13,-,0,-
419,-34,Mephist,LT,1404.78,-14.25,1526.06,-15.82,40.43,-0.52,112,7.0,51,1.0,61,6.0,0,0.0,45.54,-2.08,2026-08-18,-,0,241.0
420,-17,Cleveman,DE,1404.09,-4.33,1505.53,-2.21,33.81,0.71,241,7.0,110,4.0,128,3.0,3,0.0,45.64,0.34,2026-08-19,-,0,317.0
421,-8,hypodg,IT,1403.41,2.96,1522.6,2.73,39.73,-0.08,121,7.0,60,5.0,61,2.0,0,0.0,49.59,1.34,2026-08-21,-,0,359.0
-,-,Clue72,-,1402.71,-2.25,1621.56,0.0,72.95,0.75,42,0.0,26,0.0,16,0.0,0,0.0,61.9,0.0,2024-04-14,-,0,1421.0
-,-,Bulb,-,1402.68,-2.31,1614.98,0.0,70.77,0.77,43,0.0,26,0.0,17,0.0,0,0.0,60.47,0.0,2025-02-12,-,0,835.0
422,140,santhosh163,-,1402.59,86.92,1631.02,47.26,76.14,-13.22,27,7.0,14,4.0,13,3.0,0,0.0,51.85,1.85,2026-08-13,-,0,783.0
-,-,Balan,CN,1402.44,-1.53,1722.89,0.0,106.82,0.51,16,0.0,13,0.0,3,0.0,0,0.0,81.25,0.0,2025-08-13,-,0,1051.0
-,-,M-L-E,GR,1402.23,-1.85,1667.41,0.0,88.39,0.62,24,0.0,15,0.0,9,0.0,0,0.0,62.5,0.0,2025-05-04,-,0,572.0
423,-1,pdx,-,1401.71,9.15,1522.52,7.84,40.27,-0.43,119,7.0,66,4.0,53,3.0,0,0.0,55.46,0.1,2026-08-20,-,0,479.0
-,-,Naval,-,1401.7,-1.81,1672.39,0.0,90.23,0.6,23,0.0,16,0.0,7,0.0,0,0.0,69.57,0.0,2025-03-21,-,0,805.0
424,-18,FunkyLere,-,1401.58,-1.81,1671.85,0.0,90.09,0.6,22,0.0,11,0.0,8,0.0,3,0.0,50.0,0.0,2026-05-21,G,8,259.0
-,-,Ramonster,NL,1401.55,-1.89,1661.73,0.0,86.73,0.63,30,0.0,18,0.0,11,0.0,1,0.0,60.0,0.0,2024-08-11,-,0,-
-,-,Abenteurer86,-,1401.01,-1.5,1728.92,0.0,109.3,0.5,18,0.0,13,0.0,5,0.0,0,0.0,72.22,0.0,2024-04-04,-,0,-
-,-,JoyBoy,TH,1400.6,-1.67,1694.18,0.0,97.86,0.56,21,0.0,13,0.0,8,0.0,0,0.0,61.9,0.0,2024-07-01,G,4,-
425,-17,ABQ,HR,1400.59,-2.05,1640.18,0.0,79.86,0.68,32,0.0,20,0.0,12,0.0,0,0.0,62.5,0.0,2026-01-28,G,4,461.0
426,-72,joniboni,-,1400.07,-34.57,1553.25,-37.18,51.06,-0.87,73,7.0,43,3.0,30,4.0,0,0.0,58.9,-1.71,2026-08-13,-,0,786.0
427,8,Kejml,CZ,1399.85,16.19,1522.72,14.37,40.96,-0.6,124,7.0,60,5.0,61,2.0,3,0.0,48.39,1.38,2026-08-10,G,6,259.0
-,-,roodBF,-,1399.83,-1.44,1741.21,0.0,113.79,0.48,15,0.0,10,0.0,5,0.0,0,0.0,66.67,0.0,2023-07-18,-,0,-
428,-18,RoxasVen,IT,1398.88,-2.3,1612.01,0.0,71.04,0.77,40,0.0,24,0.0,16,0.0,0,0.0,60.0,0.0,2026-03-25,G,2,217.0
-,-,BureRF,-,1398.84,-3.13,1555.52,0.0,52.23,1.04,82,0.0,43,0.0,38,0.0,1,0.0,52.44,0.0,2025-05-14,-,0,687.0
429,-15,DarthVaderDLotS,-,1398.19,-1.88,1659.87,0.0,87.23,0.63,29,0.0,20,0.0,9,0.0,0,0.0,68.97,0.0,2026-04-01,M,2,277.0
430,-13,Darkriddler,-,1397.08,-1.46,1731.57,0.0,111.5,0.49,12,0.0,7,0.0,5,0.0,0,0.0,58.33,0.0,2026-05-18,-,0,-
-,-,Cyphen,US,1396.49,-1.41,1744.77,0.0,116.1,0.47,16,0.0,8,0.0,7,0.0,1,0.0,50.0,0.0,2022-03-01,GM,3,-
-,-,PTactician,-,1396.08,-2.29,1610.54,0.0,71.49,0.76,41,0.0,19,0.0,22,0.0,0,0.0,46.34,0.0,2023-11-15,G,6,-
431,-12,JoshyWiggins,GB,1394.91,1.57,1507.67,2.08,37.59,0.17,142,7.0,70,5.0,71,2.0,1,0.0,49.3,1.15,2026-08-10,G,4,346.0
432,-23,Quokka,FR,1394.1,-7.83,1513.69,-8.53,39.86,-0.23,145,6.0,72,2.0,72,4.0,1,0.0,49.66,-0.7,2026-08-14,-,0,614.0
-,-,Teraspena,FI,1393.07,-3.07,1553.97,0.0,53.63,1.02,73,0.0,39,0.0,34,0.0,0,0.0,53.42,0.0,2025-03-24,-,0,634.0
-,-,Dr.Ampelmann,-,1391.75,-2.02,1635.01,0.0,81.09,0.67,36,0.0,22,0.0,14,0.0,0,0.0,61.11,0.0,2023-11-15,-,0,-
433,-12,Spriteule,DE,1390.23,-2.42,1593.68,0.0,67.82,0.81,43,0.0,24,0.0,19,0.0,0,0.0,55.81,0.0,2026-02-04,-,0,872.0
434,-10,Fanti,-,1389.31,-2.14,1618.28,0.0,76.32,0.71,32,0.0,20,0.0,12,0.0,0,0.0,62.5,0.0,2026-03-21,-,0,-
-,-,Jans,PL,1389.11,-1.62,1690.65,0.0,100.52,0.54,20,0.0,12,0.0,8,0.0,0,0.0,60.0,0.0,2024-07-01,-,0,-
435,-15,TribunX,DE,1389.08,-3.84,1517.66,0.0,42.86,1.28,108,0.0,52,0.0,55,0.0,1,0.0,48.15,0.0,2026-02-27,-,0,286.0
436,-13,Attrill20,GB,1388.3,-3.96,1515.0,0.0,42.23,1.32,138,0.0,61,0.0,75,0.0,2,0.0,44.2,0.0,2026-03-25,-,0,329.0
-,-,rdztfidh,-,1387.66,-1.56,1701.69,0.0,104.68,0.52,22,0.0,13,0.0,9,0.0,0,0.0,59.09,0.0,2023-12-01,-,0,-
437,-25,DayWalker1337,-,1387.54,-13.15,1634.31,-26.56,82.26,-4.47,24,3.0,11,0.0,13,3.0,0,0.0,45.83,-6.55,2026-07-14,-,0,757.0
438,-13,DonRaphon,-,1387.22,-3.93,1513.67,0.0,42.15,1.31,121,0.0,57,0.0,63,0.0,1,0.0,47.11,0.0,2025-11-30,-,0,412.0
439,7,Prashanth,-,1386.67,9.52,1510.24,7.92,41.19,-0.53,109,7.0,62,4.0,46,3.0,1,0.0,56.88,0.02,2026-08-12,-,0,393.0
-,-,riccccc,-,1386.56,-2.0,1632.56,0.0,82.0,0.67,30,0.0,17,0.0,13,0.0,0,0.0,56.67,0.0,2025-03-24,G,2,659.0
440,-11,RiteInUrEye,CA,1386.4,-2.14,1615.22,0.0,76.27,0.71,29,0.0,15,0.0,12,0.0,2,0.0,51.72,0.0,2026-05-25,-,0,-
441,135,Technicolourism,CA,1386.35,77.47,1644.95,70.49,86.2,-2.33,24,3.0,12,2.0,12,1.0,0,0.0,50.0,2.38,2026-07-11,-,0,662.0
442,-16,Gabriele,IT,1386.1,-4.44,1496.48,0.0,36.79,1.48,212,0.0,109,0.0,102,0.0,1,0.0,51.42,0.0,2026-02-01,-,0,314.0
443,-5,kaeptnblaubaer,DE,1385.21,3.38,1491.96,5.27,35.58,0.63,210,7.0,114,5.0,96,2.0,0,0.0,54.29,0.6,2026-08-08,-,0,358.0
444,-17,matst379,SE,1385.14,-4.56,1495.56,0.0,36.81,1.52,189,0.0,106,0.0,83,0.0,0,0.0,56.08,0.0,2026-05-18,-,0,438.0
-,-,Runawaaayyy,CH,1384.13,-2.1,1618.03,0.0,77.96,0.7,42,0.0,24,0.0,18,0.0,0,0.0,57.14,0.0,2024-04-04,G,2,-
445,18,Legoman,CA,1382.83,15.6,1538.0,10.46,51.72,-1.71,61,6.0,30,4.0,31,2.0,0,0.0,49.18,1.91,2026-08-13,-,0,473.0
446,11,Cat12,CN,1382.63,10.58,1515.96,6.9,44.44,-1.23,100,7.0,49,4.0,51,3.0,0,0.0,49.0,0.61,2026-08-21,-,0,338.0
447,-14,Tandeta,PL,1382.58,-2.41,1586.09,0.0,67.84,0.8,36,0.0,22,0.0,14,0.0,0,0.0,61.11,0.0,2025-11-13,G,4,695.0
448,-16,Zaij,-,1382.35,-3.08,1542.4,0.0,53.35,1.03,78,0.0,34,0.0,43,0.0,1,0.0,43.59,0.0,2026-03-26,G,2,329.0
-,-,Ktung,-,1380.24,-1.02,1860.68,0.0,160.15,0.34,6,0.0,5,0.0,1,0.0,0,0.0,83.33,0.0,2023-04-16,M,5,-
449,26,Likas11,CZ,1380.0,18.7,1515.65,15.04,45.22,-1.22,94,7.0,49,5.0,44,2.0,1,0.0,52.13,1.56,2026-08-17,-,0,609.0
450,-5,Cristiancordeu,AR,1379.62,2.13,1486.68,3.22,35.69,0.36,208,7.0,111,4.0,95,3.0,2,0.0,53.37,0.14,2026-08-17,-,0,496.0
451,-15,LeoM,IT,1379.52,-2.94,1546.4,0.0,55.62,0.98,72,0.0,39,0.0,33,0.0,0,0.0,54.17,0.0,2026-03-24,-,0,245.0
452,-12,makoleon,-,1379.3,-1.12,1814.65,0.0,145.12,0.37,9,0.0,7,0.0,2,0.0,0,0.0,77.78,0.0,2026-03-23,-,0,-
-,-,barda,PT,1379.25,-2.38,1585.23,0.0,68.66,0.79,41,0.0,20,0.0,20,0.0,1,0.0,48.78,0.0,2025-02-12,-,0,638.0
-,-,gaitimes,-,1378.51,-1.74,1659.64,0.0,93.71,0.58,21,0.0,15,0.0,6,0.0,0,0.0,71.43,0.0,2025-02-15,-,0,783.0
453,-23,Arkadiussus,PL,1378.37,-8.92,1487.19,-8.22,36.27,0.23,171,7.0,77,2.0,92,4.0,2,1.0,45.03,-0.7,2026-08-17,-,0,269.0
454,140,docpain,-,1378.21,79.57,1644.82,12.56,88.87,-22.34,22,7.0,16,5.0,6,2.0,0,0.0,72.73,-0.6,2026-08-09,-,0,-
-,-,SaMatra,-,1378.12,-1.23,1776.26,0.0,132.71,0.41,12,0.0,9,0.0,3,0.0,0,0.0,75.0,0.0,2024-04-04,-,0,1278.0
455,-16,Taeveren,-,1378.06,-3.64,1514.31,0.0,45.42,1.21,89,0.0,44,0.0,44,0.0,1,0.0,49.44,0.0,2026-03-22,-,0,409.0
456,-3,BuWu,DE,1377.99,5.35,1515.35,1.56,45.79,-1.26,79,6.0,42,3.0,36,3.0,1,0.0,53.16,-0.26,2026-08-14,-,0,371.0
-,-,Pirigin,-,1377.96,-1.56,1694.08,0.0,105.38,0.52,21,0.0,13,0.0,6,0.0,2,0.0,61.9,0.0,2024-04-04,-,0,-
-,-,Krayze,GB,1377.74,-3.35,1528.98,0.0,50.41,1.12,95,0.0,56,0.0,36,0.0,3,0.0,58.95,0.0,2025-08-18,-,0,300.0
457,33,Depp,CA,1377.07,29.35,1566.56,8.75,63.16,-6.87,37,7.0,20,4.0,17,3.0,0,0.0,54.05,0.72,2026-08-10,-,0,1245.0
458,-17,noobgo,-,1377.05,-2.63,1564.6,0.0,62.52,0.88,59,0.0,29,0.0,30,0.0,0,0.0,49.15,0.0,2026-03-27,-,0,1287.0
-,-,MarryMeVlaada,-,1376.24,-1.27,1761.47,0.0,128.41,0.42,13,0.0,11,0.0,2,0.0,0,0.0,84.62,0.0,2023-12-03,-,0,-
459,-15,Borman,-,1376.19,-2.3,1591.28,0.0,71.7,0.77,39,0.0,23,0.0,15,0.0,1,0.0,58.97,0.0,2026-04-02,-,0,805.0
-,-,Traumatan,DE,1376.11,-1.72,1661.25,0.0,95.05,0.57,24,0.0,14,0.0,9,0.0,1,0.0,58.33,0.0,2024-07-01,-,0,1287.0
460,-29,tronnemann,NO,1375.49,-10.53,1485.85,-9.8,36.78,0.24,169,7.0,77,3.0,88,4.0,4,0.0,45.56,-0.12,2026-08-10,-,0,333.0
-,-,Scottrick,US,1375.24,-1.43,1717.41,0.0,114.06,0.48,14,0.0,10,0.0,4,0.0,0,0.0,71.43,0.0,2024-07-15,-,0,1429.0
461,-14,Radvan,SK,1375.02,-1.99,1620.57,0.0,81.85,0.66,25,0.0,14,0.0,11,0.0,0,0.0,56.0,0.0,2026-03-28,-,0,348.0
462,150,KidCanuck,-,1374.75,86.92,1624.43,30.22,83.23,-18.9,22,7.0,15,5.0,7,2.0,0,0.0,68.18,1.51,2026-08-14,-,0,-
463,123,FlyGon,-,1374.53,71.3,1566.46,50.46,63.98,-6.95,37,7.0,22,5.0,15,2.0,0,0.0,59.46,2.79,2026-08-16,-,0,1243.0
464,-30,maciek,PL,1374.38,-9.84,1477.87,-7.97,34.5,0.62,219,7.0,97,3.0,119,4.0,3,0.0,44.29,-0.05,2026-08-12,-,0,281.0
465,-16,pessen,-,1374.22,-1.87,1636.06,0.0,87.28,0.62,21,0.0,11,0.0,10,0.0,0,0.0,52.38,0.0,2026-03-23,-,0,549.0
466,-15,creamyalfredo,-,1374.21,-1.48,1705.53,0.0,110.44,0.49,13,0.0,11,0.0,2,0.0,0,0.0,84.62,0.0,2026-02-11,-,0,937.0
467,new,scaggi,-,1374.15,924.15,1788.86,288.86,138.24,138.24,8,8.0,8,8.0,0,0.0,0,0.0,100.0,100.0,2026-08-31,-,0,-
-,-,lukaszt,-,1374.08,-1.82,1644.95,0.0,90.29,0.61,28,0.0,15,0.0,13,0.0,0,0.0,53.57,0.0,2023-10-22,M,1,-
468,3,Hotti180,DE,1373.69,9.82,1613.61,-44.47,79.98,-18.1,28,7.0,13,2.0,14,5.0,1,0.0,46.43,-5.95,2026-08-20,-,0,-
469,-19,Voidray,-,1373.64,-2.16,1600.76,0.0,75.71,0.72,30,0.0,15,0.0,15,0.0,0,0.0,50.0,0.0,2026-05-24,-,0,872.0
470,-52,nattee,TH,1373.43,-21.85,1501.07,-23.37,42.54,-0.51,103,6.0,54,1.0,49,5.0,0,0.0,52.43,-2.21,2026-08-13,-,0,429.0
-,-,otis,-,1373.15,-1.44,1714.31,0.0,113.72,0.48,12,0.0,6,0.0,6,0.0,0,0.0,50.0,0.0,2025-05-04,-,0,578.0
-,-,Zulda,-,1373.07,-1.23,1770.13,0.0,132.35,0.41,12,0.0,8,0.0,4,0.0,0,0.0,66.67,0.0,2022-02-01,M,1,-
471,-34,Wennejoekel,NL,1373.04,-8.88,1501.28,-11.63,42.75,-0.92,101,7.0,54,2.0,46,5.0,1,0.0,53.47,-1.85,2026-08-22,G,2,381.0
-,-,Black8,-,1373.01,-1.36,1732.95,0.0,119.98,0.45,15,0.0,9,0.0,6,0.0,0,0.0,60.0,0.0,2024-04-04,-,0,-
472,137,wolfcub41,-,1372.86,84.33,1606.22,49.0,77.79,-11.78,25,6.0,16,5.0,9,1.0,0,0.0,64.0,6.11,2026-08-13,-,0,-
473,104,saZmer,-,1371.78,62.98,1613.54,31.97,80.59,-10.34,26,7.0,17,6.0,9,1.0,0,0.0,65.38,7.49,2026-08-19,-,0,-
-,-,SergioCamp,-,1371.02,-1.26,1759.96,0.0,129.65,0.42,10,0.0,6,0.0,4,0.0,0,0.0,60.0,0.0,2024-07-15,-,0,-
474,-12,Cooper,US,1371.0,3.04,1548.91,-12.96,59.3,-5.33,49,7.0,30,3.0,19,4.0,0,0.0,61.22,-3.07,2026-08-10,-,0,755.0
-,-,soonwoo,-,1370.88,-1.54,1689.52,0.0,106.21,0.51,15,0.0,11,0.0,3,0.0,1,0.0,73.33,0.0,2023-10-09,-,0,-
475,-20,Quasar_Enderas,-,1370.63,-1.64,1670.17,0.0,99.85,0.55,14,0.0,11,0.0,3,0.0,0,0.0,78.57,0.0,2026-05-13,-,0,-
476,-28,Kelern,-,1370.45,-6.56,1474.01,-5.16,34.52,0.47,222,7.0,97,2.0,122,5.0,3,0.0,43.69,-0.5,2026-08-10,-,0,357.0
477,-21,Tomtomparking,FR,1370.28,-1.8,1478.34,-1.06,36.02,0.25,215,7.0,97,3.0,117,4.0,1,0.0,45.12,-0.07,2026-08-16,-,0,308.0
478,-2,Bergen,NO,1370.08,9.19,1476.14,10.66,35.36,0.49,199,7.0,94,6.0,102,1.0,3,0.0,47.24,1.41,2026-08-10,G,6,386.0
479,-37,vbogoev,BG,1368.69,-10.85,1489.98,-12.02,40.43,-0.39,122,7.0,54,1.0,68,6.0,0,0.0,44.26,-1.83,2026-08-18,-,0,375.0
-,-,Rasmulde,-,1368.63,-1.28,1752.28,0.0,127.89,0.43,9,0.0,7,0.0,2,0.0,0,0.0,77.78,0.0,2024-07-01,P,8,-
480,-15,Gandy,-,1368.35,1.91,1507.34,-1.66,46.33,-1.19,86,6.0,47,3.0,39,3.0,0,0.0,54.65,-0.35,2026-08-16,-,0,555.0
-,-,Alnur,-,1368.26,-1.24,1763.48,0.0,131.74,0.41,10,0.0,7,0.0,3,0.0,0,0.0,70.0,0.0,2023-05-14,-,0,-
481,-22,Stefan665,-,1368.08,-1.76,1648.47,0.0,93.46,0.59,23,0.0,14,0.0,9,0.0,0,0.0,60.87,0.0,2026-03-26,-,0,1287.0
482,-22,Impr,-,1366.64,-2.67,1608.64,-39.04,80.67,-12.12,26,7.0,17,4.0,9,3.0,0,0.0,65.38,-3.04,2026-08-15,-,0,1381.0
-,-,Slavica,HR,1365.52,-2.4,1570.23,0.0,68.24,0.8,45,0.0,24,0.0,20,0.0,1,0.0,53.33,0.0,2025-03-20,-,0,595.0
-,-,TBC,-,1365.41,-1.41,1711.71,0.0,115.43,0.47,15,0.0,11,0.0,3,0.0,1,0.0,73.33,0.0,2024-08-11,-,0,-
483,-29,sms18004,-,1365.1,-7.35,1518.91,-15.29,51.27,-2.65,69,7.0,37,2.0,32,5.0,0,0.0,53.62,-2.83,2026-08-21,-,0,801.0
484,-15,RiRu,LV,1364.25,-0.58,1476.65,0.87,37.47,0.48,154,6.0,78,4.0,74,2.0,2,0.0,50.65,0.65,2026-08-11,-,0,331.0
485,15,t-k-421,US,1364.09,20.77,1475.28,21.58,37.06,0.27,162,7.0,85,5.0,76,2.0,1,0.0,52.47,0.86,2026-08-10,-,0,284.0
486,23,ShPini,-,1363.93,24.29,1566.32,-1.62,67.46,-8.64,33,7.0,19,4.0,14,3.0,0,0.0,57.58,-0.11,2026-08-08,-,0,-
-,-,lppl,-,1363.74,-1.44,1703.96,0.0,113.41,0.48,18,0.0,10,0.0,7,0.0,1,0.0,55.56,0.0,2023-03-01,-,0,-
487,-20,mezerrrrr,US,1363.64,-1.71,1650.92,0.0,95.76,0.57,18,0.0,9,0.0,9,0.0,0,0.0,50.0,0.0,2026-03-21,-,0,662.0
-,-,gigilamoroso,-,1363.49,-1.74,1650.01,0.0,95.51,0.58,25,0.0,13,0.0,12,0.0,0,0.0,52.0,0.0,2024-07-01,-,0,-
-,-,CPC_CHAIRMAN,-,1363.33,-1.73,1646.35,0.0,94.34,0.58,23,0.0,12,0.0,11,0.0,0,0.0,52.17,0.0,2024-07-15,-,0,-
488,85,HumusAmongUs,-,1362.62,52.33,1644.78,9.59,94.05,-14.25,22,7.0,16,6.0,6,1.0,0,0.0,72.73,6.06,2026-08-13,-,0,-
489,-23,HopeForLuck,DE,1362.55,-3.53,1503.07,0.0,46.84,1.18,96,0.0,47,0.0,47,0.0,2,0.0,48.96,0.0,2026-02-17,-,0,377.0
490,-7,TheElk,US,1361.99,8.0,1498.49,4.0,45.5,-1.33,86,7.0,41,3.0,45,4.0,0,0.0,47.67,-0.43,2026-08-17,-,0,289.0
491,-23,Desgenais,CZ,1361.88,-3.27,1513.08,0.0,50.4,1.09,72,0.0,38,0.0,33,0.0,1,0.0,52.78,0.0,2026-03-25,-,0,388.0
492,-22,Loveschack,DK,1361.55,-2.99,1526.45,0.0,54.97,1.0,64,0.0,33,0.0,31,0.0,0,0.0,51.56,0.0,2025-12-13,-,0,310.0
-,-,Covfefe,US,1361.33,-1.62,1664.0,0.0,100.89,0.54,24,0.0,7,0.0,15,0.0,2,0.0,29.17,0.0,2023-11-15,GM,2,-
-,-,NicolBolas,-,1360.93,-1.45,1699.75,0.0,112.94,0.48,13,0.0,10,0.0,3,0.0,0,0.0,76.92,0.0,2024-10-31,-,0,-
493,138,saiggo16,ES,1360.89,85.81,1563.06,58.92,67.39,-8.96,38,7.0,22,5.0,16,2.0,0,0.0,57.89,3.05,2026-08-10,-,0,-
-,-,Octavian,US,1360.79,-1.79,1634.93,0.0,91.38,0.6,26,0.0,16,0.0,10,0.0,0,0.0,61.54,0.0,2025-05-08,M,1,375.0
494,43,Michcio,-,1360.1,34.22,1552.91,12.46,64.27,-7.25,37,7.0,21,4.0,16,3.0,0,0.0,56.76,0.09,2026-08-12,-,0,1241.0
-,-,HealingAura,-,1360.01,-1.57,1672.17,0.0,104.05,0.52,15,0.0,7,0.0,8,0.0,0,0.0,46.67,0.0,2025-03-30,-,0,757.0
495,-23,KEIL,PL,1359.45,-3.53,1500.49,0.0,47.01,1.18,109,0.0,51,0.0,58,0.0,0,0.0,46.79,0.0,2026-03-28,-,0,541.0
496,-23,Peperinni,-,1359.4,-2.98,1524.62,0.0,55.07,0.99,60,0.0,32,0.0,28,0.0,0,0.0,53.33,0.0,2026-01-31,-,0,910.0
497,-36,Pshemo,-,1358.42,-10.17,1493.14,-13.96,44.91,-1.26,90,7.0,44,2.0,44,4.0,2,1.0,48.89,-1.71,2026-08-15,-,0,305.0
498,-145,snakilan,-,1357.82,-77.47,1620.1,-146.43,87.43,-22.99,26,7.0,15,1.0,10,6.0,1,0.0,57.69,-15.99,2026-08-25,-,0,-
499,-35,Herdeksunek,CZ,1357.59,-9.07,1473.41,-7.84,38.61,0.41,142,6.0,67,1.0,75,5.0,0,0.0,47.18,-1.35,2026-08-13,-,0,362.0
500,-22,exender,-,1356.82,-1.6,1663.73,0.0,102.3,0.53,17,0.0,10,0.0,7,0.0,0,0.0,58.82,0.0,2026-03-26,-,0,872.0
501,-49,Kaczas,PL,1356.78,-16.46,1472.42,-16.72,38.55,-0.09,151,7.0,67,1.0,84,6.0,0,0.0,44.37,-1.46,2026-08-13,-,0,536.0
502,43,SirDaan,-,1355.8,34.26,1645.79,-52.44,96.66,-28.9,20,7.0,14,4.0,6,3.0,0,0.0,70.0,-6.92,2026-08-20,-,0,-
-,-,Stobek,-,1355.42,-1.65,1653.55,0.0,99.38,0.55,24,0.0,13,0.0,11,0.0,0,0.0,54.17,0.0,2024-04-04,-,0,-
-,-,maumastoks,LT,1355.41,-2.19,1579.33,0.0,74.64,0.73,39,0.0,21,0.0,17,0.0,1,0.0,53.85,0.0,2025-03-20,G,2,711.0
-,-,TrilceAC,ES,1353.88,-1.89,1613.02,0.0,86.38,0.63,33,0.0,11,0.0,22,0.0,0,0.0,33.33,0.0,2023-11-15,P,2,448.0
503,-22,LordPeter,-,1353.22,-3.08,1512.53,0.0,53.1,1.03,67,0.0,28,0.0,39,0.0,0,0.0,41.79,0.0,2026-01-27,G,8,204.0
-,-,MoonlitShadow,-,1352.48,-2.62,1539.57,0.0,62.36,0.87,45,0.0,22,0.0,21,0.0,2,0.0,48.89,0.0,2025-08-16,-,0,237.0
504,-20,Maximus1992,-,1352.18,-1.6,1657.67,0.0,101.83,0.53,16,0.0,11,0.0,5,0.0,0,0.0,68.75,0.0,2026-05-31,-,0,-
505,100,Pudroe,-,1351.73,61.13,1566.1,29.77,71.46,-10.45,27,7.0,14,4.0,13,3.0,0,0.0,51.85,1.85,2026-08-20,-,0,1259.0
506,-24,Durloc,US,1351.16,-2.86,1522.96,0.0,57.27,0.95,51,0.0,24,0.0,27,0.0,0,0.0,47.06,0.0,2026-05-17,-,0,345.0
507,unretired,Darkksun,-,1351.03,113.91,1642.85,40.27,97.27,-24.55,21,7.0,14,6.0,7,1.0,0,0.0,66.67,9.53,2026-08-12,-,0,-
508,-23,JJsDad,-,1350.76,-1.66,1646.75,0.0,98.66,0.55,15,0.0,9,0.0,6,0.0,0,0.0,60.0,0.0,2026-03-21,-,0,989.0
-,-,Xsn,PL,1349.34,-1.7,1637.04,0.0,95.9,0.57,26,0.0,20,0.0,6,0.0,0,0.0,76.92,0.0,2025-02-17,-,0,640.0
509,-5,Agnsild,NO,1349.17,7.13,1543.79,-16.08,64.87,-7.74,42,7.0,19,2.0,23,5.0,0,0.0,45.24,-3.33,2026-08-08,-,0,269.0
510,-18,Bizniouf,-,1349.14,2.45,1479.12,-0.5,43.33,-0.98,90,7.0,47,3.0,43,4.0,0,0.0,52.22,-0.79,2026-08-21,-,0,451.0
511,-31,Cresspahl,US,1349.05,-7.7,1471.18,-9.18,40.71,-0.49,106,7.0,46,1.0,59,5.0,1,1.0,43.4,-2.05,2026-08-10,-,0,355.0
-,-,zhenshide,-,1348.71,-1.02,1829.96,0.0,160.41,0.34,7,0.0,7,0.0,0,0.0,0,0.0,100.0,0.0,2024-09-01,-,0,-
512,3,AdumbusPrime,CA,1347.83,10.58,1506.43,3.15,52.87,-2.48,62,7.0,34,5.0,28,2.0,0,0.0,54.84,2.11,2026-08-10,-,0,527.0
513,-25,Paolol65,FR,1347.42,-1.2,1754.83,0.0,135.8,0.4,8,0.0,6,0.0,2,0.0,0,0.0,75.0,0.0,2026-03-26,-,0,1271.0
514,-9,CloneFish,NL,1346.92,5.24,1453.11,6.87,35.4,0.54,206,7.0,96,5.0,108,2.0,2,0.0,46.6,0.87,2026-08-11,-,0,338.0
515,-36,Rasputin,-,1346.87,-10.43,1452.22,-8.73,35.12,0.57,209,7.0,90,1.0,119,6.0,0,0.0,43.06,-1.0,2026-08-20,-,0,403.0
-,-,jaggl,-,1346.72,-1.54,1664.94,0.0,106.08,0.51,15,0.0,9,0.0,6,0.0,0,0.0,60.0,0.0,2025-02-10,P,2,757.0
-,-,dougthonus,US,1346.5,-2.24,1565.29,0.0,72.93,0.75,43,0.0,21,0.0,21,0.0,1,0.0,48.84,0.0,2023-11-15,G,6,362.0
516,-29,Puren94,-,1346.43,-2.73,1526.54,0.0,60.04,0.91,59,0.0,30,0.0,29,0.0,0,0.0,50.85,0.0,2026-04-01,-,0,1287.0
517,-28,Giledon,-,1346.16,-1.62,1647.91,0.0,100.58,0.54,18,0.0,11,0.0,7,0.0,0,0.0,61.11,0.0,2026-03-29,-,0,729.0
518,-32,MarekP,CZ,1345.81,-3.74,1478.07,0.0,44.09,1.25,112,0.0,50,0.0,62,0.0,0,0.0,44.64,0.0,2026-03-30,G,6,423.0
519,-28,firlefanzer,-,1344.98,-2.06,1478.0,-5.23,44.34,-1.06,92,7.0,42,2.0,49,5.0,1,0.0,45.65,-1.41,2026-08-20,-,0,414.0
520,-19,humanmoves,-,1344.46,1.54,1484.15,-3.57,46.57,-1.71,85,7.0,42,3.0,43,4.0,0,0.0,49.41,-0.59,2026-08-09,-,0,454.0
521,-28,boonio88,PL,1344.02,-1.96,1593.96,0.0,83.31,0.65,21,0.0,11,0.0,10,0.0,0,0.0,52.38,0.0,2026-05-18,-,0,939.0
522,29,TheYoungDutch,US,1343.38,24.78,1469.23,22.93,41.95,-0.62,129,7.0,61,5.0,67,2.0,1,0.0,47.29,1.39,2026-08-15,-,0,640.0
523,-28,MattM,-,1343.27,-1.93,1597.41,0.0,84.72,0.64,27,0.0,13,0.0,13,0.0,1,0.0,48.15,0.0,2026-03-23,-,0,1245.0
524,-28,PyBel,ES,1342.87,-2.31,1555.3,0.0,70.81,0.77,45,0.0,24,0.0,21,0.0,0,0.0,53.33,0.0,2026-03-22,G,2,729.0
-,-,nauxuyuh,-,1342.68,-1.24,1738.2,0.0,131.84,0.41,12,0.0,7,0.0,5,0.0,0,0.0,58.33,0.0,2022-02-01,-,0,-
525,-31,sergraim,-,1342.4,-3.34,1490.26,0.0,49.29,1.11,120,0.0,42,0.0,76,0.0,2,0.0,35.0,0.0,2026-01-30,-,0,334.0
526,-28,paradigm72,-,1342.26,-1.38,1696.52,0.0,118.09,0.46,11,0.0,6,0.0,5,0.0,0,0.0,54.55,0.0,2026-05-31,-,0,-
527,-28,chobodrone,-,1342.18,-1.31,1715.76,0.0,124.53,0.44,9,0.0,6,0.0,3,0.0,0,0.0,66.67,0.0,2026-03-25,-,0,-
528,-31,FunkcniPC,-,1342.09,-2.43,1544.07,0.0,67.33,0.81,42,0.0,23,0.0,19,0.0,0,0.0,54.76,0.0,2026-05-19,-,0,872.0
-,-,KindFortress,-,1340.81,-2.17,1566.85,0.0,75.34,0.72,37,0.0,20,0.0,17,0.0,0,0.0,54.05,0.0,2024-08-11,-,0,1287.0
-,-,Masterchief,-,1340.81,-2.58,1530.82,0.0,63.34,0.86,48,0.0,28,0.0,20,0.0,0,0.0,58.33,0.0,2025-08-16,-,0,644.0
529,14,Dubz,-,1340.75,18.55,1478.14,15.64,45.8,-0.97,95,7.0,48,6.0,47,1.0,0,0.0,50.53,2.8,2026-08-17,-,0,602.0
530,-4,comant,RU,1340.57,7.49,1445.38,9.91,34.94,0.81,231,6.0,99,5.0,131,1.0,1,0.0,42.86,1.08,2026-08-09,-,0,267.0
-,-,leverid,-,1340.31,-1.21,1743.76,0.0,134.48,0.4,12,0.0,8,0.0,4,0.0,0,0.0,66.67,0.0,2022-02-01,-,0,-
531,-28,Bromios,US,1340.11,-2.37,1547.92,0.0,69.27,0.79,38,0.0,20,0.0,18,0.0,0,0.0,52.63,0.0,2026-03-27,-,0,989.0
532,-30,EnozamaIV,DE,1339.76,-3.12,1472.52,-5.86,44.25,-0.91,88,6.0,45,2.0,41,4.0,2,0.0,51.14,-1.3,2026-08-04,-,0,369.0
-,-,Charcutero,-,1339.64,-2.95,1507.0,0.0,55.79,0.98,78,0.0,37,0.0,39,0.0,2,0.0,47.44,0.0,2024-10-31,-,0,-
533,-25,chefung,-,1339.32,-1.85,1447.73,-1.06,36.14,0.26,188,7.0,83,3.0,105,4.0,0,0.0,44.15,-0.05,2026-08-15,-,0,303.0
-,-,dim,-,1338.9,-2.14,1568.22,0.0,76.44,0.71,33,0.0,19,0.0,14,0.0,0,0.0,57.58,0.0,2025-02-13,-,0,842.0
534,-28,Twistor,FI,1338.8,-2.6,1528.22,0.0,63.14,0.87,41,0.0,26,0.0,15,0.0,0,0.0,63.41,0.0,2026-04-07,-,0,679.0
535,44,LJSHUEN,-,1338.68,30.66,1602.56,12.82,87.96,-5.95,22,3.0,10,1.0,12,2.0,0,0.0,45.45,-1.92,2026-07-14,-,0,662.0
536,-18,Csannerud,NO,1338.65,2.32,1444.71,4.17,35.36,0.62,201,7.0,101,5.0,97,2.0,3,0.0,50.25,0.77,2026-08-10,-,0,394.0
537,-14,Proteus,-,1338.49,4.82,1478.31,0.25,46.61,-1.52,82,7.0,36,3.0,46,4.0,0,0.0,43.9,-0.1,2026-08-12,-,0,426.0
-,-,layze23,US,1338.35,-2.67,1523.12,0.0,61.59,0.89,63,0.0,37,0.0,26,0.0,0,0.0,58.73,0.0,2024-04-04,-,0,-
538,6,Jochabeth,-,1337.09,15.34,1481.91,10.19,48.27,-1.72,76,7.0,37,5.0,39,2.0,0,0.0,48.68,2.3,2026-08-21,-,0,452.0
539,-28,KMMAL,-,1337.03,-1.42,1682.65,0.0,115.21,0.47,13,0.0,10,0.0,3,0.0,0,0.0,76.92,0.0,2026-02-13,-,0,-
540,-30,Nevic,-,1336.15,-3.15,1492.7,0.0,52.18,1.05,75,0.0,35,0.0,39,0.0,1,0.0,46.67,0.0,2025-11-14,G,2,499.0
-,-,Rockoccodrillo,-,1335.98,-2.86,1508.71,0.0,57.58,0.95,73,0.0,39,0.0,34,0.0,0,0.0,53.42,0.0,2025-03-22,-,0,859.0
-,-,Ranior,US,1335.81,-1.23,1734.59,0.0,132.93,0.41,8,0.0,6,0.0,2,0.0,0,0.0,75.0,0.0,2025-03-24,-,0,872.0
541,-28,Kristin,-,1335.77,-2.06,1573.23,0.0,79.15,0.69,29,0.0,15,0.0,14,0.0,0,0.0,51.72,0.0,2026-05-25,-,0,578.0
542,-30,sttailtw,-,1334.87,-3.21,1488.33,0.0,51.15,1.07,73,0.0,34,0.0,39,0.0,0,0.0,46.58,0.0,2026-03-29,-,0,419.0
543,-66,Amitke,IL,1334.45,-25.95,1519.93,-39.74,61.82,-4.59,48,7.0,25,3.0,23,4.0,0,0.0,52.08,-1.58,2026-08-09,-,0,-
545,-38,mikemast,-,1334.01,-7.37,1480.96,-12.62,48.98,-1.75,75,7.0,36,1.0,39,6.0,0,0.0,48.0,-3.47,2026-08-17,-,0,488.0
544,-28,methak,FR,1334.01,-3.19,1488.99,0.0,51.66,1.06,74,0.0,38,0.0,36,0.0,0,0.0,51.35,0.0,2026-03-25,-,0,622.0
-,-,Nucrus,-,1333.96,-1.25,1727.12,0.0,131.05,0.42,11,0.0,7,0.0,4,0.0,0,0.0,63.64,0.0,2024-07-01,-,0,-
546,-5,petrau77,FI,1333.47,10.35,1437.79,12.0,34.77,0.55,205,7.0,95,4.0,108,3.0,2,0.0,46.34,0.38,2026-08-12,P,2,365.0
547,-27,broskiumenyiora,US,1332.8,-2.59,1522.71,0.0,63.3,0.86,53,0.0,24,0.0,28,0.0,1,0.0,45.28,0.0,2026-03-26,-,0,697.0
-,-,homura,-,1332.58,-1.14,1760.01,0.0,142.48,0.38,9,0.0,7,0.0,2,0.0,0,0.0,77.78,0.0,2023-04-16,-,0,-
548,-31,Boardello,GB,1332.53,-4.37,1445.83,0.0,37.77,1.46,175,0.0,83,0.0,91,0.0,1,0.0,47.43,0.0,2026-02-17,-,0,432.0
549,-27,BadEagle,-,1332.31,-1.6,1639.47,0.0,102.39,0.53,14,0.0,9,0.0,5,0.0,0,0.0,64.29,0.0,2026-03-30,-,0,1118.0
-,-,Luckcats,FR,1332.31,-1.17,1751.82,0.0,139.84,0.39,8,0.0,6,0.0,2,0.0,0,0.0,75.0,0.0,2023-08-18,-,0,-
550,-31,boogy5,LT,1332.25,-3.36,1480.24,0.0,49.33,1.12,82,0.0,39,0.0,43,0.0,0,0.0,47.56,0.0,2025-12-10,-,0,473.0
551,-30,Noash,US,1331.63,-2.67,1515.25,0.0,61.21,0.89,57,0.0,30,0.0,27,0.0,0,0.0,52.63,0.0,2026-02-03,-,0,611.0
552,-28,redyredy123,-,1330.73,-2.71,1512.86,0.0,60.71,0.9,44,0.0,15,0.0,28,0.0,1,0.0,34.09,0.0,2026-05-26,-,0,635.0
-,-,Maciej,-,1329.66,-1.99,1576.09,0.0,82.14,0.66,33,0.0,24,0.0,9,0.0,0,0.0,72.73,0.0,2024-04-04,-,0,-
553,-28,Melon6688,CA,1329.32,-4.04,1453.13,0.0,41.27,1.35,152,0.0,78,0.0,69,0.0,5,0.0,51.32,0.0,2026-03-27,-,0,742.0
554,-25,Ratsia,FI,1328.96,-2.92,1497.52,0.0,56.18,0.97,63,0.0,35,0.0,27,0.0,1,0.0,55.56,0.0,2026-01-30,-,0,802.0
555,-27,Evron,-,1328.92,-3.1,1488.1,0.0,53.06,1.03,70,0.0,37,0.0,33,0.0,0,0.0,52.86,0.0,2025-11-30,-,0,677.0
556,-24,Kvist,DK,1328.53,-1.54,1646.88,0.0,106.12,0.51,15,0.0,9,0.0,5,0.0,1,0.0,60.0,0.0,2026-01-29,-,0,1287.0
557,-27,Sergeeeee,GB,1328.07,-3.67,1463.62,0.0,45.18,1.22,104,0.0,42,0.0,62,0.0,0,0.0,40.38,0.0,2026-03-28,G,2,234.0
558,-25,Azerbaperro,-,1328.06,-1.55,1643.69,0.0,105.21,0.52,13,0.0,8,0.0,5,0.0,0,0.0,61.54,0.0,2026-03-28,-,0,989.0
559,5,baggioka,HU,1327.42,12.35,1444.59,11.79,39.06,-0.19,152,7.0,79,5.0,71,2.0,2,0.0,51.97,0.94,2026-08-15,-,0,420.0
-,-,Giga,IT,1327.38,-1.18,1741.36,0.0,137.99,0.39,10,0.0,7,0.0,3,0.0,0,0.0,70.0,0.0,2023-03-01,G,4,-
560,-29,alittlehorse,-,1327.35,-2.95,1495.33,0.0,55.99,0.98,57,0.0,30,0.0,26,0.0,1,0.0,52.63,0.0,2026-05-16,-,0,593.0
561,45,Tomy_hexaper,-,1326.8,36.24,1671.8,-20.07,115.0,-18.77,13,6.0,11,5.0,2,1.0,0,0.0,84.62,-1.09,2026-08-09,-,0,-
562,-5,chris223,-,1326.38,9.78,1437.13,10.3,36.92,0.17,161,7.0,75,5.0,84,2.0,2,0.0,46.58,1.13,2026-08-12,-,0,505.0
563,-29,JamesH,GR,1326.12,-1.94,1578.96,0.0,84.28,0.65,25,0.0,14,0.0,11,0.0,0,0.0,56.0,0.0,2026-03-26,-,0,805.0
564,-50,andykr,GB,1324.58,-13.15,1446.87,-13.57,40.76,-0.14,115,6.0,56,2.0,58,4.0,1,0.0,48.7,-0.84,2026-08-11,-,0,442.0
-,-,Psynergist,-,1323.8,-1.09,1771.81,0.0,149.34,0.36,8,0.0,6,0.0,2,0.0,0,0.0,75.0,0.0,2024-04-04,-,0,-
565,-30,Torneedo,-,1323.15,-4.03,1445.24,0.0,40.69,1.34,155,0.0,78,0.0,75,0.0,2,0.0,50.32,0.0,2026-03-25,-,0,922.0
566,1,Lammoth,DE,1322.7,8.38,1427.78,9.93,35.02,0.51,202,7.0,92,5.0,106,2.0,4,0.0,45.54,0.92,2026-08-13,-,0,423.0
-,-,Hunty93,US,1322.39,-1.24,1716.26,0.0,131.29,0.41,12,0.0,7,0.0,5,0.0,0,0.0,58.33,0.0,2022-02-01,M,3,1245.0
567,-25,Kuti,-,1321.71,-1.36,1681.24,0.0,119.84,0.45,11,0.0,8,0.0,3,0.0,0,0.0,72.73,0.0,2026-01-30,-,0,1067.0
568,-29,kuzmich,US,1321.59,-3.02,1485.75,0.0,54.72,1.01,66,0.0,32,0.0,34,0.0,0,0.0,48.48,0.0,2026-03-23,G,4,520.0
-,-,CrushU,-,1320.74,-1.65,1617.83,0.0,99.03,0.55,19,0.0,12,0.0,7,0.0,0,0.0,63.16,0.0,2024-08-11,G,2,-
569,-3,Bookhouseboy,NO,1320.19,5.41,1438.74,5.84,39.52,0.14,153,7.0,71,6.0,81,1.0,1,0.0,46.41,1.89,2026-08-12,-,0,456.0
570,-24,Skatanic,-,1319.76,-1.61,1623.44,0.0,101.23,0.54,17,0.0,11,0.0,6,0.0,0,0.0,64.71,0.0,2026-03-25,-,0,872.0
571,-33,Ioannis3,GR,1319.24,-5.38,1423.16,-3.95,34.64,0.48,219,7.0,88,3.0,128,4.0,3,0.0,40.18,0.09,2026-08-15,-,0,342.0
-,-,HentaiLover69,US,1318.34,-1.43,1659.95,0.0,113.87,0.48,12,0.0,7,0.0,5,0.0,0,0.0,58.33,0.0,2024-07-15,-,0,910.0
572,-25,Selya,-,1318.3,-2.08,1553.9,0.0,78.54,0.69,27,0.0,14,0.0,13,0.0,0,0.0,51.85,0.0,2026-05-17,-,0,426.0
573,-10,SeanHandley,-,1317.51,1.9,1458.76,-3.3,47.08,-1.73,84,7.0,41,3.0,41,4.0,2,0.0,48.81,-0.54,2026-08-11,-,0,494.0
574,-20,OM_Para,-,1316.23,-1.47,1649.8,0.0,111.19,0.49,14,0.0,10,0.0,4,0.0,0,0.0,71.43,0.0,2026-03-21,-,0,1118.0
575,-26,Schedar,-,1315.84,-3.17,1472.14,0.0,52.1,1.06,92,0.0,43,0.0,49,0.0,0,0.0,46.74,0.0,2026-02-04,-,0,836.0
576,-21,Tototrillion,DE,1315.67,-1.84,1583.57,0.0,89.3,0.61,22,0.0,9,0.0,13,0.0,0,0.0,40.91,0.0,2026-05-27,-,0,480.0
577,-7,Tyrtaios,DE,1315.42,2.47,1495.11,-10.8,59.9,-4.42,54,7.0,32,4.0,22,3.0,0,0.0,59.26,-0.31,2026-08-15,-,0,505.0
578,-19,wrx666,-,1315.36,-0.97,1818.13,0.0,167.59,0.32,6,0.0,5,0.0,1,0.0,0,0.0,83.33,0.0,2026-02-05,-,0,-
579,-39,EugeneB,-,1315.25,-8.02,1456.16,-13.35,46.97,-1.78,83,7.0,41,2.0,42,5.0,0,0.0,49.4,-1.92,2026-08-08,-,0,529.0
580,-28,migoet,BE,1315.15,-3.32,1420.12,-1.77,34.99,0.52,209,7.0,88,3.0,121,4.0,0,0.0,42.11,0.03,2026-08-11,-,0,378.0
581,-31,seviech,-,1314.97,-3.76,1446.48,0.0,43.84,1.25,117,0.0,50,0.0,65,0.0,2,0.0,42.74,0.0,2026-02-02,-,0,406.0
582,-24,Minik,-,1314.74,-1.8,1588.0,0.0,91.09,0.6,18,0.0,10,0.0,8,0.0,0,0.0,55.56,0.0,2026-03-21,-,0,872.0
583,-11,Ekdezel,-,1314.36,3.83,1418.91,5.66,34.85,0.61,208,7.0,106,5.0,100,2.0,2,0.0,50.96,0.71,2026-08-16,-,0,429.0
584,-24,DadboBaggins,US,1313.94,-2.0,1558.79,0.0,81.62,0.67,30,0.0,14,0.0,16,0.0,0,0.0,46.67,0.0,2026-03-26,G,3,178.0
-,-,Torzelan,-,1313.55,-1.16,1735.57,0.0,140.67,0.39,9,0.0,6,0.0,3,0.0,0,0.0,66.67,0.0,2023-04-16,-,0,-
585,3,LeBonus,CA,1313.35,10.42,1450.24,6.51,45.63,-1.3,90,7.0,43,3.0,45,4.0,2,0.0,47.78,-0.41,2026-08-12,-,0,622.0
-,-,PatLes5Couronnes,-,1313.16,-1.47,1646.55,0.0,111.13,0.49,12,0.0,7,0.0,5,0.0,0,0.0,58.33,0.0,2025-05-10,-,0,578.0
586,5,sodalppargkppakee,-,1313.12,11.59,1453.87,8.65,46.92,-0.98,81,6.0,38,4.0,42,2.0,1,0.0,46.91,1.58,2026-08-20,-,0,422.0
587,-19,joecackler,-,1312.96,-0.14,1489.41,-14.85,58.82,-4.91,47,7.0,27,2.0,20,5.0,0,0.0,57.45,-5.05,2026-08-13,-,0,868.0
-,-,laozhang,-,1311.71,-2.34,1522.08,0.0,70.12,0.78,45,0.0,16,0.0,27,0.0,2,0.0,35.56,0.0,2023-11-15,G,2,-
588,-19,LordHomeOffice,DE,1311.63,-1.37,1668.26,0.0,118.88,0.46,13,0.0,8,0.0,5,0.0,0,0.0,61.54,0.0,2026-03-26,G,2,576.0
-,-,ssacz,PL,1311.5,-2.76,1489.72,0.0,59.41,0.92,68,0.0,37,0.0,31,0.0,0,0.0,54.41,0.0,2024-04-14,-,0,-
589,-4,SKJaCaRD,FR,1311.07,7.15,1453.1,1.75,47.34,-1.8,84,7.0,41,3.0,43,4.0,0,0.0,48.81,-0.54,2026-08-17,-,0,432.0
590,-34,Captn4wesome,DE,1310.39,-6.55,1465.99,-14.39,51.87,-2.61,69,7.0,39,3.0,30,4.0,0,0.0,56.52,-1.54,2026-08-15,-,0,387.0
591,117,Victory7,CA,1310.12,77.1,1523.1,48.09,71.0,-9.67,33,7.0,23,6.0,10,1.0,0,0.0,69.7,4.32,2026-08-11,-,0,872.0
592,31,Kivok,-,1309.58,29.26,1560.96,-13.07,83.79,-14.11,23,7.0,15,5.0,8,2.0,0,0.0,65.22,2.72,2026-08-16,-,0,-
593,-28,Bathman,CL,1309.36,-5.55,1436.46,-6.44,42.37,-0.3,101,7.0,49,1.0,50,6.0,2,0.0,48.51,-2.55,2026-08-15,-,0,412.0
594,-41,Gubbstyv,-,1308.94,-9.34,1529.86,-43.46,73.64,-11.37,27,7.0,14,1.0,13,6.0,0,0.0,51.85,-13.15,2026-08-14,-,0,-
595,-20,DonutRapist,-,1308.46,-1.53,1628.82,0.0,106.79,0.51,15,0.0,9,0.0,6,0.0,0,0.0,60.0,0.0,2026-01-31,-,0,729.0
-,-,Enas,-,1308.07,-2.32,1519.89,0.0,70.61,0.77,36,0.0,17,0.0,19,0.0,0,0.0,47.22,0.0,2025-03-19,-,0,836.0
596,-25,Diogenes,AU,1307.32,-5.42,1425.3,-6.15,39.33,-0.24,150,7.0,63,2.0,86,5.0,1,0.0,42.0,-0.66,2026-08-19,-,0,326.0
597,93,pavelceska,-,1307.2,64.41,1507.71,40.7,66.84,-7.9,32,7.0,18,5.0,14,2.0,0,0.0,56.25,4.25,2026-08-15,-,0,1372.0
598,10,brumynut,AU,1306.77,16.75,1429.87,15.98,41.03,-0.26,112,6.0,53,5.0,58,1.0,1,0.0,47.32,2.04,2026-08-15,-,0,459.0
599,-15,Imiter,PL,1306.11,1.43,1429.84,0.83,41.24,-0.2,125,7.0,47,4.0,77,3.0,1,0.0,37.6,1.16,2026-08-11,-,0,522.0
600,-22,Frygian,-,1306.04,-2.38,1512.54,0.0,68.83,0.79,38,0.0,20,0.0,18,0.0,0,0.0,52.63,0.0,2026-02-09,-,0,562.0
601,-40,Largos,-,1305.99,-9.74,1417.33,-8.83,37.11,0.3,168,7.0,78,4.0,89,3.0,1,0.0,46.43,0.47,2026-08-11,-,0,480.0
602,27,Wiktor,-,1305.93,30.44,1445.3,25.76,46.46,-1.56,84,7.0,41,6.0,43,1.0,0,0.0,48.81,3.36,2026-08-16,-,0,414.0
603,-23,extrmn8r,-,1305.91,-1.77,1583.23,0.0,92.44,0.59,18,0.0,9,0.0,8,0.0,1,0.0,50.0,0.0,2026-05-26,-,0,805.0
-,-,Vandal,-,1305.69,-1.53,1626.39,0.0,106.9,0.51,17,0.0,9,0.0,8,0.0,0,0.0,52.94,0.0,2024-07-01,-,0,-
604,-23,SuperHans,-,1305.59,-1.88,1566.5,0.0,86.97,0.63,26,0.0,13,0.0,12,0.0,1,0.0,50.0,0.0,2026-03-27,-,0,589.0
605,-23,larshb,DK,1305.42,-1.94,1557.28,0.0,83.95,0.65,26,0.0,12,0.0,14,0.0,0,0.0,46.15,0.0,2026-03-28,G,2,372.0
606,-14,OrionAlpha,-,1304.97,3.84,1409.45,5.36,34.83,0.51,236,7.0,101,4.0,132,3.0,3,0.0,42.8,0.44,2026-08-15,-,0,512.0
-,-,HLDM,-,1304.83,-1.21,1708.3,0.0,134.49,0.4,9,0.0,6,0.0,3,0.0,0,0.0,66.67,0.0,2024-07-01,-,0,-
-,-,Serena,AT,1304.56,-2.41,1508.02,0.0,67.82,0.8,39,0.0,19,0.0,20,0.0,0,0.0,48.72,0.0,2025-03-26,-,0,621.0
607,-24,Arinmir,DE,1304.45,-2.02,1547.96,0.0,81.17,0.67,30,0.0,13,0.0,17,0.0,0,0.0,43.33,0.0,2026-02-01,G,4,989.0
-,-,Olivier000,FR,1304.03,-1.7,1592.62,0.0,96.2,0.57,23,0.0,12,0.0,10,0.0,1,0.0,52.17,0.0,2025-01-30,-,0,805.0
-,-,steve10716,-,1303.7,-1.29,1683.51,0.0,126.6,0.43,12,0.0,8,0.0,4,0.0,0,0.0,66.67,0.0,2023-06-06,P,6,-
608,195,Sirkopczyk,-,1303.53,132.23,1554.19,70.85,83.56,-20.46,22,7.0,13,5.0,9,2.0,0,0.0,59.09,5.76,2026-08-10,-,0,-
-,-,Backburner,LB,1302.9,-1.14,1731.91,0.0,143.0,0.38,9,0.0,6,0.0,3,0.0,0,0.0,66.67,0.0,2024-04-04,-,0,-
-,-,dulbbong,-,1302.47,-1.31,1677.77,0.0,125.1,0.44,12,0.0,7,0.0,5,0.0,0,0.0,58.33,0.0,2024-12-09,-,0,989.0
-,-,Serenicus,-,1302.16,-1.52,1625.37,0.0,107.74,0.51,17,0.0,10,0.0,7,0.0,0,0.0,58.82,0.0,2025-03-28,-,0,872.0
-,-,Allmrak,-,1302.16,-0.95,1816.89,0.0,171.58,0.32,7,0.0,3,0.0,4,0.0,0,0.0,42.86,0.0,2024-08-11,-,0,-
609,-22,Canifex,-,1301.88,-1.29,1682.73,0.0,126.95,0.43,11,0.0,8,0.0,3,0.0,0,0.0,72.73,0.0,2026-05-20,-,0,-
-,-,Barnstormer,-,1301.35,-1.51,1624.95,0.0,107.87,0.5,17,0.0,8,0.0,9,0.0,0,0.0,47.06,0.0,2024-07-01,-,0,-
610,-21,Buiz,DK,1300.34,-2.39,1505.86,0.0,68.51,0.8,45,0.0,24,0.0,21,0.0,0,0.0,53.33,0.0,2026-02-04,-,0,788.0
611,35,etJake,US,1299.13,34.11,1440.23,29.66,47.03,-1.48,79,7.0,37,6.0,42,1.0,0,0.0,46.84,3.78,2026-08-20,-,0,578.0
-,-,borostar,-,1298.91,-1.29,1679.02,0.0,126.7,0.43,12,0.0,7,0.0,5,0.0,0,0.0,58.33,0.0,2023-06-06,-,0,1388.0
612,-22,Carbon14,-,1298.22,-3.62,1433.54,0.0,45.1,1.21,107,0.0,46,0.0,60,0.0,1,0.0,42.99,0.0,2025-11-30,-,0,361.0
-,-,edan92,-,1297.78,-1.03,1771.81,0.0,158.01,0.34,8,0.0,6,0.0,2,0.0,0,0.0,75.0,0.0,2022-01-01,M,4,-
-,-,mikykcul,-,1297.78,-1.03,1771.81,0.0,158.01,0.34,8,0.0,6,0.0,2,0.0,0,0.0,75.0,0.0,2022-01-01,-,0,-
-,-,langer,-,1297.78,-1.03,1771.81,0.0,158.01,0.34,8,0.0,6,0.0,2,0.0,0,0.0,75.0,0.0,2022-01-01,-,0,-
613,-20,RobertdeSable,-,1296.39,-2.87,1468.85,0.0,57.48,0.96,69,0.0,37,0.0,32,0.0,0,0.0,53.62,0.0,2025-11-30,G,6,565.0
614,-40,luigino71,IT,1295.78,-14.39,1402.74,-13.32,35.65,0.36,194,7.0,84,2.0,109,5.0,1,0.0,43.3,-0.55,2026-08-16,-,0,334.0
615,175,tue2k,-,1295.26,115.38,1548.91,55.8,84.55,-19.86,22,7.0,13,4.0,8,2.0,1,1.0,59.09,-0.91,2026-08-10,-,0,-
-,-,Khar,CZ,1294.85,-2.34,1506.75,0.0,70.64,0.78,48,0.0,20,0.0,28,0.0,0,0.0,41.67,0.0,2023-11-07,-,0,-
-,-,King.I.T.North,-,1293.88,-1.66,1589.22,0.0,98.45,0.55,17,0.0,9,0.0,8,0.0,0,0.0,52.94,0.0,2025-09-01,-,0,865.0
616,-18,MrTriangle,-,1293.72,-0.86,1864.5,0.0,190.26,0.29,5,0.0,3,0.0,2,0.0,0,0.0,60.0,0.0,2025-09-18,-,0,-
617,-21,Fleepa0,ES,1293.61,-2.65,1481.81,0.0,62.73,0.88,61,0.0,25,0.0,32,0.0,4,0.0,40.98,0.0,2026-02-07,-,0,316.0
618,-8,icepick_mn,-,1293.08,4.65,1436.79,1.2,47.9,-1.15,79,6.0,37,3.0,42,3.0,0,0.0,46.84,0.26,2026-08-11,-,0,635.0
-,-,Kenvi,PL,1293.04,-3.31,1445.02,0.0,50.66,1.1,94,0.0,43,0.0,49,0.0,2,0.0,45.74,0.0,2024-10-01,-,0,-
619,-20,ZioKhan,IT,1292.9,-0.78,1396.67,0.97,34.59,0.58,227,7.0,94,4.0,130,3.0,3,0.0,41.41,0.5,2026-08-18,-,0,378.0
-,-,DGMvado,-,1292.5,-1.64,1591.05,0.0,99.52,0.55,22,0.0,11,0.0,11,0.0,0,0.0,50.0,0.0,2024-07-01,-,0,-
620,-25,mahawirasd,ID,1292.34,-4.34,1408.91,0.0,38.86,1.45,177,0.0,85,0.0,91,0.0,1,0.0,48.02,0.0,2025-12-05,-,0,435.0
621,-24,MarcoM,-,1291.93,-3.3,1430.99,-6.74,46.35,-1.14,87,6.0,40,3.0,46,3.0,1,0.0,45.98,0.3,2026-08-17,-,0,504.0
622,-22,IVE,-,1291.64,-1.86,1556.25,0.0,88.2,0.62,21,0.0,9,0.0,12,0.0,0,0.0,42.86,0.0,2026-03-26,-,0,480.0
-,-,chen.,CN,1291.17,-1.98,1538.31,0.0,82.38,0.66,27,0.0,15,0.0,11,0.0,1,0.0,55.56,0.0,2025-02-12,-,0,720.0
-,-,YSun,-,1290.74,-1.35,1653.29,0.0,120.85,0.45,12,0.0,7,0.0,4,0.0,1,0.0,58.33,0.0,2024-04-04,-,0,-
623,-21,Ricicle,-,1290.73,-2.1,1525.45,0.0,78.24,0.7,34,0.0,17,0.0,17,0.0,0,0.0,50.0,0.0,2026-02-06,P,4,442.0
624,-21,ClaudiusMaurelius,-,1290.7,-1.25,1681.16,0.0,130.15,0.42,8,0.0,5,0.0,3,0.0,0,0.0,62.5,0.0,2026-03-22,-,0,-
-,-,al_boev,RU,1290.61,-1.43,1632.54,0.0,113.97,0.48,13,0.0,9,0.0,4,0.0,0,0.0,69.23,0.0,2024-10-31,-,0,-
-,-,bigbigfanta,-,1290.24,-1.25,1681.31,0.0,130.36,0.42,12,0.0,7,0.0,5,0.0,0,0.0,58.33,0.0,2022-02-01,-,0,-
625,-24,woodabooga,-,1289.9,-3.36,1437.06,0.0,49.05,1.12,81,0.0,33,0.0,48,0.0,0,0.0,40.74,0.0,2026-05-27,-,0,543.0
-,-,buste,-,1289.74,-1.46,1624.69,0.0,111.65,0.49,17,0.0,8,0.0,8,0.0,1,0.0,47.06,0.0,2023-04-16,G,14,-
-,-,MastermindZeta,-,1288.42,-1.36,1648.19,0.0,119.93,0.45,18,0.0,9,0.0,9,0.0,0,0.0,50.0,0.0,2023-03-01,-,0,-
626,-15,javimb89,ES,1288.38,0.25,1396.11,1.95,35.91,0.57,188,7.0,91,2.0,95,5.0,2,0.0,48.4,-0.77,2026-08-17,-,0,446.0
-,-,Biancus,IT,1287.78,-1.66,1582.34,0.0,98.19,0.55,21,0.0,12,0.0,9,0.0,0,0.0,57.14,0.0,2025-03-27,-,0,805.0
-,-,Finglove,-,1287.77,-1.32,1659.04,0.0,123.76,0.44,14,0.0,9,0.0,5,0.0,0,0.0,64.29,0.0,2024-04-04,G,2,-
627,-20,Jolli,-,1287.53,-2.65,1474.61,0.0,62.36,0.88,56,0.0,28,0.0,27,0.0,1,0.0,50.0,0.0,2026-02-01,-,0,500.0
-,-,Medicus,-,1286.27,-2.09,1520.58,0.0,78.11,0.7,34,0.0,16,0.0,18,0.0,0,0.0,47.06,0.0,2025-02-06,-,0,939.0
628,-14,rizor,-,1286.2,-1.45,1623.53,0.0,112.44,0.48,15,0.0,10,0.0,5,0.0,0,0.0,66.67,0.0,2026-03-21,-,0,989.0
629,-16,Bedrich_H,-,1286.15,-1.57,1598.27,0.0,104.04,0.52,18,0.0,10,0.0,8,0.0,0,0.0,55.56,0.0,2026-02-10,-,0,602.0
-,-,deleted_user_9275835,-,1285.93,-1.1,1729.77,0.0,147.95,0.37,7,0.0,7,0.0,0,0.0,0,0.0,100.0,0.0,2024-10-31,-,0,1287.0
-,-,Tyristan,-,1285.85,-1.65,1583.03,0.0,99.06,0.55,19,0.0,11,0.0,8,0.0,0,0.0,57.89,0.0,2024-08-11,-,0,1388.0
-,-,Metz63,-,1285.74,-1.65,1582.97,0.0,99.07,0.55,22,0.0,11,0.0,11,0.0,0,0.0,50.0,0.0,2025-01-29,-,0,939.0
630,new,Vanillehahn,-,1285.1,835.1,1689.0,189.0,134.63,134.63,7,7.0,6,6.0,1,1.0,0,0.0,85.71,85.71,2026-08-11,-,0,-
631,-14,RDavy,-,1285.01,-1.19,1697.81,0.0,137.6,0.4,7,0.0,6,0.0,1,0.0,0,0.0,85.71,0.0,2026-02-11,-,0,-
-,-,sorpy,KR,1284.76,-2.36,1493.23,0.0,69.49,0.79,42,0.0,21,0.0,21,0.0,0,0.0,50.0,0.0,2025-03-24,-,0,794.0
632,2,redantx,-,1283.93,10.5,1426.26,5.41,47.44,-1.7,81,7.0,41,4.0,40,3.0,0,0.0,50.62,0.62,2026-08-09,-,0,598.0
633,-14,vansmith3555,-,1283.69,-1.12,1721.99,0.0,146.1,0.37,9,0.0,7,0.0,2,0.0,0,0.0,77.78,0.0,2026-03-29,-,0,-
634,-16,GerwinW,-,1283.67,-2.14,1512.66,0.0,76.33,0.71,36,0.0,23,0.0,13,0.0,0,0.0,63.89,0.0,2026-02-05,-,0,700.0
-,-,skanadron,-,1283.4,-1.02,1761.7,0.0,159.43,0.34,8,0.0,6,0.0,2,0.0,0,0.0,75.0,0.0,2022-01-01,-,0,-
635,-14,kzzzzzz_watch,-,1282.45,-1.58,1592.38,0.0,103.31,0.53,15,0.0,10,0.0,5,0.0,0,0.0,66.67,0.0,2026-05-13,-,0,-
-,-,zabergau,-,1282.28,-1.02,1760.23,0.0,159.32,0.34,8,0.0,6,0.0,2,0.0,0,0.0,75.0,0.0,2022-01-01,-,0,-
-,-,flaminghito,-,1281.92,-1.56,1594.88,0.0,104.32,0.52,20,0.0,9,0.0,11,0.0,0,0.0,45.0,0.0,2023-07-18,P,8,913.0
-,-,BedrockLP,-,1281.84,-1.24,1677.62,0.0,131.93,0.41,12,0.0,9,0.0,3,0.0,0,0.0,75.0,0.0,2024-04-04,-,0,-
-,-,rasattack,-,1281.55,-1.24,1676.47,0.0,131.64,0.41,9,0.0,6,0.0,3,0.0,0,0.0,66.67,0.0,2024-04-04,-,0,-
-,-,ConorS,US,1281.5,-1.88,1541.93,0.0,86.81,0.63,27,0.0,18,0.0,9,0.0,0,0.0,66.67,0.0,2024-04-04,-,0,-
-,-,satur,-,1280.83,-1.1,1724.35,0.0,147.84,0.37,6,0.0,4,0.0,2,0.0,0,0.0,66.67,0.0,2024-04-04,-,0,-
-,-,BoB94,-,1280.5,-1.26,1667.67,0.0,129.06,0.42,9,0.0,5,0.0,3,0.0,1,0.0,55.56,0.0,2024-07-01,-,0,-
636,12,luckrider,DE,1280.37,16.0,1408.56,14.48,42.73,-0.51,120,7.0,58,5.0,62,2.0,0,0.0,48.33,1.43,2026-08-21,-,0,432.0
637,-15,Sapiocek,-,1280.26,-3.11,1438.75,0.0,52.83,1.04,92,0.0,42,0.0,50,0.0,0,0.0,45.65,0.0,2026-02-04,G,2,796.0
-,-,JakubUhlir,CZ,1279.03,-3.39,1427.98,0.0,49.65,1.13,107,0.0,48,0.0,58,0.0,1,0.0,44.86,0.0,2024-10-01,-,0,-
-,-,tongtong,-,1277.73,-1.59,1586.29,0.0,102.85,0.53,17,0.0,9,0.0,8,0.0,0,0.0,52.94,0.0,2025-01-28,-,0,1118.0
638,-14,opatulony,PL,1277.52,-2.18,1502.1,0.0,74.86,0.73,38,0.0,17,0.0,21,0.0,0,0.0,44.74,0.0,2026-02-05,-,0,368.0
-,-,gpeter63,-,1277.36,-1.28,1659.54,0.0,127.39,0.43,13,0.0,8,0.0,5,0.0,0,0.0,61.54,0.0,2024-04-04,-,0,-
640,-20,Froggy42,DE,1276.49,-7.98,1380.77,-6.42,34.76,0.52,209,7.0,91,2.0,115,5.0,3,0.0,43.54,-0.52,2026-08-15,-,0,527.0
639,12,IpaStian,NO,1276.49,13.16,1416.84,9.69,46.78,-1.16,88,6.0,37,3.0,51,3.0,0,0.0,42.05,0.59,2026-08-16,-,0,487.0
641,3,Polldrake,-,1276.39,10.28,1415.78,6.11,46.46,-1.39,86,7.0,42,4.0,43,3.0,1,0.0,48.84,0.74,2026-08-17,-,0,485.0
642,-17,sorecats,ID,1275.55,-3.26,1427.43,0.0,50.63,1.09,74,0.0,32,0.0,40,0.0,2,0.0,43.24,0.0,2026-02-06,-,0,552.0
643,-15,AntoineBx,FR,1275.34,-2.0,1520.78,0.0,81.81,0.67,22,0.0,13,0.0,9,0.0,0,0.0,59.09,0.0,2026-03-28,-,0,794.0
644,-18,Joppur,SE,1275.31,-3.27,1427.02,0.0,50.57,1.09,89,0.0,37,0.0,52,0.0,0,0.0,41.57,0.0,2025-11-16,-,0,396.0
645,-18,DayWeed,-,1274.99,-2.66,1459.89,0.0,61.63,0.89,51,0.0,29,0.0,21,0.0,1,0.0,56.86,0.0,2026-05-15,-,0,620.0
-,-,LMH,-,1274.77,-1.19,1687.57,0.0,137.6,0.4,8,0.0,6,0.0,2,0.0,0,0.0,75.0,0.0,2025-03-20,-,0,939.0
646,new,Rudiz,-,1273.9,823.9,1698.8,198.8,141.63,141.63,6,6.0,5,5.0,1,1.0,0,0.0,83.33,83.33,2026-08-11,-,0,-
647,-17,TAOxEagle,US,1273.19,-2.16,1500.19,0.0,75.67,0.72,37,0.0,16,0.0,21,0.0,0,0.0,43.24,0.0,2026-03-27,-,0,662.0
648,-16,SvenSvift,AT,1273.16,-1.51,1597.95,0.0,108.26,0.5,14,0.0,8,0.0,6,0.0,0,0.0,57.14,0.0,2026-02-04,-,0,757.0
-,-,Fingerzam,-,1272.87,-1.41,1621.06,0.0,116.06,0.47,12,0.0,7,0.0,5,0.0,0,0.0,58.33,0.0,2024-07-01,-,0,-
649,-45,tiffelvet,-,1272.43,-18.48,1416.4,-23.46,47.99,-1.66,84,7.0,43,2.0,40,5.0,1,0.0,51.19,-2.06,2026-08-16,-,0,560.0
650,-17,Aekk,-,1272.39,-1.3,1649.14,0.0,125.59,0.43,8,0.0,4,0.0,4,0.0,0,0.0,50.0,0.0,2026-03-23,-,0,-
-,-,LinhVu,-,1271.68,-2.06,1509.72,0.0,79.35,0.69,38,0.0,20,0.0,18,0.0,0,0.0,52.63,0.0,2025-01-28,-,0,989.0
651,-35,Mockingbird5,GB,1270.61,-15.64,1392.3,-15.76,40.56,-0.04,125,6.0,55,1.0,70,5.0,0,0.0,44.0,-1.38,2026-08-16,-,0,411.0
-,-,Ayakonutty,-,1270.12,-2.37,1477.67,0.0,69.18,0.79,40,0.0,21,0.0,19,0.0,0,0.0,52.5,0.0,2025-05-25,-,0,780.0
-,-,lzzyl,-,1269.9,-1.01,1752.84,0.0,160.98,0.34,8,0.0,6,0.0,2,0.0,0,0.0,75.0,0.0,2022-01-01,-,0,-
-,-,Valsim,-,1267.7,-1.6,1573.81,0.0,102.04,0.53,18,0.0,10,0.0,8,0.0,0,0.0,55.56,0.0,2025-03-22,-,0,939.0
-,-,K1N9,-,1267.2,-1.46,1602.18,0.0,111.66,0.49,12,0.0,6,0.0,6,0.0,0,0.0,50.0,0.0,2025-05-07,-,0,729.0
652,-15,yhw,-,1266.87,-1.93,1521.01,0.0,84.71,0.64,25,0.0,14,0.0,11,0.0,0,0.0,56.0,0.0,2026-03-27,-,0,939.0
-,-,FSY,-,1266.55,-1.62,1569.42,0.0,100.96,0.54,16,0.0,11,0.0,5,0.0,0,0.0,68.75,0.0,2025-07-19,-,0,1063.0
654,-13,Scipio1126,US,1265.96,-1.41,1612.69,0.0,115.58,0.47,12,0.0,7,0.0,5,0.0,0,0.0,58.33,0.0,2025-12-17,-,0,805.0
653,-14,Medgar,-,1265.96,-1.82,1535.83,0.0,89.96,0.61,24,0.0,14,0.0,10,0.0,0,0.0,58.33,0.0,2026-03-22,-,0,398.0
655,-13,Lamont_Gu,-,1265.85,-1.29,1644.15,0.0,126.1,0.43,9,0.0,6,0.0,3,0.0,0,0.0,66.67,0.0,2026-03-25,-,0,-
656,43,Netrom,-,1265.54,29.19,1411.67,23.14,48.71,-2.02,78,7.0,35,5.0,42,2.0,1,0.0,44.87,2.62,2026-08-10,-,0,389.0
657,-17,LukeHeinz57,-,1265.53,-1.96,1516.08,0.0,83.52,0.65,28,0.0,14,0.0,14,0.0,0,0.0,50.0,0.0,2026-05-31,-,0,-
658,-20,Chrono_,-,1265.45,-2.98,1430.2,0.0,54.92,0.99,66,0.0,29,0.0,37,0.0,0,0.0,43.94,0.0,2026-01-29,-,0,534.0
-,-,Tshemmp,DE,1265.34,-2.13,1495.92,0.0,76.86,0.71,33,0.0,18,0.0,15,0.0,0,0.0,54.55,0.0,2024-08-11,-,0,-
659,new,Caligulala,-,1264.6,814.6,1658.26,158.26,131.22,131.22,7,7.0,6,6.0,1,1.0,0,0.0,85.71,85.71,2026-08-15,-,0,-
660,-13,GregoryD,PL,1262.62,-1.89,1522.78,0.0,86.72,0.63,26,0.0,13,0.0,13,0.0,0,0.0,50.0,0.0,2026-01-31,P,2,522.0
-,-,Ruudi,FI,1262.6,-1.44,1602.75,0.0,113.38,0.48,12,0.0,7,0.0,5,0.0,0,0.0,58.33,0.0,2025-05-03,-,0,686.0
661,-11,Adysian,-,1262.26,-1.64,1560.82,0.0,99.52,0.55,16,0.0,10,0.0,6,0.0,0,0.0,62.5,0.0,2026-05-23,-,0,-
-,-,Pripek,FR,1262.09,-1.51,1585.81,0.0,107.91,0.5,18,0.0,8,0.0,9,0.0,1,0.0,44.44,0.0,2024-04-04,-,0,-
-,-,TheBiggerE,-,1260.68,-1.05,1726.85,0.0,155.39,0.35,8,0.0,5,0.0,3,0.0,0,0.0,62.5,0.0,2022-01-01,-,0,-
-,-,Royalhawk,-,1260.47,-1.66,1555.03,0.0,98.18,0.55,19,0.0,9,0.0,10,0.0,0,0.0,47.37,0.0,2025-03-25,-,0,872.0
662,-13,Purplegoo,-,1260.33,-3.66,1374.24,-3.24,37.97,0.14,185,7.0,72,3.0,112,4.0,1,0.0,38.92,0.16,2026-08-12,-,0,389.0
663,-11,Smilzo,-,1260.27,-1.55,1577.08,0.0,105.6,0.52,15,0.0,7,0.0,8,0.0,0,0.0,46.67,0.0,2026-05-14,-,0,989.0
-,-,ElDiabloAzul,US,1259.82,-1.86,1523.79,0.0,87.99,0.62,28,0.0,13,0.0,14,0.0,1,0.0,46.43,0.0,2024-04-04,-,0,-
664,-11,Hashlerka,-,1259.22,-2.05,1498.44,0.0,79.74,0.68,31,0.0,15,0.0,16,0.0,0,0.0,48.39,0.0,2026-01-30,-,0,653.0
665,-11,Numsy71,-,1258.92,-1.83,1527.11,0.0,89.4,0.61,22,0.0,12,0.0,10,0.0,0,0.0,54.55,0.0,2026-02-03,-,0,717.0
666,-11,NozoEli,-,1258.45,-1.69,1549.1,0.0,96.88,0.56,19,0.0,11,0.0,8,0.0,0,0.0,57.89,0.0,2026-03-23,-,0,-
-,-,HavardG,-,1258.29,-1.51,1582.71,0.0,108.14,0.5,15,0.0,7,0.0,7,0.0,1,0.0,46.67,0.0,2024-07-01,-,0,-
667,-10,Daru,PL,1258.29,-1.65,1555.87,0.0,99.19,0.55,20,0.0,14,0.0,6,0.0,0,0.0,70.0,0.0,2026-02-04,-,0,751.0
-,-,Diaz,-,1257.92,-1.27,1642.95,0.0,128.34,0.42,9,0.0,5,0.0,4,0.0,0,0.0,55.56,0.0,2024-07-01,-,0,-
668,-32,KubikD,-,1257.62,-12.05,1396.27,-15.26,46.22,-1.07,85,6.0,38,1.0,47,5.0,0,0.0,44.71,-2.13,2026-08-02,-,0,529.0
669,-13,Adrianobf,BR,1257.52,-2.61,1446.66,0.0,63.05,0.87,49,0.0,19,0.0,30,0.0,0,0.0,38.78,0.0,2026-01-30,-,0,514.0
670,-10,DrWhom,-,1256.24,-1.99,1502.72,0.0,82.16,0.66,21,0.0,10,0.0,11,0.0,0,0.0,47.62,0.0,2026-05-20,-,0,1178.0
671,-135,Conzi,-,1256.23,-70.35,1476.17,-109.8,73.31,-13.15,27,7.0,13,0.0,14,7.0,0,0.0,48.15,-16.85,2026-08-10,-,0,-
672,-11,StarLakeGuy,-,1256.05,-1.74,1537.68,0.0,93.88,0.58,17,0.0,9,0.0,8,0.0,0,0.0,52.94,0.0,2026-03-26,-,0,805.0
673,-15,Dumnac,FR,1255.78,-2.71,1438.47,0.0,60.9,0.9,48,0.0,23,0.0,24,0.0,1,0.0,47.92,0.0,2025-11-30,-,0,611.0
674,-11,NoelFerrer,-,1255.65,-1.34,1621.21,0.0,121.85,0.45,9,0.0,5,0.0,4,0.0,0,0.0,55.56,0.0,2026-03-21,-,0,-
675,11,Asperins,LV,1255.29,10.73,1381.48,9.18,42.06,-0.52,112,7.0,51,3.0,61,4.0,0,0.0,45.54,-0.17,2026-08-10,-,0,469.0
676,5,akira215,US,1255.02,4.81,1363.93,5.57,36.3,0.25,191,7.0,87,4.0,103,3.0,1,0.0,45.55,0.44,2026-08-16,-,0,457.0
-,-,Guylikikipoile,-,1254.21,-1.11,1696.93,0.0,147.58,0.37,9,0.0,7,0.0,2,0.0,0,0.0,77.78,0.0,2024-04-04,-,0,-
677,-12,Ralf-TtA,DE,1253.75,-2.56,1446.73,0.0,64.32,0.85,54,0.0,19,0.0,34,0.0,1,0.0,35.19,0.0,2026-05-29,G,4,314.0
-,-,Radorf,-,1253.57,-1.83,1521.19,0.0,89.21,0.61,24,0.0,9,0.0,15,0.0,0,0.0,37.5,0.0,2023-11-15,M,1,-
678,-10,spaceport,-,1253.07,-2.01,1497.43,0.0,81.45,0.67,29,0.0,13,0.0,16,0.0,0,0.0,44.83,0.0,2026-03-25,-,0,444.0
679,-15,powerbigoud,-,1252.26,-4.29,1369.57,0.0,39.1,1.43,146,0.0,60,0.0,85,0.0,1,0.0,41.1,0.0,2026-05-20,-,0,469.0
680,-9,traskmania,-,1252.04,-1.6,1557.6,0.0,101.85,0.53,18,0.0,9,0.0,9,0.0,0,0.0,50.0,0.0,2026-01-30,-,0,989.0
681,-12,Kozzilla,-,1251.95,-3.1,1410.36,0.0,52.8,1.03,65,0.0,30,0.0,34,0.0,1,0.0,46.15,0.0,2026-02-21,-,0,670.0
682,-9,spdwhat,-,1251.79,-1.37,1607.8,0.0,118.67,0.46,9,0.0,6,0.0,3,0.0,0,0.0,66.67,0.0,2026-03-27,-,0,-
-,-,Tuty,SK,1251.69,-1.52,1576.63,0.0,108.31,0.51,26,0.0,10,0.0,16,0.0,0,0.0,38.46,0.0,2024-04-04,-,0,652.0
-,-,Reinuvader,HU,1251.59,-1.39,1605.43,0.0,117.95,0.46,13,0.0,8,0.0,5,0.0,0,0.0,61.54,0.0,2024-07-01,-,0,1388.0
683,new,tjreasoner,-,1251.17,801.17,1655.07,155.07,134.63,134.63,7,7.0,6,6.0,1,1.0,0,0.0,85.71,85.71,2026-08-12,-,0,-
684,new,ecec,-,1250.91,800.91,1653.79,153.79,134.29,134.29,7,7.0,6,6.0,1,1.0,0,0.0,85.71,85.71,2026-08-13,-,0,-
-,-,Luthenoor,-,1250.68,-1.24,1645.39,0.0,131.57,0.41,12,0.0,6,0.0,6,0.0,0,0.0,50.0,0.0,2022-02-01,-,0,-
-,-,LeonardoDaVinci016,-,1250.5,-1.45,1587.79,0.0,112.43,0.48,14,0.0,7,0.0,7,0.0,0,0.0,50.0,0.0,2025-03-25,-,0,872.0
685,-13,daices,US,1250.04,-3.43,1398.17,0.0,49.37,1.14,94,0.0,36,0.0,58,0.0,0,0.0,38.3,0.0,2025-11-30,G,2,648.0
-,-,LaDfBC,-,1249.94,-1.35,1611.47,0.0,120.51,0.45,11,0.0,6,0.0,4,0.0,1,0.0,54.55,0.0,2025-05-10,-,0,729.0
686,-20,Dzsabo,HU,1249.62,-5.57,1371.63,-6.54,40.67,-0.32,115,7.0,46,3.0,69,4.0,0,0.0,40.0,0.19,2026-08-15,-,0,423.0
-,-,Enki,-,1249.57,-1.27,1634.74,0.0,128.39,0.42,12,0.0,8,0.0,4,0.0,0,0.0,66.67,0.0,2024-07-01,-,0,-
-,-,jsjsj,AU,1249.51,-2.31,1463.16,0.0,71.22,0.77,46,0.0,21,0.0,24,0.0,1,0.0,45.65,0.0,2024-10-01,-,0,-
687,-13,Helen-the-great,-,1249.41,-2.84,1423.17,0.0,57.92,0.95,61,0.0,26,0.0,35,0.0,0,0.0,42.62,0.0,2026-02-10,-,0,572.0
688,-10,Chris10,DE,1249.09,-1.48,1580.51,0.0,110.47,0.49,14,0.0,8,0.0,5,0.0,1,0.0,57.14,0.0,2026-03-28,-,0,473.0
689,26,northlynx,DE,1248.88,20.38,1553.96,-92.91,101.69,-37.76,14,7.0,9,3.0,5,4.0,0,0.0,64.29,-21.42,2026-08-13,-,0,-
690,2,skab12,-,1248.88,8.82,1377.76,6.63,42.96,-0.73,114,7.0,46,4.0,67,3.0,1,0.0,40.35,1.1,2026-08-19,-,0,446.0
691,-16,shiro0405,JP,1248.61,-2.26,1465.68,0.0,72.36,0.75,37,0.0,17,0.0,19,0.0,1,0.0,45.95,0.0,2026-02-07,-,0,939.0
-,-,Bram,-,1248.56,-1.15,1672.3,0.0,141.25,0.38,9,0.0,5,0.0,4,0.0,0,0.0,55.56,0.0,2023-06-06,M,3,-
692,-15,Tony117,IT,1248.31,-2.41,1452.98,0.0,68.22,0.8,43,0.0,16,0.0,27,0.0,0,0.0,37.21,0.0,2025-11-30,-,0,362.0
693,-17,gego,-,1247.5,-3.25,1400.9,0.0,51.13,1.08,93,0.0,39,0.0,52,0.0,2,0.0,41.94,0.0,2026-03-22,-,0,872.0
694,-15,TeriyakiJaccuzi,US,1247.43,-3.08,1352.53,-1.46,35.04,0.54,228,7.0,90,3.0,135,4.0,3,0.0,39.47,0.1,2026-08-12,-,0,502.0
695,-33,zackg,US,1247.31,-9.7,1374.62,-12.06,42.44,-0.79,120,7.0,51,2.0,69,5.0,0,0.0,42.5,-0.86,2026-08-13,-,0,466.0
696,-9,Monik,LT,1247.2,2.77,1367.9,2.19,40.23,-0.19,138,7.0,59,5.0,78,2.0,1,0.0,42.75,1.53,2026-08-13,-,0,500.0
697,41,ThePerceptiveGamer,-,1246.8,32.96,1419.62,22.8,57.61,-3.39,48,6.0,24,3.0,24,3.0,0,0.0,50.0,0.0,2026-08-09,-,0,845.0
698,-53,NateHiggersonJR,-,1245.71,-19.97,1591.39,-87.31,115.23,-22.45,14,7.0,11,5.0,3,2.0,0,0.0,78.57,-7.14,2026-08-13,-,0,-
-,-,NateH,-,1244.9,-1.36,1605.65,0.0,120.25,0.45,12,0.0,8,0.0,4,0.0,0,0.0,66.67,0.0,2025-05-08,-,0,729.0
-,-,Andrew_Davidson,-,1244.74,-1.73,1527.17,0.0,94.14,0.58,25,0.0,12,0.0,13,0.0,0,0.0,48.0,0.0,2025-02-08,-,0,684.0
699,-15,Patelavache,-,1244.66,-1.68,1536.53,0.0,97.29,0.56,17,0.0,9,0.0,8,0.0,0,0.0,52.94,0.0,2026-05-17,-,0,1118.0
700,-17,Bonobours,FR,1244.45,-3.38,1392.35,0.0,49.3,1.13,75,0.0,34,0.0,40,0.0,1,0.0,45.33,0.0,2026-02-08,-,0,679.0
701,-16,McNeil,DK,1244.06,-1.83,1511.68,0.0,89.21,0.61,22,0.0,10,0.0,12,0.0,0,0.0,45.45,0.0,2026-04-03,-,0,726.0
702,-59,oleKanin,NO,1243.61,-23.25,1375.99,-24.68,44.13,-0.48,110,6.0,46,0.0,63,6.0,1,0.0,41.82,-2.41,2026-08-11,-,0,469.0
703,342,anonaki,-,1242.86,282.69,1548.45,152.3,101.86,-43.46,14,7.0,9,6.0,5,1.0,0,0.0,64.29,21.43,2026-08-17,-,0,-
704,-16,joehammerman,US,1242.33,-1.86,1505.13,0.0,87.6,0.62,23,0.0,11,0.0,12,0.0,0,0.0,47.83,0.0,2026-04-03,-,0,418.0
-,-,Haubentaucherwelpe,-,1242.24,-1.62,1545.66,0.0,101.14,0.54,20,0.0,11,0.0,9,0.0,0,0.0,55.0,0.0,2025-03-23,-,0,805.0
-,-,RobertDeSable,-,1242.13,-1.03,1718.92,0.0,158.93,0.34,6,0.0,4,0.0,2,0.0,0,0.0,66.67,0.0,2023-10-09,-,0,-
-,-,AdrianosMaximus,-,1241.65,-1.27,1626.87,0.0,128.41,0.42,12,0.0,7,0.0,5,0.0,0,0.0,58.33,0.0,2024-07-01,-,0,-
705,-16,MikeLowrey,-,1241.64,-1.57,1554.3,0.0,104.22,0.52,14,0.0,6,0.0,8,0.0,0,0.0,42.86,0.0,2026-04-01,-,0,1067.0
-,-,Huasong,-,1240.6,-1.04,1713.25,0.0,157.55,0.35,8,0.0,5,0.0,2,0.0,1,0.0,62.5,0.0,2022-01-01,-,0,-
706,-26,Fullynice,-,1240.51,-9.88,1346.87,-8.82,35.46,0.35,204,7.0,86,2.0,117,5.0,1,0.0,42.16,-0.48,2026-08-21,-,0,508.0
-,-,czaurel,-,1240.44,-1.51,1565.21,0.0,108.26,0.5,19,0.0,10,0.0,9,0.0,0,0.0,52.63,0.0,2024-04-04,-,0,529.0
-,-,wisteria,MO,1240.29,-1.97,1489.01,0.0,82.91,0.66,37,0.0,18,0.0,19,0.0,0,0.0,48.65,0.0,2023-11-15,-,0,1388.0
-,-,KrwawyPysio,-,1240.04,-1.23,1637.59,0.0,132.52,0.41,12,0.0,7,0.0,5,0.0,0,0.0,58.33,0.0,2024-07-01,-,0,-
-,-,Menno,-,1239.3,-1.0,1727.53,0.0,162.74,0.33,9,0.0,7,0.0,2,0.0,0,0.0,77.78,0.0,2024-07-01,G,2,-
-,-,HonestSi,-,1239.03,-1.04,1708.9,0.0,156.62,0.35,8,0.0,5,0.0,3,0.0,0,0.0,62.5,0.0,2022-01-01,-,0,-
-,-,cookieben,-,1239.03,-1.04,1708.9,0.0,156.62,0.35,8,0.0,5,0.0,3,0.0,0,0.0,62.5,0.0,2022-01-01,G,2,-
-,-,Chungdiddly,-,1239.03,-1.04,1708.9,0.0,156.62,0.35,8,0.0,5,0.0,3,0.0,0,0.0,62.5,0.0,2022-01-01,-,0,-
707,-6,irule,-,1238.83,3.46,1382.35,-2.13,47.84,-1.86,81,7.0,35,3.0,46,4.0,0,0.0,43.21,-0.03,2026-08-14,-,0,457.0
708,-17,C3POsMidriff,-,1238.74,-2.35,1448.28,0.0,69.85,0.78,37,0.0,17,0.0,20,0.0,0,0.0,45.95,0.0,2025-12-18,G,2,426.0
709,-15,longapple,-,1238.05,-1.29,1619.12,0.0,127.02,0.43,9,0.0,5,0.0,4,0.0,0,0.0,55.56,0.0,2026-03-26,-,0,-
-,-,GokuBC,PL,1237.91,-1.99,1484.39,0.0,82.16,0.66,26,0.0,14,0.0,12,0.0,0,0.0,53.85,0.0,2024-04-04,-,0,-
-,-,Palace,-,1237.88,-1.35,1600.12,0.0,120.75,0.45,12,0.0,6,0.0,6,0.0,0,0.0,50.0,0.0,2025-03-30,-,0,757.0
-,-,Mathies,-,1237.56,-1.31,1611.1,0.0,124.51,0.44,15,0.0,7,0.0,8,0.0,0,0.0,46.67,0.0,2023-01-15,G,4,-
710,-14,sausagesky,-,1236.21,-2.03,1477.52,0.0,80.44,0.68,29,0.0,13,0.0,16,0.0,0,0.0,44.83,0.0,2026-01-31,-,0,1067.0
711,-14,Amara,-,1235.6,-1.59,1543.01,0.0,102.47,0.53,16,0.0,9,0.0,7,0.0,0,0.0,56.25,0.0,2026-05-11,-,0,-
712,-42,kev5047,GB,1235.53,-19.06,1380.85,-23.26,48.44,-1.4,84,7.0,32,0.0,52,7.0,0,0.0,38.1,-3.46,2026-08-16,-,0,565.0
713,-18,Andreyko2003,-,1234.46,-4.19,1367.74,-7.22,44.43,-1.01,106,7.0,47,3.0,59,4.0,0,0.0,44.34,-0.1,2026-08-11,-,0,661.0
714,-12,SchutterNL,-,1234.12,-1.24,1627.6,0.0,131.16,0.41,8,0.0,5,0.0,3,0.0,0,0.0,62.5,0.0,2026-03-31,-,0,-
715,-48,PacoHolliday,-,1233.37,-21.76,1364.15,-24.29,43.6,-0.84,105,7.0,41,0.0,64,7.0,0,0.0,39.05,-2.79,2026-08-12,-,0,505.0
-,-,DVDripXvid,-,1233.2,-1.28,1616.66,0.0,127.82,0.43,9,0.0,6,0.0,3,0.0,0,0.0,66.67,0.0,2025-03-19,-,0,729.0
716,-12,CardinalBadger,-,1233.01,-1.68,1523.91,0.0,96.97,0.56,22,0.0,12,0.0,10,0.0,0,0.0,54.55,0.0,2026-01-28,-,0,872.0
-,-,HarryW,-,1232.39,-2.21,1454.36,0.0,73.99,0.74,36,0.0,12,0.0,24,0.0,0,0.0,33.33,0.0,2024-02-11,-,0,-
717,-12,kwojtasz,US,1232.3,-2.24,1453.0,0.0,73.57,0.75,37,0.0,14,0.0,22,0.0,1,0.0,37.84,0.0,2026-01-29,-,0,989.0
718,-15,monkeyml,-,1232.29,-2.59,1422.88,0.0,63.53,0.86,40,0.0,18,0.0,22,0.0,0,0.0,45.0,0.0,2026-05-15,-,0,640.0
-,-,Robster,NL,1232.19,-1.8,1505.19,0.0,91.0,0.6,26,0.0,12,0.0,14,0.0,0,0.0,46.15,0.0,2025-03-19,G,10,647.0
-,-,Nieva,-,1231.33,-1.04,1700.27,0.0,156.32,0.35,9,0.0,6,0.0,3,0.0,0,0.0,66.67,0.0,2023-04-02,-,0,-
-,-,dyz,-,1230.64,-1.19,1642.13,0.0,137.16,0.4,11,0.0,6,0.0,5,0.0,0,0.0,54.55,0.0,2023-01-15,-,0,-
-,-,Elpiereo,-,1230.53,-1.6,1537.07,0.0,102.18,0.53,18,0.0,9,0.0,9,0.0,0,0.0,50.0,0.0,2025-03-25,-,0,757.0
719,-9,dnomn8r,-,1230.49,-1.68,1522.36,0.0,97.29,0.56,17,0.0,8,0.0,9,0.0,0,0.0,47.06,0.0,2026-04-02,-,0,578.0
720,-11,Limdul1988,CZ,1230.19,-2.26,1447.44,0.0,72.42,0.75,36,0.0,13,0.0,23,0.0,0,0.0,36.11,0.0,2026-04-05,-,0,707.0
721,-28,kabel2,DE,1230.13,-9.86,1362.42,-11.2,44.1,-0.45,105,6.0,41,1.0,63,5.0,1,0.0,39.05,-1.35,2026-08-09,-,0,563.0
722,-15,albinsix,FR,1229.69,-3.96,1354.62,0.0,41.65,1.32,154,0.0,65,0.0,88,0.0,1,0.0,42.21,0.0,2025-12-11,-,0,517.0
-,-,cs2376jr,US,1229.69,-1.47,1562.82,0.0,111.05,0.49,12,0.0,6,0.0,6,0.0,0,0.0,50.0,0.0,2025-05-17,-,0,729.0
-,-,Megatron,GB,1229.59,-1.26,1618.48,0.0,129.63,0.42,12,0.0,6,0.0,3,0.0,3,0.0,50.0,0.0,2024-04-04,-,0,1262.0
-,-,florian629,-,1229.4,-1.4,1579.42,0.0,116.67,0.47,14,0.0,7,0.0,7,0.0,0,0.0,50.0,0.0,2025-01-31,-,0,989.0
723,-12,Strawer_1982,IT,1229.02,-2.32,1442.1,0.0,71.03,0.77,30,0.0,13,0.0,17,0.0,0,0.0,43.33,0.0,2025-11-30,-,0,517.0
724,-26,abobey,ES,1228.61,-8.22,1348.72,-8.62,40.04,-0.13,152,7.0,61,1.0,90,6.0,1,0.0,40.13,-1.25,2026-08-19,-,0,534.0
-,-,MiYA,-,1227.33,-1.04,1698.3,0.0,156.99,0.35,8,0.0,5,0.0,3,0.0,0,0.0,62.5,0.0,2022-01-01,-,0,-
725,-11,Covid_19,-,1226.91,-1.68,1518.36,0.0,97.15,0.56,18,0.0,9,0.0,9,0.0,0,0.0,50.0,0.0,2026-03-25,-,0,-
-,-,stripe999,GB,1226.58,-2.97,1392.16,0.0,55.19,0.99,85,0.0,38,0.0,46,0.0,1,0.0,44.71,0.0,2024-04-14,-,0,-
726,10,Rick80,-,1226.27,11.86,1344.84,11.34,39.52,-0.17,153,7.0,60,4.0,92,3.0,1,0.0,39.22,0.86,2026-08-13,-,0,618.0
-,-,GBH_Grzegorz,-,1225.54,-1.16,1647.34,0.0,140.6,0.39,6,0.0,3,0.0,3,0.0,0,0.0,50.0,0.0,2025-03-24,-,0,757.0
727,-11,SteffenViisdom,-,1225.38,-1.64,1524.5,0.0,99.7,0.55,17,0.0,8,0.0,9,0.0,0,0.0,47.06,0.0,2026-03-23,-,0,872.0
728,4,Mitchum,IT,1225.13,7.62,1343.6,6.67,39.49,-0.32,137,7.0,58,5.0,79,2.0,0,0.0,42.34,1.57,2026-08-15,-,0,491.0
729,-29,Crs,GB,1225.05,-11.2,1360.09,-13.32,45.01,-0.7,89,6.0,38,2.0,50,4.0,1,0.0,42.7,-0.67,2026-08-11,-,0,463.0
-,-,HansBugge,NO,1224.53,-3.09,1385.47,0.0,53.64,1.03,80,0.0,39,0.0,40,0.0,1,0.0,48.75,0.0,2025-02-14,-,0,700.0
-,-,Mrzout,-,1224.14,-1.5,1550.78,0.0,108.88,0.5,17,0.0,8,0.0,9,0.0,0,0.0,47.06,0.0,2025-03-17,-,0,805.0
730,41,vgiannog,-,1223.95,32.9,1368.21,29.44,48.09,-1.15,80,6.0,35,5.0,44,1.0,1,0.0,43.75,3.21,2026-08-09,-,0,602.0
731,-13,khyung,US,1223.65,-2.12,1454.88,0.0,77.07,0.71,34,0.0,12,0.0,20,0.0,2,0.0,35.29,0.0,2026-02-07,G,4,466.0
-,-,Birnenschorsch,-,1223.04,-1.62,1524.89,0.0,100.62,0.54,18,0.0,9,0.0,9,0.0,0,0.0,50.0,0.0,2024-08-11,-,0,-
732,-15,AsKier,PL,1222.9,-3.38,1367.74,0.0,48.28,1.13,110,0.0,46,0.0,62,0.0,2,0.0,41.82,0.0,2026-01-29,-,0,655.0
-,-,bzburnin,-,1222.0,-3.3,1371.98,0.0,49.99,1.1,89,0.0,38,0.0,51,0.0,0,0.0,42.7,0.0,2025-05-13,G,6,707.0
733,88,FireBones,-,1221.9,67.72,1472.85,16.47,83.65,-17.08,20,7.0,10,4.0,9,3.0,1,0.0,50.0,3.85,2026-08-15,-,0,-
-,-,aloci,-,1221.63,-1.8,1494.64,0.0,91.0,0.6,23,0.0,14,0.0,9,0.0,0,0.0,60.87,0.0,2025-08-13,-,0,635.0
-,-,vivimaster,IT,1221.29,-1.81,1492.56,0.0,90.42,0.6,27,0.0,12,0.0,14,0.0,1,0.0,44.44,0.0,2025-05-17,-,0,729.0
734,209,Modiarty,-,1221.24,163.63,1517.76,50.75,98.84,-37.63,15,7.0,9,5.0,6,2.0,0,0.0,60.0,10.0,2026-08-10,-,0,-
735,-16,Lodon,NL,1221.13,-4.06,1345.22,0.0,41.36,1.35,148,0.0,59,0.0,88,0.0,1,0.0,39.86,0.0,2025-11-30,-,0,546.0
736,-14,Mensha,-,1220.9,-1.88,1480.84,0.0,86.65,0.63,24,0.0,10,0.0,14,0.0,0,0.0,41.67,0.0,2026-03-25,-,0,805.0
-,-,JohnFreshKennedy,DE,1220.71,-1.42,1566.26,0.0,115.18,0.47,15,0.0,7,0.0,7,0.0,1,0.0,46.67,0.0,2024-07-01,G,10,-
737,-17,GamesClaw,-,1220.62,-2.95,1386.75,0.0,55.38,0.98,67,0.0,32,0.0,35,0.0,0,0.0,47.76,0.0,2025-11-13,-,0,805.0
738,-15,buttoxide,SG,1220.43,-1.98,1467.45,0.0,82.34,0.66,25,0.0,13,0.0,12,0.0,0,0.0,52.0,0.0,2026-04-01,-,0,681.0
740,-16,aoe2champ,-,1219.9,-2.3,1433.97,0.0,71.36,0.77,39,0.0,22,0.0,17,0.0,0,0.0,56.41,0.0,2026-01-29,-,0,690.0
739,-13,kngoswg,-,1219.9,-1.75,1500.2,0.0,93.43,0.58,18,0.0,9,0.0,9,0.0,0,0.0,50.0,0.0,2026-03-27,-,0,780.0
-,-,Hot.Cocoa,-,1219.71,-1.41,1566.93,0.0,115.74,0.47,15,0.0,8,0.0,6,0.0,1,0.0,53.33,0.0,2024-08-11,-,0,-
-,-,Scurvydraco,-,1219.44,-1.99,1467.76,0.0,82.77,0.66,24,0.0,11,0.0,13,0.0,0,0.0,45.83,0.0,2024-04-14,-,0,1388.0
741,-16,JohnyT,SK,1219.23,-2.56,1413.62,0.0,64.8,0.85,45,0.0,17,0.0,27,0.0,1,0.0,37.78,0.0,2026-03-21,-,0,522.0
-,-,chrislear,-,1217.98,-1.21,1621.85,0.0,134.62,0.4,11,0.0,7,0.0,4,0.0,0,0.0,63.64,0.0,2023-05-14,-,0,-
-,-,Pelej,PL,1216.88,-1.32,1588.93,0.0,124.02,0.44,14,0.0,8,0.0,6,0.0,0,0.0,57.14,0.0,2024-04-04,-,0,-
742,-12,Thomi,-,1216.66,-1.65,1513.26,0.0,98.87,0.55,22,0.0,8,0.0,14,0.0,0,0.0,36.36,0.0,2026-03-29,-,0,725.0
743,-12,Alebv,-,1216.54,-1.54,1534.15,0.0,105.87,0.51,15,0.0,9,0.0,6,0.0,0,0.0,60.0,0.0,2026-01-30,-,0,939.0
-,-,Tings,-,1216.53,-0.98,1717.13,0.0,166.87,0.33,7,0.0,7,0.0,0,0.0,0,0.0,100.0,0.0,2024-08-11,-,0,-
744,-15,Chriiiss,FR,1215.75,-3.35,1364.34,0.0,49.53,1.12,77,0.0,30,0.0,46,0.0,1,0.0,38.96,0.0,2026-05-21,-,0,445.0
-,-,Robson_Ponte,-,1215.7,-2.89,1385.51,0.0,56.6,0.96,78,0.0,32,0.0,43,0.0,3,0.0,41.03,0.0,2024-04-14,-,0,-
745,161,Tasso,-,1215.64,131.85,1478.91,63.58,87.75,-22.76,20,7.0,11,5.0,9,2.0,0,0.0,55.0,8.85,2026-08-12,-,0,1178.0
746,-13,Kayser,-,1215.29,-1.7,1504.37,0.0,96.36,0.57,17,0.0,8,0.0,9,0.0,0,0.0,47.06,0.0,2026-03-27,-,0,872.0
-,-,Nobi,-,1214.59,-1.03,1688.61,0.0,158.01,0.34,8,0.0,5,0.0,3,0.0,0,0.0,62.5,0.0,2022-01-01,-,0,-
-,-,Torfi_Torfnase,-,1214.59,-1.03,1688.61,0.0,158.01,0.34,8,0.0,5,0.0,3,0.0,0,0.0,62.5,0.0,2022-01-01,-,0,-
747,-13,Geegs,-,1213.63,-2.52,1408.7,0.0,65.02,0.84,45,0.0,20,0.0,24,0.0,1,0.0,44.44,0.0,2026-03-21,-,0,867.0
-,-,NikeBarbachiara,IT,1213.33,-1.31,1587.88,0.0,124.85,0.44,12,0.0,7,0.0,5,0.0,0,0.0,58.33,0.0,2024-07-01,-,0,-
-,-,Schlangenfuerst,-,1212.84,-1.03,1685.69,0.0,157.61,0.34,8,0.0,5,0.0,3,0.0,0,0.0,62.5,0.0,2022-01-01,-,0,-
-,-,ycl,-,1212.69,-1.08,1665.38,0.0,150.9,0.36,6,0.0,4,0.0,2,0.0,0,0.0,66.67,0.0,2025-02-01,-,0,757.0
748,19,Sirovec,HR,1212.27,18.44,1349.58,14.65,45.77,-1.26,96,7.0,43,4.0,52,3.0,1,0.0,44.79,0.97,2026-08-12,-,0,543.0
749,-10,jokerchai,-,1211.8,-1.36,1572.57,0.0,120.26,0.45,10,0.0,6,0.0,4,0.0,0,0.0,60.0,0.0,2026-01-28,-,0,-
750,-13,Ulyssess,IT,1211.53,-2.38,1417.94,0.0,68.8,0.79,45,0.0,20,0.0,24,0.0,1,0.0,44.44,0.0,2025-12-16,-,0,491.0
751,-10,ZHULIN,-,1211.44,-1.21,1616.19,0.0,134.92,0.4,7,0.0,5,0.0,2,0.0,0,0.0,71.43,0.0,2026-02-10,-,0,-
752,-40,Shiffdog,-,1211.02,-18.46,1353.75,-22.58,47.58,-1.37,79,7.0,31,2.0,47,5.0,1,0.0,39.24,-1.04,2026-08-21,-,0,520.0
-,-,Dariusz,-,1210.82,-1.12,1647.94,0.0,145.71,0.37,6,0.0,5,0.0,1,0.0,0,0.0,83.33,0.0,2025-02-01,-,0,1067.0
-,-,elracha,PT,1210.73,-1.01,1695.28,0.0,161.52,0.34,6,0.0,4,0.0,2,0.0,0,0.0,66.67,0.0,2023-03-01,-,0,-
-,-,beecu,-,1210.7,-1.13,1642.15,0.0,143.82,0.38,8,0.0,5,0.0,3,0.0,0,0.0,62.5,0.0,2024-04-04,-,0,-
753,266,Izayoi,-,1210.36,224.07,1515.91,92.0,101.85,-44.02,14,7.0,8,5.0,6,2.0,0,0.0,57.14,14.28,2026-08-15,-,0,-
-,-,ReneTTA,-,1209.95,-1.35,1572.18,0.0,120.75,0.45,12,0.0,8,0.0,4,0.0,0,0.0,66.67,0.0,2024-10-24,-,0,-
-,-,Gwyneraim,-,1209.52,-1.41,1557.52,0.0,116.0,0.47,13,0.0,9,0.0,4,0.0,0,0.0,69.23,0.0,2024-10-31,-,0,-
-,-,BeetleJuice,CZ,1208.98,-2.05,1448.8,0.0,79.94,0.68,31,0.0,13,0.0,18,0.0,0,0.0,41.94,0.0,2024-10-31,-,0,-
754,-14,micropip,-,1208.91,-3.74,1340.51,0.0,43.87,1.25,145,0.0,48,0.0,95,0.0,2,0.0,33.1,0.0,2026-01-30,-,0,555.0
755,-13,RedMadMike,PL,1208.89,-3.0,1373.35,0.0,54.82,1.0,61,0.0,29,0.0,32,0.0,0,0.0,47.54,0.0,2026-02-11,-,0,416.0
756,40,tysat,-,1208.2,30.57,1349.64,26.55,47.15,-1.34,86,7.0,35,5.0,51,2.0,0,0.0,40.7,2.73,2026-08-11,-,0,522.0
757,22,jjk,-,1208.01,22.04,1432.06,-14.08,74.68,-12.04,32,7.0,13,2.0,19,5.0,0,0.0,40.62,-3.38,2026-08-22,-,0,-
758,-12,Pieter_NL,-,1206.46,-0.99,1702.53,0.0,165.36,0.33,4,0.0,3,0.0,1,0.0,0,0.0,75.0,0.0,2026-02-06,-,0,-
759,-32,Pulpecja,PL,1206.24,-13.79,1323.0,-12.89,38.92,0.3,147,7.0,55,0.0,92,7.0,0,0.0,37.41,-1.88,2026-08-10,-,0,488.0
760,-16,shohei,JP,1206.09,-2.41,1409.97,0.0,67.96,0.8,52,0.0,18,0.0,34,0.0,0,0.0,34.62,0.0,2026-03-27,-,0,536.0
761,67,Krex,-,1205.88,57.24,1457.83,15.6,83.99,-13.88,23,6.0,12,3.0,11,3.0,0,0.0,52.17,-0.77,2026-08-09,-,0,-
-,-,Nealio,NL,1205.29,-2.4,1410.0,0.0,68.24,0.8,43,0.0,18,0.0,24,0.0,1,0.0,41.86,0.0,2024-08-11,-,0,-
762,-13,z0pfel,DE,1204.78,-0.85,1382.17,-14.83,59.13,-4.66,51,7.0,19,2.0,31,5.0,1,0.0,37.25,-1.39,2026-08-08,-,0,709.0
763,-15,errliu,-,1204.75,-1.31,1579.05,0.0,124.76,0.44,9,0.0,4,0.0,5,0.0,0,0.0,44.44,0.0,2026-03-23,-,0,619.0
-,-,Epikoros,-,1204.27,-1.1,1650.93,0.0,148.89,0.37,9,0.0,5,0.0,4,0.0,0,0.0,55.56,0.0,2023-04-16,-,0,-
764,-17,Nopeasuoli,FI,1204.0,-2.16,1431.24,0.0,75.75,0.72,35,0.0,18,0.0,16,0.0,1,0.0,51.43,0.0,2026-02-03,-,0,845.0
765,-15,deandedean,-,1203.86,-1.61,1508.02,0.0,101.38,0.54,15,0.0,8,0.0,7,0.0,0,0.0,53.33,0.0,2026-03-23,-,0,989.0
-,-,Horsard,-,1203.74,-2.12,1435.73,0.0,77.33,0.71,35,0.0,17,0.0,18,0.0,0,0.0,48.57,0.0,2025-02-16,-,0,729.0
766,-15,TTTTTT,-,1203.65,-1.35,1566.46,0.0,120.94,0.45,9,0.0,5,0.0,4,0.0,0,0.0,55.56,0.0,2026-03-25,-,0,-
767,-22,mindphaser,CA,1203.27,-4.22,1319.98,0.0,38.9,1.41,174,0.0,74,0.0,98,0.0,2,0.0,42.53,0.0,2026-02-13,G,2,630.0
768,237,RougeEconomist,-,1202.85,201.0,1527.03,49.92,108.06,-50.36,12,7.0,7,5.0,5,2.0,0,0.0,58.33,18.33,2026-08-20,-,0,-
769,5,JohnnyMac,-,1202.83,12.8,1318.42,13.47,38.53,0.22,173,7.0,64,4.0,107,3.0,2,0.0,36.99,0.85,2026-08-23,-,0,512.0
770,-18,mugumagu,-,1202.51,-1.56,1517.57,0.0,105.02,0.52,15,0.0,7,0.0,8,0.0,0,0.0,46.67,0.0,2026-01-26,-,0,805.0
771,-17,Iosefvs,-,1201.83,-1.91,1459.35,0.0,85.84,0.64,27,0.0,10,0.0,17,0.0,0,0.0,37.04,0.0,2026-01-28,-,0,681.0
-,-,Pika07,-,1201.55,-1.52,1523.4,0.0,107.29,0.51,15,0.0,8,0.0,7,0.0,0,0.0,53.33,0.0,2025-03-23,-,0,872.0
-,-,tanman,-,1201.52,-1.38,1557.29,0.0,118.59,0.46,12,0.0,6,0.0,6,0.0,0,0.0,50.0,0.0,2025-01-30,-,0,570.0
772,-17,Linsage,-,1201.47,-1.73,1485.08,0.0,94.54,0.58,20,0.0,9,0.0,11,0.0,0,0.0,45.0,0.0,2026-02-02,-,0,757.0
-,-,Rossonerix10x,-,1201.22,-3.32,1351.95,0.0,50.24,1.11,105,0.0,51,0.0,53,0.0,1,0.0,48.57,0.0,2024-12-13,-,0,1184.0
773,-20,FiveGee,-,1201.09,-2.84,1375.09,0.0,58.0,0.95,52,0.0,23,0.0,27,0.0,2,0.0,44.23,0.0,2026-05-18,-,0,607.0
774,-17,Madivar,-,1200.88,-1.53,1521.22,0.0,106.78,0.51,14,0.0,8,0.0,6,0.0,0,0.0,57.14,0.0,2026-03-20,-,0,1067.0
775,-19,Francesco1812,IT,1200.36,-2.28,1319.21,-2.81,39.61,-0.17,134,7.0,52,3.0,81,4.0,1,0.0,38.81,0.23,2026-08-10,-,0,509.0
-,-,Ritocito,-,1198.91,-1.06,1660.07,0.0,153.72,0.35,6,0.0,2,0.0,2,0.0,2,0.0,33.33,0.0,2023-10-05,-,0,-
776,-17,MichalJar,-,1198.65,-1.57,1510.23,0.0,103.86,0.52,17,0.0,9,0.0,8,0.0,0,0.0,52.94,0.0,2026-04-06,-,0,1388.0
777,-42,MeteorisVulcanus,NL,1197.99,-16.89,1336.81,-20.63,46.27,-1.25,82,7.0,33,3.0,49,4.0,0,0.0,40.24,0.24,2026-08-14,-,0,572.0
778,-18,gulper,-,1197.7,-1.9,1455.2,0.0,85.83,0.63,29,0.0,11,0.0,16,0.0,2,0.0,37.93,0.0,2026-01-28,-,0,645.0
-,-,AmosCai,-,1197.66,-1.04,1667.53,0.0,156.62,0.35,8,0.0,5,0.0,3,0.0,0,0.0,62.5,0.0,2022-01-01,-,0,-
-,-,Moxielle,-,1197.58,-2.17,1423.1,0.0,75.18,0.72,35,0.0,17,0.0,18,0.0,0,0.0,48.57,0.0,2025-02-11,-,0,868.0
-,-,Ragnard,-,1196.43,-1.99,1442.46,0.0,82.01,0.66,31,0.0,14,0.0,17,0.0,0,0.0,45.16,0.0,2025-02-03,-,0,700.0
779,new,xYotsuba,-,1195.79,745.79,1630.34,130.34,144.85,144.85,6,6.0,3,3.0,3,3.0,0,0.0,50.0,50.0,2026-08-17,-,0,-
-,-,petite-lambda,-,1195.76,-1.04,1666.94,0.0,157.06,0.35,8,0.0,5,0.0,3,0.0,0,0.0,62.5,0.0,2022-01-01,-,0,-
780,-18,Otto_von_Bismarck,-,1195.62,-1.73,1478.15,0.0,94.18,0.58,18,0.0,8,0.0,10,0.0,0,0.0,44.44,0.0,2026-03-24,-,0,939.0
781,-20,gwfalcon,-,1195.52,-1.88,1456.53,0.0,87.01,0.63,28,0.0,13,0.0,15,0.0,0,0.0,46.43,0.0,2026-02-05,-,0,1118.0
782,-24,mahlerian_shadow,US,1195.19,-6.01,1315.42,-5.72,40.08,0.1,151,6.0,63,2.0,88,4.0,0,0.0,41.72,-0.35,2026-08-16,-,0,549.0
-,-,The_strategiser,FR,1195.0,-1.41,1542.79,0.0,115.93,0.47,13,0.0,7,0.0,6,0.0,0,0.0,53.85,0.0,2024-04-04,-,0,-
783,-40,KTown,-,1194.78,-15.38,1322.66,-17.5,42.62,-0.71,123,7.0,45,1.0,78,6.0,0,0.0,36.59,-1.34,2026-08-13,-,0,589.0
-,-,itsPG,-,1193.96,-1.41,1542.08,0.0,116.04,0.47,17,0.0,10,0.0,6,0.0,1,0.0,58.82,0.0,2025-02-03,-,0,1067.0
-,-,Joshweiss789,-,1193.22,-1.39,1544.68,0.0,117.15,0.46,14,0.0,10,0.0,4,0.0,0,0.0,71.43,0.0,2024-10-31,-,0,-
784,-19,Crowther,-,1192.84,-1.71,1478.84,0.0,95.34,0.57,17,0.0,6,0.0,10,0.0,1,0.0,35.29,0.0,2026-05-20,G,6,563.0
785,-21,Brickmarck,-,1192.71,-2.43,1395.58,0.0,67.62,0.81,48,0.0,18,0.0,30,0.0,0,0.0,37.5,0.0,2026-03-25,-,0,1067.0
-,-,Mikael.S,-,1192.33,-1.3,1569.47,0.0,125.71,0.43,9,0.0,5,0.0,4,0.0,0,0.0,55.56,0.0,2025-03-20,-,0,939.0
786,-20,LhuCaS,ES,1191.79,-2.44,1394.27,0.0,67.49,0.81,46,0.0,19,0.0,27,0.0,0,0.0,41.3,0.0,2026-02-09,-,0,448.0
787,-24,KorXo,ES,1191.77,-3.58,1332.41,0.0,46.88,1.19,103,0.0,41,0.0,59,0.0,3,0.0,39.81,0.0,2026-02-07,G,2,596.0
-,-,CJcj,-,1191.33,-1.4,1541.37,0.0,116.68,0.47,12,0.0,8,0.0,4,0.0,0,0.0,66.67,0.0,2024-10-31,-,0,-
-,-,ibptank,-,1191.26,-1.25,1584.1,0.0,130.95,0.42,12,0.0,5,0.0,7,0.0,0,0.0,41.67,0.0,2022-02-01,-,0,-
788,-20,greyshade,-,1190.26,-3.52,1317.43,-5.52,42.39,-0.67,125,7.0,47,2.0,78,5.0,0,0.0,37.6,-0.54,2026-08-14,-,0,494.0
-,-,Shivian,NL,1190.21,-2.0,1436.75,0.0,82.18,0.67,30,0.0,10,0.0,20,0.0,0,0.0,33.33,0.0,2023-11-15,-,0,-
789,unretired,DonStino,BE,1190.0,11.74,1354.25,4.46,54.75,-2.42,76,6.0,32,2.0,44,4.0,0,0.0,42.11,-0.75,2026-08-11,-,0,1388.0
790,-21,NRoy,US,1189.91,-2.63,1376.91,0.0,62.33,0.88,46,0.0,19,0.0,25,0.0,2,0.0,41.3,0.0,2026-02-06,-,0,616.0
-,-,Fapoleon,-,1189.16,-1.33,1556.49,0.0,122.44,0.44,12,0.0,6,0.0,6,0.0,0,0.0,50.0,0.0,2024-07-01,-,0,-
791,-19,Raffaelus,-,1188.96,-1.37,1547.54,0.0,119.53,0.46,13,0.0,7,0.0,5,0.0,1,0.0,53.85,0.0,2026-03-31,-,0,1067.0
792,-22,Jume,ES,1188.69,-3.38,1311.36,-5.13,40.89,-0.58,115,7.0,44,3.0,68,3.0,3,1.0,38.26,0.3,2026-08-11,-,0,496.0
793,-18,fridaK,-,1188.27,-1.49,1517.68,0.0,109.8,0.5,15,0.0,8,0.0,7,0.0,0,0.0,53.33,0.0,2026-02-05,-,0,939.0
794,-17,StefanGreatFirst,PL,1188.16,-1.45,1526.67,0.0,112.84,0.48,16,0.0,9,0.0,6,0.0,1,0.0,56.25,0.0,2026-02-02,-,0,1067.0
-,-,Davidmel,IL,1188.14,-1.85,1453.46,0.0,88.44,0.62,26,0.0,13,0.0,13,0.0,0,0.0,50.0,0.0,2024-08-11,-,0,-
795,155,amadeo,-,1187.76,134.3,1508.68,17.58,106.97,-38.91,13,6.0,7,4.0,6,2.0,0,0.0,53.85,10.99,2026-08-13,-,0,-
-,-,Owen1982,-,1187.31,-1.03,1661.35,0.0,158.01,0.34,8,0.0,5,0.0,3,0.0,0,0.0,62.5,0.0,2022-01-01,-,0,-
796,-23,Jocik,-,1186.75,-3.5,1327.77,0.0,47.01,1.17,102,0.0,42,0.0,58,0.0,2,0.0,41.18,0.0,2026-01-30,-,0,757.0
797,-19,BGTigger,-,1186.54,-1.38,1310.37,-2.26,41.28,-0.29,138,7.0,57,2.0,80,5.0,1,0.0,41.3,-0.68,2026-08-18,-,0,751.0
798,8,Izio,IT,1186.37,17.07,1318.56,14.17,44.06,-0.97,108,7.0,43,4.0,63,3.0,2,0.0,39.81,1.2,2026-08-21,-,0,655.0
799,79,JoopHuizinga,-,1186.29,77.35,1395.9,52.57,69.87,-8.26,44,7.0,18,4.0,25,3.0,1,0.0,40.91,3.07,2026-08-10,-,0,852.0
-,-,Levia,-,1186.1,-1.68,1477.82,0.0,97.24,0.56,23,0.0,13,0.0,10,0.0,0,0.0,56.52,0.0,2024-10-31,-,0,989.0
800,-72,Rob13,BR,1185.4,-33.98,1371.49,-51.87,62.03,-5.96,47,7.0,24,1.0,22,6.0,1,0.0,51.06,-6.44,2026-08-11,-,0,598.0
-,-,Evilc,-,1185.26,-1.13,1618.96,0.0,144.56,0.38,10,0.0,6,0.0,4,0.0,0,0.0,60.0,0.0,2023-03-01,-,0,-
801,-25,Gabilou,-,1185.25,-4.42,1331.15,-8.18,48.63,-1.25,81,7.0,29,1.0,52,6.0,0,0.0,35.8,-2.04,2026-08-12,-,0,720.0
-,-,GrafZahl,DE,1185.05,-1.82,1453.97,0.0,89.64,0.61,24,0.0,11,0.0,13,0.0,0,0.0,45.83,0.0,2024-10-01,-,0,872.0
-,-,Eyswein,US,1184.74,-1.39,1537.25,0.0,117.5,0.46,13,0.0,8,0.0,5,0.0,0,0.0,61.54,0.0,2024-10-31,-,0,-
-,-,Azazelek,-,1183.92,-2.54,1377.06,0.0,64.38,0.85,49,0.0,20,0.0,27,0.0,2,0.0,40.82,0.0,2024-04-04,-,0,-
802,-22,lutzifer,-,1183.3,-1.17,1600.87,0.0,139.19,0.39,8,0.0,5,0.0,3,0.0,0,0.0,62.5,0.0,2026-03-23,-,0,-
803,-22,Jurri,-,1182.47,-2.0,1428.81,0.0,82.11,0.67,26,0.0,13,0.0,13,0.0,0,0.0,50.0,0.0,2026-02-12,-,0,1106.0
804,-22,SerBaldur,-,1181.84,-2.21,1403.89,0.0,74.02,0.74,33,0.0,12,0.0,21,0.0,0,0.0,36.36,0.0,2026-02-04,-,0,865.0
805,-20,lcesar34,-,1181.81,-1.31,1555.43,0.0,124.54,0.44,9,0.0,5,0.0,4,0.0,0,0.0,55.56,0.0,2026-04-01,-,0,-
806,-22,ginociccio,-,1181.76,-1.4,1530.36,0.0,116.2,0.47,11,0.0,5,0.0,6,0.0,0,0.0,45.45,0.0,2026-01-28,-,0,939.0
-,-,Diegaccio,IT,1181.61,-1.21,1587.52,0.0,135.3,0.4,12,0.0,6,0.0,5,0.0,1,0.0,50.0,0.0,2024-04-04,-,0,-
-,-,ShiLin,-,1181.52,-1.01,1663.99,0.0,160.83,0.34,8,0.0,5,0.0,3,0.0,0,0.0,62.5,0.0,2022-01-01,-,0,-
807,-21,Repick,-,1181.29,-1.49,1508.97,0.0,109.23,0.5,15,0.0,7,0.0,8,0.0,0,0.0,46.67,0.0,2026-02-06,-,0,989.0
-,-,Pack,-,1181.17,-1.22,1582.89,0.0,133.91,0.41,9,0.0,5,0.0,4,0.0,0,0.0,55.56,0.0,2024-04-04,-,0,-
-,-,hwang,-,1180.85,-1.29,1560.18,0.0,126.45,0.43,14,0.0,7,0.0,7,0.0,0,0.0,50.0,0.0,2023-03-01,-,0,-
-,-,happyboykt,KR,1180.78,-1.31,1555.25,0.0,124.82,0.44,12,0.0,7,0.0,5,0.0,0,0.0,58.33,0.0,2025-01-30,G,2,436.0
-,-,PopoHappy,-,1180.49,-1.39,1531.69,0.0,117.07,0.46,15,0.0,11,0.0,4,0.0,0,0.0,73.33,0.0,2023-10-09,-,0,-
808,-21,Aardwolf44,-,1179.43,-2.42,1381.87,0.0,67.48,0.81,43,0.0,19,0.0,24,0.0,0,0.0,44.19,0.0,2026-03-20,G,2,989.0
809,-21,Rhand,-,1179.32,-1.53,1499.05,0.0,106.58,0.51,14,0.0,7,0.0,7,0.0,0,0.0,50.0,0.0,2026-02-01,-,0,939.0
-,-,donperizoma,-,1178.67,-1.2,1587.87,0.0,136.4,0.4,9,0.0,6,0.0,3,0.0,0,0.0,66.67,0.0,2025-03-27,-,0,939.0
810,-21,BlueCardinal,-,1178.67,-1.69,1468.62,0.0,96.65,0.56,18,0.0,7,0.0,11,0.0,0,0.0,38.89,0.0,2026-04-02,-,0,1067.0
811,-28,mooscolly,AU,1177.71,-5.45,1298.26,-5.97,40.18,-0.17,150,7.0,60,2.0,90,5.0,0,0.0,40.0,-0.56,2026-08-15,-,0,720.0
-,-,MaxBoomer,DK,1177.64,-2.66,1364.7,0.0,62.35,0.89,59,0.0,28,0.0,30,0.0,1,0.0,47.46,0.0,2024-08-11,-,0,-
813,-21,Gosho,-,1177.55,-1.19,1590.69,0.0,137.71,0.4,8,0.0,5,0.0,3,0.0,0,0.0,62.5,0.0,2026-03-25,-,0,-
812,-21,nicg,US,1177.55,-2.19,1401.89,0.0,74.78,0.73,43,0.0,17,0.0,26,0.0,0,0.0,39.53,0.0,2026-02-03,-,0,802.0
814,-21,Stedam,-,1177.09,-1.57,1489.41,0.0,104.11,0.52,16,0.0,8,0.0,8,0.0,0,0.0,50.0,0.0,2026-03-26,-,0,939.0
-,-,Fblthp,-,1177.06,-1.39,1528.39,0.0,117.11,0.46,16,0.0,7,0.0,9,0.0,0,0.0,43.75,0.0,2023-08-18,-,0,-
-,-,Mouette,-,1176.76,-2.35,1388.24,0.0,70.49,0.78,48,0.0,14,0.0,33,0.0,1,0.0,29.17,0.0,2023-11-07,-,0,-
815,-18,Limubai,-,1175.08,-1.62,1478.62,0.0,101.18,0.54,16,0.0,6,0.0,10,0.0,0,0.0,37.5,0.0,2026-03-30,-,0,757.0
816,-17,juzze,-,1174.95,-1.27,1560.88,0.0,128.64,0.42,9,0.0,5,0.0,4,0.0,0,0.0,55.56,0.0,2026-03-25,-,0,-
817,-17,Loscy,-,1174.51,-1.59,1482.79,0.0,102.76,0.53,14,0.0,6,0.0,8,0.0,0,0.0,42.86,0.0,2026-03-25,-,0,-
818,-97,Larsusvonundzu,-,1173.0,-49.86,1340.51,-60.75,55.84,-3.63,59,7.0,29,0.0,30,7.0,0,0.0,49.15,-6.62,2026-08-17,-,0,746.0
-,-,JeroenSchreurs,BE,1172.11,-2.37,1379.09,0.0,68.99,0.79,37,0.0,12,0.0,22,0.0,3,0.0,32.43,0.0,2024-10-01,G,2,-
-,-,5calpel,GB,1172.05,-1.24,1568.3,0.0,132.08,0.41,12,0.0,6,0.0,6,0.0,0,0.0,50.0,0.0,2024-04-04,-,0,-
-,-,Luedegast,-,1171.71,-1.12,1609.07,0.0,145.79,0.37,9,0.0,6,0.0,3,0.0,0,0.0,66.67,0.0,2024-04-04,-,0,-
-,-,The_Law,ZA,1171.49,-3.28,1321.14,0.0,49.88,1.09,106,0.0,44,0.0,61,0.0,1,0.0,41.51,0.0,2025-03-23,-,0,778.0
-,-,Rgjensen,-,1171.28,-1.05,1639.27,0.0,156.0,0.35,6,0.0,4,0.0,2,0.0,0,0.0,66.67,0.0,2025-02-05,-,0,989.0
819,-18,Oranim,-,1171.12,-1.41,1517.4,0.0,115.43,0.47,14,0.0,8,0.0,6,0.0,0,0.0,57.14,0.0,2026-02-04,-,0,989.0
820,-22,Alfonsillo,-,1170.77,-5.57,1350.87,-19.2,60.03,-4.54,46,6.0,16,2.0,29,4.0,1,0.0,34.78,-0.22,2026-08-15,-,0,1067.0
821,5,collace,-,1170.55,19.86,1364.98,2.94,64.81,-5.64,43,7.0,19,3.0,24,4.0,0,0.0,44.19,-0.25,2026-08-08,-,0,989.0
-,-,theChony,MX,1170.31,-1.44,1510.93,0.0,113.54,0.48,16,0.0,8,0.0,8,0.0,0,0.0,50.0,0.0,2024-04-04,G,4,-
822,-28,Jesaphi,-,1169.57,-8.78,1298.86,-10.84,43.1,-0.69,109,7.0,42,2.0,66,5.0,1,0.0,38.53,-0.69,2026-08-18,-,0,536.0
-,-,Johannes_n94,-,1168.98,-1.25,1559.76,0.0,130.26,0.42,13,0.0,6,0.0,7,0.0,0,0.0,46.15,0.0,2023-04-02,-,0,-
823,-18,kingslayer90,-,1168.82,-1.54,1486.77,0.0,105.98,0.51,15,0.0,7,0.0,8,0.0,0,0.0,46.67,0.0,2026-02-04,-,0,805.0
-,-,Henstein,-,1168.6,-1.31,1544.31,0.0,125.24,0.44,15,0.0,7,0.0,8,0.0,0,0.0,46.67,0.0,2024-07-01,-,0,-
824,-20,Mejdzr,CZ,1168.04,-2.84,1342.47,0.0,58.15,0.95,57,0.0,20,0.0,35,0.0,2,0.0,35.09,0.0,2026-02-02,G,2,536.0
825,-17,datboidankjuice,-,1167.85,-1.05,1633.59,0.0,155.25,0.35,6,0.0,4,0.0,2,0.0,0,0.0,66.67,0.0,2026-02-02,-,0,-
826,-19,KYO,-,1167.48,-1.5,1493.29,0.0,108.6,0.5,17,0.0,8,0.0,9,0.0,0,0.0,47.06,0.0,2026-02-04,-,0,939.0
827,-17,Garban7,-,1167.34,2.81,1288.5,2.2,40.39,-0.2,149,7.0,48,3.0,101,4.0,0,0.0,32.21,0.52,2026-08-11,-,0,541.0
828,new,ArthursDad,US,1167.22,717.22,1586.89,86.89,139.89,139.89,7,7.0,5,5.0,2,2.0,0,0.0,71.43,71.43,2026-08-16,-,0,-
-,-,Bigwellow,NL,1167.18,-2.29,1381.87,0.0,71.56,0.76,38,0.0,14,0.0,24,0.0,0,0.0,36.84,0.0,2025-05-08,-,0,468.0
829,47,verbalg,-,1166.88,57.64,1360.54,38.01,64.55,-6.54,40,7.0,19,5.0,21,2.0,0,0.0,47.5,5.08,2026-08-13,-,0,720.0
-,-,mafiasco,-,1166.25,-1.31,1541.09,0.0,124.95,0.44,14,0.0,7,0.0,6,0.0,1,0.0,50.0,0.0,2023-06-12,-,0,-
830,-35,Bonneville22,-,1165.32,-12.82,1305.01,-16.61,46.56,-1.26,92,7.0,36,2.0,54,5.0,2,0.0,39.13,-0.87,2026-08-11,-,0,836.0
-,-,GedoMazo,-,1162.93,-1.04,1634.01,0.0,157.03,0.35,6,0.0,3,0.0,3,0.0,0,0.0,50.0,0.0,2024-04-04,-,0,-
-,-,OGWiseman,-,1162.79,-0.98,1664.51,0.0,167.24,0.33,6,0.0,5,0.0,1,0.0,0,0.0,83.33,0.0,2024-02-23,-,0,-
831,-20,ZesPak,-,1162.66,-1.57,1473.97,0.0,103.77,0.52,15,0.0,7,0.0,8,0.0,0,0.0,46.67,0.0,2026-02-03,-,0,939.0
832,-14,HRG,-,1162.53,4.68,1283.85,4.66,40.44,-0.01,154,7.0,50,3.0,102,4.0,2,0.0,32.47,0.5,2026-08-16,-,0,517.0
-,-,jmw,-,1162.5,-2.37,1370.26,0.0,69.26,0.79,43,0.0,21,0.0,22,0.0,0,0.0,48.84,0.0,2024-08-11,-,0,-
-,-,RobinTheDragon,-,1162.32,-1.69,1451.28,0.0,96.32,0.56,19,0.0,10,0.0,9,0.0,0,0.0,52.63,0.0,2025-02-05,-,0,1067.0
-,-,Papaver,HR,1162.23,-1.02,1643.5,0.0,160.42,0.34,8,0.0,5,0.0,3,0.0,0,0.0,62.5,0.0,2022-01-01,P,2,149.0
-,-,Piotr33,PL,1162.04,-2.66,1346.59,0.0,61.52,0.89,61,0.0,22,0.0,36,0.0,3,0.0,36.07,0.0,2024-08-11,-,0,-
-,-,Valec,-,1161.95,-1.61,1465.97,0.0,101.34,0.54,20,0.0,10,0.0,10,0.0,0,0.0,50.0,0.0,2024-10-31,-,0,-
833,-17,Daze,-,1161.49,1.3,1318.74,-6.12,52.42,-2.47,67,7.0,24,2.0,42,5.0,1,0.0,35.82,-0.85,2026-08-18,-,0,670.0
834,-21,Moulbaert,-,1160.88,-1.27,1546.44,0.0,128.52,0.42,9,0.0,5,0.0,4,0.0,0,0.0,55.56,0.0,2026-03-22,-,0,-
835,-23,Castigar,-,1160.79,-1.52,1483.19,0.0,107.47,0.51,12,0.0,5,0.0,7,0.0,0,0.0,41.67,0.0,2026-05-29,-,0,-
836,-22,Tuisku,-,1159.86,-1.85,1424.86,0.0,88.33,0.62,26,0.0,10,0.0,16,0.0,0,0.0,38.46,0.0,2026-02-01,-,0,989.0
837,-22,minzent,-,1159.71,-1.66,1453.82,0.0,98.04,0.55,19,0.0,8,0.0,11,0.0,0,0.0,42.11,0.0,2026-01-30,-,0,913.0
838,-36,RoboKay314,US,1157.51,-14.52,1298.8,-18.36,47.1,-1.28,88,6.0,33,1.0,55,5.0,0,0.0,37.5,-1.52,2026-08-17,-,0,486.0
-,-,Melingsguten,-,1156.93,-1.39,1510.0,0.0,117.69,0.46,15,0.0,7,0.0,8,0.0,0,0.0,46.67,0.0,2024-04-04,-,0,1287.0
-,-,stanel,RO,1156.45,-1.12,1594.28,0.0,145.95,0.37,11,0.0,6,0.0,5,0.0,0,0.0,54.55,0.0,2023-01-15,G,4,-
839,-22,kalev,-,1156.4,-3.12,1315.03,0.0,52.88,1.04,59,0.0,24,0.0,34,0.0,1,0.0,40.68,0.0,2025-11-30,-,0,576.0
-,-,Taeybae,-,1156.3,-1.18,1572.55,0.0,138.75,0.39,8,0.0,4,0.0,4,0.0,0,0.0,50.0,0.0,2025-03-22,-,0,757.0
840,-9,J-dog,GB,1155.62,8.16,1304.3,3.48,49.56,-1.56,84,7.0,27,2.0,55,5.0,2,0.0,32.14,-0.33,2026-08-09,-,0,593.0
-,-,Saish,ES,1154.3,-2.27,1370.58,0.0,72.1,0.76,41,0.0,17,0.0,23,0.0,1,0.0,41.46,0.0,2025-02-21,-,0,1173.0
841,-21,Brett13,-,1153.19,-1.65,1450.51,0.0,99.11,0.55,15,0.0,6,0.0,9,0.0,0,0.0,40.0,0.0,2026-04-01,-,0,872.0
842,-8,HolyOutlaw,US,1153.16,6.56,1274.38,6.05,40.4,-0.17,151,7.0,57,3.0,93,4.0,1,0.0,37.75,0.25,2026-08-17,-,0,572.0
-,-,aimo,CN,1153.13,-1.3,1530.58,0.0,125.81,0.43,12,0.0,6,0.0,6,0.0,0,0.0,50.0,0.0,2023-10-05,-,0,-
843,-21,GetGot,-,1152.86,-1.05,1620.66,0.0,155.93,0.35,6,0.0,4,0.0,2,0.0,0,0.0,66.67,0.0,2026-01-31,-,0,-
844,-25,BerdBlond,-,1152.53,-3.73,1284.64,0.0,44.04,1.24,135,0.0,53,0.0,78,0.0,4,0.0,39.26,0.0,2026-02-08,-,0,836.0
845,-163,silverpaun,-,1152.12,-96.13,1435.58,-160.79,94.49,-21.55,18,7.0,9,2.0,9,5.0,0,0.0,50.0,-13.64,2026-08-09,-,0,-
846,-23,baralex,-,1151.09,-1.47,1484.27,0.0,111.06,0.49,15,0.0,7,0.0,8,0.0,0,0.0,46.67,0.0,2026-01-29,-,0,872.0
-,-,Vanilla,-,1150.2,-1.28,1531.82,0.0,127.21,0.43,12,0.0,6,0.0,6,0.0,0,0.0,50.0,0.0,2024-04-04,-,0,-
847,-22,amaj,US,1149.93,-1.22,1552.34,0.0,134.13,0.41,8,0.0,3,0.0,5,0.0,0,0.0,37.5,0.0,2026-03-23,-,0,439.0
848,-24,Dienekes,-,1149.61,-2.09,1259.46,-0.9,36.61,0.4,218,7.0,69,2.0,148,5.0,1,0.0,31.65,-0.1,2026-08-09,-,0,533.0
-,-,KapitanTom,CZ,1148.56,-2.04,1389.73,0.0,80.39,0.68,32,0.0,14,0.0,18,0.0,0,0.0,43.75,0.0,2025-02-14,-,0,852.0
-,-,Ockham,-,1148.32,-1.18,1563.63,0.0,138.44,0.39,9,0.0,5,0.0,4,0.0,0,0.0,55.56,0.0,2024-04-04,-,0,-
849,-40,Igelkotten,-,1147.59,-20.95,1291.04,-24.93,47.81,-1.32,80,7.0,29,0.0,51,7.0,0,0.0,36.25,-3.48,2026-08-08,-,0,687.0
850,-23,Partyshank,-,1147.22,-2.98,1313.73,0.0,55.5,0.99,70,0.0,27,0.0,43,0.0,0,0.0,38.57,0.0,2026-02-17,-,0,589.0
851,-22,greslack,-,1146.96,-0.9,1687.6,0.0,180.21,0.3,6,0.0,5,0.0,1,0.0,0,0.0,83.33,0.0,2026-01-31,-,0,-
-,-,18544415,-,1146.68,-0.8,1761.17,0.0,204.83,0.27,3,0.0,3,0.0,0,0.0,0,0.0,100.0,0.0,2024-12-16,-,0,989.0
-,-,BlaueElise,-,1146.62,-1.09,1594.95,0.0,149.44,0.36,9,0.0,4,0.0,5,0.0,0,0.0,44.44,0.0,2024-04-04,-,0,1287.0
852,-2,Franzy,-,1146.57,12.63,1277.25,10.58,43.56,-0.68,109,7.0,40,3.0,68,4.0,1,0.0,36.7,0.43,2026-08-13,-,0,746.0
853,-23,J-Dawg,-,1146.15,-1.53,1467.42,0.0,107.09,0.51,14,0.0,6,0.0,8,0.0,0,0.0,42.86,0.0,2026-01-28,-,0,805.0
854,-21,Luludumm,-,1145.55,-1.51,1470.19,0.0,108.21,0.5,12,0.0,5,0.0,7,0.0,0,0.0,41.67,0.0,2025-12-12,-,0,805.0
-,-,Redgood,-,1145.11,-1.27,1531.11,0.0,128.67,0.42,9,0.0,5,0.0,4,0.0,0,0.0,55.56,0.0,2025-03-27,-,0,805.0
-,-,Kripa,FI,1144.68,-1.0,1633.66,0.0,162.99,0.33,7,0.0,4,0.0,3,0.0,0,0.0,57.14,0.0,2023-05-14,-,0,-
855,-20,Chenese,-,1144.59,-1.6,1450.04,0.0,101.81,0.53,15,0.0,6,0.0,9,0.0,0,0.0,40.0,0.0,2026-03-24,-,0,1118.0
-,-,ksfga,-,1144.38,-1.08,1598.3,0.0,151.31,0.36,6,0.0,4,0.0,2,0.0,0,0.0,66.67,0.0,2025-02-01,-,0,872.0
856,-24,eaguirre,-,1144.16,-3.17,1304.1,0.0,53.31,1.06,75,0.0,27,0.0,48,0.0,0,0.0,36.0,0.0,2025-11-30,-,0,1181.0
-,-,seyedempire,-,1144.13,-1.07,1599.94,0.0,151.94,0.36,6,0.0,4,0.0,2,0.0,0,0.0,66.67,0.0,2025-01-31,-,0,939.0
-,-,meeplematero,-,1143.24,-1.82,1412.15,0.0,89.64,0.61,24,0.0,10,0.0,13,0.0,1,0.0,41.67,0.0,2024-10-01,-,0,-
-,-,nchenche,-,1142.44,-0.96,1649.68,0.0,169.08,0.32,5,0.0,3,0.0,2,0.0,0,0.0,60.0,0.0,2025-01-26,-,0,939.0
858,-22,Igordol,-,1142.27,-2.51,1337.74,0.0,65.16,0.84,54,0.0,21,0.0,33,0.0,0,0.0,38.89,0.0,2025-12-08,-,0,1174.0
857,-16,JiriHosek,-,1142.27,-1.4,1492.23,0.0,116.65,0.47,13,0.0,5,0.0,8,0.0,0,0.0,38.46,0.0,2026-03-26,-,0,989.0
859,-20,Parcival,IT,1142.2,-1.71,1428.25,0.0,95.35,0.57,18,0.0,7,0.0,10,0.0,1,0.0,38.89,0.0,2026-04-01,-,0,455.0
860,-22,Drizzt84,-,1141.49,-2.91,1311.65,0.0,56.72,0.97,80,0.0,25,0.0,55,0.0,0,0.0,31.25,0.0,2026-02-03,-,0,659.0
-,-,KingBilly,-,1141.09,-1.0,1629.91,0.0,162.94,0.33,6,0.0,4,0.0,2,0.0,0,0.0,66.67,0.0,2024-02-23,-,0,-
861,-24,LeSauvage,BE,1141.06,-3.49,1284.25,0.0,47.73,1.16,100,0.0,35,0.0,63,0.0,2,0.0,35.0,0.0,2026-02-15,-,0,565.0
-,-,pabula,PL,1140.91,-2.61,1329.66,0.0,62.92,0.87,50,0.0,15,0.0,33,0.0,2,0.0,30.0,0.0,2024-10-01,-,0,-
-,-,chenstix,-,1140.29,-1.25,1531.05,0.0,130.25,0.42,14,0.0,7,0.0,7,0.0,0,0.0,50.0,0.0,2023-03-01,G,6,-
-,-,Minde,NO,1140.17,-1.51,1464.29,0.0,108.04,0.5,18,0.0,9,0.0,9,0.0,0,0.0,50.0,0.0,2024-08-11,-,0,742.0
-,-,Rzheng4,-,1140.14,-1.25,1531.39,0.0,130.42,0.42,9,0.0,5,0.0,4,0.0,0,0.0,55.56,0.0,2025-03-22,-,0,805.0
862,-19,DerIch86,-,1139.62,-1.97,1388.48,0.0,82.95,0.66,25,0.0,10,0.0,15,0.0,0,0.0,40.0,0.0,2026-05-18,-,0,872.0
863,-12,Dimitris,GR,1139.59,7.13,1262.62,6.57,41.01,-0.19,149,7.0,54,3.0,94,4.0,1,0.0,36.24,0.32,2026-08-19,-,0,628.0
864,-22,Jived,IT,1138.8,-3.55,1278.43,0.0,46.55,1.18,120,0.0,48,0.0,71,0.0,1,0.0,40.0,0.0,2026-01-29,-,0,841.0
-,-,fu1luo,-,1138.67,-1.26,1526.9,0.0,129.41,0.42,13,0.0,7,0.0,6,0.0,0,0.0,53.85,0.0,2024-02-23,-,0,-
865,-1,Jmstoic,-,1138.65,15.93,1336.29,-3.51,65.88,-6.48,38,7.0,15,2.0,23,5.0,0,0.0,39.47,-2.47,2026-08-14,-,0,1244.0
866,-21,Foxxx,-,1138.33,-1.44,1477.76,0.0,113.14,0.48,15,0.0,7,0.0,8,0.0,0,0.0,46.67,0.0,2026-03-22,-,0,-
867,-6,Exile,-,1137.86,12.43,1289.46,6.64,50.53,-1.93,81,7.0,30,3.0,51,4.0,0,0.0,37.04,0.55,2026-08-14,-,0,600.0
868,-21,hyudun,-,1137.04,-1.34,1502.21,0.0,121.72,0.45,9,0.0,4,0.0,5,0.0,0,0.0,44.44,0.0,2026-03-24,-,0,-
869,47,Bigsbyben,-,1136.7,58.97,1393.1,8.7,85.47,-16.76,21,6.0,9,3.0,12,3.0,0,0.0,42.86,2.86,2026-08-16,-,0,-
870,-15,Rebel_Rebs,-,1136.2,6.06,1284.55,0.99,49.45,-1.69,79,7.0,27,3.0,51,4.0,1,0.0,34.18,0.85,2026-08-10,-,0,836.0
871,-13,Nitrosaurus24,US,1136.05,7.7,1279.21,3.32,47.72,-1.46,83,7.0,31,3.0,51,4.0,1,0.0,37.35,0.51,2026-08-18,-,0,844.0
872,111,MajorGaz,-,1135.89,104.53,1360.68,74.65,74.93,-9.96,31,6.0,12,4.0,17,1.0,2,1.0,38.71,6.71,2026-08-11,-,0,-
-,-,DonStealth,-,1135.17,-2.01,1379.28,0.0,81.37,0.67,30,0.0,12,0.0,18,0.0,0,0.0,40.0,0.0,2025-01-28,-,0,1184.0
873,-25,LudoH,-,1134.61,-1.49,1463.71,0.0,109.7,0.5,14,0.0,6,0.0,8,0.0,0,0.0,42.86,0.0,2026-02-04,-,0,872.0
874,-15,Cromlech,-,1134.1,6.71,1287.66,1.55,51.18,-1.72,72,6.0,25,2.0,46,4.0,1,0.0,34.72,-0.13,2026-08-02,-,0,705.0
-,-,Sheepstealer,-,1134.0,-1.15,1559.25,0.0,141.75,0.38,8,0.0,5,0.0,3,0.0,0,0.0,62.5,0.0,2024-04-04,-,0,-
-,-,hkl,-,1133.89,-1.15,1561.54,0.0,142.55,0.38,11,0.0,5,0.0,6,0.0,0,0.0,45.45,0.0,2023-01-15,-,0,-
875,-26,Metil,-,1133.67,-1.82,1403.78,0.0,90.04,0.61,27,0.0,10,0.0,17,0.0,0,0.0,37.04,0.0,2026-03-29,-,0,939.0
-,-,Gorky,-,1131.11,-0.98,1628.41,0.0,165.77,0.33,8,0.0,4,0.0,4,0.0,0,0.0,50.0,0.0,2022-01-01,-,0,-
-,-,Lizabove,-,1130.66,-1.04,1600.53,0.0,156.62,0.35,8,0.0,4,0.0,4,0.0,0,0.0,50.0,0.0,2022-01-01,-,0,-
-,-,Rockdrigo,-,1130.66,-1.04,1600.53,0.0,156.62,0.35,8,0.0,4,0.0,4,0.0,0,0.0,50.0,0.0,2022-01-01,-,0,-
-,-,Bonisagius,-,1130.66,-1.04,1600.53,0.0,156.62,0.35,8,0.0,4,0.0,4,0.0,0,0.0,50.0,0.0,2022-01-01,-,0,-
-,-,stmx0v0,-,1130.66,-1.04,1600.53,0.0,156.62,0.35,8,0.0,4,0.0,4,0.0,0,0.0,50.0,0.0,2022-01-01,-,0,-
-,-,CrAzian18,-,1130.59,-1.27,1515.74,0.0,128.38,0.42,12,0.0,7,0.0,5,0.0,0,0.0,58.33,0.0,2025-02-02,-,0,939.0
876,-24,JohnDavie,-,1130.53,-1.56,1443.68,0.0,104.38,0.52,15,0.0,6,0.0,9,0.0,0,0.0,40.0,0.0,2026-02-02,-,0,939.0
877,-24,Cimone,IT,1130.02,-1.11,1571.87,0.0,147.28,0.37,6,0.0,4,0.0,2,0.0,0,0.0,66.67,0.0,2026-01-30,-,0,-
-,-,Kelric,-,1129.77,-1.4,1478.89,0.0,116.37,0.47,16,0.0,6,0.0,10,0.0,0,0.0,37.5,0.0,2023-06-06,-,0,-
-,-,Exurbitantus,-,1129.74,-1.17,1546.95,0.0,139.07,0.39,9,0.0,4,0.0,5,0.0,0,0.0,44.44,0.0,2023-04-16,-,0,-
878,-15,RJonkers,NL,1129.26,6.11,1285.08,0.52,51.94,-1.86,75,6.0,24,2.0,50,4.0,1,0.0,32.0,0.12,2026-08-16,-,0,655.0
879,-25,honne,-,1129.18,-1.48,1460.86,0.0,110.56,0.49,14,0.0,6,0.0,8,0.0,0,0.0,42.86,0.0,2026-03-28,-,0,989.0
-,-,botenmaru82,-,1127.84,-2.16,1354.3,0.0,75.49,0.72,34,0.0,13,0.0,20,0.0,1,0.0,38.24,0.0,2025-08-18,-,0,872.0
880,-40,metternich,IT,1127.01,-16.71,1246.73,-18.01,39.91,-0.44,154,7.0,60,1.0,93,5.0,1,1.0,38.96,-1.18,2026-08-18,-,0,615.0
881,-24,hbendeguz,-,1125.91,-2.57,1317.46,0.0,63.85,0.86,50,0.0,14,0.0,34,0.0,2,0.0,28.0,0.0,2025-12-08,-,0,-
882,-169,Sathran,-,1125.23,-103.92,1376.5,-145.5,83.76,-13.86,23,7.0,10,1.0,13,6.0,0,0.0,43.48,-12.77,2026-08-15,-,0,-
-,-,chisuru,-,1124.77,-1.42,1468.9,0.0,114.71,0.47,14,0.0,5,0.0,9,0.0,0,0.0,35.71,0.0,2024-04-04,-,0,-
883,-23,Opi,-,1124.53,-1.5,1451.46,0.0,108.98,0.5,12,0.0,5,0.0,7,0.0,0,0.0,41.67,0.0,2026-02-04,-,0,989.0
884,-15,bobcatbob,-,1124.42,6.94,1234.97,8.57,36.85,0.54,225,6.0,70,3.0,155,3.0,0,0.0,31.11,0.52,2026-08-02,-,0,565.0
-,-,Iwego,-,1122.32,-1.32,1492.58,0.0,123.42,0.44,12,0.0,5,0.0,7,0.0,0,0.0,41.67,0.0,2024-07-01,-,0,-
-,-,Paul.,-,1122.28,-0.92,1652.38,0.0,176.7,0.31,6,0.0,4,0.0,2,0.0,0,0.0,66.67,0.0,2023-03-01,-,0,-
-,-,Kunizial,-,1122.07,-0.98,1623.88,0.0,167.27,0.33,5,0.0,3,0.0,2,0.0,0,0.0,60.0,0.0,2025-02-04,-,0,989.0
-,-,norbetk,PL,1121.68,-1.51,1446.5,0.0,108.27,0.5,17,0.0,9,0.0,8,0.0,0,0.0,52.94,0.0,2025-08-12,-,0,742.0
885,-20,iindianajones,-,1120.38,-1.12,1557.36,0.0,145.66,0.37,6,0.0,4,0.0,2,0.0,0,0.0,66.67,0.0,2026-02-03,-,0,1287.0
886,-42,Gr33ny,-,1120.2,-19.76,1240.77,-19.96,40.19,-0.07,152,7.0,54,0.0,98,7.0,0,0.0,35.53,-1.71,2026-08-16,-,0,600.0
887,-41,justnomame,VN,1120.1,-18.79,1312.05,-38.2,63.98,-6.47,44,7.0,18,1.0,25,6.0,1,0.0,40.91,-5.04,2026-08-11,-,0,-
888,-26,LadyValaria,US,1119.98,-3.83,1249.44,0.0,43.15,1.28,122,0.0,44,0.0,77,0.0,1,0.0,36.07,0.0,2026-02-20,-,0,780.0
889,25,Mammaklaskern,-,1119.68,38.95,1373.77,-1.78,84.69,-13.58,20,6.0,8,2.0,12,4.0,0,0.0,40.0,-2.86,2026-08-03,-,0,1375.0
890,-23,Ladden,-,1119.58,-1.3,1496.51,0.0,125.65,0.43,9,0.0,4,0.0,5,0.0,0,0.0,44.44,0.0,2026-03-26,-,0,-
-,-,pgierasi,PL,1119.2,-2.31,1332.09,0.0,70.96,0.77,53,0.0,19,0.0,32,0.0,2,0.0,35.85,0.0,2024-02-23,-,0,-
-,-,demainlesdauphins,-,1118.73,-2.06,1355.92,0.0,79.06,0.69,30,0.0,13,0.0,17,0.0,0,0.0,43.33,0.0,2025-05-21,-,0,681.0
891,-23,sbaro,-,1118.61,-2.27,1336.63,0.0,72.67,0.76,30,0.0,13,0.0,17,0.0,0,0.0,43.33,0.0,2025-11-30,-,0,578.0
-,-,dannymcbride,-,1118.18,-2.15,1346.99,0.0,76.27,0.72,31,0.0,13,0.0,17,0.0,1,0.0,41.94,0.0,2025-02-17,-,0,868.0
-,-,CoxCz,CZ,1117.37,-1.6,1424.54,0.0,102.39,0.53,17,0.0,7,0.0,10,0.0,0,0.0,41.18,0.0,2025-03-20,G,4,872.0
-,-,Francis88,-,1117.3,-2.27,1333.41,0.0,72.04,0.76,35,0.0,15,0.0,20,0.0,0,0.0,42.86,0.0,2025-08-15,-,0,611.0
-,-,fas723,-,1116.04,-1.17,1536.17,0.0,140.05,0.39,9,0.0,5,0.0,4,0.0,0,0.0,55.56,0.0,2024-04-04,-,0,-
892,-22,Broens,-,1115.68,-1.49,1444.4,0.0,109.57,0.5,16,0.0,7,0.0,9,0.0,0,0.0,43.75,0.0,2026-02-03,-,0,1118.0
-,-,nosnah,PL,1115.63,-2.85,1288.18,0.0,57.52,0.95,76,0.0,28,0.0,45,0.0,3,0.0,36.84,0.0,2024-04-14,-,0,-
-,-,Rajasands,-,1115.28,-2.21,1337.58,0.0,74.1,0.74,37,0.0,14,0.0,23,0.0,0,0.0,37.84,0.0,2025-03-27,-,0,868.0
893,-27,Archangel,-,1115.05,-5.87,1324.71,-32.24,69.89,-8.79,34,7.0,15,2.0,19,5.0,0,0.0,44.12,-4.03,2026-08-08,-,0,1257.0
-,-,Nuzzoloo95,-,1114.75,-1.4,1464.78,0.0,116.68,0.47,16,0.0,7,0.0,9,0.0,0,0.0,43.75,0.0,2024-07-01,-,0,-
-,-,Lonzo,DE,1113.59,-1.14,1543.22,0.0,143.21,0.38,9,0.0,4,0.0,5,0.0,0,0.0,44.44,0.0,2023-04-16,G,2,-
-,-,GWax11,-,1113.13,-0.76,1753.35,0.0,213.41,0.25,3,0.0,2,0.0,0,0.0,1,0.0,66.67,0.0,2023-01-15,-,0,-
894,-22,Pompeius12,-,1112.8,-1.26,1501.19,0.0,129.47,0.42,9,0.0,4,0.0,5,0.0,0,0.0,44.44,0.0,2026-03-29,-,0,-
895,-24,filgonfin,ES,1112.76,-3.35,1260.94,0.0,49.4,1.12,111,0.0,40,0.0,71,0.0,0,0.0,36.04,0.0,2026-02-04,-,0,1280.0
896,-40,xeveli,CZ,1112.0,-17.78,1277.48,-24.73,55.16,-2.32,59,7.0,23,0.0,36,7.0,0,0.0,38.98,-5.25,2026-08-15,-,0,687.0
897,94,jmcj,-,1111.92,93.41,1309.69,68.13,65.93,-8.43,34,7.0,15,6.0,18,1.0,1,0.0,44.12,10.79,2026-08-11,-,0,1258.0
-,-,Mikeski,-,1111.74,-1.94,1364.14,0.0,84.13,0.65,27,0.0,10,0.0,16,0.0,1,0.0,37.04,0.0,2025-03-24,-,0,939.0
-,-,Devius,-,1110.36,-1.25,1502.53,0.0,130.72,0.42,9,0.0,3,0.0,5,0.0,1,0.0,33.33,0.0,2024-07-01,-,0,-
898,-24,Raystoneg,-,1110.24,-1.12,1548.52,0.0,146.09,0.37,6,0.0,4,0.0,2,0.0,0,0.0,66.67,0.0,2026-02-02,-,0,-
-,-,Raq82,-,1109.89,-1.93,1363.75,0.0,84.62,0.64,27,0.0,10,0.0,17,0.0,0,0.0,37.04,0.0,2024-04-14,-,0,-
-,-,DeineMudda,-,1109.88,-0.96,1621.01,0.0,170.38,0.32,6,0.0,3,0.0,3,0.0,0,0.0,50.0,0.0,2023-03-01,-,0,-
899,-24,ce.re,-,1109.86,-1.19,1519.41,0.0,136.51,0.4,8,0.0,4,0.0,4,0.0,0,0.0,50.0,0.0,2026-03-26,-,0,-
900,-27,peppe76,-,1109.76,-3.35,1260.02,0.0,50.09,1.12,110,0.0,46,0.0,62,0.0,2,0.0,41.82,0.0,2026-02-01,-,0,640.0
-,-,Snorky,-,1109.69,-0.91,1648.1,0.0,179.47,0.3,6,0.0,4,0.0,2,0.0,0,0.0,66.67,0.0,2023-03-01,-,0,-
-,-,Honigbaer,DE,1108.55,-1.19,1521.44,0.0,137.63,0.4,12,0.0,5,0.0,7,0.0,0,0.0,41.67,0.0,2024-04-04,-,0,-
-,-,RainyDay,-,1107.15,-2.1,1341.11,0.0,77.99,0.7,35,0.0,12,0.0,21,0.0,2,0.0,34.29,0.0,2024-04-04,-,0,-
901,-22,Oso,-,1106.64,-1.35,1468.31,0.0,120.56,0.45,11,0.0,5,0.0,6,0.0,0,0.0,45.45,0.0,2026-03-23,-,0,926.0
902,-22,landrew,-,1105.83,-1.13,1538.72,0.0,144.3,0.38,6,0.0,3,0.0,3,0.0,0,0.0,50.0,0.0,2026-02-04,-,0,-
903,-13,Claudius74,CA,1105.48,5.43,1216.87,5.86,37.13,0.14,197,7.0,62,4.0,134,3.0,1,0.0,31.47,0.94,2026-08-13,-,0,558.0
904,-23,Donkeroo,-,1105.29,-1.24,1499.45,0.0,131.39,0.41,11,0.0,5,0.0,6,0.0,0,0.0,45.45,0.0,2026-02-06,-,0,1118.0
-,-,CountFab,-,1105.07,-1.18,1521.09,0.0,138.67,0.39,9,0.0,5,0.0,4,0.0,0,0.0,55.56,0.0,2025-03-26,-,0,872.0
-,-,HeartBreakKid,US,1104.59,-1.28,1488.34,0.0,127.92,0.43,12,0.0,4,0.0,8,0.0,0,0.0,33.33,0.0,2024-07-01,-,0,-
-,-,Theory,-,1104.13,-1.03,1578.15,0.0,158.01,0.34,8,0.0,4,0.0,4,0.0,0,0.0,50.0,0.0,2022-01-01,-,0,-
-,-,abandonedPlayer,-,1104.13,-1.03,1578.15,0.0,158.01,0.34,8,0.0,4,0.0,4,0.0,0,0.0,50.0,0.0,2022-01-01,-,0,-
905,-28,sirlenon,-,1103.93,-5.22,1244.73,-9.2,46.93,-1.33,82,7.0,26,2.0,56,5.0,0,0.0,31.71,-0.29,2026-08-11,-,0,742.0
906,-24,Kartek,-,1103.19,-1.85,1368.4,0.0,88.4,0.62,23,0.0,10,0.0,13,0.0,0,0.0,43.48,0.0,2026-02-02,-,0,861.0
907,-24,snowjotunn,-,1103.0,-1.02,1582.58,0.0,159.86,0.34,5,0.0,3,0.0,2,0.0,0,0.0,60.0,0.0,2026-02-01,-,0,-
908,-23,Synchro,BD,1102.38,-1.28,1484.17,0.0,127.26,0.43,9,0.0,5,0.0,4,0.0,0,0.0,55.56,0.0,2025-12-15,-,0,728.0
909,10,jdtyler7,US,1102.22,27.11,1405.9,-82.22,101.23,-36.44,14,7.0,7,3.0,7,4.0,0,0.0,50.0,-7.14,2026-08-13,-,0,-
910,-10,Vegeta4791,-,1100.7,10.5,1243.38,6.16,47.56,-1.44,91,7.0,28,3.0,63,4.0,0,0.0,30.77,1.01,2026-08-10,-,0,648.0
911,-23,prozio,-,1100.49,-2.08,1336.85,0.0,78.79,0.69,33,0.0,12,0.0,21,0.0,0,0.0,36.36,0.0,2026-02-04,-,0,1287.0
-,-,Druen,-,1100.48,-1.04,1569.56,0.0,156.36,0.35,8,0.0,4,0.0,4,0.0,0,0.0,50.0,0.0,2022-01-01,-,0,-
912,-26,weed14,SG,1100.47,-3.19,1256.11,0.0,51.88,1.06,72,0.0,20,0.0,51,0.0,1,0.0,27.78,0.0,2025-11-30,-,0,932.0
913,-24,Wyszek,-,1100.42,-1.45,1437.71,0.0,112.43,0.48,15,0.0,6,0.0,8,0.0,1,0.0,40.0,0.0,2026-04-01,-,0,1067.0
-,-,Neptian,-,1099.7,-1.03,1574.87,0.0,158.39,0.34,6,0.0,3,0.0,3,0.0,0,0.0,50.0,0.0,2024-04-04,-,0,-
914,-27,Rob51,NL,1098.93,-3.71,1232.49,0.0,44.52,1.24,124,0.0,48,0.0,73,0.0,3,0.0,38.71,0.0,2026-05-12,-,0,857.0
-,-,Ferguse72,-,1098.44,-1.18,1512.05,0.0,137.87,0.39,9,0.0,5,0.0,4,0.0,0,0.0,55.56,0.0,2024-04-04,-,0,-
-,-,wirymen,PL,1098.16,-1.49,1426.04,0.0,109.29,0.5,16,0.0,6,0.0,9,0.0,1,0.0,37.5,0.0,2024-07-01,-,0,-
-,-,ZacDeMundo,CA,1098.13,-1.44,1440.32,0.0,114.06,0.48,19,0.0,6,0.0,13,0.0,0,0.0,31.58,0.0,2024-08-11,-,0,-
-,-,Midyat,-,1098.09,-1.74,1379.21,0.0,93.71,0.58,21,0.0,8,0.0,13,0.0,0,0.0,38.1,0.0,2024-12-05,-,0,989.0
-,-,betweenworlds,IN,1097.69,-2.57,1288.77,0.0,63.69,0.86,59,0.0,19,0.0,39,0.0,1,0.0,32.2,0.0,2024-12-19,-,0,1245.0
915,-23,lzhon002,-,1096.98,-1.63,1398.16,0.0,100.39,0.54,18,0.0,8,0.0,10,0.0,0,0.0,44.44,0.0,2026-02-07,-,0,1184.0
916,-23,timaeus,-,1096.93,-1.17,1514.29,0.0,139.12,0.39,8,0.0,2,0.0,5,0.0,1,0.0,25.0,0.0,2026-03-28,-,0,-
917,-26,Jaja,CZ,1096.87,-1.93,1350.29,0.0,84.47,0.64,30,0.0,10,0.0,19,0.0,1,0.0,33.33,0.0,2026-03-27,-,0,1062.0
918,4,johnboy,-,1096.43,24.65,1264.35,11.47,55.97,-4.39,51,7.0,19,4.0,32,3.0,0,0.0,37.25,3.16,2026-08-15,-,0,989.0
-,-,mythianan,-,1094.92,-1.17,1514.8,0.0,139.96,0.39,9,0.0,4,0.0,5,0.0,0,0.0,44.44,0.0,2024-04-04,-,0,-
919,-35,ClaridadNocturna,ES,1094.33,-9.55,1226.93,-10.94,44.2,-0.46,117,6.0,41,1.0,76,5.0,0,0.0,35.04,-1.0,2026-08-11,-,0,700.0
920,-26,Mirceamsc1,-,1094.09,-1.84,1360.61,0.0,88.84,0.61,23,0.0,8,0.0,14,0.0,1,0.0,34.78,0.0,2026-02-09,-,0,1067.0
-,-,kaiwanxiaola,TW,1094.08,-0.97,1599.84,0.0,168.59,0.32,9,0.0,4,0.0,5,0.0,0,0.0,44.44,0.0,2023-04-16,-,0,-
921,-25,salvor7,CA,1093.54,-1.52,1416.16,0.0,107.54,0.51,18,0.0,7,0.0,11,0.0,0,0.0,38.89,0.0,2026-02-04,-,0,1067.0
922,-21,InGodWeTrust,-,1093.37,3.27,1353.68,-63.53,86.77,-22.27,20,7.0,7,2.0,13,5.0,0,0.0,35.0,-3.46,2026-08-13,-,0,-
-,-,jratana1,-,1092.53,-0.99,1586.23,0.0,164.57,0.33,6,0.0,4,0.0,2,0.0,0,0.0,66.67,0.0,2024-04-04,-,0,-
923,-28,DeZet,-,1091.85,-3.34,1242.96,0.0,50.37,1.11,88,0.0,24,0.0,63,0.0,1,0.0,27.27,0.0,2025-11-30,-,0,697.0
-,-,Tutux,FR,1091.42,-1.38,1445.81,0.0,118.13,0.46,17,0.0,8,0.0,9,0.0,0,0.0,47.06,0.0,2024-08-11,-,0,-
-,-,JanusXXIII,-,1090.6,-1.04,1560.56,0.0,156.65,0.35,9,0.0,5,0.0,4,0.0,0,0.0,55.56,0.0,2023-11-07,-,0,-
924,-26,Oleg787899,-,1089.7,-1.03,1563.29,0.0,157.86,0.34,6,0.0,3,0.0,3,0.0,0,0.0,50.0,0.0,2026-02-08,-,0,-
-,-,Namian,-,1088.99,-1.16,1510.2,0.0,140.4,0.39,11,0.0,6,0.0,5,0.0,0,0.0,54.55,0.0,2024-04-04,-,0,-
925,-26,nkbobo,IT,1088.37,-1.85,1353.7,0.0,88.44,0.62,29,0.0,10,0.0,19,0.0,0,0.0,34.48,0.0,2025-12-14,-,0,461.0
-,-,Yunseok,-,1086.68,-1.37,1445.95,0.0,119.76,0.46,15,0.0,7,0.0,8,0.0,0,0.0,46.67,0.0,2024-04-04,-,0,-
926,-24,Cyrus_j2s,-,1085.49,-1.86,1348.58,0.0,87.7,0.62,27,0.0,9,0.0,18,0.0,0,0.0,33.33,0.0,2026-02-03,-,0,872.0
927,-24,stshow123,-,1084.68,-1.21,1488.69,0.0,134.67,0.4,7,0.0,4,0.0,3,0.0,0,0.0,57.14,0.0,2025-11-23,-,0,1245.0
-,-,qhung49,VN,1084.46,-1.08,1537.5,0.0,151.01,0.36,9,0.0,5,0.0,4,0.0,0,0.0,55.56,0.0,2023-04-16,M,2,473.0
-,-,Faustoguby,-,1084.44,-2.28,1300.13,0.0,71.89,0.76,55,0.0,16,0.0,39,0.0,0,0.0,29.09,0.0,2024-02-23,-,0,-
-,-,erlikhan,-,1084.24,-1.31,1458.01,0.0,124.59,0.44,12,0.0,5,0.0,7,0.0,0,0.0,41.67,0.0,2025-02-01,-,0,989.0
928,new,Saerleon,-,1084.05,634.05,1495.11,-4.89,137.02,137.02,7,7.0,2,2.0,5,5.0,0,0.0,28.57,28.57,2026-08-13,M,2,-
929,-25,Scooti,-,1083.68,-1.01,1568.59,0.0,161.64,0.34,5,0.0,3,0.0,2,0.0,0,0.0,60.0,0.0,2026-02-03,-,0,-
-,-,NerAlgert,-,1083.01,-2.7,1264.23,0.0,60.41,0.9,60,0.0,20,0.0,39,0.0,1,0.0,33.33,0.0,2025-02-14,-,0,1385.0
930,-25,N0rBeer,-,1082.78,-1.52,1404.69,0.0,107.3,0.51,18,0.0,7,0.0,11,0.0,0,0.0,38.89,0.0,2026-03-26,-,0,939.0
931,-23,Veggis,-,1082.48,-1.15,1506.46,0.0,141.32,0.38,6,0.0,3,0.0,3,0.0,0,0.0,50.0,0.0,2026-02-05,-,0,-
-,-,danielusuga,-,1082.41,-1.7,1371.16,0.0,96.25,0.57,24,0.0,8,0.0,16,0.0,0,0.0,33.33,0.0,2024-04-04,-,0,-
-,-,PhamNuwen,-,1082.23,-1.08,1537.44,0.0,151.74,0.36,6,0.0,3,0.0,3,0.0,0,0.0,50.0,0.0,2025-02-05,-,0,989.0
932,-25,Pants101,-,1082.12,-1.6,1388.61,0.0,102.16,0.53,14,0.0,5,0.0,9,0.0,0,0.0,35.71,0.0,2026-02-07,-,0,872.0
-,-,lukejones82,-,1080.82,-1.41,1427.52,0.0,115.56,0.47,11,0.0,3,0.0,7,0.0,1,0.0,27.27,0.0,2025-05-07,-,0,729.0
933,-23,Yavuial,-,1080.62,-0.73,1748.67,0.0,222.69,0.24,3,0.0,3,0.0,0,0.0,0,0.0,100.0,0.0,2025-12-06,-,0,-
-,-,Tsachi,-,1080.45,-1.11,1522.54,0.0,147.37,0.37,9,0.0,4,0.0,5,0.0,0,0.0,44.44,0.0,2023-04-16,-,0,-
-,-,AsukaBlank,-,1080.4,-1.18,1494.17,0.0,137.93,0.39,11,0.0,4,0.0,6,0.0,1,0.0,36.36,0.0,2023-01-15,-,0,-
-,-,nge,-,1080.22,-1.32,1451.79,0.0,123.85,0.44,12,0.0,5,0.0,7,0.0,0,0.0,41.67,0.0,2025-01-31,-,0,1184.0
-,-,Oslot,-,1080.16,-1.48,1410.68,0.0,110.17,0.49,19,0.0,7,0.0,12,0.0,0,0.0,36.84,0.0,2023-07-15,-,0,-
-,-,Kwang202,-,1079.62,-1.17,1496.49,0.0,138.96,0.39,11,0.0,5,0.0,6,0.0,0,0.0,45.45,0.0,2023-01-15,-,0,-
934,-23,Gurhuntar,-,1079.45,-1.82,1348.53,0.0,89.69,0.61,26,0.0,8,0.0,18,0.0,0,0.0,30.77,0.0,2026-03-26,-,0,872.0
935,-23,qige,-,1079.35,-1.52,1402.03,0.0,107.56,0.51,15,0.0,6,0.0,9,0.0,0,0.0,40.0,0.0,2026-02-05,-,0,918.0
-,-,Sprox,-,1079.22,-1.21,1485.29,0.0,135.35,0.4,8,0.0,4,0.0,4,0.0,0,0.0,50.0,0.0,2024-04-04,-,0,-
936,-23,Lohmann,-,1079.21,-1.56,1393.3,0.0,104.69,0.52,15,0.0,7,0.0,8,0.0,0,0.0,46.67,0.0,2026-03-21,-,0,1118.0
937,-28,ToSt,PL,1078.77,-2.87,1250.49,0.0,57.24,0.96,71,0.0,29,0.0,41,0.0,1,0.0,40.85,0.0,2026-02-07,-,0,-
-,-,MrMacacavoy,-,1078.19,-1.12,1515.05,0.0,145.62,0.37,10,0.0,5,0.0,5,0.0,0,0.0,50.0,0.0,2023-03-01,-,0,-
-,-,TTTE,-,1077.79,-1.07,1533.87,0.0,152.03,0.36,7,0.0,5,0.0,2,0.0,0,0.0,71.43,0.0,2025-02-17,-,0,1375.0
-,-,Arccos,GR,1077.4,-0.93,1603.49,0.0,175.36,0.31,6,0.0,4,0.0,2,0.0,0,0.0,66.67,0.0,2023-03-01,P,4,-
-,-,busto_fidli,-,1076.84,-1.03,1550.89,0.0,158.02,0.34,8,0.0,4,0.0,4,0.0,0,0.0,50.0,0.0,2022-01-01,-,0,-
-,-,backspace,-,1074.88,-1.77,1352.4,0.0,92.51,0.59,21,0.0,9,0.0,12,0.0,0,0.0,42.86,0.0,2025-02-20,-,0,1259.0
938,-21,N4F,-,1074.82,-1.09,1523.93,0.0,149.7,0.36,6,0.0,3,0.0,3,0.0,0,0.0,50.0,0.0,2026-02-11,-,0,746.0
939,-24,Tonino,-,1074.17,-3.82,1204.34,0.0,43.39,1.27,161,0.0,52,0.0,108,0.0,1,0.0,32.3,0.0,2026-02-06,-,0,788.0
940,18,OodOok,-,1073.8,24.43,1295.9,-6.77,74.03,-10.4,30,7.0,10,2.0,20,5.0,0,0.0,33.33,-1.45,2026-08-11,-,0,1375.0
941,-23,Dani91,-,1073.44,-1.91,1329.58,0.0,85.38,0.64,24,0.0,12,0.0,12,0.0,0,0.0,50.0,0.0,2025-11-30,-,0,932.0
942,-22,pj79,-,1072.74,-1.62,1197.42,-2.5,41.56,-0.29,147,7.0,49,2.0,97,5.0,1,0.0,33.33,-0.24,2026-08-14,-,0,791.0
-,-,Der_Imperator,-,1072.66,-1.23,1469.51,0.0,132.28,0.41,10,0.0,5,0.0,5,0.0,0,0.0,50.0,0.0,2025-02-05,-,0,1118.0
943,-22,MechJayTi2,-,1072.64,-1.55,1387.64,0.0,105.0,0.52,18,0.0,7,0.0,11,0.0,0,0.0,38.89,0.0,2026-01-31,-,0,705.0
-,-,Makt,-,1072.62,-1.27,1459.14,0.0,128.84,0.42,8,0.0,3,0.0,5,0.0,0,0.0,37.5,0.0,2025-03-26,-,0,872.0
-,-,LukeSpraywalker,IN,1072.61,-2.65,1258.23,0.0,61.87,0.88,53,0.0,13,0.0,38,0.0,2,0.0,24.53,0.0,2024-10-01,-,0,-
-,-,aaaaa,JP,1071.28,-1.31,1446.41,0.0,125.04,0.44,12,0.0,5,0.0,7,0.0,0,0.0,41.67,0.0,2024-04-04,G,2,546.0
944,46,clemy,-,1070.8,46.83,1331.79,-15.47,87.0,-20.77,20,7.0,7,3.0,13,4.0,0,0.0,35.0,4.23,2026-08-10,-,0,-
-,-,McLovinsBlueberry,-,1069.54,-0.96,1577.96,0.0,169.47,0.32,6,0.0,3,0.0,3,0.0,0,0.0,50.0,0.0,2024-04-04,-,0,720.0
945,-22,Waaaaaa,-,1069.54,-1.33,1438.62,0.0,123.03,0.44,9,0.0,4,0.0,5,0.0,0,0.0,44.44,0.0,2026-03-31,-,0,-
946,-22,kwerra,-,1068.67,-1.96,1318.65,0.0,83.33,0.65,31,0.0,10,0.0,20,0.0,1,0.0,32.26,0.0,2026-02-03,-,0,1118.0
947,-21,Koberski,-,1068.57,-1.02,1546.57,0.0,159.33,0.34,6,0.0,3,0.0,3,0.0,0,0.0,50.0,0.0,2026-02-03,-,0,-
948,-21,DanielEss,-,1067.7,-1.32,1438.71,0.0,123.67,0.44,9,0.0,3,0.0,6,0.0,0,0.0,33.33,0.0,2026-03-27,-,0,-
949,-24,JakubZGandalfova,-,1066.92,-2.99,1233.43,0.0,55.5,1.0,62,0.0,22,0.0,39,0.0,1,0.0,35.48,0.0,2026-02-16,-,0,802.0
950,-22,rstrack,-,1066.86,-2.05,1307.66,0.0,80.27,0.68,30,0.0,13,0.0,17,0.0,0,0.0,43.33,0.0,2026-03-24,-,0,1287.0
-,-,FooledTwice,-,1066.69,-1.2,1473.52,0.0,135.61,0.4,12,0.0,5,0.0,7,0.0,0,0.0,41.67,0.0,2025-01-27,G,2,622.0
-,-,Tukhachevsky,-,1066.21,-1.4,1417.1,0.0,116.96,0.47,16,0.0,6,0.0,10,0.0,0,0.0,37.5,0.0,2024-08-11,-,0,-
951,-21,PatPunisher,-,1066.16,-1.39,1419.5,0.0,117.78,0.46,12,0.0,6,0.0,6,0.0,0,0.0,50.0,0.0,2026-01-29,-,0,1067.0
952,-20,QAS,-,1065.72,-1.22,1465.49,0.0,133.26,0.41,8,0.0,3,0.0,5,0.0,0,0.0,37.5,0.0,2026-03-25,-,0,-
953,-22,dmhalford,IT,1064.83,-2.48,1263.92,0.0,66.36,0.83,45,0.0,15,0.0,29,0.0,1,0.0,33.33,0.0,2026-02-10,-,0,700.0
-,-,tarmapas,-,1064.77,-1.18,1481.43,0.0,138.89,0.39,11,0.0,4,0.0,7,0.0,0,0.0,36.36,0.0,2023-01-15,-,0,-
954,-21,razorsedger,-,1064.38,-1.48,1396.45,0.0,110.69,0.49,13,0.0,5,0.0,8,0.0,0,0.0,38.46,0.0,2026-02-03,-,0,939.0
955,12,michasz,-,1063.97,21.52,1240.45,9.18,58.83,-4.11,62,7.0,20,3.0,41,4.0,1,0.0,32.26,1.35,2026-08-14,-,0,605.0
956,-22,Zero_1627,-,1063.82,-1.47,1398.12,0.0,111.43,0.49,14,0.0,6,0.0,8,0.0,0,0.0,42.86,0.0,2026-03-24,-,0,989.0
-,-,Nanu,-,1063.35,-1.05,1531.19,0.0,155.95,0.35,6,0.0,3,0.0,3,0.0,0,0.0,50.0,0.0,2025-02-05,-,0,939.0
957,-21,Czarny,-,1063.07,-1.17,1480.91,0.0,139.28,0.39,8,0.0,5,0.0,3,0.0,0,0.0,62.5,0.0,2026-03-22,-,0,-
958,-23,SnowGolem,-,1062.47,-2.57,1253.09,0.0,63.54,0.86,55,0.0,16,0.0,39,0.0,0,0.0,29.09,0.0,2025-12-09,-,0,630.0
959,-62,Everex,CZ,1062.22,-32.12,1214.68,-38.65,50.82,-2.18,83,7.0,25,0.0,57,7.0,1,0.0,30.12,-2.77,2026-08-16,-,0,628.0
-,-,Kestutelis,-,1061.84,-1.27,1445.88,0.0,128.01,0.42,11,0.0,4,0.0,7,0.0,0,0.0,36.36,0.0,2025-02-06,-,0,989.0
960,-31,AnBeLi3v4bLe,GR,1061.61,-6.37,1182.44,-6.21,40.28,0.05,171,7.0,48,1.0,123,6.0,0,0.0,28.07,-0.59,2026-08-17,-,0,670.0
-,-,Rodraca,-,1061.55,-0.94,1582.92,0.0,173.79,0.31,7,0.0,4,0.0,3,0.0,0,0.0,57.14,0.0,2023-01-15,-,0,-
961,24,Gympanse,-,1061.29,32.0,1329.59,-27.0,89.43,-19.67,18,6.0,7,2.0,11,4.0,0,0.0,38.89,-2.78,2026-08-11,-,0,-
962,-25,Norgaimen,-,1060.58,-1.42,1404.34,0.0,114.59,0.47,14,0.0,6,0.0,8,0.0,0,0.0,42.86,0.0,2026-02-01,-,0,-
-,-,uday,PL,1060.46,-1.95,1311.77,0.0,83.77,0.65,33,0.0,12,0.0,21,0.0,0,0.0,36.36,0.0,2025-03-25,-,0,872.0
963,-25,Raasay,-,1060.21,-1.37,1418.4,0.0,119.39,0.46,12,0.0,5,0.0,7,0.0,0,0.0,41.67,0.0,2026-02-10,-,0,989.0
964,-25,Cowzapper,-,1059.59,-1.06,1522.06,0.0,154.16,0.35,6,0.0,3,0.0,3,0.0,0,0.0,50.0,0.0,2026-02-01,-,0,-
965,-25,kulho,-,1058.94,-1.01,1544.96,0.0,162.01,0.34,5,0.0,3,0.0,2,0.0,0,0.0,60.0,0.0,2026-02-07,-,0,-
-,-,jasondh10,AU,1058.35,-1.49,1385.99,0.0,109.21,0.5,14,0.0,7,0.0,6,0.0,1,0.0,50.0,0.0,2025-08-17,-,0,928.0
966,-25,Irmo,-,1057.83,-1.12,1496.47,0.0,146.21,0.37,6,0.0,3,0.0,3,0.0,0,0.0,50.0,0.0,2026-01-29,-,0,-
-,-,KwonJoonHo,-,1057.08,-1.96,1308.03,0.0,83.65,0.65,24,0.0,10,0.0,13,0.0,1,0.0,41.67,0.0,2024-10-01,-,0,-
967,-25,Devonia,-,1056.98,-1.51,1381.87,0.0,108.3,0.5,14,0.0,6,0.0,8,0.0,0,0.0,42.86,0.0,2026-02-02,-,0,1118.0
-,-,figs,-,1056.53,-1.24,1449.69,0.0,131.05,0.41,9,0.0,4,0.0,5,0.0,0,0.0,44.44,0.0,2025-03-22,-,0,872.0
-,-,alcardonac,-,1056.07,-2.39,1261.9,0.0,68.61,0.8,48,0.0,14,0.0,34,0.0,0,0.0,29.17,0.0,2025-08-15,-,0,788.0
-,-,FilipDabrowski,-,1055.91,-1.27,1440.99,0.0,128.36,0.42,12,0.0,7,0.0,5,0.0,0,0.0,58.33,0.0,2024-03-12,-,0,-
-,-,drzewko,PL,1055.38,-1.1,1499.59,0.0,148.07,0.37,9,0.0,4,0.0,5,0.0,0,0.0,44.44,0.0,2023-04-16,-,0,-
968,-24,ekatar,-,1055.26,-1.35,1417.7,0.0,120.81,0.45,11,0.0,4,0.0,7,0.0,0,0.0,36.36,0.0,2026-01-31,-,0,989.0
-,-,flo3,-,1055.2,-1.31,1429.39,0.0,124.73,0.44,9,0.0,4,0.0,5,0.0,0,0.0,44.44,0.0,2025-03-19,-,0,939.0
969,-24,Msandry,-,1055.01,-1.36,1414.69,0.0,119.89,0.45,15,0.0,6,0.0,9,0.0,0,0.0,40.0,0.0,2026-02-05,-,0,1287.0
970,-24,EvgenyRazinkov,-,1054.78,-1.51,1379.37,0.0,108.2,0.5,16,0.0,6,0.0,10,0.0,0,0.0,37.5,0.0,2026-04-07,-,0,872.0
-,-,toadstool,-,1054.03,-0.99,1549.21,0.0,165.06,0.33,6,0.0,3,0.0,3,0.0,0,0.0,50.0,0.0,2023-03-01,-,0,-
971,-24,Minkus,-,1053.98,-1.41,1401.61,0.0,115.87,0.47,12,0.0,6,0.0,6,0.0,0,0.0,50.0,0.0,2026-02-03,-,0,1118.0
-,-,Nigma,RU,1053.65,-0.92,1584.09,0.0,176.82,0.31,6,0.0,3,0.0,3,0.0,0,0.0,50.0,0.0,2023-03-01,-,0,-
-,-,wylaryzel,AT,1053.45,-1.35,1416.38,0.0,120.98,0.45,14,0.0,4,0.0,9,0.0,1,0.0,28.57,0.0,2023-07-15,-,0,-
972,2,Kruch,DE,1052.94,17.51,1177.87,15.71,41.65,-0.6,155,7.0,50,4.0,103,3.0,2,0.0,32.26,1.18,2026-08-18,-,0,697.0
-,-,Gardir,-,1052.74,-1.42,1397.23,0.0,114.83,0.47,17,0.0,6,0.0,11,0.0,0,0.0,35.29,0.0,2024-04-04,G,6,-
973,-24,colepiechotta,-,1052.73,-1.35,1416.19,0.0,121.15,0.45,11,0.0,4,0.0,7,0.0,0,0.0,36.36,0.0,2026-01-29,-,0,989.0
974,-26,TuZhao,-,1052.69,-1.4,1402.53,0.0,116.61,0.47,14,0.0,5,0.0,9,0.0,0,0.0,35.71,0.0,2026-02-02,-,0,1287.0
975,-24,JakPut,-,1051.72,-1.41,1399.1,0.0,115.79,0.47,13,0.0,5,0.0,8,0.0,0,0.0,38.46,0.0,2026-02-01,-,0,872.0
-,-,Ankaru,-,1051.36,-3.15,1208.27,0.0,52.3,1.05,100,0.0,36,0.0,63,0.0,1,0.0,36.0,0.0,2025-02-02,-,0,1067.0
976,-22,yezebel,-,1050.99,-0.89,1598.91,0.0,182.64,0.3,3,0.0,2,0.0,1,0.0,0,0.0,66.67,0.0,2025-12-17,-,0,1118.0
-,-,Gadgame,-,1050.67,-1.11,1490.14,0.0,146.49,0.37,8,0.0,4,0.0,4,0.0,0,0.0,50.0,0.0,2024-04-04,-,0,-
977,-22,Execut0r,-,1050.54,-1.21,1455.28,0.0,134.91,0.4,9,0.0,4,0.0,5,0.0,0,0.0,44.44,0.0,2026-01-30,-,0,1118.0
978,-22,Xirf,-,1050.44,-0.93,1575.04,0.0,174.87,0.31,5,0.0,4,0.0,1,0.0,0,0.0,80.0,0.0,2026-01-27,-,0,-
979,-26,Tietzsche,-,1050.23,-2.21,1272.32,0.0,74.03,0.74,36,0.0,13,0.0,22,0.0,1,0.0,36.11,0.0,2026-02-07,-,0,1109.0
980,-23,ballgi,-,1049.03,-0.75,1697.16,0.0,216.04,0.25,3,0.0,3,0.0,0,0.0,0,0.0,100.0,0.0,2025-12-14,-,0,-
-,-,DPRK,-,1048.26,-1.05,1516.15,0.0,155.96,0.35,6,0.0,3,0.0,3,0.0,0,0.0,50.0,0.0,2025-02-01,-,0,989.0
-,-,TaoTeo,IT,1047.57,-3.0,1211.4,0.0,54.61,1.0,87,0.0,32,0.0,55,0.0,0,0.0,36.78,0.0,2025-02-01,-,0,1118.0
-,-,AXL79,-,1046.97,-1.02,1528.38,0.0,160.47,0.34,6,0.0,3,0.0,3,0.0,0,0.0,50.0,0.0,2024-04-04,G,6,-
-,-,Zazabuzao,-,1046.68,-0.81,1647.23,0.0,200.18,0.27,3,0.0,2,0.0,1,0.0,0,0.0,66.67,0.0,2024-02-23,-,0,1116.0
981,-22,PeskyGekko,-,1046.23,-1.41,1392.53,0.0,115.43,0.47,14,0.0,6,0.0,8,0.0,0,0.0,42.86,0.0,2025-12-15,-,0,1118.0
982,-22,Urist,-,1046.22,-1.4,1395.25,0.0,116.34,0.47,12,0.0,5,0.0,7,0.0,0,0.0,41.67,0.0,2026-02-08,-,0,798.0
983,-22,Die12,IT,1045.52,-1.63,1345.59,0.0,100.02,0.54,24,0.0,7,0.0,17,0.0,0,0.0,29.17,0.0,2026-01-28,-,0,352.0
984,-21,pandaczar,-,1044.64,-1.72,1330.16,0.0,95.17,0.57,23,0.0,7,0.0,16,0.0,0,0.0,30.43,0.0,2026-03-31,-,0,939.0
985,-21,Tomboy,-,1044.62,-1.03,1517.79,0.0,157.72,0.34,6,0.0,3,0.0,3,0.0,0,0.0,50.0,0.0,2026-02-09,-,0,-
-,-,Isaca10,-,1044.6,-1.01,1527.68,0.0,161.03,0.34,6,0.0,3,0.0,3,0.0,0,0.0,50.0,0.0,2023-03-01,-,0,-
986,-24,vratia,-,1043.69,-3.11,1203.76,0.0,53.36,1.04,94,0.0,29,0.0,65,0.0,0,0.0,30.85,0.0,2026-02-09,-,0,859.0
987,-22,SirHorse,-,1043.24,-1.28,1426.2,0.0,127.65,0.43,11,0.0,6,0.0,5,0.0,0,0.0,54.55,0.0,2026-02-05,-,0,1067.0
-,-,mikey1nt,-,1043.11,-1.65,1340.16,0.0,99.02,0.55,18,0.0,6,0.0,12,0.0,0,0.0,33.33,0.0,2025-01-28,-,0,1067.0
-,-,Diabloz,-,1043.08,-0.95,1557.39,0.0,171.44,0.32,6,0.0,3,0.0,3,0.0,0,0.0,50.0,0.0,2023-03-01,-,0,-
988,-22,runningnemo,-,1042.57,-1.5,1369.6,0.0,109.01,0.5,15,0.0,5,0.0,10,0.0,0,0.0,33.33,0.0,2026-01-29,-,0,939.0
-,-,Bora_Horsa_Gobuchul,-,1042.46,-1.43,1385.5,0.0,114.35,0.48,12,0.0,5,0.0,7,0.0,0,0.0,41.67,0.0,2025-01-28,-,0,1118.0
-,-,Snuske,DK,1041.69,-1.08,1494.77,0.0,151.03,0.36,8,0.0,4,0.0,4,0.0,0,0.0,50.0,0.0,2023-04-02,P,4,-
-,-,Kojtic,-,1040.85,-1.16,1464.06,0.0,141.07,0.39,12,0.0,5,0.0,7,0.0,0,0.0,41.67,0.0,2024-04-04,-,0,-
-,-,Blackbolt53,-,1040.73,-1.12,1479.34,0.0,146.2,0.37,9,0.0,4,0.0,5,0.0,0,0.0,44.44,0.0,2024-04-04,-,0,-
989,-21,MadNut86,-,1040.18,-1.18,1454.96,0.0,138.26,0.39,10,0.0,4,0.0,6,0.0,0,0.0,40.0,0.0,2026-02-02,-,0,1067.0
-,-,dww,-,1039.85,-1.01,1522.82,0.0,160.99,0.34,8,0.0,4,0.0,4,0.0,0,0.0,50.0,0.0,2022-01-01,-,0,-
990,-6,CuJ,-,1039.01,9.24,1178.84,7.28,46.61,-0.65,107,7.0,29,2.0,78,5.0,0,0.0,27.1,0.1,2026-08-16,-,0,690.0
991,-22,Kugi,-,1038.99,-1.02,1519.03,0.0,160.01,0.34,8,0.0,4,0.0,4,0.0,0,0.0,50.0,0.0,2026-01-28,-,0,1287.0
992,-21,Rubberchicken,AU,1037.94,-1.19,1450.74,0.0,137.6,0.4,7,0.0,4,0.0,3,0.0,0,0.0,57.14,0.0,2026-02-13,-,0,-
993,-23,yourdearbrother,-,1037.9,-1.27,1424.53,0.0,128.88,0.42,9,0.0,4,0.0,5,0.0,0,0.0,44.44,0.0,2026-03-21,-,0,-
994,-22,Sale,-,1037.19,-1.21,1440.84,0.0,134.55,0.4,13,0.0,5,0.0,8,0.0,0,0.0,38.46,0.0,2026-03-28,-,0,-
-,-,Thantalus,-,1036.68,-1.03,1511.68,0.0,158.34,0.34,9,0.0,4,0.0,5,0.0,0,0.0,44.44,0.0,2023-04-16,-,0,-
-,-,HotShot53,-,1034.51,-1.11,1475.79,0.0,147.09,0.37,8,0.0,3,0.0,5,0.0,0,0.0,37.5,0.0,2025-04-02,-,0,872.0
995,-19,Decontest,-,1033.98,-1.03,1508.5,0.0,158.17,0.34,6,0.0,4,0.0,2,0.0,0,0.0,66.67,0.0,2026-01-31,-,0,1287.0
996,-21,2da6,-,1033.73,-1.58,1343.73,0.0,103.33,0.53,16,0.0,5,0.0,11,0.0,0,0.0,31.25,0.0,2026-01-31,-,0,939.0
997,-20,samgreco,JP,1033.19,-1.55,1349.68,0.0,105.5,0.52,18,0.0,5,0.0,13,0.0,0,0.0,27.78,0.0,2026-01-29,-,0,989.0
998,-20,Perrary,-,1032.79,-1.46,1367.77,0.0,111.66,0.49,12,0.0,5,0.0,7,0.0,0,0.0,41.67,0.0,2026-02-03,-,0,989.0
999,-47,KTMatthews,CA,1032.77,-20.05,1191.72,-26.32,52.98,-2.09,81,7.0,21,0.0,60,7.0,0,0.0,25.93,-2.45,2026-08-13,-,0,674.0
1000,-21,Rako,-,1032.02,-1.09,1480.9,0.0,149.63,0.36,6,0.0,4,0.0,2,0.0,0,0.0,66.67,0.0,2026-02-02,-,0,1287.0
-,-,Gustavus_Adolphus,-,1031.76,-1.22,1432.31,0.0,133.51,0.41,8,0.0,3,0.0,5,0.0,0,0.0,37.5,0.0,2025-03-26,-,0,939.0
-,-,nuvolaz,-,1031.61,-1.13,1466.74,0.0,145.05,0.38,11,0.0,5,0.0,6,0.0,0,0.0,45.45,0.0,2023-01-15,-,0,-
1001,-21,Jaan,-,1031.48,-1.28,1415.47,0.0,128.0,0.43,8,0.0,3,0.0,5,0.0,0,0.0,37.5,0.0,2026-03-27,-,0,-
1002,-21,EdWARlock,-,1030.38,-1.09,1479.71,0.0,149.78,0.36,6,0.0,3,0.0,3,0.0,0,0.0,50.0,0.0,2026-02-11,-,0,-
1003,-21,Chroso,-,1029.96,-1.47,1362.79,0.0,110.94,0.49,15,0.0,5,0.0,10,0.0,0,0.0,33.33,0.0,2026-03-26,-,0,989.0
-,-,funestus,NO,1029.33,-0.58,1867.07,0.0,279.25,0.19,2,0.0,1,0.0,1,0.0,0,0.0,50.0,0.0,2024-05-29,GM,2,11.0
-,-,jdl,-,1029.16,-2.03,1272.35,0.0,81.06,0.68,34,0.0,12,0.0,22,0.0,0,0.0,35.29,0.0,2024-04-14,-,0,-
-,-,nchoong,MY,1028.63,-1.44,1368.27,0.0,113.21,0.48,14,0.0,5,0.0,9,0.0,0,0.0,35.71,0.0,2024-10-31,-,0,-
-,-,Prince2B,-,1028.18,-1.03,1501.42,0.0,157.75,0.34,5,0.0,2,0.0,3,0.0,0,0.0,40.0,0.0,2025-01-31,-,0,989.0
-,-,markosalaplaya,-,1027.66,-1.93,1282.66,0.0,85.0,0.64,21,0.0,7,0.0,13,0.0,1,0.0,33.33,0.0,2025-02-20,G,2,1374.0
1004,-17,Vlasy,-,1027.35,-1.61,1330.69,0.0,101.12,0.54,18,0.0,6,0.0,12,0.0,0,0.0,33.33,0.0,2026-01-29,-,0,1184.0
-,-,Olorin_,-,1027.18,-0.76,1667.53,0.0,213.45,0.25,4,0.0,3,0.0,1,0.0,0,0.0,75.0,0.0,2021-11-15,M,1,-
-,-,EmporerAndrew,-,1027.18,-0.76,1667.53,0.0,213.45,0.25,4,0.0,3,0.0,1,0.0,0,0.0,75.0,0.0,2021-11-15,-,0,-
-,-,irvan,-,1027.18,-0.76,1667.53,0.0,213.45,0.25,4,0.0,3,0.0,1,0.0,0,0.0,75.0,0.0,2021-11-15,-,0,-
-,-,shezbot,-,1027.18,-0.76,1667.53,0.0,213.45,0.25,4,0.0,3,0.0,1,0.0,0,0.0,75.0,0.0,2021-11-15,-,0,-
1005,-19,bambi4,GB,1026.85,-2.4,1232.85,0.0,68.66,0.8,46,0.0,14,0.0,31,0.0,1,0.0,30.43,0.0,2025-12-09,-,0,675.0
1006,-18,Durpan,-,1026.61,-1.23,1425.29,0.0,132.89,0.41,9,0.0,4,0.0,5,0.0,0,0.0,44.44,0.0,2025-12-09,-,0,1184.0
-,-,Ms.QTPi,-,1025.88,-1.46,1361.13,0.0,111.75,0.49,14,0.0,7,0.0,7,0.0,0,0.0,50.0,0.0,2025-08-16,-,0,1170.0
-,-,Fane,BE,1025.69,-0.94,1547.88,0.0,174.06,0.31,6,0.0,3,0.0,3,0.0,0,0.0,50.0,0.0,2023-03-01,P,2,-
-,-,CuteAnn,-,1023.88,-2.25,1241.68,0.0,72.6,0.75,39,0.0,10,0.0,29,0.0,0,0.0,25.64,0.0,2025-05-17,-,0,1114.0
1007,-18,NedNutt,-,1023.14,-0.98,1524.56,0.0,167.14,0.33,5,0.0,3,0.0,2,0.0,0,0.0,60.0,0.0,2026-02-11,-,0,-
-,-,Rusticista,-,1022.83,-1.15,1449.55,0.0,142.24,0.38,11,0.0,4,0.0,7,0.0,0,0.0,36.36,0.0,2023-01-15,-,0,-
1008,19,Hampsink,-,1022.75,40.91,1180.61,34.81,52.62,-2.03,80,7.0,20,4.0,60,3.0,0,0.0,25.0,3.08,2026-08-13,-,0,863.0
-,-,Doc.Fusion,-,1022.61,-1.04,1491.93,0.0,156.44,0.35,8,0.0,3,0.0,5,0.0,0,0.0,37.5,0.0,2022-01-01,-,0,-
-,-,fuxio82,-,1022.29,-1.04,1492.16,0.0,156.62,0.35,8,0.0,3,0.0,5,0.0,0,0.0,37.5,0.0,2022-01-01,-,0,-
-,-,Aksiom,-,1022.29,-1.04,1492.16,0.0,156.62,0.35,8,0.0,3,0.0,5,0.0,0,0.0,37.5,0.0,2022-01-01,-,0,-
-,-,joaoleal2,-,1022.29,-1.04,1492.16,0.0,156.62,0.35,8,0.0,3,0.0,5,0.0,0,0.0,37.5,0.0,2022-01-01,-,0,-
-,-,NovusIgnis,US,1021.96,-1.43,1364.52,0.0,114.18,0.48,15,0.0,5,0.0,10,0.0,0,0.0,33.33,0.0,2024-12-21,-,0,985.0
-,-,SwedishFish,-,1021.58,-0.83,1610.95,0.0,196.46,0.28,3,0.0,2,0.0,1,0.0,0,0.0,66.67,0.0,2024-12-11,-,0,1184.0
-,-,wahrlator,-,1021.53,-1.4,1372.3,0.0,116.92,0.47,13,0.0,6,0.0,7,0.0,0,0.0,46.15,0.0,2025-05-17,-,0,1051.0
-,-,Onlineguy,-,1020.79,-1.29,1399.36,0.0,126.19,0.43,12,0.0,5,0.0,7,0.0,0,0.0,41.67,0.0,2024-04-04,-,0,-
-,-,deleted_user_1946622,-,1020.34,-2.26,1237.76,0.0,72.47,0.75,30,0.0,4,0.0,24,0.0,2,0.0,13.33,0.0,2024-10-01,-,0,-
-,-,cardboard,-,1020.0,-0.92,1554.45,0.0,178.15,0.31,5,0.0,3,0.0,2,0.0,0,0.0,60.0,0.0,2025-02-02,-,0,989.0
-,-,Andreasp88,-,1018.77,-1.46,1355.4,0.0,112.21,0.49,18,0.0,6,0.0,12,0.0,0,0.0,33.33,0.0,2024-08-11,-,0,-
-,-,matti5215,-,1018.21,-3.02,1181.91,0.0,54.57,1.01,89,0.0,29,0.0,59,0.0,1,0.0,32.58,0.0,2024-10-31,-,0,1287.0
-,-,tts,-,1018.13,-1.05,1483.91,0.0,155.26,0.35,8,0.0,3,0.0,5,0.0,0,0.0,37.5,0.0,2022-01-01,-,0,-
-,-,namenloser,-,1017.36,-0.73,1687.69,0.0,223.44,0.24,3,0.0,2,0.0,1,0.0,0,0.0,66.67,0.0,2023-01-15,-,0,-
-,-,Leonidas33,-,1017.27,-0.99,1510.33,0.0,164.35,0.33,6,0.0,4,0.0,2,0.0,0,0.0,66.67,0.0,2025-01-30,-,0,1118.0
1009,-17,Giulio_GC,-,1016.73,-1.04,1488.96,0.0,157.41,0.35,6,0.0,3,0.0,3,0.0,0,0.0,50.0,0.0,2026-01-29,-,0,-
-,-,shockway,-,1016.35,-1.02,1496.99,0.0,160.21,0.34,8,0.0,2,0.0,4,0.0,2,0.0,25.0,0.0,2022-01-01,-,0,-
-,-,Sebix,-,1015.22,-1.2,1423.73,0.0,136.17,0.4,9,0.0,3,0.0,6,0.0,0,0.0,33.33,0.0,2025-03-27,-,0,872.0
1010,-17,Warstoryteller,-,1015.2,-1.45,1353.06,0.0,112.62,0.48,12,0.0,4,0.0,8,0.0,0,0.0,33.33,0.0,2026-02-03,-,0,1118.0
-,-,szesophie,-,1014.48,-2.87,1186.94,0.0,57.49,0.96,75,0.0,27,0.0,48,0.0,0,0.0,36.0,0.0,2024-10-31,-,0,1287.0
1011,-1,Dunketelin,-,1014.36,19.74,1143.91,17.58,43.18,-0.72,149,7.0,35,4.0,113,3.0,1,0.0,23.49,1.66,2026-08-14,-,0,676.0
1012,-17,SullyWully,-,1014.0,-0.0,1171.8,-4.71,52.6,-1.57,82,7.0,21,1.0,61,6.0,0,0.0,25.61,-1.06,2026-08-10,-,0,783.0
1013,-19,hardsoul,-,1013.41,-1.08,1466.96,0.0,151.18,0.36,6,0.0,2,0.0,4,0.0,0,0.0,33.33,0.0,2026-02-01,-,0,-
1014,-18,Garhett,-,1012.45,-1.43,1354.54,0.0,114.03,0.48,12,0.0,5,0.0,7,0.0,0,0.0,41.67,0.0,2025-12-12,-,0,939.0
-,-,thundermain,-,1012.24,-0.98,1511.32,0.0,166.36,0.33,6,0.0,3,0.0,3,0.0,0,0.0,50.0,0.0,2024-02-23,-,0,-
1015,-42,Redda,-,1011.83,-24.02,1166.13,-32.04,51.44,-2.67,66,7.0,19,1.0,47,6.0,0,0.0,28.79,-1.72,2026-08-12,-,0,939.0
1016,-19,giannisoad,IT,1011.26,-1.77,1288.84,0.0,92.53,0.59,28,0.0,8,0.0,20,0.0,0,0.0,28.57,0.0,2026-01-30,-,0,429.0
1017,-19,MarcinWol,-,1011.19,-1.19,1421.03,0.0,136.61,0.4,9,0.0,4,0.0,5,0.0,0,0.0,44.44,0.0,2026-03-25,-,0,-
1018,-19,IrenaX,-,1008.61,-2.94,1146.4,-4.11,45.93,-0.39,141,6.0,37,1.0,104,5.0,0,0.0,26.24,-0.43,2026-08-11,-,0,645.0
-,-,GerrySalinas,-,1008.6,-0.98,1505.89,0.0,165.76,0.33,8,0.0,3,0.0,5,0.0,0,0.0,37.5,0.0,2022-01-01,G,6,-
1019,56,Saph4ir,-,1008.21,87.72,1232.07,63.72,74.62,-8.0,34,7.0,10,4.0,24,3.0,0,0.0,29.41,7.19,2026-08-10,-,0,1241.0
1020,-20,Faeyon,-,1008.13,-0.94,1531.55,0.0,174.47,0.31,9,0.0,3,0.0,6,0.0,0,0.0,33.33,0.0,2026-02-06,-,0,-
-,-,fielmann,EE,1007.02,-1.03,1480.93,0.0,157.97,0.34,10,0.0,4,0.0,6,0.0,0,0.0,40.0,0.0,2023-03-01,G,2,-
-,-,Batallon,-,1006.88,-2.9,1178.35,0.0,57.16,0.97,70,0.0,20,0.0,50,0.0,0,0.0,28.57,0.0,2025-08-14,-,0,845.0
-,-,FWN,-,1006.8,-0.77,1643.65,0.0,212.28,0.26,4,0.0,3,0.0,1,0.0,0,0.0,75.0,0.0,2021-11-15,-,0,-
1021,-20,Abuceb,-,1006.44,-2.35,1215.77,0.0,69.78,0.78,40,0.0,12,0.0,27,0.0,1,0.0,30.0,0.0,2025-11-30,-,0,849.0
-,-,cibernyam,-,1005.77,-1.24,1401.71,0.0,131.98,0.41,13,0.0,4,0.0,8,0.0,1,0.0,30.77,0.0,2024-02-23,-,0,-
-,-,Amstrid,-,1005.64,-1.12,1443.55,0.0,145.97,0.37,11,0.0,5,0.0,6,0.0,0,0.0,45.45,0.0,2023-01-15,-,0,-
1022,-20,babaganoosh,-,1005.55,-1.33,1373.39,0.0,122.61,0.44,12,0.0,5,0.0,7,0.0,0,0.0,41.67,0.0,2026-01-30,-,0,1067.0
-,-,Henader,PL,1005.5,-0.95,1522.85,0.0,172.45,0.32,6,0.0,3,0.0,3,0.0,0,0.0,50.0,0.0,2023-03-01,-,0,-
1023,-20,schumaky,-,1005.34,-1.44,1346.2,0.0,113.62,0.48,14,0.0,5,0.0,9,0.0,0,0.0,35.71,0.0,2026-02-05,-,0,1184.0
-,-,Paoloco,-,1004.62,-1.12,1441.13,0.0,145.51,0.37,9,0.0,4,0.0,5,0.0,0,0.0,44.44,0.0,2024-02-23,G,2,552.0
1024,-12,Icarium,US,1002.85,8.6,1129.29,7.01,42.15,-0.53,150,7.0,42,3.0,108,4.0,0,0.0,28.0,0.73,2026-08-20,-,0,690.0
1025,119,Micha501,-,1002.3,241.98,1327.08,157.18,108.26,-28.27,19,7.0,7,4.0,12,3.0,0,0.0,36.84,11.84,2026-08-10,-,0,1118.0
1026,-22,bltoby,-,1001.64,-0.93,1525.29,0.0,174.55,0.31,5,0.0,2,0.0,3,0.0,0,0.0,40.0,0.0,2026-02-02,-,0,-
-,-,deleted_user_9880390,-,1000.79,-1.29,1380.88,0.0,126.7,0.43,9,0.0,3,0.0,6,0.0,0,0.0,33.33,0.0,2024-04-14,-,0,-
-,-,yoyo0507,-,999.64,-0.66,1741.59,0.0,247.32,0.22,2,0.0,2,0.0,0,0.0,0,0.0,100.0,0.0,2023-04-02,-,0,-
1027,-20,kacavenda,-,999.13,-1.19,1410.9,0.0,137.26,0.4,9,0.0,5,0.0,4,0.0,0,0.0,55.56,0.0,2026-03-20,-,0,-
1028,-22,Tapio,-,998.94,-1.4,1347.48,0.0,116.18,0.47,12,0.0,5,0.0,7,0.0,0,0.0,41.67,0.0,2026-01-27,-,0,1287.0
-,-,oldmutant,-,998.69,-1.12,1434.93,0.0,145.42,0.37,10,0.0,4,0.0,5,0.0,1,0.0,40.0,0.0,2023-03-01,-,0,-
1029,new,Spudman,-,998.48,548.48,1430.81,-69.19,144.11,144.11,6,6.0,3,3.0,3,3.0,0,0.0,50.0,50.0,2026-08-20,-,0,-
-,-,Thyrus,-,998.43,-1.41,1345.23,0.0,115.6,0.47,15,0.0,5,0.0,10,0.0,0,0.0,33.33,0.0,2024-12-17,-,0,1054.0
-,-,fli_pao,-,998.15,-1.9,1256.43,0.0,86.09,0.63,24,0.0,6,0.0,18,0.0,0,0.0,25.0,0.0,2025-05-14,-,0,716.0
1030,-22,LottiePreston,-,997.74,-1.06,1458.16,0.0,153.47,0.35,7,0.0,5,0.0,2,0.0,0,0.0,71.43,0.0,2026-02-09,-,0,-
-,-,Chubecca,IT,996.42,-1.16,1418.9,0.0,140.83,0.39,10,0.0,4,0.0,6,0.0,0,0.0,40.0,0.0,2023-03-01,-,0,-
-,-,BastionvonRaven,-,996.28,-1.13,1428.42,0.0,144.05,0.38,9,0.0,3,0.0,6,0.0,0,0.0,33.33,0.0,2023-04-16,-,0,-
-,-,Bahul,-,996.11,-1.2,1402.98,0.0,135.62,0.4,9,0.0,3,0.0,6,0.0,0,0.0,33.33,0.0,2024-04-04,-,0,-
1031,-22,Amarok,-,995.93,-2.11,1227.93,0.0,77.33,0.7,40,0.0,10,0.0,30,0.0,0,0.0,25.0,0.0,2026-01-31,-,0,1067.0
-,-,Sonalator,-,995.91,-1.36,1355.1,0.0,119.73,0.45,13,0.0,5,0.0,8,0.0,0,0.0,38.46,0.0,2025-02-14,-,0,932.0
-,-,AoR,-,995.73,-0.92,1526.39,0.0,176.89,0.31,7,0.0,4,0.0,3,0.0,0,0.0,57.14,0.0,2023-01-15,-,0,-
-,-,Bravo,-,994.97,-1.36,1354.46,0.0,119.83,0.45,14,0.0,4,0.0,10,0.0,0,0.0,28.57,0.0,2025-01-27,-,0,989.0
-,-,Rugan,-,993.66,-1.03,1467.69,0.0,158.01,0.34,8,0.0,3,0.0,5,0.0,0,0.0,37.5,0.0,2022-01-01,-,0,-
-,-,salmonpizza,-,993.66,-1.03,1467.69,0.0,158.01,0.34,8,0.0,3,0.0,5,0.0,0,0.0,37.5,0.0,2022-01-01,-,0,-
-,-,LadyWhale,-,993.59,-1.27,1380.62,0.0,129.01,0.42,14,0.0,4,0.0,10,0.0,0,0.0,28.57,0.0,2023-03-01,-,0,-
-,-,hhahanext,-,992.5,-1.17,1409.15,0.0,138.89,0.39,8,0.0,3,0.0,5,0.0,0,0.0,37.5,0.0,2025-03-25,-,0,939.0
-,-,monsieurt,-,992.48,-1.19,1402.72,0.0,136.75,0.4,11,0.0,5,0.0,6,0.0,0,0.0,45.45,0.0,2025-01-29,-,0,1067.0
1032,-19,SunGodREI,-,991.85,-1.33,1359.73,0.0,122.63,0.44,12,0.0,5,0.0,7,0.0,0,0.0,41.67,0.0,2026-02-07,-,0,1184.0
1033,-19,stefano-prof,-,991.5,-1.44,1332.78,0.0,113.76,0.48,19,0.0,5,0.0,14,0.0,0,0.0,26.32,0.0,2026-03-22,G,2,1057.0
-,-,Hellomruppercut,-,991.33,-0.92,1524.04,0.0,177.57,0.31,7,0.0,4,0.0,3,0.0,0,0.0,57.14,0.0,2023-01-15,-,0,-
-,-,kwarrend,US,990.38,-0.94,1510.9,0.0,173.51,0.31,6,0.0,3,0.0,3,0.0,0,0.0,50.0,0.0,2023-03-01,-,0,-
1034,-18,Dave777,-,990.0,-0.97,1496.7,0.0,168.9,0.32,6,0.0,3,0.0,3,0.0,0,0.0,50.0,0.0,2026-02-08,-,0,-
-,-,Adrianucho,-,989.48,-0.99,1485.23,0.0,165.25,0.33,6,0.0,3,0.0,3,0.0,0,0.0,50.0,0.0,2024-02-23,-,0,-
1035,-20,olawaco,-,989.26,-2.29,1205.44,0.0,72.06,0.76,50,0.0,15,0.0,34,0.0,1,0.0,30.0,0.0,2025-12-22,-,0,1118.0
-,-,majortom111,-,988.85,-1.21,1394.47,0.0,135.21,0.4,9,0.0,3,0.0,6,0.0,0,0.0,33.33,0.0,2023-07-15,-,0,-
-,-,KrolKarol,-,988.83,-0.93,1513.8,0.0,174.99,0.31,6,0.0,3,0.0,3,0.0,0,0.0,50.0,0.0,2024-04-04,-,0,-
-,-,DDD_D,-,988.13,-1.08,1442.18,0.0,151.35,0.36,6,0.0,2,0.0,4,0.0,0,0.0,33.33,0.0,2025-01-27,-,0,989.0
-,-,tbat,-,988.12,-0.92,1521.16,0.0,177.68,0.31,6,0.0,3,0.0,3,0.0,0,0.0,50.0,0.0,2023-03-01,G,4,-
-,-,SunTiger,-,987.95,-1.06,1451.44,0.0,154.5,0.35,6,0.0,3,0.0,3,0.0,0,0.0,50.0,0.0,2025-01-27,-,0,1184.0
1036,-19,lengesses,-,986.77,-1.16,1409.55,0.0,140.92,0.39,9,0.0,3,0.0,6,0.0,0,0.0,33.33,0.0,2026-02-03,-,0,1184.0
-,-,Bullya,-,986.35,-1.09,1436.56,0.0,150.07,0.36,9,0.0,4,0.0,5,0.0,0,0.0,44.44,0.0,2023-06-12,-,0,-
1037,-19,Ivan04,-,986.31,-1.51,1310.26,0.0,107.99,0.5,14,0.0,5,0.0,9,0.0,0,0.0,35.71,0.0,2026-02-09,-,0,1065.0
-,-,Caracalla,-,985.97,-1.89,1245.33,0.0,86.46,0.63,27,0.0,8,0.0,19,0.0,0,0.0,29.63,0.0,2025-02-17,-,0,1170.0
1038,30,Merclaw,-,985.28,55.11,1184.88,42.1,66.53,-4.34,49,7.0,13,3.0,36,4.0,0,0.0,26.53,2.72,2026-08-12,-,0,928.0
-,-,DeNnY0810,-,985.19,-2.8,1163.85,0.0,59.56,0.93,71,0.0,18,0.0,53,0.0,0,0.0,25.35,0.0,2024-04-14,-,0,-
1039,-18,MarsU-NL,-,984.13,-1.19,1395.42,0.0,137.1,0.4,9,0.0,3,0.0,6,0.0,0,0.0,33.33,0.0,2026-04-11,-,0,-
-,-,PierrotLeFoul,-,983.63,-0.7,1678.82,0.0,231.73,0.23,2,0.0,2,0.0,0,0.0,0,0.0,100.0,0.0,2023-04-02,-,0,-
-,-,TopDog,-,983.26,-1.26,1371.81,0.0,129.52,0.42,9,0.0,4,0.0,5,0.0,0,0.0,44.44,0.0,2025-03-26,-,0,939.0
-,-,zalarg,-,982.61,-1.42,1327.51,0.0,114.96,0.47,13,0.0,5,0.0,8,0.0,0,0.0,38.46,0.0,2024-08-11,-,0,-
-,-,rslyzc,-,982.02,-1.12,1419.1,0.0,145.7,0.37,9,0.0,4,0.0,5,0.0,0,0.0,44.44,0.0,2024-04-04,-,0,-
1040,-16,Algomi,-,981.66,-1.03,1456.21,0.0,158.18,0.34,5,0.0,2,0.0,3,0.0,0,0.0,40.0,0.0,2026-02-08,-,0,-
1041,-16,ahr,-,981.19,-1.11,1422.71,0.0,147.17,0.37,6,0.0,2,0.0,4,0.0,0,0.0,33.33,0.0,2026-02-06,-,0,-
-,-,Ramoneror,-,980.92,-1.04,1450.79,0.0,156.63,0.35,8,0.0,3,0.0,5,0.0,0,0.0,37.5,0.0,2022-01-01,-,0,-
-,-,Ian357,-,980.89,-0.98,1478.51,0.0,165.87,0.33,5,0.0,2,0.0,3,0.0,0,0.0,40.0,0.0,2024-04-04,-,0,-
-,-,meleke,-,980.67,-1.13,1414.06,0.0,144.46,0.38,9,0.0,3,0.0,6,0.0,0,0.0,33.33,0.0,2024-04-04,-,0,-
1042,-19,DBaker17,-,979.69,-3.11,1138.6,0.0,52.97,1.04,93,0.0,24,0.0,69,0.0,0,0.0,25.81,0.0,2026-05-14,-,0,651.0
-,-,Galten,-,979.63,-0.94,1502.57,0.0,174.31,0.31,6,0.0,3,0.0,3,0.0,0,0.0,50.0,0.0,2024-02-23,-,0,-
-,-,DocFleischmann,-,979.16,-1.0,1468.91,0.0,163.25,0.33,6,0.0,2,0.0,4,0.0,0,0.0,33.33,0.0,2024-04-04,-,0,-
1043,-15,Korsus,IT,979.11,-1.61,1282.42,0.0,101.1,0.54,18,0.0,6,0.0,12,0.0,0,0.0,33.33,0.0,2026-02-02,-,0,926.0
1044,-18,FabioMP,-,979.04,-2.98,1145.84,0.0,55.6,0.99,86,0.0,24,0.0,62,0.0,0,0.0,27.91,0.0,2025-12-12,-,0,1245.0
-,-,Arius,-,978.18,-1.2,1387.38,0.0,136.4,0.4,13,0.0,4,0.0,9,0.0,0,0.0,30.77,0.0,2024-02-23,-,0,-
1045,-16,mobeza,-,977.18,-1.34,1343.32,0.0,122.05,0.45,10,0.0,3,0.0,7,0.0,0,0.0,30.0,0.0,2026-02-01,-,0,1067.0
-,-,Pastiness,-,977.07,-0.99,1472.44,0.0,165.12,0.33,6,0.0,3,0.0,3,0.0,0,0.0,50.0,0.0,2024-04-04,-,0,-
-,-,flacoforro,-,977.03,-1.2,1385.08,0.0,136.02,0.4,8,0.0,3,0.0,5,0.0,0,0.0,37.5,0.0,2025-03-25,-,0,939.0
1046,-16,Jobjobsdone,-,977.03,-1.36,1336.24,0.0,119.74,0.45,15,0.0,4,0.0,11,0.0,0,0.0,26.67,0.0,2026-04-03,-,0,-
1047,-16,Bafbeer,-,975.86,-0.98,1473.46,0.0,165.87,0.33,5,0.0,2,0.0,3,0.0,0,0.0,40.0,0.0,2026-01-31,-,0,-
1048,-37,gutibudoka,-,975.7,-18.58,1100.53,-19.9,41.61,-0.44,156,7.0,41,0.0,115,7.0,0,0.0,26.28,-1.24,2026-08-11,-,0,915.0
1049,-17,FabioBE81,-,974.57,-1.36,1334.27,0.0,119.9,0.45,15,0.0,5,0.0,10,0.0,0,0.0,33.33,0.0,2026-02-07,-,0,718.0
1050,-16,deleted_user_8840806,-,973.61,-0.92,1507.45,0.0,177.95,0.31,5,0.0,1,0.0,4,0.0,0,0.0,20.0,0.0,2025-10-26,-,0,-
-,-,Chixx,SE,973.23,-0.93,1501.28,0.0,176.02,0.31,6,0.0,3,0.0,3,0.0,0,0.0,50.0,0.0,2023-03-01,-,0,-
-,-,Stupidstupidrat,-,972.98,-1.84,1240.04,0.0,89.02,0.61,28,0.0,8,0.0,19,0.0,1,0.0,28.57,0.0,2025-05-15,-,0,1278.0
1051,-18,Seabrook,-,972.48,-2.5,1169.89,0.0,65.8,0.83,47,0.0,10,0.0,35,0.0,2,0.0,21.28,0.0,2025-11-24,-,0,1060.0
-,-,Petardillo,-,972.35,-1.16,1394.5,0.0,140.72,0.39,9,0.0,4,0.0,5,0.0,0,0.0,44.44,0.0,2024-04-04,-,0,-
-,-,Louaym,-,972.02,-0.93,1499.28,0.0,175.75,0.31,6,0.0,3,0.0,3,0.0,0,0.0,50.0,0.0,2023-03-01,G,2,-
1052,-32,Sopelek,-,971.85,-14.4,1112.99,-16.19,47.05,-0.6,113,7.0,24,0.0,88,7.0,1,0.0,21.24,-1.4,2026-08-12,-,0,912.0
-,-,Redder,-,971.82,-0.91,1510.31,0.0,179.5,0.3,7,0.0,3,0.0,4,0.0,0,0.0,42.86,0.0,2023-01-15,-,0,-
-,-,Tenebrane,-,971.76,-1.61,1277.7,0.0,101.98,0.54,21,0.0,7,0.0,14,0.0,0,0.0,33.33,0.0,2025-02-03,-,0,1067.0
1053,-18,Peaceminusone,-,971.53,-1.11,1411.75,0.0,146.74,0.37,10,0.0,3,0.0,7,0.0,0,0.0,30.0,0.0,2026-01-29,G,2,921.0
-,-,Dvd75,IT,969.81,-1.1,1413.03,0.0,147.74,0.37,8,0.0,3,0.0,5,0.0,0,0.0,37.5,0.0,2024-04-04,-,0,609.0
1054,-18,Rivendell,-,968.88,-1.07,1426.99,0.0,152.7,0.36,9,0.0,3,0.0,6,0.0,0,0.0,33.33,0.0,2025-12-19,-,0,-
-,-,Damien.X,-,968.74,-1.29,1348.29,0.0,126.52,0.43,9,0.0,3,0.0,6,0.0,0,0.0,33.33,0.0,2025-03-20,-,0,805.0
1055,-18,Deschain,-,968.41,-1.27,1353.15,0.0,128.25,0.42,9,0.0,3,0.0,6,0.0,0,0.0,33.33,0.0,2026-03-20,P,2,-
1056,-34,WraightCZ,CZ,968.19,-16.84,1134.51,-22.19,55.44,-1.78,75,7.0,14,0.0,61,7.0,0,0.0,18.67,-1.92,2026-08-23,-,0,778.0
-,-,Saucisse,-,967.54,-1.83,1237.54,0.0,90.0,0.61,30,0.0,9,0.0,20,0.0,1,0.0,30.0,0.0,2023-11-15,-,0,-
1057,-19,TheCenturion,-,966.64,-1.36,1326.73,0.0,120.03,0.45,14,0.0,3,0.0,11,0.0,0,0.0,21.43,0.0,2026-02-05,-,0,989.0
-,-,likkle1,GB,965.87,-1.15,1392.46,0.0,142.2,0.38,9,0.0,4,0.0,5,0.0,0,0.0,44.44,0.0,2024-04-04,-,0,-
1058,-19,Voras,-,965.77,-1.49,1293.8,0.0,109.34,0.5,12,0.0,3,0.0,8,0.0,1,0.0,25.0,0.0,2026-02-01,-,0,989.0
-,-,J.J.,-,965.54,-0.63,1747.32,0.0,260.59,0.21,2,0.0,2,0.0,0,0.0,0,0.0,100.0,0.0,2018-02-18,-,0,-
-,-,MetaWiz,-,964.42,-1.14,1394.46,0.0,143.35,0.38,11,0.0,3,0.0,7,0.0,1,0.0,27.27,0.0,2023-01-15,-,0,-
1059,-18,beny85,IT,964.24,-2.37,1173.99,0.0,69.92,0.79,38,0.0,10,0.0,28,0.0,0,0.0,26.32,0.0,2026-02-13,-,0,796.0
1060,-18,ZeroMaximus,-,963.39,-1.16,1384.51,0.0,140.37,0.39,9,0.0,3,0.0,6,0.0,0,0.0,33.33,0.0,2026-01-30,-,0,-
-,-,marizee412,PH,962.7,-2.04,1203.19,0.0,80.16,0.68,37,0.0,10,0.0,27,0.0,0,0.0,27.03,0.0,2024-10-31,-,0,1284.0
-,-,plaZer,-,962.11,-0.71,1648.17,0.0,228.69,0.24,3,0.0,2,0.0,1,0.0,0,0.0,66.67,0.0,2023-01-15,-,0,-
1061,-9,Olunia,-,960.77,7.72,1212.04,-34.0,83.76,-13.91,23,6.0,4,1.0,19,5.0,0,0.0,17.39,-0.26,2026-08-12,-,0,1416.0
1062,new,DucciEmi,-,960.27,510.27,1392.61,-107.39,144.11,144.11,6,6.0,3,3.0,3,3.0,0,0.0,50.0,50.0,2026-08-09,-,0,-
-,-,DaveBG,-,959.43,-1.02,1440.07,0.0,160.21,0.34,8,0.0,2,0.0,5,0.0,1,0.0,25.0,0.0,2022-01-01,-,0,-
-,-,RudyRunner666,IT,959.01,-1.11,1401.39,0.0,147.46,0.37,10,0.0,4,0.0,6,0.0,0,0.0,40.0,0.0,2023-03-01,G,4,220.0
1063,-17,Wonski,-,958.93,-1.09,1406.09,0.0,149.05,0.36,6,0.0,2,0.0,4,0.0,0,0.0,33.33,0.0,2026-03-26,-,0,-
1064,-20,szyszuniawiesz,-,958.05,-2.24,1177.44,0.0,73.13,0.75,44,0.0,10,0.0,32,0.0,2,0.0,22.73,0.0,2026-01-30,-,0,1184.0
-,-,IsleOfDick,-,957.41,-0.95,1473.82,0.0,172.14,0.32,6,0.0,2,0.0,2,0.0,2,0.0,33.33,0.0,2024-02-23,-,0,-
1065,-18,MareTheEnlightened,-,956.7,-1.31,1331.57,0.0,124.96,0.44,11,0.0,4,0.0,7,0.0,0,0.0,36.36,0.0,2026-02-03,-,0,1067.0
1066,-18,MLucient,-,955.58,-1.04,1428.32,0.0,157.58,0.35,6,0.0,2,0.0,3,0.0,1,0.0,33.33,0.0,2026-02-04,-,0,-
1067,-18,Keyadoria,-,954.74,-1.31,1327.82,0.0,124.36,0.44,12,0.0,4,0.0,8,0.0,0,0.0,33.33,0.0,2026-01-28,-,0,1067.0
-,-,Friedthelt,-,954.41,-1.07,1411.71,0.0,152.43,0.36,9,0.0,4,0.0,5,0.0,0,0.0,44.44,0.0,2025-02-07,-,0,1118.0
-,-,Holtykins,GB,954.22,-1.21,1357.4,0.0,134.39,0.4,11,0.0,4,0.0,7,0.0,0,0.0,36.36,0.0,2024-12-10,-,0,1184.0
-,-,hsss,-,954.19,-0.98,1452.66,0.0,166.15,0.33,6,0.0,3,0.0,3,0.0,0,0.0,50.0,0.0,2025-02-01,-,0,1118.0
-,-,Jakuu,-,953.67,-1.3,1331.31,0.0,125.88,0.43,12,0.0,3,0.0,9,0.0,0,0.0,25.0,0.0,2025-02-05,-,0,1184.0
-,-,Entername,-,953.62,-1.24,1349.95,0.0,132.11,0.41,9,0.0,2,0.0,7,0.0,0,0.0,22.22,0.0,2025-03-28,-,0,939.0
1068,-18,HerrBu,-,953.6,-1.31,1326.68,0.0,124.36,0.44,11,0.0,2,0.0,8,0.0,1,0.0,18.18,0.0,2026-02-02,-,0,989.0
1069,-18,Kecso,-,953.55,-1.34,1318.57,0.0,121.67,0.45,12,0.0,4,0.0,8,0.0,0,0.0,33.33,0.0,2026-01-29,-,0,1118.0
-,-,Lennart,-,953.51,-1.07,1411.47,0.0,152.65,0.36,8,0.0,2,0.0,6,0.0,0,0.0,25.0,0.0,2024-04-04,-,0,-
1070,-27,JS619,US,952.83,-11.14,1083.22,-11.0,43.46,0.05,148,7.0,29,0.0,114,7.0,5,0.0,19.59,-0.98,2026-08-09,-,0,798.0
-,-,fraction,-,952.24,-1.4,1303.15,0.0,116.97,0.47,17,0.0,5,0.0,12,0.0,0,0.0,29.41,0.0,2024-08-11,-,0,-
-,-,Jbob2626,-,952.11,-1.01,1436.71,0.0,161.53,0.34,6,0.0,3,0.0,3,0.0,0,0.0,50.0,0.0,2025-01-31,-,0,1118.0
-,-,Eatoreded,-,951.91,-0.92,1482.3,0.0,176.8,0.31,6,0.0,3,0.0,3,0.0,0,0.0,50.0,0.0,2023-03-01,-,0,-
1071,-18,Gavatar82,-,951.05,-1.07,1409.27,0.0,152.74,0.36,5,0.0,2,0.0,3,0.0,0,0.0,40.0,0.0,2026-01-31,-,0,-
-,-,Pablito,-,950.88,-0.74,1611.4,0.0,220.17,0.25,3,0.0,2,0.0,1,0.0,0,0.0,66.67,0.0,2023-01-15,-,0,-
-,-,Martin2021,-,949.49,-1.59,1257.19,0.0,102.57,0.53,21,0.0,6,0.0,15,0.0,0,0.0,28.57,0.0,2025-02-06,-,0,753.0
1072,-18,rofler31337,-,948.4,-1.34,1314.73,0.0,122.11,0.45,11,0.0,4,0.0,7,0.0,0,0.0,36.36,0.0,2026-02-06,-,0,989.0
-,-,Atomtomate,DE,947.21,-1.85,1211.88,0.0,88.22,0.62,27,0.0,9,0.0,18,0.0,0,0.0,33.33,0.0,2025-02-19,-,0,932.0
1073,-17,Ivan_A_Destructalot,-,946.54,-1.55,1261.85,0.0,105.1,0.52,13,0.0,4,0.0,9,0.0,0,0.0,30.77,0.0,2026-02-11,-,0,-
1074,-17,Bruce.Twarze,-,946.03,-1.58,1256.46,0.0,103.48,0.53,17,0.0,5,0.0,12,0.0,0,0.0,29.41,0.0,2026-02-07,-,0,1118.0
1075,-20,Samantho,-,945.58,-2.74,1125.25,0.0,59.89,0.91,70,0.0,13,0.0,57,0.0,0,0.0,18.57,0.0,2026-02-15,-,0,718.0
1076,-18,LordMichaelDerGrosse,-,944.43,-1.36,1304.94,0.0,120.17,0.45,11,0.0,4,0.0,7,0.0,0,0.0,36.36,0.0,2026-01-30,-,0,1118.0
1077,-18,Moshmir,-,944.35,-1.04,1415.38,0.0,157.01,0.35,6,0.0,3,0.0,3,0.0,0,0.0,50.0,0.0,2026-01-30,-,0,-
-,-,_pupu_,-,944.22,-0.9,1485.0,0.0,180.26,0.3,6,0.0,3,0.0,3,0.0,0,0.0,50.0,0.0,2023-03-01,-,0,-
-,-,Malekith,-,943.29,-1.11,1382.83,0.0,146.51,0.37,6,0.0,2,0.0,4,0.0,0,0.0,33.33,0.0,2025-02-02,-,0,1184.0
-,-,ElTanque35,IT,943.2,-0.72,1620.5,0.0,225.77,0.24,3,0.0,2,0.0,1,0.0,0,0.0,66.67,0.0,2024-12-08,-,0,805.0
-,-,thomas.h.hoff,NO,941.79,-1.24,1335.54,0.0,131.25,0.41,10,0.0,3,0.0,7,0.0,0,0.0,30.0,0.0,2025-02-02,-,0,690.0
1078,-18,Ferris,-,940.69,-1.03,1417.45,0.0,158.92,0.34,6,0.0,3,0.0,3,0.0,0,0.0,50.0,0.0,2026-02-06,-,0,-
-,-,wejejeei,-,940.16,-1.1,1386.79,0.0,148.88,0.37,15,0.0,4,0.0,11,0.0,0,0.0,26.67,0.0,2024-04-04,-,0,-
1079,-18,hein,-,939.5,-0.94,1458.82,0.0,173.11,0.31,5,0.0,2,0.0,3,0.0,0,0.0,40.0,0.0,2026-02-05,-,0,-
-,-,Devran,TR,939.22,-0.83,1528.75,0.0,196.51,0.28,3,0.0,2,0.0,1,0.0,0,0.0,66.67,0.0,2024-12-19,-,0,989.0
-,-,Skarsh,-,939.16,-1.14,1367.07,0.0,142.63,0.38,9,0.0,3,0.0,6,0.0,0,0.0,33.33,0.0,2024-04-04,-,0,-
1080,-40,VladBenez,IT,938.58,-28.05,1137.98,-44.03,66.47,-5.32,56,7.0,11,0.0,45,7.0,0,0.0,19.64,-2.81,2026-08-16,-,0,861.0
-,-,S.C.U.D.,-,938.45,-0.96,1446.38,0.0,169.31,0.32,5,0.0,3,0.0,2,0.0,0,0.0,60.0,0.0,2025-02-09,-,0,1067.0
-,-,funpaul66,-,938.17,-1.12,1375.01,0.0,145.61,0.37,11,0.0,3,0.0,8,0.0,0,0.0,27.27,0.0,2023-01-15,-,0,-
1081,-19,Oyvind,-,937.59,-1.37,1294.03,0.0,118.81,0.46,14,0.0,4,0.0,10,0.0,0,0.0,28.57,0.0,2025-12-11,-,0,1184.0
-,-,KKluigi,-,937.48,-0.94,1457.67,0.0,173.4,0.31,7,0.0,3,0.0,4,0.0,0,0.0,42.86,0.0,2023-01-15,-,0,-
1082,-19,ViznessDaBizness,-,937.15,-1.06,1396.71,0.0,153.19,0.35,6,0.0,3,0.0,3,0.0,0,0.0,50.0,0.0,2026-02-02,-,0,-
-,-,quartersmostly,-,935.9,-1.09,1386.67,0.0,150.26,0.36,6,0.0,2,0.0,4,0.0,0,0.0,33.33,0.0,2025-01-24,-,0,989.0
-,-,TheMorat,-,934.77,-0.91,1470.89,0.0,178.71,0.3,6,0.0,2,0.0,4,0.0,0,0.0,33.33,0.0,2023-03-01,-,0,-
-,-,Judiot,-,934.42,-0.96,1444.24,0.0,169.94,0.32,6,0.0,2,0.0,4,0.0,0,0.0,33.33,0.0,2024-02-23,-,0,-
-,-,Olympia,-,934.21,-0.96,1445.22,0.0,170.34,0.32,5,0.0,2,0.0,3,0.0,0,0.0,40.0,0.0,2025-02-05,-,0,989.0
-,-,venansula,-,933.79,-2.12,1164.86,0.0,77.02,0.71,47,0.0,12,0.0,35,0.0,0,0.0,25.53,0.0,2023-12-03,-,0,-
-,-,ouTlier,-,933.5,-0.8,1541.46,0.0,202.65,0.27,3,0.0,2,0.0,1,0.0,0,0.0,66.67,0.0,2024-12-16,-,0,989.0
-,-,Gbro,-,933.28,-0.92,1464.12,0.0,176.95,0.31,6,0.0,3,0.0,3,0.0,0,0.0,50.0,0.0,2023-03-01,G,2,-
-,-,Sheik-Yerbouti,-,933.25,-0.95,1448.18,0.0,171.64,0.32,6,0.0,2,0.0,4,0.0,0,0.0,33.33,0.0,2023-03-01,-,0,-
1083,-19,Satanislav,-,933.24,-1.06,1393.64,0.0,153.47,0.35,6,0.0,2,0.0,4,0.0,0,0.0,33.33,0.0,2026-02-05,-,0,-
-,-,Gelsomiina,-,932.39,-0.78,1557.15,0.0,208.25,0.26,3,0.0,2,0.0,1,0.0,0,0.0,66.67,0.0,2024-12-13,-,0,1184.0
1084,-19,Krzolek,-,931.73,-1.11,1372.95,0.0,147.07,0.37,8,0.0,3,0.0,5,0.0,0,0.0,37.5,0.0,2026-03-22,-,0,1381.0
-,-,Nevadar,-,930.2,-1.72,1215.73,0.0,95.18,0.57,21,0.0,7,0.0,14,0.0,0,0.0,33.33,0.0,2025-08-15,-,0,791.0
1085,-19,Biggi86,-,930.09,-2.21,1152.08,0.0,73.99,0.74,37,0.0,9,0.0,28,0.0,0,0.0,24.32,0.0,2026-01-31,-,0,1067.0
-,-,jerre8,-,930.01,-1.11,1372.49,0.0,147.49,0.37,9,0.0,4,0.0,5,0.0,0,0.0,44.44,0.0,2024-04-04,-,0,-
1086,-19,Serrapac,-,929.09,-1.25,1319.07,0.0,129.99,0.42,11,0.0,3,0.0,8,0.0,0,0.0,27.27,0.0,2026-02-01,-,0,1118.0
1087,-18,UNICOKRATOS,-,927.8,-1.49,1255.68,0.0,109.3,0.5,15,0.0,4,0.0,11,0.0,0,0.0,26.67,0.0,2026-01-31,-,0,939.0
-,-,marcusesses1,CA,926.96,-1.26,1314.91,0.0,129.31,0.42,12,0.0,3,0.0,9,0.0,0,0.0,25.0,0.0,2024-12-07,-,0,1184.0
1088,-18,weide,-,925.78,-0.8,1534.47,0.0,202.9,0.27,3,0.0,2,0.0,1,0.0,0,0.0,66.67,0.0,2025-12-17,-,0,-
1089,-18,Tleilaxx,-,925.4,-0.95,1441.55,0.0,172.05,0.32,5,0.0,2,0.0,3,0.0,0,0.0,40.0,0.0,2026-02-04,-,0,-
-,-,jineegood,-,924.94,-1.17,1345.29,0.0,140.11,0.39,11,0.0,3,0.0,8,0.0,0,0.0,27.27,0.0,2023-01-15,-,0,-
-,-,Samut,-,923.91,-0.89,1476.33,0.0,184.14,0.3,6,0.0,3,0.0,3,0.0,0,0.0,50.0,0.0,2024-02-23,-,0,-
-,-,Jaykeblakk,-,923.27,-1.03,1398.1,0.0,158.28,0.34,6,0.0,3,0.0,3,0.0,0,0.0,50.0,0.0,2025-02-14,-,0,1413.0
-,-,Nikauw,-,922.94,-1.35,1284.7,0.0,120.59,0.45,14,0.0,4,0.0,10,0.0,0,0.0,28.57,0.0,2024-08-11,-,0,-
-,-,PedrinhoPT,-,922.75,-1.17,1339.64,0.0,138.96,0.39,9,0.0,3,0.0,6,0.0,0,0.0,33.33,0.0,2024-04-04,-,0,-
1090,-17,loMucho,-,922.32,-1.0,1411.06,0.0,162.91,0.33,6,0.0,1,0.0,5,0.0,0,0.0,16.67,0.0,2026-01-31,-,0,-
1091,-19,Athafil,-,922.2,-1.21,1327.95,0.0,135.25,0.4,9,0.0,3,0.0,6,0.0,0,0.0,33.33,0.0,2026-03-31,-,0,-
-,-,DrDuff,-,921.96,-0.78,1549.53,0.0,209.19,0.26,3,0.0,2,0.0,1,0.0,0,0.0,66.67,0.0,2024-01-16,-,0,-
1092,-18,srapi,-,921.91,-1.33,1290.01,0.0,122.7,0.44,10,0.0,2,0.0,8,0.0,0,0.0,20.0,0.0,2025-12-16,-,0,872.0
-,-,Thrune,-,921.22,-0.92,1452.15,0.0,176.98,0.31,6,0.0,3,0.0,3,0.0,0,0.0,50.0,0.0,2023-03-01,-,0,-
1093,-17,stanze,-,918.68,-1.4,1268.49,0.0,116.6,0.47,12,0.0,4,0.0,8,0.0,0,0.0,33.33,0.0,2026-01-30,-,0,1118.0
1094,-17,Happykitten,-,918.18,-1.37,1276.78,0.0,119.53,0.46,12,0.0,3,0.0,9,0.0,0,0.0,25.0,0.0,2026-02-07,-,0,1184.0
-,-,TEPBEP,-,918.14,-1.12,1357.79,0.0,146.55,0.37,8,0.0,3,0.0,5,0.0,0,0.0,37.5,0.0,2024-04-04,-,0,-
-,-,Dim_,-,917.95,-0.7,1620.2,0.0,234.08,0.23,3,0.0,2,0.0,0,0.0,1,0.0,66.67,0.0,2023-01-15,-,0,-
-,-,danjoy72,-,916.77,-0.96,1428.34,0.0,170.52,0.32,6,0.0,3,0.0,3,0.0,0,0.0,50.0,0.0,2024-02-23,-,0,-
-,-,CRISPYBABY,-,915.91,-1.08,1367.48,0.0,150.53,0.36,9,0.0,4,0.0,5,0.0,0,0.0,44.44,0.0,2024-04-04,-,0,-
-,-,PinkrAnger,-,914.29,-0.86,1480.66,0.0,188.79,0.29,5,0.0,2,0.0,2,0.0,1,0.0,40.0,0.0,2023-04-02,-,0,-
-,-,Decolonization,JP,914.23,-0.97,1420.19,0.0,168.65,0.32,6,0.0,2,0.0,4,0.0,0,0.0,33.33,0.0,2023-03-01,G,6,-
1095,-17,A-Raw,-,913.96,-1.26,1303.37,0.0,129.8,0.42,12,0.0,3,0.0,9,0.0,0,0.0,25.0,0.0,2026-02-05,-,0,989.0
-,-,samlives,-,913.08,-1.11,1353.81,0.0,146.91,0.37,8,0.0,3,0.0,5,0.0,0,0.0,37.5,0.0,2024-02-23,-,0,1429.0
-,-,FRadar,-,912.4,-0.97,1415.9,0.0,167.83,0.32,6,0.0,2,0.0,4,0.0,0,0.0,33.33,0.0,2024-02-23,-,0,-
-,-,Sabastapul,-,912.26,-1.04,1383.49,0.0,157.08,0.35,9,0.0,3,0.0,5,0.0,1,0.0,33.33,0.0,2025-02-04,-,0,1118.0
1096,-17,IngussTT,LV,911.31,-1.56,1225.02,0.0,104.57,0.52,17,0.0,4,0.0,13,0.0,0,0.0,23.53,0.0,2025-12-20,-,0,1184.0
1097,-16,Revan,DE,911.04,-1.42,1256.39,0.0,115.12,0.47,18,0.0,5,0.0,13,0.0,0,0.0,27.78,0.0,2026-02-01,-,0,1063.0
1098,-18,Romulus07,-,910.71,-2.08,1146.98,0.0,78.76,0.69,31,0.0,6,0.0,25,0.0,0,0.0,19.35,0.0,2026-02-03,-,0,1065.0
-,-,GreatKingRat78,-,910.12,-0.95,1427.1,0.0,172.33,0.32,4,0.0,1,0.0,3,0.0,0,0.0,25.0,0.0,2025-01-30,-,0,1118.0
-,-,Kazan,-,909.8,-1.69,1198.92,0.0,96.37,0.56,23,0.0,5,0.0,18,0.0,0,0.0,21.74,0.0,2025-01-30,-,0,1184.0
1099,-16,Smithereens,-,909.21,-0.68,1629.46,0.0,240.08,0.23,2,0.0,2,0.0,0,0.0,0,0.0,100.0,0.0,2025-12-14,-,0,-
-,-,miniexot,-,909.17,-0.91,1446.29,0.0,179.04,0.3,7,0.0,3,0.0,4,0.0,0,0.0,42.86,0.0,2023-01-15,P,4,-
1100,-18,Castanicus,-,908.95,-1.35,1270.47,0.0,120.51,0.45,12,0.0,3,0.0,9,0.0,0,0.0,25.0,0.0,2026-02-16,-,0,1184.0
-,-,Rabus,DE,908.81,-0.96,1417.48,0.0,169.56,0.32,6,0.0,2,0.0,4,0.0,0,0.0,33.33,0.0,2024-04-04,-,0,-
1101,new,V.Lustig,-,908.51,458.51,1323.16,-176.84,138.22,138.22,7,7.0,3,3.0,4,4.0,0,0.0,42.86,42.86,2026-08-15,-,0,-
-,-,osterangen,-,908.03,-0.74,1568.26,0.0,220.08,0.25,3,0.0,2,0.0,1,0.0,0,0.0,66.67,0.0,2023-01-15,-,0,-
1102,-18,Deremfi,-,907.75,-1.06,1368.94,0.0,153.73,0.35,6,0.0,2,0.0,4,0.0,0,0.0,33.33,0.0,2026-01-31,-,0,-
-,-,arnbold,-,907.69,-1.22,1308.95,0.0,133.76,0.41,13,0.0,3,0.0,10,0.0,0,0.0,23.08,0.0,2023-07-15,-,0,-
-,-,Deepthought,PT,906.72,-0.71,1599.88,0.0,231.05,0.24,3,0.0,2,0.0,1,0.0,0,0.0,66.67,0.0,2023-01-15,G,2,-
-,-,JarekWarsaw,-,906.72,-0.71,1599.88,0.0,231.05,0.24,3,0.0,2,0.0,1,0.0,0,0.0,66.67,0.0,2023-01-15,G,10,-
-,-,theblender,-,906.72,-0.71,1599.88,0.0,231.05,0.24,3,0.0,2,0.0,1,0.0,0,0.0,66.67,0.0,2023-01-15,-,0,-
-,-,RELandREL,-,906.72,-0.71,1599.88,0.0,231.05,0.24,3,0.0,2,0.0,1,0.0,0,0.0,66.67,0.0,2023-01-15,-,0,-
1103,-18,jes-terday,-,905.07,-1.4,1255.73,0.0,116.89,0.47,12,0.0,3,0.0,9,0.0,0,0.0,25.0,0.0,2026-01-28,-,0,1118.0
-,-,Goth444,-,904.6,-0.85,1480.01,0.0,191.8,0.28,6,0.0,3,0.0,3,0.0,0,0.0,50.0,0.0,2024-02-23,-,0,-
1104,-17,Kaputsky,-,904.45,-0.95,1421.44,0.0,172.33,0.32,6,0.0,2,0.0,4,0.0,0,0.0,33.33,0.0,2026-02-05,-,0,-
1105,-19,RAKoS,-,904.28,-1.63,1205.28,0.0,100.33,0.54,18,0.0,5,0.0,13,0.0,0,0.0,27.78,0.0,2026-01-28,-,0,1067.0
-,-,Dometcalf,-,904.08,-1.11,1345.85,0.0,147.26,0.37,9,0.0,2,0.0,7,0.0,0,0.0,22.22,0.0,2024-02-23,-,0,-
-,-,Vali1590,-,904.0,-1.3,1281.14,0.0,125.71,0.43,9,0.0,2,0.0,7,0.0,0,0.0,22.22,0.0,2025-03-17,-,0,939.0
-,-,Copocioff,-,902.3,-1.06,1365.33,0.0,154.34,0.35,7,0.0,3,0.0,4,0.0,0,0.0,42.86,0.0,2024-08-11,-,0,-
-,-,Kacperniak,-,902.03,-1.82,1171.89,0.0,89.95,0.61,27,0.0,8,0.0,19,0.0,0,0.0,29.63,0.0,2024-03-12,-,0,-
-,-,GregP,US,901.5,-0.91,1441.55,0.0,180.02,0.3,6,0.0,2,0.0,4,0.0,0,0.0,33.33,0.0,2023-03-01,P,6,-
1106,-18,oPPer,-,901.47,-1.11,1343.62,0.0,147.38,0.37,6,0.0,1,0.0,5,0.0,0,0.0,16.67,0.0,2026-01-29,-,0,-
-,-,awh1979,-,901.38,-0.99,1396.55,0.0,165.06,0.33,6,0.0,2,0.0,4,0.0,0,0.0,33.33,0.0,2023-03-01,-,0,-
-,-,Bluebird503,-,900.6,-0.7,1596.36,0.0,231.92,0.23,3,0.0,2,0.0,1,0.0,0,0.0,66.67,0.0,2023-01-15,-,0,-
-,-,footjoy39,-,899.79,-1.06,1360.81,0.0,153.68,0.35,6,0.0,3,0.0,3,0.0,0,0.0,50.0,0.0,2025-02-06,-,0,1067.0
-,-,LeChuckichu,DK,899.27,-0.73,1572.4,0.0,224.38,0.24,3,0.0,2,0.0,1,0.0,0,0.0,66.67,0.0,2023-01-15,-,0,-
-,-,icedrakin,-,899.27,-0.73,1572.4,0.0,224.38,0.24,3,0.0,2,0.0,1,0.0,0,0.0,66.67,0.0,2023-01-15,-,0,-
-,-,Sengir80,-,898.24,-0.82,1491.41,0.0,197.72,0.27,4,0.0,2,0.0,2,0.0,0,0.0,50.0,0.0,2024-02-23,-,0,437.0
-,-,MadsB,-,898.13,-1.44,1237.87,0.0,113.25,0.48,15,0.0,5,0.0,10,0.0,0,0.0,33.33,0.0,2023-09-24,-,0,-
-,-,O.K.,-,897.12,-1.29,1276.91,0.0,126.6,0.43,12,0.0,3,0.0,9,0.0,0,0.0,25.0,0.0,2025-02-03,-,0,1118.0
-,-,Bricks718,-,896.91,-1.09,1347.1,0.0,150.06,0.36,8,0.0,3,0.0,5,0.0,0,0.0,37.5,0.0,2024-04-04,-,0,-
-,-,Brumkalinka,-,896.4,-1.05,1362.87,0.0,155.49,0.35,8,0.0,3,0.0,5,0.0,0,0.0,37.5,0.0,2025-02-06,-,0,1067.0
-,-,midr,-,896.34,-0.83,1486.69,0.0,196.78,0.28,3,0.0,1,0.0,2,0.0,0,0.0,33.33,0.0,2024-02-23,-,0,-
-,-,Nicks,CA,896.32,-1.04,1368.43,0.0,157.37,0.35,9,0.0,2,0.0,7,0.0,0,0.0,22.22,0.0,2023-04-16,-,0,630.0
1107,-18,Frank92,-,896.2,-1.0,1383.4,0.0,162.4,0.33,7,0.0,5,0.0,2,0.0,0,0.0,71.43,0.0,2025-11-16,-,0,1286.0
-,-,Arnaud,CH,895.78,-0.98,1396.84,0.0,167.02,0.33,6,0.0,1,0.0,5,0.0,0,0.0,16.67,0.0,2023-04-16,P,6,-
1108,-18,SolPanda,-,895.55,-1.44,1235.22,0.0,113.22,0.48,12,0.0,3,0.0,8,0.0,1,0.0,25.0,0.0,2026-02-09,-,0,1184.0
-,-,mazir,-,894.63,-1.42,1240.0,0.0,115.12,0.47,18,0.0,5,0.0,13,0.0,0,0.0,27.78,0.0,2024-08-11,-,0,-
-,-,sbronzisjhonson,-,894.62,-1.03,1367.73,0.0,157.7,0.34,9,0.0,2,0.0,6,0.0,1,0.0,22.22,0.0,2024-04-04,-,0,1287.0
-,-,Dipac,-,894.33,-1.07,1352.05,0.0,152.57,0.36,6,0.0,2,0.0,4,0.0,0,0.0,33.33,0.0,2025-02-04,-,0,1184.0
-,-,Boogeli,NL,894.0,-0.98,1391.87,0.0,165.96,0.33,5,0.0,1,0.0,3,0.0,1,0.0,20.0,0.0,2024-04-04,-,0,-
-,-,LordBC,AU,893.55,-1.16,1316.29,0.0,140.91,0.39,8,0.0,2,0.0,6,0.0,0,0.0,25.0,0.0,2025-03-27,-,0,872.0
-,-,RabidRabbit,US,893.53,-0.97,1397.54,0.0,168.0,0.32,6,0.0,2,0.0,4,0.0,0,0.0,33.33,0.0,2023-03-01,-,0,-
-,-,cbend37,US,893.46,-0.99,1387.51,0.0,164.68,0.33,9,0.0,3,0.0,6,0.0,0,0.0,33.33,0.0,2024-02-23,-,0,-
-,-,gusanitocruz,-,892.11,-1.55,1208.63,0.0,105.51,0.52,20,0.0,6,0.0,14,0.0,0,0.0,30.0,0.0,2025-02-13,-,0,1109.0
-,-,Stevenlan90,-,890.78,-0.98,1389.25,0.0,166.16,0.33,6,0.0,2,0.0,4,0.0,0,0.0,33.33,0.0,2024-02-23,-,0,-
1109,-18,Czechlands,-,889.76,-1.11,1331.53,0.0,147.26,0.37,8,0.0,3,0.0,5,0.0,0,0.0,37.5,0.0,2026-03-23,-,0,-
-,-,Albertotron,-,888.64,-0.78,1512.67,0.0,208.01,0.26,4,0.0,2,0.0,2,0.0,0,0.0,50.0,0.0,2021-11-15,-,0,-
-,-,Mandrillus,-,888.59,-0.91,1424.87,0.0,178.76,0.3,6,0.0,3,0.0,3,0.0,0,0.0,50.0,0.0,2023-03-01,-,0,-
-,-,Paracelso,-,887.94,-1.29,1268.34,0.0,126.8,0.43,13,0.0,3,0.0,10,0.0,0,0.0,23.08,0.0,2025-02-01,-,0,986.0
-,-,Warpfield,-,886.31,-1.04,1358.52,0.0,157.4,0.35,6,0.0,2,0.0,4,0.0,0,0.0,33.33,0.0,2025-01-29,-,0,989.0
1110,-18,Nimnaros,-,885.87,-0.93,1414.59,0.0,176.24,0.31,5,0.0,3,0.0,2,0.0,0,0.0,60.0,0.0,2026-02-07,-,0,-
1111,new,MyriamVanErum,-,885.49,435.49,1311.82,-188.18,142.11,142.11,7,7.0,3,3.0,4,4.0,0,0.0,42.86,42.86,2026-08-15,-,0,-
-,-,Ryuk,-,885.3,-0.99,1378.06,0.0,164.25,0.33,8,0.0,2,0.0,6,0.0,0,0.0,25.0,0.0,2022-01-01,-,0,-
-,-,SonnyBB,-,884.09,-1.0,1374.31,0.0,163.41,0.33,8,0.0,2,0.0,6,0.0,0,0.0,25.0,0.0,2022-01-01,-,0,-
-,-,PabloSalinas,-,884.07,-1.0,1371.57,0.0,162.5,0.33,8,0.0,2,0.0,6,0.0,0,0.0,25.0,0.0,2022-01-01,-,0,-
-,-,Lidocaina,-,884.07,-1.0,1371.57,0.0,162.5,0.33,8,0.0,2,0.0,6,0.0,0,0.0,25.0,0.0,2022-01-01,-,0,-
1112,-19,sackn,-,883.22,-1.05,1350.2,0.0,155.66,0.35,6,0.0,2,0.0,4,0.0,0,0.0,33.33,0.0,2026-01-28,-,0,-
-,-,GAM3NURD,US,883.06,-1.22,1285.48,0.0,134.14,0.41,12,0.0,3,0.0,9,0.0,0,0.0,25.0,0.0,2024-12-05,-,0,1287.0
1113,-19,XRipper,-,879.9,-1.04,1348.34,0.0,156.14,0.35,6,0.0,2,0.0,4,0.0,0,0.0,33.33,0.0,2026-02-04,-,0,-
1114,-19,jurgen18,-,878.53,-1.29,1258.97,0.0,126.81,0.43,9,0.0,3,0.0,6,0.0,0,0.0,33.33,0.0,2026-02-08,-,0,1287.0
1115,-19,Lexa7,-,875.86,-1.22,1275.8,0.0,133.31,0.41,10,0.0,3,0.0,7,0.0,0,0.0,30.0,0.0,2026-02-01,-,0,-
-,-,DanReyLop,-,875.73,-1.11,1318.18,0.0,147.48,0.37,8,0.0,3,0.0,5,0.0,0,0.0,37.5,0.0,2025-03-16,-,0,939.0
-,-,Machote,-,875.65,-0.77,1511.29,0.0,211.88,0.26,2,0.0,1,0.0,1,0.0,0,0.0,50.0,0.0,2024-02-23,-,0,-
-,-,maciejka,-,875.12,-1.0,1366.52,0.0,163.8,0.33,6,0.0,2,0.0,4,0.0,0,0.0,33.33,0.0,2024-04-04,-,0,-
-,-,clickk,-,874.48,-1.21,1278.96,0.0,134.83,0.4,9,0.0,2,0.0,7,0.0,0,0.0,22.22,0.0,2025-03-23,-,0,939.0
-,-,Gideon333,-,873.74,-1.04,1343.69,0.0,156.65,0.35,9,0.0,3,0.0,6,0.0,0,0.0,33.33,0.0,2023-11-07,-,0,-
-,-,HeM99,-,873.47,-1.04,1344.74,0.0,157.09,0.35,6,0.0,2,0.0,4,0.0,0,0.0,33.33,0.0,2025-02-04,-,0,989.0
-,-,alban,-,873.32,-1.07,1332.74,0.0,153.14,0.36,6,0.0,2,0.0,4,0.0,0,0.0,33.33,0.0,2025-02-12,-,0,1118.0
1116,-18,Qirgi,-,871.04,-1.22,1273.15,0.0,134.04,0.41,11,0.0,5,0.0,6,0.0,0,0.0,45.45,0.0,2026-02-03,-,0,1067.0
1117,-20,SCN,-,870.82,-1.44,1211.97,0.0,113.72,0.48,14,0.0,4,0.0,10,0.0,0,0.0,28.57,0.0,2026-02-04,-,0,1184.0
-,-,Kirian,-,870.41,-1.01,1352.52,0.0,160.7,0.34,6,0.0,2,0.0,4,0.0,0,0.0,33.33,0.0,2025-02-02,-,0,1067.0
-,-,Rychlik,CZ,869.8,-0.85,1445.63,0.0,191.94,0.28,6,0.0,2,0.0,4,0.0,0,0.0,33.33,0.0,2024-04-04,-,0,-
-,-,DecMoon,FR,869.29,-2.84,1042.04,0.0,57.58,0.95,80,0.0,18,0.0,59,0.0,3,0.0,22.5,0.0,2024-04-14,-,0,-
1118,-18,jandaron,TR,867.62,-1.33,1234.4,0.0,122.26,0.44,12,0.0,3,0.0,9,0.0,0,0.0,25.0,0.0,2026-04-05,-,0,1280.0
1119,-20,MATADORDELMAR,-,867.61,-1.42,1214.24,0.0,115.54,0.47,15,0.0,5,0.0,10,0.0,0,0.0,33.33,0.0,2026-01-29,-,0,1287.0
-,-,JFK2016,US,867.12,-1.38,1222.67,0.0,118.52,0.46,15,0.0,5,0.0,10,0.0,0,0.0,33.33,0.0,2023-07-15,-,0,-
-,-,postalrat,-,866.92,-0.97,1370.12,0.0,167.73,0.32,6,0.0,2,0.0,4,0.0,0,0.0,33.33,0.0,2024-02-23,-,0,-
-,-,Rincy73,-,865.78,-0.97,1371.43,0.0,168.55,0.32,7,0.0,2,0.0,5,0.0,0,0.0,28.57,0.0,2023-01-15,-,0,-
-,-,pootify,-,864.76,-0.93,1391.62,0.0,175.62,0.31,4,0.0,1,0.0,3,0.0,0,0.0,25.0,0.0,2025-02-01,-,0,1067.0
1120,-19,rubenman,-,864.67,-1.42,1210.43,0.0,115.25,0.47,13,0.0,3,0.0,10,0.0,0,0.0,23.08,0.0,2026-01-31,-,0,-
-,-,FLOW_OF_C_H,-,864.16,-0.92,1394.37,0.0,176.74,0.31,5,0.0,2,0.0,3,0.0,0,0.0,40.0,0.0,2024-02-23,-,0,-
1121,-19,GWItheUltimate,CA,863.59,-1.63,1164.37,0.0,100.26,0.54,23,0.0,4,0.0,19,0.0,0,0.0,17.39,0.0,2025-12-14,-,0,1114.0
-,-,prnv1992,-,862.99,-1.15,1287.43,0.0,141.48,0.38,8,0.0,2,0.0,6,0.0,0,0.0,25.0,0.0,2024-04-04,-,0,-
-,-,BlueJay,-,862.87,-1.06,1326.33,0.0,154.49,0.35,6,0.0,2,0.0,4,0.0,0,0.0,33.33,0.0,2025-02-02,-,0,1184.0
-,-,Ptarr,-,862.39,-0.96,1372.35,0.0,169.99,0.32,7,0.0,2,0.0,5,0.0,0,0.0,28.57,0.0,2023-01-15,-,0,-
-,-,Raphi,-,860.93,-1.58,1170.58,0.0,103.22,0.53,18,0.0,4,0.0,14,0.0,0,0.0,22.22,0.0,2025-02-12,-,0,1184.0
-,-,Alessannr,-,860.48,-1.13,1294.88,0.0,144.8,0.38,12,0.0,3,0.0,9,0.0,0,0.0,25.0,0.0,2024-04-04,-,0,-
-,-,wheelerruss,GB,860.01,-2.83,1033.43,0.0,57.81,0.94,78,0.0,16,0.0,60,0.0,2,0.0,20.51,0.0,2024-12-12,-,0,1111.0
-,-,Ranger,-,859.77,-1.01,1344.95,0.0,161.73,0.34,6,0.0,2,0.0,4,0.0,0,0.0,33.33,0.0,2025-01-30,-,0,1184.0
-,-,Terumo,-,859.65,-0.76,1500.0,0.0,213.45,0.25,4,0.0,2,0.0,2,0.0,0,0.0,50.0,0.0,2021-11-15,-,0,-
-,-,cleantroll,-,859.65,-0.76,1500.0,0.0,213.45,0.25,4,0.0,2,0.0,2,0.0,0,0.0,50.0,0.0,2021-11-15,-,0,-
-,-,qifeng,-,859.65,-0.76,1500.0,0.0,213.45,0.25,4,0.0,2,0.0,2,0.0,0,0.0,50.0,0.0,2021-11-15,-,0,-
-,-,Arnekin,-,859.65,-0.76,1500.0,0.0,213.45,0.25,4,0.0,2,0.0,2,0.0,0,0.0,50.0,0.0,2021-11-15,G,2,1287.0
-,-,ADRILU,-,859.65,-0.76,1500.0,0.0,213.45,0.25,4,0.0,2,0.0,2,0.0,0,0.0,50.0,0.0,2021-11-15,-,0,-
-,-,ColdSpark,-,859.65,-0.76,1500.0,0.0,213.45,0.25,4,0.0,2,0.0,2,0.0,0,0.0,50.0,0.0,2021-11-15,-,0,-
-,-,FalcoLombardi,-,859.65,-0.76,1500.0,0.0,213.45,0.25,4,0.0,2,0.0,2,0.0,0,0.0,50.0,0.0,2021-11-15,-,0,-
-,-,hehasmoments,-,859.65,-0.76,1500.0,0.0,213.45,0.25,4,0.0,2,0.0,2,0.0,0,0.0,50.0,0.0,2021-11-15,-,0,-
-,-,manulao,-,859.65,-0.76,1500.0,0.0,213.45,0.25,4,0.0,2,0.0,2,0.0,0,0.0,50.0,0.0,2021-11-15,-,0,-
-,-,rhode,-,859.65,-0.76,1500.0,0.0,213.45,0.25,4,0.0,2,0.0,2,0.0,0,0.0,50.0,0.0,2021-11-15,-,0,-
-,-,JuanitosCZ,-,859.65,-0.76,1500.0,0.0,213.45,0.25,4,0.0,2,0.0,2,0.0,0,0.0,50.0,0.0,2021-11-15,-,0,-
-,-,yangziduan,-,859.65,-0.76,1500.0,0.0,213.45,0.25,4,0.0,2,0.0,2,0.0,0,0.0,50.0,0.0,2021-11-15,-,0,1245.0
-,-,Eira,-,859.65,-0.76,1500.0,0.0,213.45,0.25,4,0.0,2,0.0,2,0.0,0,0.0,50.0,0.0,2021-11-15,-,0,-
-,-,Ostua,-,859.65,-0.76,1500.0,0.0,213.45,0.25,4,0.0,2,0.0,2,0.0,0,0.0,50.0,0.0,2021-11-15,-,0,-
-,-,JediPrzemo,-,859.65,-0.76,1500.0,0.0,213.45,0.25,4,0.0,2,0.0,2,0.0,0,0.0,50.0,0.0,2021-11-15,-,0,-
-,-,RickLoftson,CA,859.65,-0.76,1500.0,0.0,213.45,0.25,4,0.0,2,0.0,2,0.0,0,0.0,50.0,0.0,2021-11-15,-,0,-
-,-,huihuang,-,859.65,-0.76,1500.0,0.0,213.45,0.25,4,0.0,2,0.0,2,0.0,0,0.0,50.0,0.0,2021-11-15,-,0,-
-,-,GrzeHu,-,859.65,-0.76,1500.0,0.0,213.45,0.25,4,0.0,2,0.0,2,0.0,0,0.0,50.0,0.0,2021-11-15,-,0,-
-,-,SlemmeOdder,-,859.65,-0.76,1500.0,0.0,213.45,0.25,4,0.0,2,0.0,2,0.0,0,0.0,50.0,0.0,2021-11-15,-,0,-
-,-,Luitheone,-,859.65,-0.76,1500.0,0.0,213.45,0.25,4,0.0,2,0.0,2,0.0,0,0.0,50.0,0.0,2021-11-15,-,0,-
-,-,flautert,-,859.65,-0.76,1500.0,0.0,213.45,0.25,4,0.0,2,0.0,2,0.0,0,0.0,50.0,0.0,2021-11-15,-,0,-
-,-,Shobalk,US,859.65,-0.76,1500.0,0.0,213.45,0.25,4,0.0,2,0.0,2,0.0,0,0.0,50.0,0.0,2021-11-15,-,0,-
-,-,Calo,-,859.65,-0.76,1500.0,0.0,213.45,0.25,4,0.0,2,0.0,2,0.0,0,0.0,50.0,0.0,2021-11-15,-,0,-
-,-,Abby1991,-,859.65,-0.76,1500.0,0.0,213.45,0.25,4,0.0,2,0.0,2,0.0,0,0.0,50.0,0.0,2021-11-15,-,0,-
-,-,samtheman,-,859.65,-0.76,1500.0,0.0,213.45,0.25,4,0.0,2,0.0,2,0.0,0,0.0,50.0,0.0,2021-11-15,-,0,-
-,-,Goldan,-,859.65,-0.76,1500.0,0.0,213.45,0.25,4,0.0,2,0.0,2,0.0,0,0.0,50.0,0.0,2021-11-15,G,10,-
-,-,Karhaix,-,859.65,-0.76,1500.0,0.0,213.45,0.25,4,0.0,2,0.0,2,0.0,0,0.0,50.0,0.0,2021-11-15,-,0,-
-,-,thelittlejim,-,859.65,-0.76,1500.0,0.0,213.45,0.25,4,0.0,2,0.0,2,0.0,0,0.0,50.0,0.0,2021-11-15,-,0,-
-,-,pororo2,-,859.65,-0.76,1500.0,0.0,213.45,0.25,4,0.0,2,0.0,2,0.0,0,0.0,50.0,0.0,2021-11-15,-,0,-
-,-,madrabbit,-,859.65,-0.76,1500.0,0.0,213.45,0.25,4,0.0,2,0.0,2,0.0,0,0.0,50.0,0.0,2021-11-15,P,2,552.0
-,-,G_7,-,859.65,-0.76,1500.0,0.0,213.45,0.25,4,0.0,2,0.0,2,0.0,0,0.0,50.0,0.0,2021-11-15,G,12,-
-,-,est,-,859.65,-0.76,1500.0,0.0,213.45,0.25,4,0.0,2,0.0,2,0.0,0,0.0,50.0,0.0,2021-11-15,-,0,-
-,-,DanielLin,-,859.65,-0.76,1500.0,0.0,213.45,0.25,4,0.0,2,0.0,2,0.0,0,0.0,50.0,0.0,2021-11-15,-,0,-
-,-,ligohigh,-,859.65,-0.76,1500.0,0.0,213.45,0.25,4,0.0,2,0.0,2,0.0,0,0.0,50.0,0.0,2021-11-15,-,0,-
-,-,LyraInfinite,-,859.65,-0.76,1500.0,0.0,213.45,0.25,4,0.0,2,0.0,2,0.0,0,0.0,50.0,0.0,2021-11-15,-,0,-
-,-,Aftermath,-,859.65,-0.76,1500.0,0.0,213.45,0.25,4,0.0,2,0.0,2,0.0,0,0.0,50.0,0.0,2021-11-15,-,0,-
-,-,Zelbot,-,859.65,-0.76,1500.0,0.0,213.45,0.25,4,0.0,2,0.0,2,0.0,0,0.0,50.0,0.0,2021-11-15,-,0,-
-,-,BrentC,-,859.65,-0.76,1500.0,0.0,213.45,0.25,4,0.0,2,0.0,2,0.0,0,0.0,50.0,0.0,2021-11-15,-,0,-
1122,-19,madmanmatt666,-,858.84,-1.01,1344.35,0.0,161.84,0.34,6,0.0,2,0.0,4,0.0,0,0.0,33.33,0.0,2026-02-06,-,0,1287.0
-,-,PocketAmazing,-,857.93,-0.93,1381.78,0.0,174.62,0.31,6,0.0,2,0.0,4,0.0,0,0.0,33.33,0.0,2024-02-23,-,0,-
1123,-19,SargeGunz,-,857.92,-1.2,1267.3,0.0,136.46,0.4,9,0.0,3,0.0,6,0.0,0,0.0,33.33,0.0,2026-01-31,-,0,-
-,-,Brandon12129,US,857.61,-0.97,1362.36,0.0,168.25,0.32,7,0.0,2,0.0,5,0.0,0,0.0,28.57,0.0,2023-05-14,-,0,-
-,-,berpdreyfuss,-,856.32,-0.92,1388.79,0.0,177.49,0.31,6,0.0,2,0.0,4,0.0,0,0.0,33.33,0.0,2023-03-01,-,0,-
-,-,KaiMorten,-,856.08,-1.15,1281.99,0.0,141.97,0.38,7,0.0,2,0.0,5,0.0,0,0.0,28.57,0.0,2025-01-31,-,0,1184.0
-,-,Krucik,-,855.99,-1.06,1316.22,0.0,153.41,0.35,10,0.0,2,0.0,7,0.0,1,0.0,20.0,0.0,2023-03-01,-,0,-
1124,-19,rem_Abaddon,-,854.19,-1.21,1257.93,0.0,134.58,0.4,11,0.0,3,0.0,8,0.0,0,0.0,27.27,0.0,2026-01-29,-,0,1067.0
1125,-19,Beewiz,-,853.42,-1.21,1257.19,0.0,134.59,0.4,9,0.0,2,0.0,7,0.0,0,0.0,22.22,0.0,2026-01-30,-,0,1287.0
-,-,eotta,-,853.39,-1.86,1117.24,0.0,87.95,0.62,28,0.0,6,0.0,22,0.0,0,0.0,21.43,0.0,2024-10-31,-,0,-
-,-,Signor_Darcy,-,852.19,-1.1,1297.93,0.0,148.58,0.37,10,0.0,3,0.0,7,0.0,0,0.0,30.0,0.0,2024-01-16,-,0,-
-,-,Ananasantti,FI,852.05,-1.1,1296.62,0.0,148.19,0.37,9,0.0,2,0.0,7,0.0,0,0.0,22.22,0.0,2024-04-04,-,0,-
-,-,MartinCZE,CZ,851.46,-2.38,1059.28,0.0,69.27,0.79,51,0.0,11,0.0,40,0.0,0,0.0,21.57,0.0,2025-02-01,-,0,915.0
-,-,Siccarius,US,851.04,-0.93,1379.45,0.0,176.14,0.31,6,0.0,2,0.0,4,0.0,0,0.0,33.33,0.0,2024-02-23,P,2,-
1126,-19,Zielonus,-,850.85,-1.32,1222.8,0.0,123.99,0.44,12,0.0,3,0.0,9,0.0,0,0.0,25.0,0.0,2026-02-08,-,0,1118.0
-,-,Shalif,FR,850.06,-1.37,1206.49,0.0,118.81,0.46,16,0.0,5,0.0,11,0.0,0,0.0,31.25,0.0,2024-12-12,-,0,1184.0
-,-,hors7,-,849.18,-1.75,1128.52,0.0,93.12,0.58,31,0.0,3,0.0,24,0.0,4,0.0,9.68,0.0,2023-11-15,-,0,-
-,-,rrobby,IT,848.46,-0.98,1348.89,0.0,166.81,0.33,6,0.0,2,0.0,4,0.0,0,0.0,33.33,0.0,2024-02-23,-,0,1287.0
1127,-19,Leoneed.P87,-,846.95,-1.09,1294.14,0.0,149.06,0.36,6,0.0,2,0.0,4,0.0,0,0.0,33.33,0.0,2026-01-29,-,0,-
1128,-19,Zzharg,-,846.05,-1.15,1270.77,0.0,141.57,0.38,9,0.0,2,0.0,7,0.0,0,0.0,22.22,0.0,2026-02-14,-,0,-
-,-,popdragon,-,843.78,-0.88,1401.56,0.0,185.93,0.29,6,0.0,2,0.0,4,0.0,0,0.0,33.33,0.0,2024-01-16,-,0,-
-,-,8bitMeeple,-,843.71,-0.95,1357.16,0.0,171.15,0.32,7,0.0,2,0.0,5,0.0,0,0.0,28.57,0.0,2023-01-15,-,0,-
-,-,FuManchu,-,843.69,-2.5,1040.48,0.0,65.6,0.83,58,0.0,10,0.0,48,0.0,0,0.0,17.24,0.0,2025-05-18,-,0,1051.0
-,-,maffoffo,-,843.69,-0.91,1381.53,0.0,179.28,0.3,5,0.0,2,0.0,3,0.0,0,0.0,40.0,0.0,2025-02-03,-,0,798.0
1129,-19,Less5,-,841.96,-2.18,1067.62,0.0,75.22,0.73,37,0.0,6,0.0,31,0.0,0,0.0,16.22,0.0,2025-12-13,-,0,987.0
1130,-19,Gramadancho,-,840.07,-1.3,1215.39,0.0,125.1,0.43,12,0.0,3,0.0,9,0.0,0,0.0,25.0,0.0,2026-01-29,-,0,1118.0
-,-,djed,-,837.46,-0.94,1355.42,0.0,172.65,0.31,7,0.0,2,0.0,5,0.0,0,0.0,28.57,0.0,2023-01-15,-,0,-
-,-,Schallers3000,DE,837.15,-1.85,1101.8,0.0,88.22,0.62,30,0.0,1,0.0,28,0.0,1,0.0,3.33,0.0,2024-10-01,G,4,-
1131,-19,Mathilda,-,836.92,-0.87,1396.55,0.0,186.54,0.29,3,0.0,1,0.0,2,0.0,0,0.0,33.33,0.0,2025-12-12,-,0,-
1132,-19,JimBryan,-,836.24,-1.27,1223.99,0.0,129.25,0.42,12,0.0,5,0.0,7,0.0,0,0.0,41.67,0.0,2026-02-07,-,0,1067.0
-,-,Balquaz,NO,835.6,-1.03,1313.79,0.0,159.4,0.34,9,0.0,4,0.0,5,0.0,0,0.0,44.44,0.0,2024-02-23,-,0,-
1133,-19,Wolfric,-,834.7,-0.94,1353.0,0.0,172.77,0.31,6,0.0,1,0.0,5,0.0,0,0.0,16.67,0.0,2026-02-01,-,0,-
-,-,mladodoc,-,834.48,-0.72,1512.17,0.0,225.9,0.24,3,0.0,2,0.0,1,0.0,0,0.0,66.67,0.0,2024-01-16,-,0,-
-,-,Sir_Jacob,-,834.17,-1.79,1108.63,0.0,91.49,0.6,24,0.0,6,0.0,18,0.0,0,0.0,25.0,0.0,2023-11-07,-,0,-
1134,-19,vekijo,-,833.28,-1.07,1289.66,0.0,152.13,0.36,6,0.0,2,0.0,4,0.0,0,0.0,33.33,0.0,2026-02-04,-,0,-
-,-,bobis,-,832.55,-1.29,1211.03,0.0,126.16,0.43,14,0.0,4,0.0,10,0.0,0,0.0,28.57,0.0,2023-08-18,-,0,-
-,-,LuisPerdomo,-,830.92,-0.9,1374.18,0.0,181.09,0.3,6,0.0,2,0.0,4,0.0,0,0.0,33.33,0.0,2024-02-23,-,0,-
-,-,karatox,-,830.6,-2.12,1062.44,0.0,77.28,0.71,30,0.0,2,0.0,27,0.0,1,0.0,6.67,0.0,2024-10-01,-,0,-
1135,-18,Clarinachos,-,829.58,-1.06,1291.11,0.0,153.84,0.35,12,0.0,3,0.0,9,0.0,0,0.0,25.0,0.0,2026-02-02,-,0,1271.0
1136,-20,RuslanP,-,829.57,-1.09,1279.69,0.0,150.04,0.36,9,0.0,2,0.0,7,0.0,0,0.0,22.22,0.0,2026-03-23,-,0,-
1137,-19,Emerson6Motorcar,-,829.43,-1.08,1282.7,0.0,151.09,0.36,7,0.0,1,0.0,6,0.0,0,0.0,14.29,0.0,2026-04-06,-,0,-
-,-,bedtimeformonkeys,-,829.27,-0.88,1382.35,0.0,184.36,0.29,6,0.0,2,0.0,4,0.0,0,0.0,33.33,0.0,2023-03-01,-,0,-
-,-,Kozzie,-,827.74,-0.95,1342.81,0.0,171.69,0.32,6,0.0,3,0.0,3,0.0,0,0.0,50.0,0.0,2024-08-11,-,0,-
1138,-19,Lenni010,-,827.14,-0.97,1331.93,0.0,168.27,0.32,6,0.0,2,0.0,4,0.0,0,0.0,33.33,0.0,2026-01-29,-,0,-
1139,-19,Nomade,-,826.34,-1.42,1170.38,0.0,114.68,0.47,18,0.0,3,0.0,15,0.0,0,0.0,16.67,0.0,2025-12-10,-,0,1118.0
1140,-19,jormapa,-,826.03,-1.09,1274.52,0.0,149.5,0.36,6,0.0,2,0.0,4,0.0,0,0.0,33.33,0.0,2026-01-29,-,0,-
1141,-19,Gregoriocasa,-,823.8,-1.1,1270.5,0.0,148.9,0.37,6,0.0,2,0.0,4,0.0,0,0.0,33.33,0.0,2026-02-05,-,0,-
1142,-19,Tomek,-,822.13,-1.01,1304.68,0.0,160.85,0.34,6,0.0,2,0.0,4,0.0,0,0.0,33.33,0.0,2026-02-08,-,0,1287.0
-,-,master176281,DE,820.0,-0.95,1332.66,0.0,170.89,0.32,7,0.0,2,0.0,5,0.0,0,0.0,28.57,0.0,2023-01-15,-,0,-
-,-,Szymonn,-,819.83,-1.45,1157.38,0.0,112.52,0.48,15,0.0,1,0.0,14,0.0,0,0.0,6.67,0.0,2023-10-09,-,0,-
1143,-19,cagreat1,-,819.67,-1.06,1279.65,0.0,153.33,0.35,6,0.0,2,0.0,4,0.0,0,0.0,33.33,0.0,2026-02-03,-,0,-
-,-,mariyka,RU,818.1,-1.77,1095.73,0.0,92.54,0.59,25,0.0,3,0.0,22,0.0,0,0.0,12.0,0.0,2024-12-15,-,0,1287.0
-,-,ConquistadorColumbus,-,817.2,-1.17,1236.84,0.0,139.88,0.39,12,0.0,2,0.0,9,0.0,1,0.0,16.67,0.0,2024-04-04,-,0,-
-,-,liladre,-,814.87,-1.97,1066.22,0.0,83.78,0.66,28,0.0,5,0.0,23,0.0,0,0.0,17.86,0.0,2023-10-09,-,0,-
-,-,Seppel,-,814.82,-0.82,1407.9,0.0,197.69,0.27,4,0.0,1,0.0,3,0.0,0,0.0,25.0,0.0,2024-02-23,-,0,750.0
1144,-19,firstfloorfinest,BE,814.74,-1.1,1259.2,0.0,148.16,0.37,9,0.0,2,0.0,7,0.0,0,0.0,22.22,0.0,2025-12-13,-,0,-
-,-,Tleilax,-,814.39,-1.17,1232.87,0.0,139.49,0.39,6,0.0,0,0.0,6,0.0,0,0.0,0.0,0.0,2024-04-14,-,0,-
-,-,calatravag,-,812.9,-1.1,1256.94,0.0,148.02,0.37,7,0.0,1,0.0,6,0.0,0,0.0,14.29,0.0,2024-04-04,-,0,-
-,-,Sinkadus,SE,812.8,-0.89,1364.82,0.0,184.01,0.3,7,0.0,2,0.0,5,0.0,0,0.0,28.57,0.0,2023-01-15,-,0,-
1145,-18,kackajoni,-,812.35,-1.38,1168.35,0.0,118.67,0.46,12,0.0,3,0.0,9,0.0,0,0.0,25.0,0.0,2026-02-03,-,0,1118.0
-,-,funkenschlag,-,811.39,-0.95,1325.8,0.0,171.47,0.32,7,0.0,2,0.0,5,0.0,0,0.0,28.57,0.0,2023-01-15,-,0,-
1146,-18,RodaxIII,-,809.11,-1.88,1070.01,0.0,86.97,0.63,23,0.0,4,0.0,19,0.0,0,0.0,17.39,0.0,2025-11-18,-,0,1270.0
-,-,Apofis,BG,807.52,-0.76,1455.16,0.0,215.88,0.25,3,0.0,1,0.0,2,0.0,0,0.0,33.33,0.0,2023-01-15,-,0,-
-,-,Gladue,-,806.88,-0.94,1329.78,0.0,174.3,0.31,6,0.0,1,0.0,5,0.0,0,0.0,16.67,0.0,2023-03-01,-,0,-
-,-,Cespac,-,806.85,-0.71,1500.0,0.0,231.05,0.24,3,0.0,1,0.0,1,0.0,1,0.0,33.33,0.0,2023-01-15,-,0,-
-,-,dburstin,-,805.81,-0.9,1350.27,0.0,181.49,0.3,5,0.0,2,0.0,3,0.0,0,0.0,40.0,0.0,2025-02-02,-,0,939.0
1147,-21,Moskbnea,-,805.8,-8.71,963.43,-9.62,52.54,-0.3,104,7.0,15,0.0,88,7.0,1,0.0,14.42,-1.04,2026-08-18,-,0,1057.0
-,-,maurice986,-,805.16,-1.02,1282.95,0.0,159.26,0.34,6,0.0,2,0.0,4,0.0,0,0.0,33.33,0.0,2025-01-30,-,0,1118.0
1148,-19,vyvy,-,804.98,-1.19,1217.81,0.0,137.61,0.4,8,0.0,2,0.0,6,0.0,0,0.0,25.0,0.0,2026-02-05,-,0,755.0
-,-,srfdevotee,US,804.35,-0.82,1402.41,0.0,199.35,0.27,3,0.0,1,0.0,2,0.0,0,0.0,33.33,0.0,2024-12-22,-,0,1287.0
1149,-19,haakonaugustus,-,803.98,-1.08,1258.88,0.0,151.63,0.36,6,0.0,1,0.0,5,0.0,0,0.0,16.67,0.0,2026-02-05,-,0,-
-,-,hopek,-,801.89,-0.92,1331.83,0.0,176.65,0.31,7,0.0,3,0.0,4,0.0,0,0.0,42.86,0.0,2023-10-05,-,0,-
1150,-10,omoi,-,801.14,28.73,1068.8,-10.54,89.22,-13.09,24,7.0,3,1.0,21,6.0,0,0.0,12.5,0.74,2026-08-17,-,0,-
-,-,CainsAngel,-,801.01,-0.92,1334.35,0.0,177.78,0.31,5,0.0,1,0.0,4,0.0,0,0.0,20.0,0.0,2025-02-01,-,0,989.0
-,-,BubbaOFC,-,800.36,-0.93,1329.24,0.0,176.29,0.31,7,0.0,2,0.0,5,0.0,0,0.0,28.57,0.0,2023-01-15,-,0,-
-,-,TwoFold,-,800.36,-0.95,1315.48,0.0,171.71,0.32,6,0.0,1,0.0,5,0.0,0,0.0,16.67,0.0,2024-12-15,-,0,1184.0
-,-,Marchely,-,798.75,-1.16,1221.17,0.0,140.81,0.39,9,0.0,2,0.0,7,0.0,0,0.0,22.22,0.0,2025-01-31,-,0,1118.0
1151,-20,thebigcheese,-,797.86,-1.27,1182.12,0.0,128.09,0.42,12,0.0,2,0.0,10,0.0,0,0.0,16.67,0.0,2026-02-02,-,0,1287.0
1152,-20,Fifagi,-,797.59,-1.04,1266.62,0.0,156.34,0.35,6,0.0,2,0.0,4,0.0,0,0.0,33.33,0.0,2026-02-01,-,0,-
-,-,Grishnakk,-,797.29,-0.97,1302.06,0.0,168.26,0.32,6,0.0,1,0.0,5,0.0,0,0.0,16.67,0.0,2024-04-04,-,0,-
1153,-20,Panxo,CL,796.91,-1.41,1144.33,0.0,115.81,0.47,18,0.0,3,0.0,15,0.0,0,0.0,16.67,0.0,2026-02-01,-,0,922.0
-,-,MBK,-,796.01,-0.9,1341.7,0.0,181.89,0.3,6,0.0,2,0.0,4,0.0,0,0.0,33.33,0.0,2024-02-23,-,0,-
-,-,CharlieFish,-,795.67,-1.1,1240.03,0.0,148.12,0.37,6,0.0,1,0.0,5,0.0,0,0.0,16.67,0.0,2025-01-27,-,0,1118.0
-,-,But,-,794.64,-1.29,1175.57,0.0,126.97,0.43,12,0.0,2,0.0,10,0.0,0,0.0,16.67,0.0,2025-01-28,-,0,1184.0
-,-,Jagophile,-,794.09,-0.97,1297.21,0.0,167.71,0.32,6,0.0,1,0.0,5,0.0,0,0.0,16.67,0.0,2024-02-23,-,0,-
1154,-20,EbaN,-,793.99,-1.03,1268.82,0.0,158.28,0.34,6,0.0,1,0.0,5,0.0,0,0.0,16.67,0.0,2026-02-11,-,0,-
1155,-20,AvanAgornin,-,793.38,-1.01,1278.95,0.0,161.86,0.34,6,0.0,1,0.0,5,0.0,0,0.0,16.67,0.0,2026-01-28,-,0,-
-,-,opk,-,793.37,-1.24,1188.9,0.0,131.84,0.41,12,0.0,2,0.0,10,0.0,0,0.0,16.67,0.0,2025-02-02,-,0,1118.0
-,-,MikeyB,-,792.75,-1.0,1282.37,0.0,163.2,0.33,6,0.0,1,0.0,5,0.0,0,0.0,16.67,0.0,2024-02-23,-,0,-
-,-,GeneralWaste,-,791.57,-0.91,1328.68,0.0,179.04,0.3,7,0.0,2,0.0,5,0.0,0,0.0,28.57,0.0,2023-01-15,-,0,-
-,-,draxius,-,788.31,-1.08,1240.72,0.0,150.8,0.36,12,0.0,2,0.0,10,0.0,0,0.0,16.67,0.0,2024-04-04,-,0,-
-,-,juancho1976,-,788.15,-0.99,1283.38,0.0,165.08,0.33,6,0.0,1,0.0,5,0.0,0,0.0,16.67,0.0,2024-02-23,-,0,-
-,-,hongcha,-,786.8,-0.92,1318.33,0.0,177.18,0.31,7,0.0,1,0.0,5,0.0,1,0.0,14.29,0.0,2023-01-15,-,0,-
-,-,dejwut,-,783.85,-1.01,1266.65,0.0,160.93,0.34,6,0.0,1,0.0,5,0.0,0,0.0,16.67,0.0,2024-02-23,-,0,-
-,-,toptheworld,-,782.98,-1.23,1182.06,0.0,133.03,0.41,12,0.0,2,0.0,10,0.0,0,0.0,16.67,0.0,2025-02-03,-,0,1184.0
-,-,Bushel,-,782.77,-1.05,1248.51,0.0,155.25,0.35,9,0.0,2,0.0,7,0.0,0,0.0,22.22,0.0,2023-04-02,-,0,-
-,-,Badavan,-,782.66,-0.67,1516.71,0.0,244.68,0.22,3,0.0,2,0.0,1,0.0,0,0.0,66.67,0.0,2024-01-16,-,0,-
1156,-20,Dexray,-,782.33,-0.94,1303.52,0.0,173.73,0.31,5,0.0,1,0.0,4,0.0,0,0.0,20.0,0.0,2026-01-30,-,0,-
-,-,Igrokratiya,-,781.84,-1.09,1231.77,0.0,149.98,0.36,6,0.0,0,0.0,6,0.0,0,0.0,0.0,0.0,2025-01-29,-,0,1184.0
1157,-20,emifon90,-,781.65,-0.84,1362.84,0.0,193.73,0.28,3,0.0,1,0.0,2,0.0,0,0.0,33.33,0.0,2025-12-12,-,0,1421.0
-,-,superginger,-,779.18,-0.93,1305.66,0.0,175.5,0.31,6,0.0,2,0.0,4,0.0,0,0.0,33.33,0.0,2023-03-01,-,0,-
-,-,HnNAdventures,-,778.43,-1.54,1095.85,0.0,105.81,0.51,21,0.0,4,0.0,17,0.0,0,0.0,19.05,0.0,2024-02-23,-,0,-
-,-,ahowlin,-,777.68,-0.82,1373.7,0.0,198.67,0.27,3,0.0,1,0.0,2,0.0,0,0.0,33.33,0.0,2023-01-15,-,0,-
1158,-20,Hengoroth,-,776.5,-1.28,1159.0,0.0,127.5,0.43,15,0.0,3,0.0,12,0.0,0,0.0,20.0,0.0,2026-02-11,-,0,1184.0
1159,22,BuddhaBoost,-,775.94,114.9,1089.85,-7.17,104.64,-40.69,14,7.0,2,2.0,12,5.0,0,0.0,14.29,14.29,2026-08-20,-,0,-
-,-,Jerome_Eiffel,-,775.88,-0.71,1460.43,0.0,228.18,0.24,2,0.0,1,0.0,1,0.0,0,0.0,50.0,0.0,2023-10-22,-,0,-
-,-,xiangyi,-,775.88,-0.76,1416.24,0.0,213.45,0.25,4,0.0,1,0.0,2,0.0,1,0.0,25.0,0.0,2021-11-15,-,0,-
-,-,ALEKYD,-,775.88,-0.76,1416.24,0.0,213.45,0.25,4,0.0,1,0.0,2,0.0,1,0.0,25.0,0.0,2021-11-15,-,0,-
-,-,Nacarato,-,775.23,-0.55,1662.31,0.0,295.7,0.18,1,0.0,1,0.0,0,0.0,0,0.0,100.0,0.0,2019-05-13,-,0,-
-,-,applearn,-,774.23,-0.88,1329.21,0.0,184.99,0.29,6,0.0,1,0.0,5,0.0,0,0.0,16.67,0.0,2023-03-01,-,0,-
1160,-21,KeNMansters,-,774.06,-0.99,1267.08,0.0,164.34,0.33,5,0.0,1,0.0,4,0.0,0,0.0,20.0,0.0,2026-01-30,-,0,-
-,-,SpillisWillis,-,773.29,-1.0,1262.57,0.0,163.09,0.33,6,0.0,1,0.0,5,0.0,0,0.0,16.67,0.0,2025-01-29,-,0,1177.0
-,-,thegruffalo,-,772.57,-1.04,1241.51,0.0,156.31,0.35,6,0.0,1,0.0,5,0.0,0,0.0,16.67,0.0,2025-02-03,-,0,989.0
-,-,anakbawang,-,772.47,-0.55,1662.31,0.0,296.61,0.18,1,0.0,1,0.0,0,0.0,0,0.0,100.0,0.0,2018-01-03,-,0,-
-,-,JeremyBrokaw,US,772.47,-0.55,1662.31,0.0,296.61,0.18,1,0.0,1,0.0,0,0.0,0,0.0,100.0,0.0,2018-02-18,P,2,-
-,-,KingPerun,-,771.6,-1.01,1255.27,0.0,161.22,0.34,6,0.0,1,0.0,4,0.0,1,0.0,16.67,0.0,2025-01-27,-,0,1184.0
-,-,Talbatross,-,771.6,-1.21,1174.83,0.0,134.41,0.4,12,0.0,2,0.0,10,0.0,0,0.0,16.67,0.0,2024-04-04,-,0,-
-,-,SagYer,-,771.51,-0.74,1431.74,0.0,220.08,0.25,3,0.0,1,0.0,2,0.0,0,0.0,33.33,0.0,2023-01-15,-,0,-
-,-,KytteKatte,-,771.51,-0.74,1431.74,0.0,220.08,0.25,3,0.0,1,0.0,2,0.0,0,0.0,33.33,0.0,2023-01-15,-,0,-
-,-,Rocodo,-,771.17,-0.91,1309.07,0.0,179.3,0.3,7,0.0,4,0.0,3,0.0,0,0.0,57.14,0.0,2025-08-20,-,0,1413.0
-,-,Benici,-,769.83,-1.05,1235.67,0.0,155.28,0.35,6,0.0,1,0.0,5,0.0,0,0.0,16.67,0.0,2024-04-04,-,0,-
-,-,defazze,-,767.49,-0.75,1419.74,0.0,217.42,0.25,3,0.0,1,0.0,2,0.0,0,0.0,33.33,0.0,2023-01-15,-,0,-
-,-,JBloodski,-,766.93,-0.96,1274.39,0.0,169.15,0.32,5,0.0,1,0.0,4,0.0,0,0.0,20.0,0.0,2025-01-30,-,0,939.0
-,-,Kermitoos,-,766.77,-0.84,1349.11,0.0,194.11,0.28,3,0.0,1,0.0,2,0.0,0,0.0,33.33,0.0,2024-12-13,-,0,989.0
-,-,ZguZimZguZa,-,766.37,-0.74,1423.18,0.0,218.94,0.25,3,0.0,1,0.0,2,0.0,0,0.0,33.33,0.0,2023-01-15,-,0,-
1161,new,Mister_Pazel,-,766.35,316.35,1164.61,-335.39,132.75,132.75,7,7.0,1,1.0,6,6.0,0,0.0,14.29,14.29,2026-08-08,-,0,-
-,-,ludnunes,-,766.18,-0.73,1436.51,0.0,223.44,0.24,3,0.0,1,0.0,2,0.0,0,0.0,33.33,0.0,2023-01-15,-,0,-
-,-,Tohuwabohu,-,766.18,-0.73,1436.51,0.0,223.44,0.24,3,0.0,1,0.0,2,0.0,0,0.0,33.33,0.0,2023-01-15,-,0,-
-,-,Durin_NL,NL,765.3,-0.74,1427.62,0.0,220.77,0.25,3,0.0,1,0.0,2,0.0,0,0.0,33.33,0.0,2023-01-15,-,0,-
-,-,DancingQuinn,-,764.37,-1.0,1253.1,0.0,162.91,0.33,6,0.0,2,0.0,4,0.0,0,0.0,33.33,0.0,2024-08-04,-,0,-
1162,-21,sparkyal,-,764.07,-1.15,1189.45,0.0,141.79,0.38,6,0.0,1,0.0,5,0.0,0,0.0,16.67,0.0,2026-02-02,-,0,-
1163,-21,Trek,-,763.08,-1.21,1167.56,0.0,134.83,0.4,11,0.0,2,0.0,9,0.0,0,0.0,18.18,0.0,2026-02-04,-,0,1118.0
1164,-21,janbandit,-,762.27,-1.23,1161.74,0.0,133.16,0.41,10,0.0,1,0.0,9,0.0,0,0.0,10.0,0.0,2026-02-07,-,0,1118.0
-,-,orlin614,-,761.39,-1.12,1198.43,0.0,145.68,0.37,6,0.0,1,0.0,5,0.0,0,0.0,16.67,0.0,2023-10-22,-,0,-
-,-,alexruzzier,-,758.67,-0.92,1290.85,0.0,177.39,0.31,5,0.0,1,0.0,4,0.0,0,0.0,20.0,0.0,2024-02-23,-,0,-
1165,-20,Meklaurufen,-,757.98,-1.01,1240.39,0.0,160.8,0.34,5,0.0,1,0.0,4,0.0,0,0.0,20.0,0.0,2026-02-03,-,0,-
-,-,Dragonheard4,-,757.34,-0.85,1332.87,0.0,191.84,0.28,5,0.0,1,0.0,4,0.0,0,0.0,20.0,0.0,2024-04-04,-,0,-
1166,-20,Redders,-,755.7,-0.89,1304.39,0.0,182.9,0.3,5,0.0,1,0.0,4,0.0,0,0.0,20.0,0.0,2026-02-02,-,0,-
-,-,jogkongTW,-,754.59,-0.76,1396.53,0.0,213.98,0.25,6,0.0,1,0.0,4,0.0,1,0.0,16.67,0.0,2023-03-01,-,0,-
1167,-20,cultro,-,753.98,-1.45,1091.26,0.0,112.43,0.48,15,0.0,1,0.0,14,0.0,0,0.0,6.67,0.0,2025-12-08,-,0,1287.0
1168,-20,Wolfdragons,-,753.19,-1.08,1207.86,0.0,151.55,0.36,6,0.0,2,0.0,4,0.0,0,0.0,33.33,0.0,2026-02-08,-,0,-
-,-,S0neca_,-,752.84,-0.82,1348.8,0.0,198.65,0.27,3,0.0,1,0.0,2,0.0,0,0.0,33.33,0.0,2024-12-06,-,0,1287.0
-,-,LavenderQueen,-,750.77,-0.77,1385.68,0.0,211.64,0.26,3,0.0,0,0.0,1,0.0,2,0.0,0.0,0.0,2024-01-16,-,0,-
-,-,JonJayJanyJanzn,-,750.11,-0.76,1395.22,0.0,215.04,0.25,3,0.0,1,0.0,2,0.0,0,0.0,33.33,0.0,2024-12-08,-,0,1184.0
1169,-20,Francesco_,-,744.35,-1.09,1194.69,0.0,150.11,0.36,6,0.0,1,0.0,5,0.0,0,0.0,16.67,0.0,2026-02-12,-,0,-
-,-,Albino,-,744.18,-1.02,1225.33,0.0,160.38,0.34,6,0.0,1,0.0,5,0.0,0,0.0,16.67,0.0,2024-04-04,-,0,-
-,-,ndzwdz,-,743.49,-1.86,1006.67,0.0,87.73,0.62,30,0.0,3,0.0,26,0.0,1,0.0,10.0,0.0,2024-10-31,-,0,-
1170,-20,Viktoria301296,-,743.37,-0.88,1300.43,0.0,185.69,0.29,5,0.0,1,0.0,4,0.0,0,0.0,20.0,0.0,2026-02-02,-,0,-
-,-,Scotty4s,-,742.75,-0.93,1268.17,0.0,175.14,0.31,4,0.0,1,0.0,3,0.0,0,0.0,25.0,0.0,2025-02-04,-,0,1067.0
1171,-20,Gigot,-,742.22,-1.25,1134.48,0.0,130.75,0.42,12,0.0,2,0.0,10,0.0,0,0.0,16.67,0.0,2026-01-28,-,0,1184.0
-,-,Jelen117,-,741.73,-0.9,1282.53,0.0,180.27,0.3,6,0.0,1,0.0,5,0.0,0,0.0,16.67,0.0,2023-03-01,-,0,-
-,-,Apriori1,-,741.23,-1.01,1226.02,0.0,161.6,0.34,6,0.0,1,0.0,5,0.0,0,0.0,16.67,0.0,2025-01-31,-,0,1184.0
-,-,PortugueseBandit,-,741.09,-0.96,1251.43,0.0,170.11,0.32,6,0.0,2,0.0,4,0.0,0,0.0,33.33,0.0,2025-02-04,-,0,1118.0
1172,-20,Papella,-,741.01,-1.07,1197.0,0.0,152.0,0.36,6,0.0,1,0.0,5,0.0,0,0.0,16.67,0.0,2026-02-03,-,0,-
-,-,Monty1979,-,740.47,-0.89,1292.55,0.0,184.03,0.3,4,0.0,1,0.0,3,0.0,0,0.0,25.0,0.0,2025-02-05,-,0,1183.0
1173,-20,8840806,-,739.22,-0.82,1333.77,0.0,198.18,0.27,3,0.0,0,0.0,3,0.0,0,0.0,0.0,0.0,2025-11-11,-,0,-
-,-,Left-fire-egg,-,738.75,-0.92,1272.23,0.0,177.83,0.31,6,0.0,1,0.0,5,0.0,0,0.0,16.67,0.0,2024-02-23,-,0,-
-,-,pablocg,-,737.85,-1.02,1217.41,0.0,159.85,0.34,6,0.0,1,0.0,5,0.0,0,0.0,16.67,0.0,2024-04-04,-,0,-
-,-,IndieErikJones,-,737.65,-1.01,1221.87,0.0,161.41,0.34,6,0.0,1,0.0,5,0.0,0,0.0,16.67,0.0,2024-02-23,-,0,-
1174,-20,vuffe,-,736.96,-1.07,1194.33,0.0,152.46,0.36,6,0.0,0,0.0,5,0.0,1,0.0,0.0,0.0,2026-02-05,-,0,-
-,-,NicolasJavier,-,736.94,-1.03,1214.03,0.0,159.03,0.34,6,0.0,1,0.0,5,0.0,0,0.0,16.67,0.0,2025-01-31,-,0,1184.0
1175,-20,majin,-,736.76,-0.82,1336.64,0.0,199.96,0.27,3,0.0,0,0.0,3,0.0,0,0.0,0.0,0.0,2025-12-06,-,0,-
1176,-20,JackoKun,-,735.99,-1.11,1178.61,0.0,147.54,0.37,6,0.0,1,0.0,5,0.0,0,0.0,16.67,0.0,2026-02-07,-,0,1287.0
-,-,Doddus,IT,734.65,-0.95,1249.73,0.0,171.69,0.32,6,0.0,1,0.0,5,0.0,0,0.0,16.67,0.0,2024-04-04,-,0,1388.0
-,-,marcelodadf,-,734.46,-0.79,1352.06,0.0,205.87,0.26,3,0.0,1,0.0,2,0.0,0,0.0,33.33,0.0,2024-02-23,-,0,-
-,-,CeeJ,-,733.72,-0.9,1276.95,0.0,181.08,0.3,6,0.0,1,0.0,5,0.0,0,0.0,16.67,0.0,2024-01-16,-,0,-
-,-,Keffo,-,733.16,-0.74,1393.33,0.0,220.06,0.25,3,0.0,1,0.0,2,0.0,0,0.0,33.33,0.0,2023-01-15,-,0,-
-,-,CabalSociety,-,733.03,-0.92,1267.08,0.0,178.02,0.31,6,0.0,1,0.0,5,0.0,0,0.0,16.67,0.0,2023-03-01,-,0,-
-,-,JoeBa,-,732.13,-0.96,1239.23,0.0,169.04,0.32,6,0.0,1,0.0,5,0.0,0,0.0,16.67,0.0,2024-02-23,-,0,-
1177,-19,TarisI,-,731.81,-0.98,1232.92,0.0,167.04,0.33,6,0.0,2,0.0,4,0.0,0,0.0,33.33,0.0,2026-01-29,-,0,-
1178,-21,Jacko65,-,731.3,-1.66,1026.06,0.0,98.25,0.55,27,0.0,3,0.0,24,0.0,0,0.0,11.11,0.0,2025-12-07,-,0,1184.0
1179,-20,tiagosilva,-,730.99,-0.99,1223.5,0.0,164.17,0.33,6,0.0,1,0.0,5,0.0,0,0.0,16.67,0.0,2025-12-05,-,0,1050.0
-,-,reddog,-,729.12,-1.12,1164.55,0.0,145.14,0.37,6,0.0,0,0.0,6,0.0,0,0.0,0.0,0.0,2025-01-31,-,0,1184.0
-,-,Vinny6060,-,727.6,-0.9,1268.61,0.0,180.34,0.3,6,0.0,1,0.0,5,0.0,0,0.0,16.67,0.0,2024-02-23,-,0,872.0
-,-,RiccardoRaso,-,727.34,-0.74,1387.57,0.0,220.08,0.25,3,0.0,1,0.0,2,0.0,0,0.0,33.33,0.0,2023-01-15,-,0,-
-,-,Athelis,-,727.34,-0.74,1387.57,0.0,220.08,0.25,3,0.0,1,0.0,2,0.0,0,0.0,33.33,0.0,2023-01-15,-,0,-
-,-,Nele,-,727.34,-0.74,1387.57,0.0,220.08,0.25,3,0.0,1,0.0,2,0.0,0,0.0,33.33,0.0,2023-01-15,-,0,-
1180,-20,TomaszW,-,724.5,-0.9,1267.8,0.0,181.1,0.3,3,0.0,0,0.0,3,0.0,0,0.0,0.0,0.0,2025-12-13,-,0,-
-,-,-BARBAR-,-,723.46,-0.9,1269.93,0.0,182.16,0.3,7,0.0,1,0.0,5,0.0,1,0.0,14.29,0.0,2023-01-15,-,0,-
1181,-20,Viceroy,-,721.82,-0.81,1324.7,0.0,200.96,0.27,3,0.0,1,0.0,2,0.0,0,0.0,33.33,0.0,2025-12-16,-,0,-
-,-,Garghi,IT,721.41,-0.98,1222.94,0.0,167.18,0.33,6,0.0,2,0.0,4,0.0,0,0.0,33.33,0.0,2023-07-15,-,0,-
1182,-20,Shary,-,721.27,-0.83,1312.29,0.0,197.0,0.28,3,0.0,0,0.0,2,0.0,1,0.0,0.0,0.0,2025-12-13,-,0,-
1183,-20,Lint,-,720.79,-1.02,1202.11,0.0,160.44,0.34,6,0.0,1,0.0,5,0.0,0,0.0,16.67,0.0,2025-12-18,-,0,-
-,-,MadAvenger,-,718.31,-0.95,1231.41,0.0,171.03,0.32,7,0.0,1,0.0,6,0.0,0,0.0,14.29,0.0,2023-01-15,-,0,-
-,-,chumchu,-,718.23,-0.63,1500.0,0.0,260.59,0.21,2,0.0,1,0.0,1,0.0,0,0.0,50.0,0.0,2018-01-16,-,0,-
-,-,Foujou,-,718.23,-0.97,1224.4,0.0,168.72,0.32,6,0.0,1,0.0,5,0.0,0,0.0,16.67,0.0,2024-02-23,-,0,-
1184,-20,Camy,-,718.2,-1.04,1189.41,0.0,157.07,0.35,5,0.0,1,0.0,4,0.0,0,0.0,20.0,0.0,2026-01-31,-,0,-
1185,-20,Wombelbat,-,717.69,-1.06,1181.33,0.0,154.55,0.35,6,0.0,1,0.0,5,0.0,0,0.0,16.67,0.0,2026-02-01,-,0,1375.0
-,-,MarioG1,-,717.51,-0.91,1252.37,0.0,178.29,0.3,3,0.0,0,0.0,3,0.0,0,0.0,0.0,0.0,2024-04-14,-,0,-
-,-,ElArchitekto,-,716.47,-0.99,1211.05,0.0,164.86,0.33,6,0.0,1,0.0,5,0.0,0,0.0,16.67,0.0,2025-02-02,-,0,1184.0
-,-,Wing,-,716.04,-0.95,1229.72,0.0,171.23,0.32,5,0.0,0,0.0,4,0.0,1,0.0,0.0,0.0,2025-01-31,-,0,1118.0
-,-,Moondarra,-,712.79,-0.75,1365.23,0.0,217.48,0.25,3,0.0,0,0.0,2,0.0,1,0.0,0.0,0.0,2023-01-15,-,0,-
1186,-20,FabioFurious,-,712.26,-0.89,1264.06,0.0,183.93,0.3,3,0.0,0,0.0,3,0.0,0,0.0,0.0,0.0,2025-12-08,-,0,-
-,-,BillyPilgrim,-,711.67,-0.78,1341.81,0.0,210.04,0.26,3,0.0,1,0.0,2,0.0,0,0.0,33.33,0.0,2024-12-17,-,0,989.0
1187,-20,monorator,-,711.29,-1.21,1115.72,0.0,134.81,0.4,12,0.0,1,0.0,11,0.0,0,0.0,8.33,0.0,2025-12-14,-,0,1184.0
-,-,nasing,-,711.22,-0.73,1384.35,0.0,224.38,0.24,3,0.0,1,0.0,2,0.0,0,0.0,33.33,0.0,2023-01-15,-,0,-
-,-,Nymphaea,DE,709.8,-0.71,1400.12,0.0,230.11,0.24,3,0.0,1,0.0,2,0.0,0,0.0,33.33,0.0,2024-01-16,-,0,1271.0
-,-,SPEEDOWAGON,-,709.8,-0.71,1400.12,0.0,230.11,0.24,3,0.0,1,0.0,2,0.0,0,0.0,33.33,0.0,2024-01-16,-,0,1287.0
-,-,Tippin,-,709.8,-0.71,1400.12,0.0,230.11,0.24,3,0.0,1,0.0,2,0.0,0,0.0,33.33,0.0,2024-02-23,-,0,-
-,-,Cragheart,DK,708.8,-0.92,1238.0,0.0,176.4,0.31,5,0.0,1,0.0,4,0.0,0,0.0,20.0,0.0,2023-04-02,-,0,-
1188,-20,mkuz18,-,708.61,-1.12,1146.3,0.0,145.9,0.37,8,0.0,1,0.0,7,0.0,0,0.0,12.5,0.0,2025-12-18,-,0,1118.0
-,-,jjmancini,-,707.29,-0.96,1218.7,0.0,170.47,0.32,6,0.0,1,0.0,5,0.0,0,0.0,16.67,0.0,2024-01-16,-,0,-
-,-,MickeyStein,-,706.97,-0.71,1400.12,0.0,231.05,0.24,3,0.0,1,0.0,2,0.0,0,0.0,33.33,0.0,2023-01-15,-,0,-
-,-,somanyrocks,-,706.97,-0.71,1400.12,0.0,231.05,0.24,3,0.0,1,0.0,2,0.0,0,0.0,33.33,0.0,2023-01-15,-,0,-
-,-,Svaldini,CA,706.97,-0.71,1400.12,0.0,231.05,0.24,3,0.0,1,0.0,2,0.0,0,0.0,33.33,0.0,2023-01-15,-,0,-
-,-,Hokingfai,HK,706.97,-0.71,1400.12,0.0,231.05,0.24,3,0.0,1,0.0,2,0.0,0,0.0,33.33,0.0,2023-01-15,-,0,-
-,-,Elendil,-,706.97,-0.71,1400.12,0.0,231.05,0.24,3,0.0,1,0.0,2,0.0,0,0.0,33.33,0.0,2023-01-15,-,0,-
-,-,Drk,IT,706.97,-0.71,1400.12,0.0,231.05,0.24,3,0.0,1,0.0,2,0.0,0,0.0,33.33,0.0,2023-01-15,-,0,648.0
-,-,__Alex__,-,706.2,-1.74,987.6,0.0,93.8,0.58,38,0.0,3,0.0,30,0.0,5,0.0,7.89,0.0,2024-10-01,-,0,-
-,-,MythMoth,-,705.88,-0.74,1365.66,0.0,219.93,0.25,3,0.0,1,0.0,2,0.0,0,0.0,33.33,0.0,2023-01-15,-,0,-
1189,-20,Mighke,-,705.72,-1.15,1132.1,0.0,142.12,0.38,10,0.0,2,0.0,8,0.0,0,0.0,20.0,0.0,2026-02-01,-,0,1118.0
-,-,Maukka,-,705.32,-0.95,1221.1,0.0,171.93,0.32,8,0.0,1,0.0,7,0.0,0,0.0,12.5,0.0,2024-04-04,-,0,-
-,-,Seeker6498,-,704.76,-0.78,1328.59,0.0,207.94,0.26,4,0.0,1,0.0,3,0.0,0,0.0,25.0,0.0,2021-11-15,-,0,-
1190,-19,Azami,-,702.14,-1.07,1161.25,0.0,153.04,0.36,6,0.0,1,0.0,5,0.0,0,0.0,16.67,0.0,2026-02-04,-,0,1287.0
1191,-19,Vaibhavaiyar,-,701.78,-1.22,1104.63,0.0,134.28,0.41,14,0.0,2,0.0,12,0.0,0,0.0,14.29,0.0,2026-01-31,-,0,1184.0
1192,-22,Frabac,-,701.7,-2.16,928.66,0.0,75.65,0.72,64,0.0,6,0.0,58,0.0,0,0.0,9.38,0.0,2025-12-10,-,0,711.0
-,-,Lindoro,-,700.39,-0.9,1245.95,0.0,181.85,0.3,6,0.0,3,0.0,3,0.0,0,0.0,50.0,0.0,2024-08-11,-,0,-
-,-,kivirowei,-,699.53,-1.23,1098.28,0.0,132.91,0.41,10,0.0,1,0.0,9,0.0,0,0.0,10.0,0.0,2025-05-16,-,0,1174.0
-,-,Rancho,-,694.65,-1.01,1179.41,0.0,161.59,0.34,9,0.0,1,0.0,8,0.0,0,0.0,11.11,0.0,2024-02-23,-,0,-
-,-,Tomo,-,693.51,-0.99,1188.9,0.0,165.13,0.33,8,0.0,1,0.0,7,0.0,0,0.0,12.5,0.0,2024-01-16,-,0,-
-,-,OffDutyDad,-,693.4,-0.92,1223.6,0.0,176.73,0.31,6,0.0,1,0.0,5,0.0,0,0.0,16.67,0.0,2024-02-23,-,0,1287.0
-,-,Grisen,-,692.12,-0.76,1332.47,0.0,213.45,0.25,4,0.0,1,0.0,3,0.0,0,0.0,25.0,0.0,2021-11-15,-,0,-
-,-,hcllineker,-,692.12,-0.76,1332.47,0.0,213.45,0.25,4,0.0,1,0.0,3,0.0,0,0.0,25.0,0.0,2021-11-15,-,0,-
-,-,GMass,-,692.12,-0.76,1332.47,0.0,213.45,0.25,4,0.0,1,0.0,3,0.0,0,0.0,25.0,0.0,2021-11-15,-,0,-
-,-,hewb2006,-,692.12,-0.76,1332.47,0.0,213.45,0.25,4,0.0,1,0.0,3,0.0,0,0.0,25.0,0.0,2021-11-15,-,0,-
-,-,pilscobra,-,692.12,-0.76,1332.47,0.0,213.45,0.25,4,0.0,1,0.0,3,0.0,0,0.0,25.0,0.0,2021-11-15,-,0,-
-,-,Yellowhammer,-,692.12,-0.76,1332.47,0.0,213.45,0.25,4,0.0,1,0.0,3,0.0,0,0.0,25.0,0.0,2021-11-15,-,0,-
-,-,Toniolamachine,-,692.12,-0.76,1332.47,0.0,213.45,0.25,4,0.0,1,0.0,3,0.0,0,0.0,25.0,0.0,2021-11-15,-,0,-
-,-,Dedengkot,-,692.12,-0.76,1332.47,0.0,213.45,0.25,4,0.0,1,0.0,3,0.0,0,0.0,25.0,0.0,2021-11-15,-,0,-
-,-,Tosser,-,692.12,-0.76,1332.47,0.0,213.45,0.25,4,0.0,1,0.0,3,0.0,0,0.0,25.0,0.0,2021-11-15,-,0,-
-,-,goldeneyeonline,DE,692.12,-0.76,1332.47,0.0,213.45,0.25,4,0.0,1,0.0,3,0.0,0,0.0,25.0,0.0,2021-11-15,-,0,-
-,-,Hapetiitti,-,692.12,-0.76,1332.47,0.0,213.45,0.25,4,0.0,1,0.0,3,0.0,0,0.0,25.0,0.0,2021-11-15,-,0,-
-,-,Prezez,-,692.12,-0.76,1332.47,0.0,213.45,0.25,4,0.0,1,0.0,3,0.0,0,0.0,25.0,0.0,2021-11-15,-,0,-
-,-,Qrzy,-,692.12,-0.76,1332.47,0.0,213.45,0.25,4,0.0,1,0.0,3,0.0,0,0.0,25.0,0.0,2021-11-15,-,0,-
-,-,Freddy1986,-,692.12,-0.76,1332.47,0.0,213.45,0.25,4,0.0,1,0.0,3,0.0,0,0.0,25.0,0.0,2021-11-15,-,0,-
-,-,lpoulter,GB,692.12,-0.76,1332.47,0.0,213.45,0.25,4,0.0,1,0.0,3,0.0,0,0.0,25.0,0.0,2021-11-15,-,0,-
-,-,Marcin85,-,692.12,-0.76,1332.47,0.0,213.45,0.25,4,0.0,1,0.0,3,0.0,0,0.0,25.0,0.0,2021-11-15,-,0,-
-,-,ZenosHoplite,-,692.12,-0.76,1332.47,0.0,213.45,0.25,4,0.0,1,0.0,3,0.0,0,0.0,25.0,0.0,2021-11-15,-,0,-
-,-,czosy,-,692.12,-0.76,1332.47,0.0,213.45,0.25,4,0.0,1,0.0,3,0.0,0,0.0,25.0,0.0,2021-11-15,-,0,-
-,-,rmrfusr,-,692.12,-0.76,1332.47,0.0,213.45,0.25,4,0.0,1,0.0,3,0.0,0,0.0,25.0,0.0,2021-11-15,-,0,-
-,-,Jaack,-,692.12,-0.76,1332.47,0.0,213.45,0.25,4,0.0,1,0.0,3,0.0,0,0.0,25.0,0.0,2021-11-15,-,0,-
-,-,Beru,-,692.12,-0.76,1332.47,0.0,213.45,0.25,4,0.0,1,0.0,3,0.0,0,0.0,25.0,0.0,2021-11-15,-,0,-
-,-,Iba,-,692.12,-0.76,1332.47,0.0,213.45,0.25,4,0.0,1,0.0,3,0.0,0,0.0,25.0,0.0,2021-11-15,-,0,-
-,-,Baso,IT,692.12,-0.76,1332.47,0.0,213.45,0.25,4,0.0,1,0.0,3,0.0,0,0.0,25.0,0.0,2021-11-15,-,0,-
-,-,Silent82,-,692.12,-0.76,1332.47,0.0,213.45,0.25,4,0.0,1,0.0,3,0.0,0,0.0,25.0,0.0,2021-11-15,-,0,-
-,-,Nelissanne,-,692.12,-0.76,1332.47,0.0,213.45,0.25,4,0.0,1,0.0,3,0.0,0,0.0,25.0,0.0,2021-11-15,-,0,-
-,-,toooooof,-,692.12,-0.76,1332.47,0.0,213.45,0.25,4,0.0,1,0.0,3,0.0,0,0.0,25.0,0.0,2021-11-15,-,0,-
-,-,whq115,-,692.12,-0.76,1332.47,0.0,213.45,0.25,4,0.0,1,0.0,3,0.0,0,0.0,25.0,0.0,2021-11-15,-,0,-
-,-,Nagato,-,692.12,-0.76,1332.47,0.0,213.45,0.25,4,0.0,1,0.0,3,0.0,0,0.0,25.0,0.0,2021-11-15,-,0,-
-,-,Xunguito,-,692.12,-0.76,1332.47,0.0,213.45,0.25,4,0.0,1,0.0,3,0.0,0,0.0,25.0,0.0,2021-11-15,-,0,-
-,-,joofajnvyber,-,692.12,-0.76,1332.47,0.0,213.45,0.25,4,0.0,1,0.0,3,0.0,0,0.0,25.0,0.0,2021-11-15,-,0,-
-,-,jeannot_la_pinte,-,692.12,-0.76,1332.47,0.0,213.45,0.25,4,0.0,1,0.0,3,0.0,0,0.0,25.0,0.0,2021-11-15,-,0,-
-,-,astrostl,-,692.12,-0.76,1332.47,0.0,213.45,0.25,4,0.0,1,0.0,3,0.0,0,0.0,25.0,0.0,2021-11-15,-,0,-
-,-,wolvie02,-,692.12,-0.76,1332.47,0.0,213.45,0.25,4,0.0,1,0.0,3,0.0,0,0.0,25.0,0.0,2021-11-15,-,0,-
-,-,xiaxud,-,692.12,-0.76,1332.47,0.0,213.45,0.25,4,0.0,1,0.0,3,0.0,0,0.0,25.0,0.0,2021-11-15,-,0,-
-,-,Lemth,-,692.12,-0.76,1332.47,0.0,213.45,0.25,4,0.0,1,0.0,3,0.0,0,0.0,25.0,0.0,2021-11-15,-,0,-
-,-,nexpyru,-,691.48,-0.95,1208.98,0.0,172.5,0.32,7,0.0,1,0.0,6,0.0,0,0.0,14.29,0.0,2023-05-14,-,0,-
-,-,1977dragon,-,691.08,-0.98,1187.99,0.0,165.64,0.33,7,0.0,3,0.0,4,0.0,0,0.0,42.86,0.0,2024-08-11,-,0,1388.0
-,-,jobe,-,690.3,-1.07,1148.42,0.0,152.71,0.36,8,0.0,1,0.0,7,0.0,0,0.0,12.5,0.0,2023-09-24,-,0,1421.0
-,-,Marassi,BR,689.52,-0.93,1214.88,0.0,175.12,0.31,7,0.0,1,0.0,5,0.0,1,0.0,14.29,0.0,2023-01-15,-,0,-
-,-,Xela1988,-,688.61,-1.16,1109.79,0.0,140.39,0.39,10,0.0,1,0.0,9,0.0,0,0.0,10.0,0.0,2025-01-29,-,0,1184.0
-,-,Quality_Jones,-,686.65,-0.93,1212.01,0.0,175.12,0.31,7,0.0,1,0.0,6,0.0,0,0.0,14.29,0.0,2023-01-15,-,0,-
-,-,Roksis,-,682.9,-0.94,1203.5,0.0,173.53,0.31,7,0.0,1,0.0,6,0.0,0,0.0,14.29,0.0,2023-01-15,G,2,-
1193,-20,kemal,-,682.38,-1.09,1131.11,0.0,149.58,0.36,6,0.0,0,0.0,6,0.0,0,0.0,0.0,0.0,2026-01-31,-,0,1184.0
1194,-20,paroova,-,681.69,-0.84,1265.49,0.0,194.6,0.28,3,0.0,0,0.0,3,0.0,0,0.0,0.0,0.0,2025-12-21,-,0,-
-,-,Nognix,-,679.16,-0.71,1365.17,0.0,228.67,0.24,2,0.0,1,0.0,1,0.0,0,0.0,50.0,0.0,2024-01-16,-,0,-
-,-,ZappBranigan,-,677.6,-0.95,1193.45,0.0,171.95,0.32,6,0.0,1,0.0,5,0.0,0,0.0,16.67,0.0,2024-02-23,-,0,-
-,-,ThonosP,BE,676.1,-0.73,1349.45,0.0,224.45,0.24,3,0.0,1,0.0,2,0.0,0,0.0,33.33,0.0,2024-01-16,-,0,-
1195,-19,BennyV,-,675.67,-0.86,1243.29,0.0,189.21,0.29,3,0.0,0,0.0,3,0.0,0,0.0,0.0,0.0,2025-12-12,-,0,-
1196,-21,captainparadise,FR,675.19,-1.76,954.55,0.0,93.12,0.59,22,0.0,2,0.0,20,0.0,0,0.0,9.09,0.0,2025-11-30,-,0,1415.0
-,-,Emiliano,IT,674.69,-1.02,1153.42,0.0,159.57,0.34,9,0.0,1,0.0,8,0.0,0,0.0,11.11,0.0,2024-04-04,-,0,-
-,-,RyGuy123,-,674.52,-0.94,1194.18,0.0,173.22,0.31,6,0.0,1,0.0,5,0.0,0,0.0,16.67,0.0,2024-02-23,-,0,-
-,-,Dharkan_Kaazar,-,674.23,-0.81,1278.81,0.0,201.53,0.27,3,0.0,0,0.0,3,0.0,0,0.0,0.0,0.0,2024-02-23,-,0,-
-,-,lingdianyike,-,673.96,-0.91,1211.08,0.0,179.04,0.3,7,0.0,1,0.0,6,0.0,0,0.0,14.29,0.0,2023-01-15,-,0,-
-,-,Nyita,-,673.96,-0.91,1211.08,0.0,179.04,0.3,7,0.0,1,0.0,6,0.0,0,0.0,14.29,0.0,2023-01-15,-,0,-
1197,-20,BlackSmyth,-,669.0,-1.28,1052.54,0.0,127.85,0.43,15,0.0,1,0.0,14,0.0,0,0.0,6.67,0.0,2026-02-03,-,0,1118.0
-,-,Meetsay,-,668.69,-1.67,962.71,0.0,98.01,0.56,25,0.0,2,0.0,21,0.0,2,0.0,8.0,0.0,2024-03-12,-,0,-
1198,-20,Aramirezm,-,668.16,-0.68,1384.64,0.0,238.83,0.23,2,0.0,1,0.0,1,0.0,0,0.0,50.0,0.0,2025-12-12,-,0,-
-,-,SatoruGojo,-,667.93,-0.88,1223.26,0.0,185.11,0.29,6,0.0,1,0.0,5,0.0,0,0.0,16.67,0.0,2024-02-23,-,0,-
1199,-20,FeroDigital,-,667.21,-0.85,1244.52,0.0,192.43,0.28,3,0.0,0,0.0,3,0.0,0,0.0,0.0,0.0,2025-12-09,-,0,-
-,-,Flamingpichu,-,665.25,-0.73,1338.39,0.0,224.38,0.24,3,0.0,1,0.0,2,0.0,0,0.0,33.33,0.0,2023-01-15,-,0,-
1200,-20,Mewunit,-,662.92,-0.87,1228.08,0.0,188.39,0.29,3,0.0,0,0.0,3,0.0,0,0.0,0.0,0.0,2025-12-08,-,0,-
-,-,Althaj,SK,662.89,-0.71,1352.31,0.0,229.81,0.24,3,0.0,1,0.0,2,0.0,0,0.0,33.33,0.0,2024-01-16,-,0,-
-,-,Math4u,-,662.73,-0.73,1330.77,0.0,222.68,0.24,3,0.0,1,0.0,2,0.0,0,0.0,33.33,0.0,2023-01-15,-,0,-
-,-,LUISPI,-,659.57,-0.77,1296.43,0.0,212.28,0.26,4,0.0,1,0.0,3,0.0,0,0.0,25.0,0.0,2021-11-15,-,0,-
-,-,Duilin,-,659.57,-0.77,1296.5,0.0,212.31,0.26,4,0.0,1,0.0,3,0.0,0,0.0,25.0,0.0,2021-11-15,-,0,-
-,-,yojimbo79,PL,659.57,-0.77,1296.5,0.0,212.31,0.26,4,0.0,1,0.0,3,0.0,0,0.0,25.0,0.0,2021-11-15,-,0,-
-,-,qkpbksdm,-,658.6,-1.0,1149.18,0.0,163.53,0.33,5,0.0,0,0.0,5,0.0,0,0.0,0.0,0.0,2024-02-11,-,0,-
1201,-19,Kuraiite,-,657.93,-0.88,1215.35,0.0,185.81,0.29,3,0.0,0,0.0,3,0.0,0,0.0,0.0,0.0,2025-12-07,-,0,-
-,-,Piter3000,PL,657.82,-0.89,1209.83,0.0,184.0,0.3,7,0.0,1,0.0,6,0.0,0,0.0,14.29,0.0,2023-01-15,-,0,-
-,-,Gwindor,-,657.82,-0.89,1209.83,0.0,184.0,0.3,7,0.0,1,0.0,6,0.0,0,0.0,14.29,0.0,2023-01-15,-,0,-
-,-,ctcheung,-,656.69,-0.95,1170.81,0.0,171.37,0.32,5,0.0,0,0.0,5,0.0,0,0.0,0.0,0.0,2025-02-07,-,0,857.0
-,-,Gaulamos,-,656.48,-0.8,1266.87,0.0,203.46,0.27,6,0.0,1,0.0,5,0.0,0,0.0,16.67,0.0,2023-03-01,-,0,1287.0
-,-,PennyOrange,-,655.02,-0.99,1151.23,0.0,165.4,0.33,6,0.0,0,0.0,6,0.0,0,0.0,0.0,0.0,2024-12-11,-,0,1287.0
-,-,Mochi1214,-,654.96,-0.94,1176.85,0.0,173.96,0.31,6,0.0,1,0.0,4,0.0,1,0.0,16.67,0.0,2024-02-23,-,0,-
-,-,Phlegm,-,654.25,-0.73,1325.87,0.0,223.87,0.24,3,0.0,1,0.0,2,0.0,0,0.0,33.33,0.0,2024-01-16,-,0,-
-,-,Togodomus,-,654.09,-0.93,1178.98,0.0,174.96,0.31,6,0.0,0,0.0,6,0.0,0,0.0,0.0,0.0,2024-02-23,-,0,-
-,-,balarithon,-,653.51,-1.03,1126.64,0.0,157.71,0.34,11,0.0,1,0.0,10,0.0,0,0.0,9.09,0.0,2023-05-14,-,0,-
-,-,CaveMan8683,-,653.23,-0.83,1243.91,0.0,196.9,0.28,3,0.0,0,0.0,3,0.0,0,0.0,0.0,0.0,2024-12-05,-,0,1287.0
1202,-19,sjgardner3,-,652.58,-1.25,1045.71,0.0,131.04,0.42,13,0.0,1,0.0,12,0.0,0,0.0,7.69,0.0,2026-02-01,-,0,1184.0
-,-,linyan,-,651.89,-0.88,1209.87,0.0,185.99,0.29,7,0.0,1,0.0,6,0.0,0,0.0,14.29,0.0,2023-01-15,-,0,-
-,-,Melonduck4000,-,651.09,-0.78,1277.65,0.0,208.85,0.26,3,0.0,0,0.0,3,0.0,0,0.0,0.0,0.0,2024-02-23,-,0,-
1203,-19,Dolling,-,650.92,-1.15,1074.96,0.0,141.35,0.38,12,0.0,1,0.0,11,0.0,0,0.0,8.33,0.0,2026-03-20,-,0,1118.0
-,-,BigAAA,-,650.86,-0.91,1188.9,0.0,179.35,0.3,5,0.0,0,0.0,5,0.0,0,0.0,0.0,0.0,2024-04-04,-,0,-
-,-,James2at8,-,650.46,-0.82,1248.76,0.0,199.43,0.27,3,0.0,0,0.0,3,0.0,0,0.0,0.0,0.0,2024-02-23,-,0,-
-,-,RayBird,-,649.04,-0.81,1250.64,0.0,200.53,0.27,3,0.0,0,0.0,3,0.0,0,0.0,0.0,0.0,2023-03-01,-,0,-
1204,-19,andregois,-,648.72,-0.92,1181.4,0.0,177.56,0.31,6,0.0,1,0.0,5,0.0,0,0.0,16.67,0.0,2026-02-02,-,0,-
-,-,Michael1101,DE,647.81,-0.87,1212.74,0.0,188.31,0.29,5,0.0,1,0.0,4,0.0,0,0.0,20.0,0.0,2023-04-02,-,0,-
1205,-18,I-Y-T,TR,643.48,-1.07,1103.03,0.0,153.18,0.36,6,0.0,0,0.0,6,0.0,0,0.0,0.0,0.0,2026-02-01,-,0,-
1206,-20,Pancake1,-,642.65,-2.03,884.82,0.0,80.72,0.68,52,0.0,4,0.0,47,0.0,1,0.0,7.69,0.0,2025-12-13,-,0,-
-,-,Fyn,-,641.72,-0.9,1187.22,0.0,181.83,0.3,4,0.0,1,0.0,3,0.0,0,0.0,25.0,0.0,2023-07-15,-,0,-
1207,-19,Maximouse,-,639.35,-0.72,1320.83,0.0,227.16,0.24,3,0.0,0,0.0,3,0.0,0,0.0,0.0,0.0,2025-12-14,-,0,-
1208,-19,PriestCthulhu,-,634.3,-0.89,1182.7,0.0,182.8,0.3,3,0.0,0,0.0,3,0.0,0,0.0,0.0,0.0,2025-12-11,-,0,-
-,-,jacobmaster,-,633.39,-0.93,1158.75,0.0,175.12,0.31,7,0.0,1,0.0,6,0.0,0,0.0,14.29,0.0,2023-01-15,-,0,-
-,-,alibengoeroe,-,632.64,-0.84,1213.45,0.0,193.6,0.28,5,0.0,0,0.0,5,0.0,0,0.0,0.0,0.0,2024-04-04,-,0,-
1209,-19,qman,-,631.9,-1.22,1033.22,0.0,133.77,0.41,9,0.0,1,0.0,8,0.0,0,0.0,11.11,0.0,2025-12-13,-,0,1184.0
-,-,Thaddeus,-,629.46,-0.78,1255.85,0.0,208.8,0.26,3,0.0,0,0.0,3,0.0,0,0.0,0.0,0.0,2023-01-15,-,0,-
1210,-19,Kradmesor,-,626.41,-1.07,1082.93,0.0,152.17,0.36,9,0.0,0,0.0,9,0.0,0,0.0,0.0,0.0,2025-12-08,-,0,1287.0
-,-,Proximo,-,622.75,-0.87,1184.52,0.0,187.26,0.29,3,0.0,0,0.0,3,0.0,0,0.0,0.0,0.0,2024-12-03,-,0,1184.0
-,-,TbeDataGuy,-,620.99,-0.91,1157.81,0.0,178.94,0.3,6,0.0,1,0.0,5,0.0,0,0.0,16.67,0.0,2024-04-04,-,0,-
1211,-19,Axius9,-,619.92,-1.11,1058.97,0.0,146.35,0.37,8,0.0,0,0.0,8,0.0,0,0.0,0.0,0.0,2025-12-08,-,0,1184.0
-,-,DrunkenPete,-,619.18,-0.99,1115.3,0.0,165.37,0.33,6,0.0,0,0.0,6,0.0,0,0.0,0.0,0.0,2025-02-03,-,0,1184.0
-,-,Macin,-,617.87,-1.02,1096.41,0.0,159.51,0.34,7,0.0,2,0.0,5,0.0,0,0.0,28.57,0.0,2025-08-18,-,0,1259.0
1212,-19,Rox123,-,617.13,-0.88,1172.94,0.0,185.27,0.29,3,0.0,0,0.0,3,0.0,0,0.0,0.0,0.0,2025-12-10,-,0,-
1213,-19,psztika,-,615.94,-0.77,1253.84,0.0,212.63,0.26,3,0.0,0,0.0,3,0.0,0,0.0,0.0,0.0,2025-12-14,-,0,-
-,-,9275835,-,612.77,-0.86,1182.76,0.0,190.0,0.29,3,0.0,0,0.0,3,0.0,0,0.0,0.0,0.0,2024-12-11,-,0,-
1214,-19,Paajosh,-,610.61,-0.98,1110.55,0.0,166.65,0.33,12,0.0,2,0.0,9,0.0,1,0.0,16.67,0.0,2025-12-18,-,0,1118.0
-,-,shadow-knight,-,608.35,-0.76,1248.71,0.0,213.45,0.25,4,0.0,0,0.0,3,0.0,1,0.0,0.0,0.0,2021-11-15,G,10,-
-,-,Juangiraldo11,-,608.35,-0.76,1248.71,0.0,213.45,0.25,4,0.0,0,0.0,3,0.0,1,0.0,0.0,0.0,2021-11-15,-,0,-
-,-,RoOlf,-,608.35,-0.76,1248.71,0.0,213.45,0.25,4,0.0,0,0.0,3,0.0,1,0.0,0.0,0.0,2021-11-15,-,0,-
-,-,King11,-,608.35,-0.76,1248.71,0.0,213.45,0.25,4,0.0,0,0.0,3,0.0,1,0.0,0.0,0.0,2021-11-15,-,0,-
-,-,Firo,-,608.35,-0.76,1248.71,0.0,213.45,0.25,4,0.0,0,0.0,3,0.0,1,0.0,0.0,0.0,2021-11-15,-,0,-
-,-,BartoszN,-,608.35,-0.76,1248.71,0.0,213.45,0.25,4,0.0,0,0.0,3,0.0,1,0.0,0.0,0.0,2021-11-15,-,0,-
1215,-19,themightyboost,-,608.25,-0.75,1257.38,0.0,216.38,0.25,3,0.0,0,0.0,3,0.0,0,0.0,0.0,0.0,2025-12-06,-,0,-
-,-,Imperator,-,607.51,-0.71,1300.25,0.0,230.92,0.24,2,0.0,0,0.0,2,0.0,0,0.0,0.0,0.0,2025-02-01,-,0,-
-,-,GoguGeologul,-,607.26,-0.75,1256.43,0.0,216.39,0.25,3,0.0,0,0.0,3,0.0,0,0.0,0.0,0.0,2023-01-15,-,0,-
-,-,Kaiserschmarrn,-,607.1,-0.71,1300.25,0.0,231.05,0.24,3,0.0,0,0.0,2,0.0,1,0.0,0.0,0.0,2023-01-15,G,8,407.0
-,-,ack,ES,607.1,-0.71,1300.25,0.0,231.05,0.24,3,0.0,0,0.0,2,0.0,1,0.0,0.0,0.0,2023-01-15,-,0,-
-,-,BTA,-,607.1,-0.71,1300.25,0.0,231.05,0.24,3,0.0,0,0.0,2,0.0,1,0.0,0.0,0.0,2023-01-15,-,0,-
1216,-19,Dolio,-,602.35,-0.79,1222.71,0.0,206.79,0.26,3,0.0,0,0.0,3,0.0,0,0.0,0.0,0.0,2025-12-11,-,0,-
-,-,Hanthelmor,BR,602.21,-1.09,1051.12,0.0,149.64,0.36,10,0.0,0,0.0,10,0.0,0,0.0,0.0,0.0,2024-04-04,-,0,-
-,-,Vaalna,-,599.92,-0.84,1182.87,0.0,194.32,0.28,5,0.0,0,0.0,5,0.0,0,0.0,0.0,0.0,2024-02-23,-,0,-
-,-,Kaspipos,-,598.58,-0.8,1213.13,0.0,204.85,0.27,3,0.0,0,0.0,3,0.0,0,0.0,0.0,0.0,2024-12-12,-,0,1287.0
-,-,Majinbuu,-,598.47,-1.35,961.39,0.0,120.97,0.45,20,0.0,2,0.0,18,0.0,0,0.0,10.0,0.0,2024-01-16,-,0,-
1217,-19,Oluwatobi,-,598.0,-1.2,1004.68,0.0,135.56,0.4,7,0.0,0,0.0,7,0.0,0,0.0,0.0,0.0,2026-02-15,-,0,-
-,-,Snatser,-,594.2,-0.75,1246.46,0.0,217.42,0.25,3,0.0,0,0.0,3,0.0,0,0.0,0.0,0.0,2024-02-23,-,0,1054.0
-,-,Blahu,-,593.83,-0.86,1162.18,0.0,189.45,0.29,5,0.0,0,0.0,5,0.0,0,0.0,0.0,0.0,2024-02-23,-,0,-
-,-,youbib,-,593.77,-0.78,1217.81,0.0,208.02,0.26,3,0.0,0,0.0,3,0.0,0,0.0,0.0,0.0,2024-02-23,-,0,-
1218,-19,Captain_Alex,-,592.94,-0.98,1094.3,0.0,167.12,0.33,6,0.0,0,0.0,6,0.0,0,0.0,0.0,0.0,2025-12-10,-,0,-
-,-,jimlaughs64,-,591.98,-0.83,1179.58,0.0,195.87,0.28,3,0.0,0,0.0,3,0.0,0,0.0,0.0,0.0,2024-12-18,-,0,1287.0
1219,-19,Vojvoda_Micko,-,589.57,-0.83,1176.08,0.0,195.5,0.28,3,0.0,0,0.0,3,0.0,0,0.0,0.0,0.0,2025-12-05,-,0,-
-,-,Glamdring,-,587.25,-0.93,1110.77,0.0,174.51,0.31,6,0.0,0,0.0,6,0.0,0,0.0,0.0,0.0,2024-12-18,-,0,1174.0
-,-,pasin11,-,584.24,-0.95,1100.75,0.0,172.17,0.32,6,0.0,0,0.0,6,0.0,0,0.0,0.0,0.0,2024-01-16,-,0,-
1220,-19,GoodThoughtRhythm,-,583.6,-0.62,1375.12,0.0,263.84,0.21,1,0.0,0,0.0,1,0.0,0,0.0,0.0,0.0,2025-12-09,-,0,-
-,-,Hendra,-,583.43,-0.74,1245.75,0.0,220.77,0.25,3,0.0,0,0.0,3,0.0,0,0.0,0.0,0.0,2023-01-15,-,0,-
1221,-19,pjorge,-,582.72,-1.29,962.35,0.0,126.54,0.43,18,0.0,0,0.0,17,0.0,1,0.0,0.0,0.0,2025-12-15,-,0,1184.0
-,-,kamilya,-,582.61,-0.75,1236.25,0.0,217.88,0.25,2,0.0,0,0.0,2,0.0,0,0.0,0.0,0.0,2024-12-08,-,0,1287.0
1222,-19,woogi,-,581.83,-0.82,1179.52,0.0,199.23,0.27,3,0.0,0,0.0,3,0.0,0,0.0,0.0,0.0,2025-12-05,-,0,-
-,-,Calamar,-,581.17,-0.92,1110.33,0.0,176.39,0.31,5,0.0,0,0.0,5,0.0,0,0.0,0.0,0.0,2024-02-23,-,0,-
-,-,peracottari,-,579.74,-0.73,1250.08,0.0,223.44,0.24,3,0.0,0,0.0,3,0.0,0,0.0,0.0,0.0,2023-01-15,-,0,-
-,-,Muki,-,576.71,-0.77,1213.73,0.0,212.34,0.26,4,0.0,0,0.0,3,0.0,1,0.0,0.0,0.0,2021-11-15,-,0,-
-,-,Viler,-,576.12,-0.78,1203.61,0.0,209.16,0.26,3,0.0,0,0.0,3,0.0,0,0.0,0.0,0.0,2024-02-23,-,0,-
-,-,MasterToT,-,565.56,-0.71,1253.03,0.0,229.16,0.24,2,0.0,0,0.0,2,0.0,0,0.0,0.0,0.0,2023-05-14,-,0,-
-,-,copesettic,US,564.28,-0.85,1141.8,0.0,192.51,0.28,6,0.0,1,0.0,5,0.0,0,0.0,16.67,0.0,2023-03-01,-,0,-
1223,-19,UgoNuma,-,562.63,-0.77,1200.71,0.0,212.69,0.26,3,0.0,0,0.0,3,0.0,0,0.0,0.0,0.0,2025-12-08,-,0,-
-,-,Bonte,-,562.22,-0.78,1191.3,0.0,209.69,0.26,3,0.0,0,0.0,3,0.0,0,0.0,0.0,0.0,2024-02-23,-,0,-
1224,-19,Titiman,-,560.64,-1.3,936.38,0.0,125.25,0.43,15,0.0,1,0.0,14,0.0,0,0.0,6.67,0.0,2026-02-03,-,0,1287.0
-,-,MP87,-,557.62,-0.96,1064.67,0.0,169.02,0.32,9,0.0,1,0.0,8,0.0,0,0.0,11.11,0.0,2024-02-23,-,0,-
-,-,IndianaJones,-,555.11,-0.75,1203.14,0.0,216.01,0.25,3,0.0,0,0.0,3,0.0,0,0.0,0.0,0.0,2023-01-15,-,0,-
-,-,switch201,-,554.55,-1.09,1004.65,0.0,150.03,0.36,7,0.0,0,0.0,7,0.0,0,0.0,0.0,0.0,2025-02-18,-,0,1416.0
-,-,aramaic,-,554.48,-0.71,1240.29,0.0,228.6,0.24,2,0.0,0,0.0,2,0.0,0,0.0,0.0,0.0,2024-01-16,-,0,-
-,-,sleepytown,US,554.24,-0.76,1201.08,0.0,215.61,0.25,3,0.0,0,0.0,3,0.0,0,0.0,0.0,0.0,2023-01-15,-,0,-
-,-,SpectralB4dger,-,554.17,-0.83,1143.56,0.0,196.46,0.28,3,0.0,0,0.0,3,0.0,0,0.0,0.0,0.0,2024-12-14,-,0,1184.0
-,-,jarosz,-,553.87,-0.77,1190.73,0.0,212.29,0.26,4,0.0,0,0.0,4,0.0,0,0.0,0.0,0.0,2021-11-15,-,0,-
-,-,Pecheros,-,552.51,-0.74,1212.68,0.0,220.06,0.25,3,0.0,0,0.0,3,0.0,0,0.0,0.0,0.0,2023-01-15,-,0,-
-,-,pepinecko,-,550.96,-0.92,1083.23,0.0,177.42,0.31,6,0.0,0,0.0,6,0.0,0,0.0,0.0,0.0,2024-12-08,-,0,1287.0
1225,-19,Natulya,-,550.4,-0.85,1124.83,0.0,191.48,0.28,3,0.0,0,0.0,3,0.0,0,0.0,0.0,0.0,2025-12-08,-,0,-
-,-,Sotinche,-,549.38,-0.72,1230.81,0.0,227.14,0.24,3,0.0,1,0.0,2,0.0,0,0.0,33.33,0.0,2023-01-15,-,0,-
-,-,Ronald1,-,549.15,-0.71,1242.57,0.0,231.14,0.24,3,0.0,1,0.0,2,0.0,0,0.0,33.33,0.0,2024-01-16,-,0,-
-,-,gaberosser,-,548.02,-0.87,1110.65,0.0,187.54,0.29,6,0.0,0,0.0,6,0.0,0,0.0,0.0,0.0,2024-01-16,-,0,-
-,-,denwiller,-,547.25,-0.88,1105.15,0.0,185.97,0.29,5,0.0,0,0.0,5,0.0,0,0.0,0.0,0.0,2024-12-08,-,0,1287.0
-,-,Melo0,-,546.66,-0.74,1206.89,0.0,220.08,0.25,3,0.0,0,0.0,3,0.0,0,0.0,0.0,0.0,2023-01-15,-,0,-
-,-,Silmegil,-,546.66,-0.74,1206.89,0.0,220.08,0.25,3,0.0,0,0.0,3,0.0,0,0.0,0.0,0.0,2023-01-15,-,0,-
-,-,dra49,-,546.66,-0.74,1206.89,0.0,220.08,0.25,3,0.0,0,0.0,3,0.0,0,0.0,0.0,0.0,2023-01-15,-,0,-
-,-,darkstar75,IT,546.66,-0.74,1206.89,0.0,220.08,0.25,3,0.0,0,0.0,3,0.0,0,0.0,0.0,0.0,2023-01-15,-,0,-
-,-,lolowest,-,546.6,-0.78,1175.07,0.0,209.49,0.26,3,0.0,0,0.0,3,0.0,0,0.0,0.0,0.0,2023-01-15,-,0,-
-,-,Pietro,-,543.77,-1.1,988.41,0.0,148.21,0.37,11,0.0,0,0.0,11,0.0,0,0.0,0.0,0.0,2023-05-14,-,0,1388.0
-,-,StefanOkrzeja,-,541.28,-0.83,1132.19,0.0,196.97,0.28,3,0.0,0,0.0,3,0.0,0,0.0,0.0,0.0,2024-12-12,-,0,1287.0
1226,-19,Caps,-,540.64,-0.99,1036.81,0.0,165.39,0.33,5,0.0,0,0.0,5,0.0,0,0.0,0.0,0.0,2026-01-30,-,0,-
-,-,Krisztciii,-,539.12,-0.87,1100.92,0.0,187.27,0.29,7,0.0,0,0.0,7,0.0,0,0.0,0.0,0.0,2023-01-15,-,0,-
-,-,Asturia,-,538.76,-0.92,1071.46,0.0,177.57,0.31,7,0.0,0,0.0,7,0.0,0,0.0,0.0,0.0,2023-01-15,-,0,-
-,-,Furlan,-,538.76,-0.92,1071.46,0.0,177.57,0.31,7,0.0,0,0.0,7,0.0,0,0.0,0.0,0.0,2023-01-15,-,0,-
-,-,H4Y3K,-,536.97,-0.88,1092.67,0.0,185.23,0.29,7,0.0,0,0.0,7,0.0,0,0.0,0.0,0.0,2024-01-16,-,0,-
-,-,ruben_san,-,534.59,-0.77,1166.21,0.0,210.54,0.26,3,0.0,0,0.0,3,0.0,0,0.0,0.0,0.0,2024-01-16,-,0,-
-,-,MartyParty,-,533.27,-0.89,1085.29,0.0,184.0,0.3,7,0.0,0,0.0,7,0.0,0,0.0,0.0,0.0,2023-01-15,-,0,-
-,-,Alain23,-,532.94,-0.98,1031.29,0.0,166.12,0.33,6,0.0,0,0.0,6,0.0,0,0.0,0.0,0.0,2025-01-31,-,0,1184.0
1227,-19,Monken,-,531.55,-0.98,1031.94,0.0,166.8,0.33,9,0.0,0,0.0,9,0.0,0,0.0,0.0,0.0,2025-12-07,-,0,1287.0
-,-,Kubenboa,-,530.68,-0.86,1097.19,0.0,188.84,0.29,7,0.0,0,0.0,7,0.0,0,0.0,0.0,0.0,2023-01-15,-,0,-
-,-,kuatz,-,530.55,-0.91,1068.57,0.0,179.34,0.3,7,0.0,0,0.0,7,0.0,0,0.0,0.0,0.0,2023-01-15,-,0,-
-,-,mm34nn,CN,529.53,-0.54,1429.5,0.0,299.99,0.18,1,0.0,0,0.0,1,0.0,0,0.0,0.0,0.0,2021-12-05,M,4,-
-,-,valvonauta,IT,526.85,-0.97,1033.16,0.0,168.77,0.32,6,0.0,0,0.0,6,0.0,0,0.0,0.0,0.0,2024-08-11,-,0,-
-,-,ozzy666,-,524.59,-0.76,1164.94,0.0,213.45,0.25,4,0.0,0,0.0,4,0.0,0,0.0,0.0,0.0,2021-11-15,-,0,-
-,-,FatherMatthew,-,524.59,-0.76,1164.94,0.0,213.45,0.25,4,0.0,0,0.0,4,0.0,0,0.0,0.0,0.0,2021-11-15,-,0,-
-,-,joefling34,-,524.59,-0.76,1164.94,0.0,213.45,0.25,4,0.0,0,0.0,4,0.0,0,0.0,0.0,0.0,2021-11-15,-,0,-
-,-,Loira,-,524.59,-0.76,1164.94,0.0,213.45,0.25,4,0.0,0,0.0,4,0.0,0,0.0,0.0,0.0,2021-11-15,-,0,-
-,-,Nagas,-,524.59,-0.76,1164.94,0.0,213.45,0.25,4,0.0,0,0.0,4,0.0,0,0.0,0.0,0.0,2021-11-15,-,0,-
-,-,amsuska,-,524.59,-0.76,1164.94,0.0,213.45,0.25,4,0.0,0,0.0,4,0.0,0,0.0,0.0,0.0,2021-11-15,-,0,-
-,-,zakalwe,-,524.59,-0.76,1164.94,0.0,213.45,0.25,4,0.0,0,0.0,4,0.0,0,0.0,0.0,0.0,2021-11-15,-,0,-
-,-,Mysticum,-,524.59,-0.76,1164.94,0.0,213.45,0.25,4,0.0,0,0.0,4,0.0,0,0.0,0.0,0.0,2021-11-15,-,0,-
-,-,Maxart,-,524.59,-0.76,1164.94,0.0,213.45,0.25,4,0.0,0,0.0,4,0.0,0,0.0,0.0,0.0,2021-11-15,-,0,-
-,-,number1boy,-,524.59,-0.76,1164.94,0.0,213.45,0.25,4,0.0,0,0.0,4,0.0,0,0.0,0.0,0.0,2021-11-15,-,0,-
-,-,Willoo,-,524.59,-0.76,1164.94,0.0,213.45,0.25,4,0.0,0,0.0,4,0.0,0,0.0,0.0,0.0,2021-11-15,-,0,-
-,-,xbusti,-,524.59,-0.76,1164.94,0.0,213.45,0.25,4,0.0,0,0.0,4,0.0,0,0.0,0.0,0.0,2021-11-15,-,0,-
-,-,Gina72,-,524.59,-0.76,1164.94,0.0,213.45,0.25,4,0.0,0,0.0,4,0.0,0,0.0,0.0,0.0,2021-11-15,-,0,-
-,-,xSherylx,-,524.59,-0.76,1164.94,0.0,213.45,0.25,4,0.0,0,0.0,4,0.0,0,0.0,0.0,0.0,2021-11-15,-,0,-
-,-,Solon,-,524.59,-0.76,1164.94,0.0,213.45,0.25,4,0.0,0,0.0,4,0.0,0,0.0,0.0,0.0,2021-11-15,-,0,-
-,-,Sharky22,-,524.59,-0.76,1164.94,0.0,213.45,0.25,4,0.0,0,0.0,4,0.0,0,0.0,0.0,0.0,2021-11-15,-,0,-
-,-,Jerry_Kacmar,-,524.59,-0.76,1164.94,0.0,213.45,0.25,4,0.0,0,0.0,4,0.0,0,0.0,0.0,0.0,2021-11-15,-,0,-
-,-,Paiaso,-,524.59,-0.76,1164.94,0.0,213.45,0.25,4,0.0,0,0.0,4,0.0,0,0.0,0.0,0.0,2021-11-15,-,0,-
-,-,Terrill,-,524.59,-0.76,1164.94,0.0,213.45,0.25,4,0.0,0,0.0,4,0.0,0,0.0,0.0,0.0,2021-11-15,-,0,-
-,-,TepSloan,-,524.59,-0.76,1164.94,0.0,213.45,0.25,4,0.0,0,0.0,4,0.0,0,0.0,0.0,0.0,2021-11-15,-,0,-
-,-,godpepper,-,524.59,-0.76,1164.94,0.0,213.45,0.25,4,0.0,0,0.0,4,0.0,0,0.0,0.0,0.0,2021-11-15,-,0,-
-,-,Donnin,-,524.59,-0.76,1164.94,0.0,213.45,0.25,4,0.0,0,0.0,4,0.0,0,0.0,0.0,0.0,2021-11-15,-,0,-
-,-,leellz,-,524.59,-0.76,1164.94,0.0,213.45,0.25,4,0.0,0,0.0,4,0.0,0,0.0,0.0,0.0,2021-11-15,-,0,-
-,-,ManOfSorrows,-,524.59,-0.76,1164.94,0.0,213.45,0.25,4,0.0,0,0.0,4,0.0,0,0.0,0.0,0.0,2021-11-15,-,0,-
-,-,eugeneg,-,524.59,-0.76,1164.94,0.0,213.45,0.25,4,0.0,0,0.0,4,0.0,0,0.0,0.0,0.0,2021-11-15,-,0,-
-,-,OfficerJoe,-,524.59,-0.76,1164.94,0.0,213.45,0.25,4,0.0,0,0.0,4,0.0,0,0.0,0.0,0.0,2021-11-15,-,0,-
-,-,gm416684729,-,524.59,-0.76,1164.94,0.0,213.45,0.25,4,0.0,0,0.0,4,0.0,0,0.0,0.0,0.0,2021-11-15,-,0,-
-,-,danodan,-,524.59,-0.76,1164.94,0.0,213.45,0.25,4,0.0,0,0.0,4,0.0,0,0.0,0.0,0.0,2021-11-15,-,0,-
-,-,Sucaaaa,-,524.59,-0.76,1164.94,0.0,213.45,0.25,4,0.0,0,0.0,4,0.0,0,0.0,0.0,0.0,2021-11-15,-,0,-
-,-,Tikki,US,524.59,-0.76,1164.94,0.0,213.45,0.25,4,0.0,0,0.0,4,0.0,0,0.0,0.0,0.0,2021-11-15,-,0,-
-,-,Tarasboula,-,524.59,-0.76,1164.94,0.0,213.45,0.25,4,0.0,0,0.0,4,0.0,0,0.0,0.0,0.0,2021-11-15,-,0,-
-,-,Anchy,-,524.59,-0.76,1164.94,0.0,213.45,0.25,4,0.0,0,0.0,4,0.0,0,0.0,0.0,0.0,2021-11-15,-,0,-
-,-,272194996,-,524.59,-0.76,1164.94,0.0,213.45,0.25,4,0.0,0,0.0,4,0.0,0,0.0,0.0,0.0,2021-11-15,-,0,-
-,-,Edenys,-,524.51,-0.88,1082.49,0.0,185.99,0.29,7,0.0,0,0.0,7,0.0,0,0.0,0.0,0.0,2023-01-15,-,0,-
-,-,thedayne,-,524.51,-0.88,1082.49,0.0,185.99,0.29,7,0.0,0,0.0,7,0.0,0,0.0,0.0,0.0,2023-01-15,-,0,-
-,-,Mlhovan,-,524.12,-0.9,1065.68,0.0,180.52,0.3,5,0.0,0,0.0,5,0.0,0,0.0,0.0,0.0,2023-04-02,-,0,-
-,-,T_error,-,519.21,-0.95,1033.62,0.0,171.47,0.32,7,0.0,0,0.0,7,0.0,0,0.0,0.0,0.0,2023-01-15,-,0,-
-,-,Neyragrat,-,518.31,-0.76,1159.05,0.0,213.58,0.25,3,0.0,0,0.0,3,0.0,0,0.0,0.0,0.0,2023-01-15,-,0,-
-,-,ghudbishs,-,517.81,-0.82,1114.34,0.0,198.84,0.27,3,0.0,0,0.0,3,0.0,0,0.0,0.0,0.0,2024-12-08,-,0,1287.0
-,-,Drako,-,517.61,-0.89,1069.78,0.0,184.05,0.3,5,0.0,0,0.0,5,0.0,0,0.0,0.0,0.0,2024-02-23,-,0,-
-,-,mehanik,-,516.65,-0.77,1155.15,0.0,212.84,0.26,3,0.0,0,0.0,3,0.0,0,0.0,0.0,0.0,2023-01-15,-,0,-
-,-,JurisII,-,513.24,-0.85,1090.8,0.0,192.52,0.28,5,0.0,0,0.0,5,0.0,0,0.0,0.0,0.0,2023-04-02,-,0,-
-,-,saet1a,-,510.05,-0.71,1200.37,0.0,230.11,0.24,3,0.0,0,0.0,3,0.0,0,0.0,0.0,0.0,2024-01-16,-,0,-
-,-,DustInMadness,-,508.63,-0.71,1200.37,0.0,230.58,0.24,3,0.0,0,0.0,3,0.0,0,0.0,0.0,0.0,2023-07-15,-,0,-
-,-,DAVOC,-,507.22,-0.71,1200.37,0.0,231.05,0.24,3,0.0,0,0.0,3,0.0,0,0.0,0.0,0.0,2023-01-15,-,0,-
-,-,TheJamesBlake,-,507.22,-0.71,1200.37,0.0,231.05,0.24,3,0.0,0,0.0,3,0.0,0,0.0,0.0,0.0,2023-01-15,-,0,-
-,-,GuiStempelme,-,507.22,-0.71,1200.37,0.0,231.05,0.24,3,0.0,0,0.0,3,0.0,0,0.0,0.0,0.0,2023-01-15,-,0,-
-,-,DanWins,-,507.22,-0.71,1200.37,0.0,231.05,0.24,3,0.0,0,0.0,3,0.0,0,0.0,0.0,0.0,2023-01-15,G,2,-
-,-,StartPlayer,GB,507.22,-0.71,1200.37,0.0,231.05,0.24,3,0.0,0,0.0,3,0.0,0,0.0,0.0,0.0,2023-01-15,-,0,-
-,-,Grassman,-,507.22,-0.71,1200.37,0.0,231.05,0.24,3,0.0,0,0.0,3,0.0,0,0.0,0.0,0.0,2023-01-15,-,0,-
-,-,miberale,-,506.5,-0.83,1098.18,0.0,197.23,0.28,6,0.0,0,0.0,6,0.0,0,0.0,0.0,0.0,2023-07-15,-,0,-
-,-,torang_ei,-,498.33,-0.76,1144.83,0.0,215.5,0.25,3,0.0,0,0.0,3,0.0,0,0.0,0.0,0.0,2024-02-23,-,0,-
-,-,tbrofromspace,-,497.94,-0.7,1197.56,0.0,233.21,0.23,2,0.0,0,0.0,2,0.0,0,0.0,0.0,0.0,2024-12-04,-,0,1184.0
-,-,Pascalculate,VN,496.9,-0.88,1055.43,0.0,186.18,0.29,5,0.0,0,0.0,5,0.0,0,0.0,0.0,0.0,2023-04-02,-,0,-
1228,-19,OblongOrange,-,496.41,-0.75,1152.02,0.0,218.54,0.25,3,0.0,0,0.0,3,0.0,0,0.0,0.0,0.0,2025-12-14,-,0,-
-,-,MrCl0ud,-,493.95,-0.77,1130.81,0.0,212.29,0.26,4,0.0,0,0.0,4,0.0,0,0.0,0.0,0.0,2021-11-15,-,0,-
-,-,KingMomo,-,492.76,-1.13,927.42,0.0,144.88,0.38,10,0.0,1,0.0,9,0.0,0,0.0,10.0,0.0,2024-12-03,-,0,1287.0
-,-,captpirat,-,484.26,-0.84,1063.9,0.0,193.21,0.28,6,0.0,0,0.0,6,0.0,0,0.0,0.0,0.0,2024-01-16,-,0,-
1229,-19,kynj,-,481.39,-0.76,1126.38,0.0,215.0,0.25,3,0.0,0,0.0,3,0.0,0,0.0,0.0,0.0,2025-12-17,-,0,-
-,-,Flam3ister,-,477.2,-0.73,1150.34,0.0,224.38,0.24,3,0.0,0,0.0,3,0.0,0,0.0,0.0,0.0,2023-01-15,-,0,-
-,-,Dugy,-,477.2,-0.73,1150.34,0.0,224.38,0.24,3,0.0,0,0.0,3,0.0,0,0.0,0.0,0.0,2023-01-15,-,0,-
-,-,Sorio,-,477.2,-0.73,1150.34,0.0,224.38,0.24,3,0.0,0,0.0,3,0.0,0,0.0,0.0,0.0,2023-01-15,-,0,-
-,-,Paakit,AR,477.2,-0.73,1150.34,0.0,224.38,0.24,3,0.0,0,0.0,3,0.0,0,0.0,0.0,0.0,2023-01-15,-,0,-
-,-,boheg,-,473.45,-1.1,919.94,0.0,148.83,0.37,7,0.0,0,0.0,7,0.0,0,0.0,0.0,0.0,2024-10-31,-,0,-
-,-,DanKamu,-,471.53,-0.63,1252.68,0.0,260.38,0.21,2,0.0,0,0.0,2,0.0,0,0.0,0.0,0.0,2018-04-23,-,0,-
-,-,Zeider,-,470.91,-0.63,1252.68,0.0,260.59,0.21,2,0.0,0,0.0,2,0.0,0,0.0,0.0,0.0,2018-01-16,-,0,-
-,-,badoomboom,-,466.8,-0.76,1114.5,0.0,215.9,0.25,3,0.0,0,0.0,3,0.0,0,0.0,0.0,0.0,2024-12-06,-,0,1287.0
1230,-19,Saginse,-,466.33,-0.79,1086.59,0.0,206.75,0.26,3,0.0,0,0.0,3,0.0,0,0.0,0.0,0.0,2025-12-19,-,0,-
-,-,Aghamin,-,465.82,-1.36,826.84,0.0,120.34,0.45,15,0.0,1,0.0,14,0.0,0,0.0,6.67,0.0,2023-09-24,-,0,-
-,-,sps,-,462.42,-1.06,924.91,0.0,154.16,0.35,7,0.0,0,0.0,7,0.0,0,0.0,0.0,0.0,2025-02-13,-,0,1435.0
1231,-19,Colorado,-,457.59,-0.92,991.01,0.0,177.81,0.31,5,0.0,0,0.0,5,0.0,0,0.0,0.0,0.0,2026-01-30,-,0,-
-,-,Meowthfish,TW,457.24,-0.56,1337.69,0.0,293.48,0.19,1,0.0,0,0.0,1,0.0,0,0.0,0.0,0.0,2022-03-06,M,3,-
-,-,AmazingMrHedge,-,454.41,-0.72,1136.92,0.0,227.5,0.24,3,0.0,0,0.0,3,0.0,0,0.0,0.0,0.0,2024-02-23,-,0,-
-,-,Marthy,-,453.62,-0.66,1192.82,0.0,246.4,0.22,3,0.0,1,0.0,2,0.0,0,0.0,33.33,0.0,2024-01-16,-,0,-
-,-,Gervais,IT,450.86,-1.01,934.11,0.0,161.08,0.34,11,0.0,0,0.0,11,0.0,0,0.0,0.0,0.0,2024-12-05,-,0,1287.0
-,-,1point21gigawatts,-,450.6,-0.55,1337.69,0.0,295.7,0.18,1,0.0,0,0.0,1,0.0,0,0.0,0.0,0.0,2019-05-13,-,0,-
-,-,Millership,-,440.26,-0.84,1025.05,0.0,194.93,0.28,6,0.0,0,0.0,6,0.0,0,0.0,0.0,0.0,2024-01-16,-,0,-
-,-,Wicked_Liz,-,436.16,-0.73,1110.66,0.0,224.83,0.24,3,0.0,0,0.0,3,0.0,0,0.0,0.0,0.0,2024-01-16,-,0,-
1232,-19,Rikard,-,432.19,-0.77,1066.75,0.0,211.52,0.26,3,0.0,0,0.0,3,0.0,0,0.0,0.0,0.0,2025-12-09,-,0,-
-,-,red,-,426.07,-0.7,1123.06,0.0,232.33,0.23,2,0.0,0,0.0,2,0.0,0,0.0,0.0,0.0,2024-12-03,-,0,-
-,-,Jeff_Ffej,-,418.36,-0.73,1088.82,0.0,223.49,0.24,3,0.0,0,0.0,3,0.0,0,0.0,0.0,0.0,2024-01-16,-,0,-
-,-,dudurban,-,412.71,-0.76,1057.25,0.0,214.85,0.25,3,0.0,0,0.0,3,0.0,0,0.0,0.0,0.0,2024-01-16,-,0,-
-,-,Lnena,-,401.19,-0.75,1056.31,0.0,218.38,0.25,3,0.0,0,0.0,3,0.0,0,0.0,0.0,0.0,2024-01-16,-,0,-
-,-,cvxmsdup,-,399.17,-0.7,1097.86,0.0,232.9,0.23,2,0.0,0,0.0,2,0.0,0,0.0,0.0,0.0,2023-07-15,-,0,-
-,-,Grobyl,FR,379.92,-0.7,1082.16,0.0,234.08,0.23,3,0.0,0,0.0,3,0.0,0,0.0,0.0,0.0,2023-01-15,-,0,-
-,-,Galaxy_Rhino,-,377.15,-0.7,1080.2,0.0,234.35,0.23,3,0.0,0,0.0,3,0.0,0,0.0,0.0,0.0,2024-01-16,-,0,-
-,-,fmfglkhk,-,370.86,-0.74,1033.66,0.0,220.93,0.25,3,0.0,0,0.0,3,0.0,0,0.0,0.0,0.0,2023-01-15,-,0,-
-,-,Eduard69,-,349.9,-0.86,916.04,0.0,188.71,0.29,5,0.0,0,0.0,5,0.0,0,0.0,0.0,0.0,2025-02-03,-,0,1067.0
-,-,or0b0to,-,320.31,-0.68,1042.2,0.0,240.63,0.23,3,0.0,0,0.0,3,0.0,0,0.0,0.0,0.0,2024-01-16,-,0,-
-,-,Tiesto,-,310.95,-0.84,895.24,0.0,194.76,0.28,4,0.0,0,0.0,4,0.0,0,0.0,0.0,0.0,2023-07-15,-,0,-
-,-,Szymon767,-,39.99,-0.9,582.45,0.0,180.82,0.3,8,0.0,1,0.0,7,0.0,0,0.0,12.5,0.0,2024-03-12,-,0,-
-,-,Turkuee,-,-116.56,-0.57,752.54,0.0,289.7,0.19,4,0.0,1,0.0,3,0.0,0,0.0,25.0,0.0,2023-10-05,-,0,-
